INSERT INTO templateHoliday(templateHolidayID, holidayDate, title) VALUES('0ff95c94-95f7-4ea9-a679-a43af8493fe6', '2026-04-07', 'Día de la Raza');
INSERT INTO templateHoliday(templateHolidayID, holidayDate, title) VALUES('b527f9bb-741e-4d72-a2f1-373194462af0', '2026-04-02', 'Natalicio de Benito Juárez');
INSERT INTO templateHoliday(templateHolidayID, holidayDate, title) VALUES('e738684e-b10c-48a9-96c7-8f391d446017', '1886-05-01', 'Independencia');
INSERT INTO templateHoliday(templateHolidayID, holidayDate, title) VALUES('35cd47d7-be7e-4852-8432-429ff129d75a', '2026-01-02', 'Día de la Bandera');
INSERT INTO templateHoliday(templateHolidayID, holidayDate, title) VALUES('66ff32bc-c6c2-45e4-8656-fb062a30d371', '2026-06-05', 'Día del Trabajo');
INSERT INTO templateHoliday(templateHolidayID, holidayDate, title) VALUES('ef10e3b4-4225-4334-8f2a-8ec6b3f4c6e6', '1910-11-20', 'Natalicio de Benito Juárez');
INSERT INTO templateHoliday(templateHolidayID, holidayDate, title) VALUES('a8a670ae-fc6b-4527-9b88-98a31a88b3fd', '1917-02-05', 'Día de los Abuelos');
INSERT INTO templateHoliday(templateHolidayID, holidayDate, title) VALUES('238f2972-b9b7-486d-acfe-535d8bfb03fb', '1531-12-12', 'Semana Santa');
INSERT INTO templateHoliday(templateHolidayID, holidayDate, title) VALUES('675e2702-e7bf-4501-8758-fe834e211277', '2026-12-25', 'Natalicio de Benito Juárez');
INSERT INTO templateHoliday(templateHolidayID, holidayDate, title) VALUES('2fcc39db-ca8c-4855-873b-51303bb88f62', '2026-08-22', 'Día de la Virgen de Guadalupe');
INSERT INTO templateHoliday(templateHolidayID, holidayDate, title) VALUES('22607769-b875-4d06-97ff-7e2acbadf604', '2026-10-12', 'Día del Estudiante');
INSERT INTO templateHoliday(templateHolidayID, holidayDate, title) VALUES('90c01617-fb67-4837-9fd7-99da4dbb3ac4', '2026-04-30', 'Día de la Bandera');
INSERT INTO templateHoliday(templateHolidayID, holidayDate, title) VALUES('3912f9d0-1177-4bdd-a4f1-e1acb2726cc9', '2026-04-02', 'Día del Padre');
INSERT INTO templateHoliday(templateHolidayID, holidayDate, title) VALUES('30d19e50-a838-4af5-b364-b91856f32a4f', '2026-03-08', 'Día del Padre');
INSERT INTO templateHoliday(templateHolidayID, holidayDate, title) VALUES('c6be19ea-b0fa-4662-ac02-2bf66a5cc708', '2026-05-15', 'Día del Arquitecto');
INSERT INTO templateHoliday(templateHolidayID, holidayDate, title) VALUES('40d66534-3a1f-4c90-9277-e0d5b3a694cc', '2026-05-15', 'Día del Estudiante');
INSERT INTO templateHoliday(templateHolidayID, holidayDate, title) VALUES('c627a633-2ad2-4994-aef0-9cda60ddb0c6', '2026-02-14', 'Día de San Valentín');
INSERT INTO templateHoliday(templateHolidayID, holidayDate, title) VALUES('e55d7af7-d45a-4c87-8160-5392a41ab94b', '2026-04-02', 'Día de los Abuelos');
INSERT INTO templateHoliday(templateHolidayID, holidayDate, title) VALUES('1d76774b-6614-45c7-b1d5-8d02bf725f39', '2026-11-02', 'Día del Arquitecto');
INSERT INTO templateHoliday(templateHolidayID, holidayDate, title) VALUES('9435bb95-960f-473a-a9e0-8576c4a2ec3b', '2026-12-25', 'Día de los Abuelos');

INSERT INTO usedHoliday(templateHolidayID, usedDate, usedTemplateHolidayID) VALUES('4f121940-e7a6-42a6-98a2-e081d674b791', '2026-05-23', 'ef10e3b4-4225-4334-8f2a-8ec6b3f4c6e6'); 
INSERT INTO usedHoliday(templateHolidayID, usedDate, usedTemplateHolidayID) VALUES('a03087c9-100d-4fd4-af2b-109d7e5faf97', '1531-12-12', 'e55d7af7-d45a-4c87-8160-5392a41ab94b'); 
INSERT INTO usedHoliday(templateHolidayID, usedDate, usedTemplateHolidayID) VALUES('3ee23d56-841d-485a-918f-ec9adc8cca63', '2026-09-21', '675e2702-e7bf-4501-8758-fe834e211277'); 
INSERT INTO usedHoliday(templateHolidayID, usedDate, usedTemplateHolidayID) VALUES('7095af20-c1bf-4d3f-9f6c-d6bf0314a141', '2026-09-21', '1d76774b-6614-45c7-b1d5-8d02bf725f39'); 
INSERT INTO usedHoliday(templateHolidayID, usedDate, usedTemplateHolidayID) VALUES('5e4380f0-d26c-4aae-b955-114f3082e4df', '2026-05-23', '35cd47d7-be7e-4852-8432-429ff129d75a'); 
INSERT INTO usedHoliday(templateHolidayID, usedDate, usedTemplateHolidayID) VALUES('9f5fe4be-cbbb-4dcf-8f1e-103a446e7dc5', '2026-04-30', '22607769-b875-4d06-97ff-7e2acbadf604'); 
INSERT INTO usedHoliday(templateHolidayID, usedDate, usedTemplateHolidayID) VALUES('31e9fd2a-3e0f-496e-915e-4d3303ec92e8', '2026-03-08', 'a8a670ae-fc6b-4527-9b88-98a31a88b3fd'); 
INSERT INTO usedHoliday(templateHolidayID, usedDate, usedTemplateHolidayID) VALUES('a3272c72-463c-4d8a-ab2a-4f097a81f277', '2026-04-30', '1d76774b-6614-45c7-b1d5-8d02bf725f39'); 
INSERT INTO usedHoliday(templateHolidayID, usedDate, usedTemplateHolidayID) VALUES('86259e17-83ec-4a86-98dc-6e833a11aa66', '1917-02-05', '35cd47d7-be7e-4852-8432-429ff129d75a'); 
INSERT INTO usedHoliday(templateHolidayID, usedDate, usedTemplateHolidayID) VALUES('a3317b4e-5bca-47d5-8b4a-4df77ad31c19', '2026-05-10', '66ff32bc-c6c2-45e4-8656-fb062a30d371'); 
INSERT INTO usedHoliday(templateHolidayID, usedDate, usedTemplateHolidayID) VALUES('053525dd-1294-404c-a50b-b229fb555a76', '2026-08-28', '90c01617-fb67-4837-9fd7-99da4dbb3ac4'); 
INSERT INTO usedHoliday(templateHolidayID, usedDate, usedTemplateHolidayID) VALUES('41fb8b8c-45d8-43bf-ac9f-d8973eddcc64', '2026-04-02', '40d66534-3a1f-4c90-9277-e0d5b3a694cc'); 
INSERT INTO usedHoliday(templateHolidayID, usedDate, usedTemplateHolidayID) VALUES('f81b2a9d-26dd-4722-b221-98d6d7d9d163', '2026-04-02', '238f2972-b9b7-486d-acfe-535d8bfb03fb'); 
INSERT INTO usedHoliday(templateHolidayID, usedDate, usedTemplateHolidayID) VALUES('3be9d5e7-89ae-4ec7-8b4b-2b4629236254', '1934-02-24', 'e738684e-b10c-48a9-96c7-8f391d446017'); 
INSERT INTO usedHoliday(templateHolidayID, usedDate, usedTemplateHolidayID) VALUES('3188aa63-a943-4981-9c0a-e482201f6cf6', '2026-01-02', '2fcc39db-ca8c-4855-873b-51303bb88f62'); 
INSERT INTO usedHoliday(templateHolidayID, usedDate, usedTemplateHolidayID) VALUES('a485bc2f-d0e8-46fa-8bd8-4ecc607f540b', '2026-04-30', '40d66534-3a1f-4c90-9277-e0d5b3a694cc'); 
INSERT INTO usedHoliday(templateHolidayID, usedDate, usedTemplateHolidayID) VALUES('4e1c7f6a-2663-4d47-8259-3d894ee10f0a', '2026-04-02', '1d76774b-6614-45c7-b1d5-8d02bf725f39'); 
INSERT INTO usedHoliday(templateHolidayID, usedDate, usedTemplateHolidayID) VALUES('f286d9fe-5e27-4abf-a61f-ca891d18a59c', '2026-04-07', '3912f9d0-1177-4bdd-a4f1-e1acb2726cc9'); 
INSERT INTO usedHoliday(templateHolidayID, usedDate, usedTemplateHolidayID) VALUES('ff6f1281-c84f-4b16-b01a-2141f913c7d3', '2026-03-08', 'a8a670ae-fc6b-4527-9b88-98a31a88b3fd'); 
INSERT INTO usedHoliday(templateHolidayID, usedDate, usedTemplateHolidayID) VALUES('fadce5a1-fbaf-4a18-87cf-b4499ab3b9ad', '2026-04-02', '30d19e50-a838-4af5-b364-b91856f32a4f'); 
INSERT INTO usedHoliday(templateHolidayID, usedDate, usedTemplateHolidayID) VALUES('fc3f982d-59b9-4e53-8c35-26de5b20ba40', '1806-03-21', 'c627a633-2ad2-4994-aef0-9cda60ddb0c6'); 
INSERT INTO usedHoliday(templateHolidayID, usedDate, usedTemplateHolidayID) VALUES('efebcdb6-ba81-4055-b4b9-02683afea8d2', '2026-06-05', 'b527f9bb-741e-4d72-a2f1-373194462af0'); 
INSERT INTO usedHoliday(templateHolidayID, usedDate, usedTemplateHolidayID) VALUES('8b995458-cf7a-462a-9bf0-6b5ca55a4872', '2026-06-02', '40d66534-3a1f-4c90-9277-e0d5b3a694cc'); 
INSERT INTO usedHoliday(templateHolidayID, usedDate, usedTemplateHolidayID) VALUES('f3115727-ca59-4f04-9837-d78339621d8d', '2026-10-01', '30d19e50-a838-4af5-b364-b91856f32a4f'); 
INSERT INTO usedHoliday(templateHolidayID, usedDate, usedTemplateHolidayID) VALUES('08f016a3-e081-4f85-9c47-f7ed4aeafea1', '2026-08-22', 'e738684e-b10c-48a9-96c7-8f391d446017'); 
INSERT INTO usedHoliday(templateHolidayID, usedDate, usedTemplateHolidayID) VALUES('fba1cc53-d8a3-4611-86f3-9fc0dfa7b1f6', '2026-02-14', 'ef10e3b4-4225-4334-8f2a-8ec6b3f4c6e6'); 
INSERT INTO usedHoliday(templateHolidayID, usedDate, usedTemplateHolidayID) VALUES('77491753-910e-40db-b93e-7c0a0677abd3', '1531-12-12', 'e738684e-b10c-48a9-96c7-8f391d446017'); 
INSERT INTO usedHoliday(templateHolidayID, usedDate, usedTemplateHolidayID) VALUES('76a1957c-9434-4d74-9bee-6a257fe16f96', '2026-12-25', 'e738684e-b10c-48a9-96c7-8f391d446017'); 
INSERT INTO usedHoliday(templateHolidayID, usedDate, usedTemplateHolidayID) VALUES('a575db9e-b457-48ba-8f54-8d99d8043a6d', '2026-12-25', '2fcc39db-ca8c-4855-873b-51303bb88f62'); 
INSERT INTO usedHoliday(templateHolidayID, usedDate, usedTemplateHolidayID) VALUES('a2bd437d-abad-432b-8e12-c1c3126639ed', '2026-08-28', '66ff32bc-c6c2-45e4-8656-fb062a30d371'); 
INSERT INTO usedHoliday(templateHolidayID, usedDate, usedTemplateHolidayID) VALUES('44ada713-0135-4dd9-b9e7-46b9b6e877f9', '1531-12-12', '66ff32bc-c6c2-45e4-8656-fb062a30d371'); 
INSERT INTO usedHoliday(templateHolidayID, usedDate, usedTemplateHolidayID) VALUES('a6094d35-1b0f-482d-b531-1a7a1e5e27c6', '2026-04-02', '22607769-b875-4d06-97ff-7e2acbadf604'); 
INSERT INTO usedHoliday(templateHolidayID, usedDate, usedTemplateHolidayID) VALUES('fb1f0134-0647-4dbd-b064-b696875d9fd4', '2026-01-02', '22607769-b875-4d06-97ff-7e2acbadf604'); 
INSERT INTO usedHoliday(templateHolidayID, usedDate, usedTemplateHolidayID) VALUES('e38ae759-bc01-43da-9ffa-a0d1229bf023', '2026-10-01', 'c6be19ea-b0fa-4662-ac02-2bf66a5cc708'); 
INSERT INTO usedHoliday(templateHolidayID, usedDate, usedTemplateHolidayID) VALUES('6abdb49a-216a-40a8-87cf-7d598960e470', '1886-05-01', '9435bb95-960f-473a-a9e0-8576c4a2ec3b'); 
INSERT INTO usedHoliday(templateHolidayID, usedDate, usedTemplateHolidayID) VALUES('718c7ad1-861b-42a8-b693-cb868a36433e', '2026-01-02', '30d19e50-a838-4af5-b364-b91856f32a4f'); 
INSERT INTO usedHoliday(templateHolidayID, usedDate, usedTemplateHolidayID) VALUES('a8010d70-d08a-495a-aaad-caa44d3c30c8', '2026-05-15', 'c627a633-2ad2-4994-aef0-9cda60ddb0c6'); 
INSERT INTO usedHoliday(templateHolidayID, usedDate, usedTemplateHolidayID) VALUES('e3af5f99-422b-4fcc-a162-0a31c7b332d4', '2026-09-21', 'e55d7af7-d45a-4c87-8160-5392a41ab94b'); 
INSERT INTO usedHoliday(templateHolidayID, usedDate, usedTemplateHolidayID) VALUES('5eec5d48-9a27-4ce7-a31d-af70d4922033', '2026-09-21', '40d66534-3a1f-4c90-9277-e0d5b3a694cc'); 
INSERT INTO usedHoliday(templateHolidayID, usedDate, usedTemplateHolidayID) VALUES('5e4b2fbf-ae39-4175-ac23-490f26a7fc83', '2026-02-19', '0ff95c94-95f7-4ea9-a679-a43af8493fe6'); 
INSERT INTO usedHoliday(templateHolidayID, usedDate, usedTemplateHolidayID) VALUES('abdc7d0e-f92d-4fcd-bf9f-00eb015f3730', '2026-04-02', '40d66534-3a1f-4c90-9277-e0d5b3a694cc'); 
INSERT INTO usedHoliday(templateHolidayID, usedDate, usedTemplateHolidayID) VALUES('6a0f5a56-33a3-4659-8a62-dd39f8881575', '1806-03-21', 'c6be19ea-b0fa-4662-ac02-2bf66a5cc708'); 
INSERT INTO usedHoliday(templateHolidayID, usedDate, usedTemplateHolidayID) VALUES('a215db62-b4dc-4db6-bb84-e659695069c3', '1920-09-15', '22607769-b875-4d06-97ff-7e2acbadf604'); 
INSERT INTO usedHoliday(templateHolidayID, usedDate, usedTemplateHolidayID) VALUES('660df5b0-6fd2-4a67-9aff-dcf10e7f06e9', '2026-12-25', '238f2972-b9b7-486d-acfe-535d8bfb03fb'); 
INSERT INTO usedHoliday(templateHolidayID, usedDate, usedTemplateHolidayID) VALUES('c52e7100-b357-4a1c-a8c3-e04f5f465c54', '2026-04-07', 'e55d7af7-d45a-4c87-8160-5392a41ab94b'); 
INSERT INTO usedHoliday(templateHolidayID, usedDate, usedTemplateHolidayID) VALUES('27e13281-e00e-42ee-8d79-d86e349d9da5', '2026-04-07', '90c01617-fb67-4837-9fd7-99da4dbb3ac4'); 
INSERT INTO usedHoliday(templateHolidayID, usedDate, usedTemplateHolidayID) VALUES('fcf86ca4-bb4c-431a-934f-6e8a1a956b4c', '1917-02-05', 'a8a670ae-fc6b-4527-9b88-98a31a88b3fd'); 
INSERT INTO usedHoliday(templateHolidayID, usedDate, usedTemplateHolidayID) VALUES('5b893ae8-0212-4736-aff4-db4d44d845b0', '2026-09-21', '90c01617-fb67-4837-9fd7-99da4dbb3ac4'); 
INSERT INTO usedHoliday(templateHolidayID, usedDate, usedTemplateHolidayID) VALUES('fd701a90-bf89-4ada-9e85-2635d081bf0a', '2026-08-22', '66ff32bc-c6c2-45e4-8656-fb062a30d371'); 
INSERT INTO usedHoliday(templateHolidayID, usedDate, usedTemplateHolidayID) VALUES('1cc1f8cc-b5d3-49f9-ab5f-a9285fa6987a', '2026-06-05', 'a8a670ae-fc6b-4527-9b88-98a31a88b3fd'); 

INSERT INTO privilege(privilegeID, title, summary) values('36570350-3121-4558-97a6-d916b043d7cd', 'Colaborador consulta ausencias', 'Colaborador consulta ausencias'); 
INSERT INTO privilege(privilegeID, title, summary) values('04cf99b9-a3b2-424e-915c-7671020eeb39', 'Colaborador consulta calendario', 'Colaborador consulta calendario'); 
INSERT INTO privilege(privilegeID, title, summary) values('66ee8997-0f5f-4f66-85c9-7cb50c548211', 'Colaborador consulta días feriados', 'Colaborador consulta días feriados'); 
INSERT INTO privilege(privilegeID, title, summary) values('231bcac6-ce7d-45df-998b-50db9a3b1400', 'Colaborador consulta falta administrativa', 'Colaborador consulta falta administrativa'); 
INSERT INTO privilege(privilegeID, title, summary) values('299e9739-fd87-4f02-901c-b75c703a6d93', 'Colaborador consulta perfil', 'Colaborador consulta perfil'); 
INSERT INTO privilege(privilegeID, title, summary) values('55385a23-b56f-438e-ba53-69948f7e94b8', 'Colaborador consulta sesión del One-On-One', 'Colaborador consulta sesión del One-On-One'); 
INSERT INTO privilege(privilegeID, title, summary) values('1c2cf119-b391-4b03-add2-5f1d0ccdb062', 'Colaborador consulta solicitudes de vacaciones', 'Colaborador consulta solicitudes de vacaciones'); 
INSERT INTO privilege(privilegeID, title, summary) values('050a85ba-7988-4874-9cb1-086b2f9d234b', 'Colaborador elimina solicitud de vacaciones', 'Colaborador elimina solicitud de vacaciones'); 
INSERT INTO privilege(privilegeID, title, summary) values('c915647c-a67f-4f53-92de-705eab20c0b0', 'Colaborador modifica contraseña temporal', 'Colaborador modifica contraseña temporal'); 
INSERT INTO privilege(privilegeID, title, summary) values('2b466aa4-ceb2-48aa-a421-1593be39df87', 'Colaborador modifica solicitud de vacaciones', 'Colaborador modifica solicitud de vacaciones'); 
INSERT INTO privilege(privilegeID, title, summary) values('4e4303f4-c382-4715-a0b7-730cd734bc02', 'Colaborador registra ausencia', 'Colaborador registra ausencia'); 
INSERT INTO privilege(privilegeID, title, summary) values('7a27a748-d9bf-433d-a008-d19e41b0258f', 'Colaborador registra inicio de sesión', 'Colaborador registra inicio de sesión'); 
INSERT INTO privilege(privilegeID, title, summary) values('f32883b6-aaca-4b0b-813f-175973d35bed', 'Colaborador registra solicitud de vacaciones', 'Colaborador registra solicitud de vacaciones'); 
INSERT INTO privilege(privilegeID, title, summary) values('fa0235d4-c228-41a2-b1e2-417292660286', 'Líder consulta ausencias de colaborador', 'Líder consulta ausencias de colaborador'); 
INSERT INTO privilege(privilegeID, title, summary) values('8f853c39-5008-44d1-875b-2aba2f86a729', 'Líder consulta colaboradores en su departamento', 'Líder consulta colaboradores en su departamento'); 
INSERT INTO privilege(privilegeID, title, summary) values('88dcfd4a-050f-4d36-b12e-a88494aa0a23', 'Líder consulta perfil de colaboradores', 'Líder consulta perfil de colaboradores'); 
INSERT INTO privilege(privilegeID, title, summary) values('30465d80-4ea1-4195-bd7c-4f2c02f6558a', 'Líder consulta solicitudes de vacaciones de colaborador', 'Líder consulta solicitudes de vacaciones de colaborador'); 
INSERT INTO privilege(privilegeID, title, summary) values('d353d5d8-62c2-4e53-b0b6-d78461e1a891', 'Líder registra respuesta hacia ausencia de colaborador', 'Líder registra respuesta hacia ausencia de colaborador'); 
INSERT INTO privilege(privilegeID, title, summary) values('28051176-a662-4ca3-9e5b-cfe052256b25', 'Líder registra respuesta hacia solicitud de vacaciones de colaborador', 'Líder registra respuesta hacia solicitud de vacaciones de colaborador'); 
INSERT INTO privilege(privilegeID, title, summary) values('7840fdda-020b-4df2-8105-7622e61eb30e', 'Superadmin consulta ausencias de empleado', 'Superadmin consulta ausencias de empleado'); 
INSERT INTO privilege(privilegeID, title, summary) values('23c485ca-2791-4d05-ac3d-e63e625163da', 'Superadmin consulta empleados', 'Superadmin consulta empleados'); 
INSERT INTO privilege(privilegeID, title, summary) values('9160b493-6be1-452d-a6fb-4fcd1a03db3d', 'Superadmin consulta sesión de One-On-One', 'Superadmin consulta sesión de One-On-One'); 
INSERT INTO privilege(privilegeID, title, summary) values('c76007ee-f175-44de-b2da-1c142b80eebc', 'Superadmin consulta solicitudes de vacaciones de empleado', 'Superadmin consulta solicitudes de vacaciones de empleado'); 
INSERT INTO privilege(privilegeID, title, summary) values('e0a24f4c-83d4-496a-8fc8-37e9cb122793', 'Superadmin consultar reporte de rotación de empleos mensual', 'Superadmin consultar reporte de rotación de empleos mensual'); 
INSERT INTO privilege(privilegeID, title, summary) values('732e8164-a375-4255-8f5f-697adf5736bf', 'Superadmin elimina departamento', 'Superadmin elimina departamento'); 
INSERT INTO privilege(privilegeID, title, summary) values('f9850b7d-5984-4729-8d1e-12183039aba3', 'Superadmin elimina día feriado', 'Superadmin elimina día feriado'); 
INSERT INTO privilege(privilegeID, title, summary) values('682d080b-a24a-41f2-a9ca-6c8822a3481b', 'Superadmin elimina falta administrativa', 'Superadmin elimina falta administrativa'); 
INSERT INTO privilege(privilegeID, title, summary) values('28539882-d87f-4b25-9dbd-3dcef7e9715f', 'Superadmin modifica datos de empleado', 'Superadmin modifica datos de empleado'); 
INSERT INTO privilege(privilegeID, title, summary) values('16796ab8-c4cb-4a6d-9617-f6b8ba3ed3e2', 'Superadmin modifica departamento', 'Superadmin modifica departamento'); 
INSERT INTO privilege(privilegeID, title, summary) values('916c6469-eb0f-4e89-8dcc-57c4b5c823cb', 'Superadmin modifica día feriado', 'Superadmin modifica día feriado'); 
INSERT INTO privilege(privilegeID, title, summary) values('428d8306-592e-43ef-8569-a7ffa77ae139', 'Superadmin modifica falta administrativa', 'Superadmin modifica falta administrativa'); 
INSERT INTO privilege(privilegeID, title, summary) values('e646a2d2-5531-4b22-bdb2-e6b27a097dbc', 'Superadmin registra alta de empleado', 'Superadmin registra alta de empleado'); 
INSERT INTO privilege(privilegeID, title, summary) values('9700c2f0-2e36-4f73-9f86-7247005480e7', 'Superadmin registra baja de empleado', 'Superadmin registra baja de empleado'); 
INSERT INTO privilege(privilegeID, title, summary) values('9a22b9ef-5314-4250-86f8-0240027ffd99', 'Superadmin registra datos del One-On-One', 'Superadmin registra datos del One-On-One'); 
INSERT INTO privilege(privilegeID, title, summary) values('80bf89ae-f568-4295-ae94-dceee85cd582', 'Superadmin registra departamento', 'Superadmin registra departamento'); 
INSERT INTO privilege(privilegeID, title, summary) values('7e8e72d2-a284-4268-bc25-a97ea4a61724', 'Superadmin registra día feriado', 'Superadmin registra día feriado'); 
INSERT INTO privilege(privilegeID, title, summary) values('65a0d35b-08f5-40f6-89cc-e57228baf4a6', 'Superadmin registra falta administrativa', 'Superadmin registra falta administrativa'); 
INSERT INTO privilege(privilegeID, title, summary) values('496678eb-ea9b-4467-80fd-e564a3fd8908', 'Superadmin registra evidencia de falta', 'Superadmin registra evidencia de falta'); 
INSERT INTO privilege(privilegeID, title, summary) values('9d5c63a6-5153-4cda-9f81-4c473c41ee85', 'Superadmin registra fecha prevista de One-On-One', 'Superadmin registra fecha prevista de One-On-One'); 
INSERT INTO privilege(privilegeID, title, summary) values('a7667092-01c4-49c1-81de-2664dbaf6d79', 'Superadmin registra respuesta hacia ausencia de empleado', 'Superadmin registra respuesta hacia ausencia de empleado'); 
INSERT INTO privilege(privilegeID, title, summary) values('0bd01f5c-24bb-4643-bd83-8b79c479fe6b', 'Superadmin registra respuesta hacia solicitud de vacaciones de empleado', 'Superadmin registra respuesta hacia solicitud de vacaciones de empleado'); 
INSERT INTO role(roleID, title) values('df6efde1-33f6-42f4-95c8-59b077c62982', 'Colaborator'); 
INSERT INTO role(roleID, title) values('9648deba-0415-4e41-9889-ba5c02b8c7e1', 'Department Leader'); 
INSERT INTO role(roleID, title) values('26c5c259-bb65-4e90-ada7-41a56d6a2703', 'Human Resources'); 
INSERT INTO rolePrivilege(roleIDFK, privilegeIDFK) values('df6efde1-33f6-42f4-95c8-59b077c62982', '36570350-3121-4558-97a6-d916b043d7cd'); 
INSERT INTO rolePrivilege(roleIDFK, privilegeIDFK) values('df6efde1-33f6-42f4-95c8-59b077c62982', '04cf99b9-a3b2-424e-915c-7671020eeb39'); 
INSERT INTO rolePrivilege(roleIDFK, privilegeIDFK) values('df6efde1-33f6-42f4-95c8-59b077c62982', '66ee8997-0f5f-4f66-85c9-7cb50c548211'); 
INSERT INTO rolePrivilege(roleIDFK, privilegeIDFK) values('df6efde1-33f6-42f4-95c8-59b077c62982', '231bcac6-ce7d-45df-998b-50db9a3b1400'); 
INSERT INTO rolePrivilege(roleIDFK, privilegeIDFK) values('df6efde1-33f6-42f4-95c8-59b077c62982', '299e9739-fd87-4f02-901c-b75c703a6d93'); 
INSERT INTO rolePrivilege(roleIDFK, privilegeIDFK) values('df6efde1-33f6-42f4-95c8-59b077c62982', '55385a23-b56f-438e-ba53-69948f7e94b8'); 
INSERT INTO rolePrivilege(roleIDFK, privilegeIDFK) values('df6efde1-33f6-42f4-95c8-59b077c62982', '1c2cf119-b391-4b03-add2-5f1d0ccdb062'); 
INSERT INTO rolePrivilege(roleIDFK, privilegeIDFK) values('df6efde1-33f6-42f4-95c8-59b077c62982', '050a85ba-7988-4874-9cb1-086b2f9d234b'); 
INSERT INTO rolePrivilege(roleIDFK, privilegeIDFK) values('df6efde1-33f6-42f4-95c8-59b077c62982', 'c915647c-a67f-4f53-92de-705eab20c0b0'); 
INSERT INTO rolePrivilege(roleIDFK, privilegeIDFK) values('df6efde1-33f6-42f4-95c8-59b077c62982', '2b466aa4-ceb2-48aa-a421-1593be39df87'); 
INSERT INTO rolePrivilege(roleIDFK, privilegeIDFK) values('df6efde1-33f6-42f4-95c8-59b077c62982', '4e4303f4-c382-4715-a0b7-730cd734bc02'); 
INSERT INTO rolePrivilege(roleIDFK, privilegeIDFK) values('df6efde1-33f6-42f4-95c8-59b077c62982', '7a27a748-d9bf-433d-a008-d19e41b0258f'); 
INSERT INTO rolePrivilege(roleIDFK, privilegeIDFK) values('df6efde1-33f6-42f4-95c8-59b077c62982', 'f32883b6-aaca-4b0b-813f-175973d35bed'); 
INSERT INTO rolePrivilege(roleIDFK, privilegeIDFK) values('9648deba-0415-4e41-9889-ba5c02b8c7e1', '36570350-3121-4558-97a6-d916b043d7cd'); 
INSERT INTO rolePrivilege(roleIDFK, privilegeIDFK) values('9648deba-0415-4e41-9889-ba5c02b8c7e1', '04cf99b9-a3b2-424e-915c-7671020eeb39'); 
INSERT INTO rolePrivilege(roleIDFK, privilegeIDFK) values('9648deba-0415-4e41-9889-ba5c02b8c7e1', '66ee8997-0f5f-4f66-85c9-7cb50c548211'); 
INSERT INTO rolePrivilege(roleIDFK, privilegeIDFK) values('9648deba-0415-4e41-9889-ba5c02b8c7e1', '231bcac6-ce7d-45df-998b-50db9a3b1400'); 
INSERT INTO rolePrivilege(roleIDFK, privilegeIDFK) values('9648deba-0415-4e41-9889-ba5c02b8c7e1', '299e9739-fd87-4f02-901c-b75c703a6d93'); 
INSERT INTO rolePrivilege(roleIDFK, privilegeIDFK) values('9648deba-0415-4e41-9889-ba5c02b8c7e1', '55385a23-b56f-438e-ba53-69948f7e94b8'); 
INSERT INTO rolePrivilege(roleIDFK, privilegeIDFK) values('9648deba-0415-4e41-9889-ba5c02b8c7e1', '1c2cf119-b391-4b03-add2-5f1d0ccdb062'); 
INSERT INTO rolePrivilege(roleIDFK, privilegeIDFK) values('9648deba-0415-4e41-9889-ba5c02b8c7e1', '050a85ba-7988-4874-9cb1-086b2f9d234b'); 
INSERT INTO rolePrivilege(roleIDFK, privilegeIDFK) values('9648deba-0415-4e41-9889-ba5c02b8c7e1', 'c915647c-a67f-4f53-92de-705eab20c0b0'); 
INSERT INTO rolePrivilege(roleIDFK, privilegeIDFK) values('9648deba-0415-4e41-9889-ba5c02b8c7e1', '2b466aa4-ceb2-48aa-a421-1593be39df87'); 
INSERT INTO rolePrivilege(roleIDFK, privilegeIDFK) values('9648deba-0415-4e41-9889-ba5c02b8c7e1', '4e4303f4-c382-4715-a0b7-730cd734bc02'); 
INSERT INTO rolePrivilege(roleIDFK, privilegeIDFK) values('9648deba-0415-4e41-9889-ba5c02b8c7e1', '7a27a748-d9bf-433d-a008-d19e41b0258f'); 
INSERT INTO rolePrivilege(roleIDFK, privilegeIDFK) values('9648deba-0415-4e41-9889-ba5c02b8c7e1', 'f32883b6-aaca-4b0b-813f-175973d35bed'); 
INSERT INTO rolePrivilege(roleIDFK, privilegeIDFK) values('9648deba-0415-4e41-9889-ba5c02b8c7e1', 'fa0235d4-c228-41a2-b1e2-417292660286'); 
INSERT INTO rolePrivilege(roleIDFK, privilegeIDFK) values('9648deba-0415-4e41-9889-ba5c02b8c7e1', '8f853c39-5008-44d1-875b-2aba2f86a729'); 
INSERT INTO rolePrivilege(roleIDFK, privilegeIDFK) values('9648deba-0415-4e41-9889-ba5c02b8c7e1', '88dcfd4a-050f-4d36-b12e-a88494aa0a23'); 
INSERT INTO rolePrivilege(roleIDFK, privilegeIDFK) values('9648deba-0415-4e41-9889-ba5c02b8c7e1', '30465d80-4ea1-4195-bd7c-4f2c02f6558a'); 
INSERT INTO rolePrivilege(roleIDFK, privilegeIDFK) values('9648deba-0415-4e41-9889-ba5c02b8c7e1', 'd353d5d8-62c2-4e53-b0b6-d78461e1a891'); 
INSERT INTO rolePrivilege(roleIDFK, privilegeIDFK) values('9648deba-0415-4e41-9889-ba5c02b8c7e1', '28051176-a662-4ca3-9e5b-cfe052256b25'); 
INSERT INTO rolePrivilege(roleIDFK, privilegeIDFK) values('26c5c259-bb65-4e90-ada7-41a56d6a2703', '36570350-3121-4558-97a6-d916b043d7cd'); 
INSERT INTO rolePrivilege(roleIDFK, privilegeIDFK) values('26c5c259-bb65-4e90-ada7-41a56d6a2703', '04cf99b9-a3b2-424e-915c-7671020eeb39'); 
INSERT INTO rolePrivilege(roleIDFK, privilegeIDFK) values('26c5c259-bb65-4e90-ada7-41a56d6a2703', '66ee8997-0f5f-4f66-85c9-7cb50c548211'); 
INSERT INTO rolePrivilege(roleIDFK, privilegeIDFK) values('26c5c259-bb65-4e90-ada7-41a56d6a2703', '231bcac6-ce7d-45df-998b-50db9a3b1400'); 
INSERT INTO rolePrivilege(roleIDFK, privilegeIDFK) values('26c5c259-bb65-4e90-ada7-41a56d6a2703', '299e9739-fd87-4f02-901c-b75c703a6d93'); 
INSERT INTO rolePrivilege(roleIDFK, privilegeIDFK) values('26c5c259-bb65-4e90-ada7-41a56d6a2703', '55385a23-b56f-438e-ba53-69948f7e94b8'); 
INSERT INTO rolePrivilege(roleIDFK, privilegeIDFK) values('26c5c259-bb65-4e90-ada7-41a56d6a2703', '1c2cf119-b391-4b03-add2-5f1d0ccdb062'); 
INSERT INTO rolePrivilege(roleIDFK, privilegeIDFK) values('26c5c259-bb65-4e90-ada7-41a56d6a2703', '050a85ba-7988-4874-9cb1-086b2f9d234b'); 
INSERT INTO rolePrivilege(roleIDFK, privilegeIDFK) values('26c5c259-bb65-4e90-ada7-41a56d6a2703', 'c915647c-a67f-4f53-92de-705eab20c0b0'); 
INSERT INTO rolePrivilege(roleIDFK, privilegeIDFK) values('26c5c259-bb65-4e90-ada7-41a56d6a2703', '2b466aa4-ceb2-48aa-a421-1593be39df87'); 
INSERT INTO rolePrivilege(roleIDFK, privilegeIDFK) values('26c5c259-bb65-4e90-ada7-41a56d6a2703', '4e4303f4-c382-4715-a0b7-730cd734bc02'); 
INSERT INTO rolePrivilege(roleIDFK, privilegeIDFK) values('26c5c259-bb65-4e90-ada7-41a56d6a2703', '7a27a748-d9bf-433d-a008-d19e41b0258f'); 
INSERT INTO rolePrivilege(roleIDFK, privilegeIDFK) values('26c5c259-bb65-4e90-ada7-41a56d6a2703', 'f32883b6-aaca-4b0b-813f-175973d35bed'); 
INSERT INTO rolePrivilege(roleIDFK, privilegeIDFK) values('26c5c259-bb65-4e90-ada7-41a56d6a2703', 'fa0235d4-c228-41a2-b1e2-417292660286'); 
INSERT INTO rolePrivilege(roleIDFK, privilegeIDFK) values('26c5c259-bb65-4e90-ada7-41a56d6a2703', '8f853c39-5008-44d1-875b-2aba2f86a729'); 
INSERT INTO rolePrivilege(roleIDFK, privilegeIDFK) values('26c5c259-bb65-4e90-ada7-41a56d6a2703', '88dcfd4a-050f-4d36-b12e-a88494aa0a23'); 
INSERT INTO rolePrivilege(roleIDFK, privilegeIDFK) values('26c5c259-bb65-4e90-ada7-41a56d6a2703', '30465d80-4ea1-4195-bd7c-4f2c02f6558a'); 
INSERT INTO rolePrivilege(roleIDFK, privilegeIDFK) values('26c5c259-bb65-4e90-ada7-41a56d6a2703', 'd353d5d8-62c2-4e53-b0b6-d78461e1a891'); 
INSERT INTO rolePrivilege(roleIDFK, privilegeIDFK) values('26c5c259-bb65-4e90-ada7-41a56d6a2703', '28051176-a662-4ca3-9e5b-cfe052256b25'); 
INSERT INTO rolePrivilege(roleIDFK, privilegeIDFK) values('26c5c259-bb65-4e90-ada7-41a56d6a2703', '7840fdda-020b-4df2-8105-7622e61eb30e'); 
INSERT INTO rolePrivilege(roleIDFK, privilegeIDFK) values('26c5c259-bb65-4e90-ada7-41a56d6a2703', '23c485ca-2791-4d05-ac3d-e63e625163da'); 
INSERT INTO rolePrivilege(roleIDFK, privilegeIDFK) values('26c5c259-bb65-4e90-ada7-41a56d6a2703', '9160b493-6be1-452d-a6fb-4fcd1a03db3d'); 
INSERT INTO rolePrivilege(roleIDFK, privilegeIDFK) values('26c5c259-bb65-4e90-ada7-41a56d6a2703', 'c76007ee-f175-44de-b2da-1c142b80eebc'); 
INSERT INTO rolePrivilege(roleIDFK, privilegeIDFK) values('26c5c259-bb65-4e90-ada7-41a56d6a2703', 'e0a24f4c-83d4-496a-8fc8-37e9cb122793'); 
INSERT INTO rolePrivilege(roleIDFK, privilegeIDFK) values('26c5c259-bb65-4e90-ada7-41a56d6a2703', '732e8164-a375-4255-8f5f-697adf5736bf'); 
INSERT INTO rolePrivilege(roleIDFK, privilegeIDFK) values('26c5c259-bb65-4e90-ada7-41a56d6a2703', 'f9850b7d-5984-4729-8d1e-12183039aba3'); 
INSERT INTO rolePrivilege(roleIDFK, privilegeIDFK) values('26c5c259-bb65-4e90-ada7-41a56d6a2703', '682d080b-a24a-41f2-a9ca-6c8822a3481b'); 
INSERT INTO rolePrivilege(roleIDFK, privilegeIDFK) values('26c5c259-bb65-4e90-ada7-41a56d6a2703', '28539882-d87f-4b25-9dbd-3dcef7e9715f'); 
INSERT INTO rolePrivilege(roleIDFK, privilegeIDFK) values('26c5c259-bb65-4e90-ada7-41a56d6a2703', '16796ab8-c4cb-4a6d-9617-f6b8ba3ed3e2'); 
INSERT INTO rolePrivilege(roleIDFK, privilegeIDFK) values('26c5c259-bb65-4e90-ada7-41a56d6a2703', '916c6469-eb0f-4e89-8dcc-57c4b5c823cb'); 
INSERT INTO rolePrivilege(roleIDFK, privilegeIDFK) values('26c5c259-bb65-4e90-ada7-41a56d6a2703', '428d8306-592e-43ef-8569-a7ffa77ae139'); 
INSERT INTO rolePrivilege(roleIDFK, privilegeIDFK) values('26c5c259-bb65-4e90-ada7-41a56d6a2703', 'e646a2d2-5531-4b22-bdb2-e6b27a097dbc'); 
INSERT INTO rolePrivilege(roleIDFK, privilegeIDFK) values('26c5c259-bb65-4e90-ada7-41a56d6a2703', '9700c2f0-2e36-4f73-9f86-7247005480e7'); 
INSERT INTO rolePrivilege(roleIDFK, privilegeIDFK) values('26c5c259-bb65-4e90-ada7-41a56d6a2703', '9a22b9ef-5314-4250-86f8-0240027ffd99'); 
INSERT INTO rolePrivilege(roleIDFK, privilegeIDFK) values('26c5c259-bb65-4e90-ada7-41a56d6a2703', '80bf89ae-f568-4295-ae94-dceee85cd582'); 
INSERT INTO rolePrivilege(roleIDFK, privilegeIDFK) values('26c5c259-bb65-4e90-ada7-41a56d6a2703', '7e8e72d2-a284-4268-bc25-a97ea4a61724'); 
INSERT INTO rolePrivilege(roleIDFK, privilegeIDFK) values('26c5c259-bb65-4e90-ada7-41a56d6a2703', '65a0d35b-08f5-40f6-89cc-e57228baf4a6'); 
INSERT INTO rolePrivilege(roleIDFK, privilegeIDFK) values('26c5c259-bb65-4e90-ada7-41a56d6a2703', '496678eb-ea9b-4467-80fd-e564a3fd8908'); 
INSERT INTO rolePrivilege(roleIDFK, privilegeIDFK) values('26c5c259-bb65-4e90-ada7-41a56d6a2703', '9d5c63a6-5153-4cda-9f81-4c473c41ee85'); 
INSERT INTO rolePrivilege(roleIDFK, privilegeIDFK) values('26c5c259-bb65-4e90-ada7-41a56d6a2703', 'a7667092-01c4-49c1-81de-2664dbaf6d79'); 
INSERT INTO rolePrivilege(roleIDFK, privilegeIDFK) values('26c5c259-bb65-4e90-ada7-41a56d6a2703', '0bd01f5c-24bb-4643-bd83-8b79c479fe6b'); 

INSERT INTO country(countryID, title) values('b306beb7-1bbc-48b3-85b2-0f476ad62890', 'Mexico'); 
INSERT INTO country(countryID, title) values('9bebea57-5038-477d-9f28-224c934a4f46', 'United States'); 
INSERT INTO country(countryID, title) values('500dfd6b-c9f5-4e0e-a72d-5511037ea19f', 'Colombia'); 
INSERT INTO country(countryID, title) values('698bf6b9-c3dd-46a2-8659-ee99a33edff3', 'Argentina'); 

INSERT INTO enterprise(enterpriseID, title) values('dc5e15d1-7c23-48a9-b989-acf72a4b60b6', 'Meta'); 
INSERT INTO enterprise(enterpriseID, title) values('19791f4f-1c25-480a-be4b-489d3e94799c', 'Intel'); 
INSERT INTO enterprise(enterpriseID, title) values('4a18ccc2-c145-4b6e-bc75-b99c2bfbb5a5', 'Microsoft'); 
INSERT INTO enterprise(enterpriseID, title) values('05c13fad-cbfd-4914-9a37-a813d4515dec', 'AMD'); 
INSERT INTO enterprise(enterpriseID, title) values('1fae636a-1c9f-4fd5-bc0b-d0f1b0eaf671', 'Nvidia'); 
INSERT INTO enterprise(enterpriseID, title) values('a43c269d-50c0-44f8-93a8-493095674f43', 'Nvidia'); 
INSERT INTO enterprise(enterpriseID, title) values('b95f6999-34a5-4405-9754-ef8dc5193101', 'Oracle'); 

INSERT INTO department(departmentID, enterpriseIDFK, title) values('5200a34a-d34b-4404-a0fb-5323c50d822e', '4a18ccc2-c145-4b6e-bc75-b99c2bfbb5a5', 'Atencion al cliene'); 
INSERT INTO department(departmentID, enterpriseIDFK, title) values('d44abc6b-9eab-4863-842a-6404f8b6049b', 'dc5e15d1-7c23-48a9-b989-acf72a4b60b6', 'Atencion al cliene'); 
INSERT INTO department(departmentID, enterpriseIDFK, title) values('e795dbc7-902f-4b55-bc6d-83e224572ce0', 'dc5e15d1-7c23-48a9-b989-acf72a4b60b6', 'RRHH'); 
INSERT INTO department(departmentID, enterpriseIDFK, title) values('8cbb2d50-e591-44dd-8858-79493060de0b', '1fae636a-1c9f-4fd5-bc0b-d0f1b0eaf671', 'Finanzas'); 
INSERT INTO department(departmentID, enterpriseIDFK, title) values('3a12c376-8046-48a4-9e84-85604e111b7b', 'dc5e15d1-7c23-48a9-b989-acf72a4b60b6', 'Ventas'); 
INSERT INTO department(departmentID, enterpriseIDFK, title) values('0db6de55-0e57-4e3e-b77c-4adeea84f1ad', '19791f4f-1c25-480a-be4b-489d3e94799c', 'Finanzas'); 
INSERT INTO department(departmentID, enterpriseIDFK, title) values('f3531591-d89a-4226-ab0d-a20d0eafc3ec', '19791f4f-1c25-480a-be4b-489d3e94799c', 'Atencion al cliene'); 
INSERT INTO department(departmentID, enterpriseIDFK, title) values('43a210fa-1e5a-4808-9ec9-b5d93aa82d50', 'a43c269d-50c0-44f8-93a8-493095674f43', 'Marketing'); 
INSERT INTO department(departmentID, enterpriseIDFK, title) values('ea2c2b96-39cd-4347-bc66-338037762247', '1fae636a-1c9f-4fd5-bc0b-d0f1b0eaf671', 'Ventas'); 
INSERT INTO department(departmentID, enterpriseIDFK, title) values('a1494880-12fd-494d-a686-9de08b870cb7', '4a18ccc2-c145-4b6e-bc75-b99c2bfbb5a5', 'Atencion al cliene'); 
INSERT INTO department(departmentID, enterpriseIDFK, title) values('84c08d01-26c0-415e-b7a4-a5a7e447f02d', 'b95f6999-34a5-4405-9754-ef8dc5193101', 'RRHH'); 
INSERT INTO department(departmentID, enterpriseIDFK, title) values('2a2050d0-a7ed-4032-b4bc-e992026e528f', '1fae636a-1c9f-4fd5-bc0b-d0f1b0eaf671', 'Ventas'); 
INSERT INTO department(departmentID, enterpriseIDFK, title) values('4ff0d786-947c-4e79-831e-a68a21d0ab71', '05c13fad-cbfd-4914-9a37-a813d4515dec', 'Producción'); 
INSERT INTO department(departmentID, enterpriseIDFK, title) values('5e5184d3-0e6e-4510-9cb7-9f4b30ee3b07', '19791f4f-1c25-480a-be4b-489d3e94799c', 'Logística'); 
INSERT INTO department(departmentID, enterpriseIDFK, title) values('84a34947-c1ef-42e3-bf7d-5460cfb3b253', '05c13fad-cbfd-4914-9a37-a813d4515dec', 'RRHH'); 
INSERT INTO department(departmentID, enterpriseIDFK, title) values('c1ebd09d-a26f-48d3-9d24-dad2f45e753d', 'a43c269d-50c0-44f8-93a8-493095674f43', 'Marketing'); 
INSERT INTO department(departmentID, enterpriseIDFK, title) values('2c781aeb-f56e-4cc4-a1fe-17a7bed9928e', '19791f4f-1c25-480a-be4b-489d3e94799c', 'Atencion al cliene'); 
INSERT INTO department(departmentID, enterpriseIDFK, title) values('fd5f085a-83e2-4d77-81a2-b4e7d9e05ff3', 'b95f6999-34a5-4405-9754-ef8dc5193101', 'Finanzas'); 
INSERT INTO department(departmentID, enterpriseIDFK, title) values('62171883-152f-4bd3-88bd-617ff25edefa', 'dc5e15d1-7c23-48a9-b989-acf72a4b60b6', 'Finanzas'); 
INSERT INTO department(departmentID, enterpriseIDFK, title) values('dde6d81e-888c-4562-ac64-5537b8b74fd0', 'a43c269d-50c0-44f8-93a8-493095674f43', 'Ventas'); 
INSERT INTO department(departmentID, enterpriseIDFK, title) values('ff663808-2399-4716-b865-10b1c6ed979e', '4a18ccc2-c145-4b6e-bc75-b99c2bfbb5a5', 'Marketing'); 
INSERT INTO department(departmentID, enterpriseIDFK, title) values('2a108196-74d7-4d2c-8e1c-fcc981fc2fb9', 'b95f6999-34a5-4405-9754-ef8dc5193101', 'RRHH'); 
INSERT INTO department(departmentID, enterpriseIDFK, title) values('528b694a-f079-4bb6-a792-5472b27e8333', '05c13fad-cbfd-4914-9a37-a813d4515dec', 'Logística'); 
INSERT INTO department(departmentID, enterpriseIDFK, title) values('0ae12499-fe20-427f-9c92-3820e58aab4e', '05c13fad-cbfd-4914-9a37-a813d4515dec', 'Logística'); 
INSERT INTO department(departmentID, enterpriseIDFK, title) values('c7d0512e-63a5-4115-a324-48371b53193f', 'b95f6999-34a5-4405-9754-ef8dc5193101', 'Marketing'); 

INSERT INTO user(userID, curp, rfc, birthName, surname, mail, passwd, passwdFlag, zipCode, houseNumber, streetName, colony, workModality, workStatus, userRoleIDFK, countryUserIDFK) VALUES('e3144df5-6376-42c9-803e-c5066b8fa95d', 'GOHM4820HTLXRG17', 'GOHM4820HTB2', 'Mercedes', 'González Hernández', 'jqcbhwlcnem@nuclea.solutions', 'nipmcimkhjop', FALSE, 19302, '338.C', 'Avenida de los Insurgentes', 'Colonia El Campanario', 2, TRUE, 'df6efde1-33f6-42f4-95c8-59b077c62982', '9bebea57-5038-477d-9f28-224c934a4f46');
INSERT INTO user(userID, curp, rfc, birthName, surname, mail, passwd, passwdFlag, zipCode, houseNumber, streetName, colony, workModality, workStatus, userRoleIDFK, countryUserIDFK) VALUES('9a74930a-a0eb-4c2f-863e-284eff69d8e4', 'ROJJ1324MZSVCK63', 'ROJJ1324MZL1', 'Juan', 'Rodríguez Jiménez', 'ertqlptnrbvmb@yahoo.com', 'itqhacftps', TRUE, 32887, '365.C', 'Calle Juárez', 'Colonia Santa Rosa', 1, FALSE, 'df6efde1-33f6-42f4-95c8-59b077c62982', '9bebea57-5038-477d-9f28-224c934a4f46');
INSERT INTO user(userID, curp, rfc, birthName, surname, mail, passwd, passwdFlag, zipCode, houseNumber, streetName, colony, workModality, workStatus, userRoleIDFK, countryUserIDFK) VALUES('8b25d671-ae79-400f-bfe2-f6567c8267d1', 'RUGJ4127MNTTDG35', 'RUGJ4127MNF8', 'Juan', 'Ruiz González', 'ssxbxkwhoq@nuclea.solutions', 'phqhrpn', FALSE, 14561, '317.B', 'Calle de los Cedros', 'Colonia Santa Fe', 3, FALSE, '26c5c259-bb65-4e90-ada7-41a56d6a2703', '500dfd6b-c9f5-4e0e-a72d-5511037ea19f');
INSERT INTO user(userID, curp, rfc, birthName, surname, mail, passwd, passwdFlag, zipCode, houseNumber, streetName, colony, workModality, workStatus, userRoleIDFK, countryUserIDFK) VALUES('022e390a-5abf-4441-8e4f-bb1f4e16a0c7', 'MOMA156HHGCGY88', 'MOMA156HHGK9', 'Ana', 'Moreno Moreno', 'tgqoskhp@yahoo.com', 'jsmktflhvvk', FALSE, 31926, '967.C', 'Calle Juárez', 'Colonia La Pradera', 0, FALSE, '9648deba-0415-4e41-9889-ba5c02b8c7e1', '698bf6b9-c3dd-46a2-8659-ee99a33edff3');
INSERT INTO user(userID, curp, rfc, birthName, surname, mail, passwd, passwdFlag, zipCode, houseNumber, streetName, colony, workModality, workStatus, userRoleIDFK, countryUserIDFK) VALUES('d95295f1-00f7-4874-ab67-6fdc6628aad4', 'TOMA1624HNTTWV81', 'TOMA1624HNS7', 'Ana', 'Torres Martínez', 'ooplvcrekmu@gmail.com', 'joykvfgje', FALSE, 71293, '988.C', 'Avenida de la Constitución', 'Colonia Las Águilas', 0, FALSE, '9648deba-0415-4e41-9889-ba5c02b8c7e1', '500dfd6b-c9f5-4e0e-a72d-5511037ea19f');
INSERT INTO user(userID, curp, rfc, birthName, surname, mail, passwd, passwdFlag, zipCode, houseNumber, streetName, colony, workModality, workStatus, userRoleIDFK, countryUserIDFK) VALUES('567d110e-e1b7-4019-86f4-d3153285afe2', 'TOHE0315MSLQHW92', 'TOHE0315MSS9', 'Elena', 'Torres Hernández', 'erveeddrous@outlook.com', 'lvjgbiqwtxt', TRUE, 98238, '372.C', 'Calle de la Virgen', 'Colonia El Campanario', 0, TRUE, '26c5c259-bb65-4e90-ada7-41a56d6a2703', '9bebea57-5038-477d-9f28-224c934a4f46');
INSERT INTO user(userID, curp, rfc, birthName, surname, mail, passwd, passwdFlag, zipCode, houseNumber, streetName, colony, workModality, workStatus, userRoleIDFK, countryUserIDFK) VALUES('63d528bd-a54b-4d00-a157-e313b4372471', 'RUHR31119MDGKXW80', 'RUHR31119MC5', 'Roberto', 'Ruiz Hernández', 'debkamvfdld@gmail.com', 'jxgyiwelhe', FALSE, 54377, '29.A', 'Avenida de los Arcos', 'Colonia Santa Fe', 0, TRUE, '9648deba-0415-4e41-9889-ba5c02b8c7e1', 'b306beb7-1bbc-48b3-85b2-0f476ad62890');
INSERT INTO user(userID, curp, rfc, birthName, surname, mail, passwd, passwdFlag, zipCode, houseNumber, streetName, colony, workModality, workStatus, userRoleIDFK, countryUserIDFK) VALUES('ee4a1131-d35b-45d8-8a7c-0ba32c6ca15d', 'RORE087HHGQMG62', 'RORE087HHGO4', 'Elena', 'Rodríguez Rodríguez', 'wceoceal@yahoo.com', 'xmeaakipb', TRUE, 94821, '826.C', 'Calle 5 de Febrero', 'Colonia Lomas de Querétaro', 2, TRUE, 'df6efde1-33f6-42f4-95c8-59b077c62982', '500dfd6b-c9f5-4e0e-a72d-5511037ea19f');
INSERT INTO user(userID, curp, rfc, birthName, surname, mail, passwd, passwdFlag, zipCode, houseNumber, streetName, colony, workModality, workStatus, userRoleIDFK, countryUserIDFK) VALUES('0d86c334-2126-4c19-aec6-b24ce82c0f7d', 'MAMP2623HYNDKX97', 'MAMP2623HYB9', 'Pedro', 'Martínez Martínez', 'yomscxqrun@outlook.com', 'tvmhlhsfgv', TRUE, 85659, '485.C', 'Avenida Morelos', 'Colonia Jardines de Querétaro', 0, FALSE, '9648deba-0415-4e41-9889-ba5c02b8c7e1', '9bebea57-5038-477d-9f28-224c934a4f46');
INSERT INTO user(userID, curp, rfc, birthName, surname, mail, passwd, passwdFlag, zipCode, houseNumber, streetName, colony, workModality, workStatus, userRoleIDFK, countryUserIDFK) VALUES('321977c9-1719-4a03-81dd-3cd26d84a0ed', 'JIGI0017MCSDBM58', 'JIGI0017MCE5', 'Isabel', 'Jiménez González', 'juymybc@gmail.com', 'bblqylx', FALSE, 80313, '977.A', 'Calle de la Amistad', 'Colonia El Laurel', 2, FALSE, '26c5c259-bb65-4e90-ada7-41a56d6a2703', '698bf6b9-c3dd-46a2-8659-ee99a33edff3');
INSERT INTO user(userID, curp, rfc, birthName, surname, mail, passwd, passwdFlag, zipCode, houseNumber, streetName, colony, workModality, workStatus, userRoleIDFK, countryUserIDFK) VALUES('2c309fbd-0b7a-4a49-b5b6-e51e303e71f8', 'MAHD21117HCSUVN59', 'MAHD21117HO5', 'David', 'Martínez Hernández', 'sftfcbollvyr@gmail.com', 'phikonclvyj', FALSE, 43959, '166.C', 'Avenida Revolución', 'Colonia Emiliano Zapata', 2, TRUE, '26c5c259-bb65-4e90-ada7-41a56d6a2703', '698bf6b9-c3dd-46a2-8659-ee99a33edff3');
INSERT INTO user(userID, curp, rfc, birthName, surname, mail, passwd, passwdFlag, zipCode, houseNumber, streetName, colony, workModality, workStatus, userRoleIDFK, countryUserIDFK) VALUES('df0212f3-f406-4dcb-99b7-e09da91a00c2', 'TOMM256HOCYCR40', 'TOMM256HOCU5', 'María', 'Torres Moreno', 'cnsjovedv@outlook.com', 'jfqltajp', TRUE, 21655, '385.B', 'Avenida de la Constitución', 'Colonia Jardines de Querétaro', 3, TRUE, '26c5c259-bb65-4e90-ada7-41a56d6a2703', '9bebea57-5038-477d-9f28-224c934a4f46');
INSERT INTO user(userID, curp, rfc, birthName, surname, mail, passwd, passwdFlag, zipCode, houseNumber, streetName, colony, workModality, workStatus, userRoleIDFK, countryUserIDFK) VALUES('e4a34910-e310-40b8-89fc-9ca84ddc569d', 'HEHJ1215HSLSKM89', 'HEHJ1215HST0', 'José', 'Hernández Hernández', 'cdfppaewjd@nuclea.solutions', 'khhijgautqn', TRUE, 84395, '740.C', 'Calle Guerrero', 'Colonia El Cerrito', 1, TRUE, '9648deba-0415-4e41-9889-ba5c02b8c7e1', '9bebea57-5038-477d-9f28-224c934a4f46');
INSERT INTO user(userID, curp, rfc, birthName, surname, mail, passwd, passwdFlag, zipCode, houseNumber, streetName, colony, workModality, workStatus, userRoleIDFK, countryUserIDFK) VALUES('c0d6ed70-1383-499e-b678-c69ec7f14270', 'MARS323HCMDCF57', 'MARS323HCMF4', 'Susana', 'Martínez Ruiz', 'pokrtjqoh@yahoo.com', 'tvtwbmr', TRUE, 43619, '465.A', 'Calle Benito Juárez', 'Colonia Emiliano Zapata', 0, FALSE, 'df6efde1-33f6-42f4-95c8-59b077c62982', '9bebea57-5038-477d-9f28-224c934a4f46');
INSERT INTO user(userID, curp, rfc, birthName, surname, mail, passwd, passwdFlag, zipCode, houseNumber, streetName, colony, workModality, workStatus, userRoleIDFK, countryUserIDFK) VALUES('24177a0e-24b4-4f23-b0e1-9dcbafbe3bbf', 'JIGR459MYNKWG80', 'JIGR459MYNR2', 'Rafael', 'Jiménez González', 'vfcdwcqoh@nuclea.solutions', 'iwgtymy', TRUE, 43164, '825.A', 'Avenida Morelos', 'Colonia Valle Verde', 2, TRUE, 'df6efde1-33f6-42f4-95c8-59b077c62982', '698bf6b9-c3dd-46a2-8659-ee99a33edff3');
INSERT INTO user(userID, curp, rfc, birthName, surname, mail, passwd, passwdFlag, zipCode, houseNumber, streetName, colony, workModality, workStatus, userRoleIDFK, countryUserIDFK) VALUES('892b0b64-933f-425c-8995-6b3d4fd8e578', 'MORA4911MTLPBA34', 'MORA4911MTD0', 'Adrián', 'Moreno Rodríguez', 'posyngvnkjot@gmail.com', 'smdyquiro', FALSE, 42683, '716.A', 'Calle de la Merced', 'Colonia Jardines de Querétaro', 1, TRUE, 'df6efde1-33f6-42f4-95c8-59b077c62982', '500dfd6b-c9f5-4e0e-a72d-5511037ea19f');
INSERT INTO user(userID, curp, rfc, birthName, surname, mail, passwd, passwdFlag, zipCode, houseNumber, streetName, colony, workModality, workStatus, userRoleIDFK, countryUserIDFK) VALUES('11ebd779-bb27-4164-9d60-eb476fcbfe1c', 'RUFD1117HMCDWW96', 'RUFD1117HMM2', 'David', 'Ruiz Fernández', 'amejhuhh@yahoo.com', 'gtwfkju', FALSE, 12271, '249.A', 'Calle de la Merced', 'Colonia El Mirador', 0, FALSE, 'df6efde1-33f6-42f4-95c8-59b077c62982', '698bf6b9-c3dd-46a2-8659-ee99a33edff3');
INSERT INTO user(userID, curp, rfc, birthName, surname, mail, passwd, passwdFlag, zipCode, houseNumber, streetName, colony, workModality, workStatus, userRoleIDFK, countryUserIDFK) VALUES('6ab95ffb-373f-4727-93f3-0a990e24d8e8', 'MARP1723MTLGOE85', 'MARP1723MTY4', 'Pedro', 'Martínez Ruiz', 'jfqlhpvoq@gmail.com', 'ngqylewveff', FALSE, 43342, '888.B', 'Avenida Universidad', 'Colonia La Pradera', 2, FALSE, 'df6efde1-33f6-42f4-95c8-59b077c62982', 'b306beb7-1bbc-48b3-85b2-0f476ad62890');
INSERT INTO user(userID, curp, rfc, birthName, surname, mail, passwd, passwdFlag, zipCode, houseNumber, streetName, colony, workModality, workStatus, userRoleIDFK, countryUserIDFK) VALUES('eabd9902-4f11-4109-9c74-cdc134b5bddd', 'RURF11123HMSJGO63', 'RURF11123HX5', 'Fernando', 'Ruiz Rodríguez', 'htgutpc@outlook.com', 'syvddbj', FALSE, 46388, '525.A', 'Calle Corregidora', 'Colonia Jardines de Querétaro', 0, FALSE, 'df6efde1-33f6-42f4-95c8-59b077c62982', 'b306beb7-1bbc-48b3-85b2-0f476ad62890');
INSERT INTO user(userID, curp, rfc, birthName, surname, mail, passwd, passwdFlag, zipCode, houseNumber, streetName, colony, workModality, workStatus, userRoleIDFK, countryUserIDFK) VALUES('01f4a259-4ea3-437c-9e0f-a53e398b8b6e', 'JIHA017MSRGHA15', 'JIHA017MSRK1', 'Antonio', 'Jiménez Hernández', 'gmgcauahohhbj@yahoo.com', 'ubkwxmwhyoxhe', FALSE, 50597, '896.A', 'Calle de la Santa Cruz', 'Colonia El Campanario', 0, TRUE, '26c5c259-bb65-4e90-ada7-41a56d6a2703', '9bebea57-5038-477d-9f28-224c934a4f46');
INSERT INTO user(userID, curp, rfc, birthName, surname, mail, passwd, passwdFlag, zipCode, houseNumber, streetName, colony, workModality, workStatus, userRoleIDFK, countryUserIDFK) VALUES('6f455091-8f1f-4971-a207-092b942fc0cc', 'JIGR11014MCLWXN84', 'JIGR11014MN4', 'Roberto', 'Jiménez González', 'llatnrseleufj@yahoo.com', 'cfnllfsueo', TRUE, 35228, '994.B', 'Avenida de la Juventud', 'Colonia Emiliano Zapata', 0, TRUE, '9648deba-0415-4e41-9889-ba5c02b8c7e1', '698bf6b9-c3dd-46a2-8659-ee99a33edff3');
INSERT INTO user(userID, curp, rfc, birthName, surname, mail, passwd, passwdFlag, zipCode, houseNumber, streetName, colony, workModality, workStatus, userRoleIDFK, countryUserIDFK) VALUES('fe4d7d4f-285e-4432-80e5-220de9a64705', 'JIHJ1026HCLLMO25', 'JIHJ1026HCE9', 'Juan', 'Jiménez Hernández', 'jtnltxhd@outlook.com', 'yjxsfyw', FALSE, 28225, '810.A', 'Calle Vicente Guerrero', 'Colonia Emiliano Zapata', 3, TRUE, '9648deba-0415-4e41-9889-ba5c02b8c7e1', '500dfd6b-c9f5-4e0e-a72d-5511037ea19f');
INSERT INTO user(userID, curp, rfc, birthName, surname, mail, passwd, passwdFlag, zipCode, houseNumber, streetName, colony, workModality, workStatus, userRoleIDFK, countryUserIDFK) VALUES('2a9c7c77-bc65-4ce1-907f-95f18e342b80', 'HERE01021MQRKJF94', 'HERE01021MD3', 'Elena', 'Hernández Rodríguez', 'qlbrwmywk@outlook.com', 'ecpktchvh', TRUE, 46820, '125.B', 'Calle de la Virgen', 'Colonia San Francisco', 3, FALSE, '9648deba-0415-4e41-9889-ba5c02b8c7e1', '698bf6b9-c3dd-46a2-8659-ee99a33edff3');
INSERT INTO user(userID, curp, rfc, birthName, surname, mail, passwd, passwdFlag, zipCode, houseNumber, streetName, colony, workModality, workStatus, userRoleIDFK, countryUserIDFK) VALUES('61ba865d-d2b1-484d-860a-f4fb527224b9', 'HEFR21112HCSSVI44', 'HEFR21112HO8', 'Raquel', 'Hernández Fernández', 'grnoskmspuue@outlook.com', 'csoapfvyw', FALSE, 14491, '199.B', 'Calle Allende', 'Colonia El Laurel', 3, TRUE, '9648deba-0415-4e41-9889-ba5c02b8c7e1', 'b306beb7-1bbc-48b3-85b2-0f476ad62890');
INSERT INTO user(userID, curp, rfc, birthName, surname, mail, passwd, passwdFlag, zipCode, houseNumber, streetName, colony, workModality, workStatus, userRoleIDFK, countryUserIDFK) VALUES('4a79c11d-5ea3-41b5-aa1f-bc15799bdbe7', 'RORM4424HTCBPW99', 'RORM4424HTF8', 'Mercedes', 'Rodríguez Rodríguez', 'sfqbpls@nuclea.solutions', 'rrdmpxshmoiub', FALSE, 53045, '462.B', 'Calle Hidalgo', 'Colonia El Cerrito', 0, TRUE, 'df6efde1-33f6-42f4-95c8-59b077c62982', 'b306beb7-1bbc-48b3-85b2-0f476ad62890');
INSERT INTO user(userID, curp, rfc, birthName, surname, mail, passwd, passwdFlag, zipCode, houseNumber, streetName, colony, workModality, workStatus, userRoleIDFK, countryUserIDFK) VALUES('2653b3e6-fb30-4c4e-8aad-c545223babf3', 'ROGL246MSRGTJ84', 'ROGL246MSRH3', 'Lucía', 'Rodríguez González', 'strksigoqddlh@nuclea.solutions', 'aaoewuwxqdscr', TRUE, 96473, '883.B', 'Calle del Sol', 'Colonia Santa Rosa', 3, TRUE, '26c5c259-bb65-4e90-ada7-41a56d6a2703', '9bebea57-5038-477d-9f28-224c934a4f46');
INSERT INTO user(userID, curp, rfc, birthName, surname, mail, passwd, passwdFlag, zipCode, houseNumber, streetName, colony, workModality, workStatus, userRoleIDFK, countryUserIDFK) VALUES('25fe957e-a5ac-47c5-b2c2-86af11d42960', 'RUHD4123MGTSGB29', 'RUHD4123MGK7', 'David', 'Ruiz Hernández', 'lbsdvefxurc@nuclea.solutions', 'csifieardanld', FALSE, 53743, '149.B', 'Calle 5 de Febrero', 'Colonia El Laurel', 3, FALSE, 'df6efde1-33f6-42f4-95c8-59b077c62982', '698bf6b9-c3dd-46a2-8659-ee99a33edff3');
INSERT INTO user(userID, curp, rfc, birthName, surname, mail, passwd, passwdFlag, zipCode, houseNumber, streetName, colony, workModality, workStatus, userRoleIDFK, countryUserIDFK) VALUES('069c56a7-8dcd-48c0-8aaa-76f49bf55606', 'FEJJ11120MQRBHV19', 'FEJJ11120MR9', 'Juan', 'Fernández Jiménez', 'qcupsaqpeuho@outlook.com', 'xnpfmxhqfo', TRUE, 78510, '821.A', 'Calle Vicente Guerrero', 'Colonia Lomas de Querétaro', 1, TRUE, 'df6efde1-33f6-42f4-95c8-59b077c62982', '9bebea57-5038-477d-9f28-224c934a4f46');
INSERT INTO user(userID, curp, rfc, birthName, surname, mail, passwd, passwdFlag, zipCode, houseNumber, streetName, colony, workModality, workStatus, userRoleIDFK, countryUserIDFK) VALUES('fa45999f-a847-4f81-aada-4fe3cb2eee93', 'GOMP3110HZSYJO40', 'GOMP3110HZX1', 'Patricia', 'González Moreno', 'lgarhkiyd@yahoo.com', 'jiylopb', TRUE, 15650, '849.B', 'Avenida Constituyentes', 'Colonia El Campanario', 1, FALSE, 'df6efde1-33f6-42f4-95c8-59b077c62982', '500dfd6b-c9f5-4e0e-a72d-5511037ea19f');
INSERT INTO user(userID, curp, rfc, birthName, surname, mail, passwd, passwdFlag, zipCode, houseNumber, streetName, colony, workModality, workStatus, userRoleIDFK, countryUserIDFK) VALUES('1ef459cb-ac2e-4558-9211-4f192f35cf5d', 'JITA3724HNLXDA30', 'JITA3724HNI5', 'Adrián', 'Jiménez Torres', 'vvkcrkvh@yahoo.com', 'dbcsobsnyypw', TRUE, 67064, '321.B', 'Calle Juárez', 'Colonia Nuevo Milenio', 2, TRUE, 'df6efde1-33f6-42f4-95c8-59b077c62982', '698bf6b9-c3dd-46a2-8659-ee99a33edff3');
INSERT INTO user(userID, curp, rfc, birthName, surname, mail, passwd, passwdFlag, zipCode, houseNumber, streetName, colony, workModality, workStatus, userRoleIDFK, countryUserIDFK) VALUES('6c546485-faa0-4771-9ee4-0a9daf3a537b', 'GOGE0927MNTPCE10', 'GOGE0927MNQ9', 'Elena', 'González González', 'eiujmidiam@outlook.com', 'crbgyriuldad', TRUE, 61683, '869.C', 'Avenida Madero', 'Colonia La Pradera', 0, TRUE, 'df6efde1-33f6-42f4-95c8-59b077c62982', 'b306beb7-1bbc-48b3-85b2-0f476ad62890');
INSERT INTO user(userID, curp, rfc, birthName, surname, mail, passwd, passwdFlag, zipCode, houseNumber, streetName, colony, workModality, workStatus, userRoleIDFK, countryUserIDFK) VALUES('d42f1825-840b-4854-872e-22719c1a9efc', 'RUMR0106HCSLNS71', 'RUMR0106HCQ1', 'Raquel', 'Ruiz Moreno', 'wupckuliub@yahoo.com', 'tttyhqaccj', TRUE, 72597, '88.C', 'Calle del Sol', 'Colonia Jardines de Querétaro', 2, TRUE, 'df6efde1-33f6-42f4-95c8-59b077c62982', '9bebea57-5038-477d-9f28-224c934a4f46');
INSERT INTO user(userID, curp, rfc, birthName, surname, mail, passwd, passwdFlag, zipCode, houseNumber, streetName, colony, workModality, workStatus, userRoleIDFK, countryUserIDFK) VALUES('af885862-9df0-4f4f-84bc-01578f6c9c41', 'MAGE2921MCMVCG68', 'MAGE2921MCT9', 'Elena', 'Martínez González', 'gigttvkvr@gmail.com', 'whrjnfsojfck', FALSE, 17571, '177.B', 'Calle del Sol', 'Colonia Nuevo Milenio', 3, FALSE, '26c5c259-bb65-4e90-ada7-41a56d6a2703', '9bebea57-5038-477d-9f28-224c934a4f46');
INSERT INTO user(userID, curp, rfc, birthName, surname, mail, passwd, passwdFlag, zipCode, houseNumber, streetName, colony, workModality, workStatus, userRoleIDFK, countryUserIDFK) VALUES('8ccc6771-4be9-4654-b073-a1059bfcb59c', 'ROMS494HTLAEL92', 'ROMS494HTLJ7', 'Susana', 'Rodríguez Martínez', 'kfwemephvdnhf@gmail.com', 'qtjbvqpehciuy', FALSE, 12619, '286.A', 'Avenida de la Libertad', 'Colonia Centro', 0, TRUE, '26c5c259-bb65-4e90-ada7-41a56d6a2703', '9bebea57-5038-477d-9f28-224c934a4f46');
INSERT INTO user(userID, curp, rfc, birthName, surname, mail, passwd, passwdFlag, zipCode, houseNumber, streetName, colony, workModality, workStatus, userRoleIDFK, countryUserIDFK) VALUES('2f56843d-f9c0-47e8-98b5-ec4418e9ba9b', 'ROFM299HQTBKB75', 'ROFM299HQTO9', 'María', 'Rodríguez Fernández', 'wxdrytjcom@nuclea.solutions', 'iqcydyvfdnm', TRUE, 47966, '849.A', 'Avenida Morelos', 'Colonia El Campanario', 1, TRUE, 'df6efde1-33f6-42f4-95c8-59b077c62982', '9bebea57-5038-477d-9f28-224c934a4f46');
INSERT INTO user(userID, curp, rfc, birthName, surname, mail, passwd, passwdFlag, zipCode, houseNumber, streetName, colony, workModality, workStatus, userRoleIDFK, countryUserIDFK) VALUES('85fb6a4c-a045-4e70-94ad-a8ab8a0dc22f', 'ROTR31023HTLIMG88', 'ROTR31023HE9', 'Raquel', 'Rodríguez Torres', 'nxadfyfcgoeol@outlook.com', 'ccehwalun', TRUE, 17568, '989.B', 'Avenida Constituyentes', 'Colonia El Cerrito', 1, TRUE, 'df6efde1-33f6-42f4-95c8-59b077c62982', 'b306beb7-1bbc-48b3-85b2-0f476ad62890');
INSERT INTO user(userID, curp, rfc, birthName, surname, mail, passwd, passwdFlag, zipCode, houseNumber, streetName, colony, workModality, workStatus, userRoleIDFK, countryUserIDFK) VALUES('1e5ae1a4-aeb0-495e-8224-5f302c7a015a', 'GORE2424MSLMOH98', 'GORE2424MSX0', 'Enrique', 'González Rodríguez', 'piiixxasesr@outlook.com', 'oousdmywdnsb', FALSE, 71751, '843.B', 'Avenida Constituyentes', 'Colonia Santa Rosa', 0, FALSE, '26c5c259-bb65-4e90-ada7-41a56d6a2703', '698bf6b9-c3dd-46a2-8659-ee99a33edff3');
INSERT INTO user(userID, curp, rfc, birthName, surname, mail, passwd, passwdFlag, zipCode, houseNumber, streetName, colony, workModality, workStatus, userRoleIDFK, countryUserIDFK) VALUES('13e35981-d163-49c0-88e0-d548c6c78452', 'MARM01117HTLLCH58', 'MARM01117HQ6', 'Mercedes', 'Martínez Ruiz', 'kkotwpphrr@nuclea.solutions', 'sbqiuhym', TRUE, 95784, '387.C', 'Calle de los Naranjos', 'Colonia El Campanario', 1, TRUE, '9648deba-0415-4e41-9889-ba5c02b8c7e1', '500dfd6b-c9f5-4e0e-a72d-5511037ea19f');
INSERT INTO user(userID, curp, rfc, birthName, surname, mail, passwd, passwdFlag, zipCode, houseNumber, streetName, colony, workModality, workStatus, userRoleIDFK, countryUserIDFK) VALUES('ad7da668-d2d1-44ee-9c34-53ad4c3dd13e', 'RUTR055HMCOYD47', 'RUTR055HMCJ8', 'Rafael', 'Ruiz Torres', 'jxrquisx@gmail.com', 'jlbtqpr', TRUE, 53536, '102.B', 'Calle Vicente Guerrero', 'Colonia Lomas de Querétaro', 0, TRUE, 'df6efde1-33f6-42f4-95c8-59b077c62982', '9bebea57-5038-477d-9f28-224c934a4f46');
INSERT INTO user(userID, curp, rfc, birthName, surname, mail, passwd, passwdFlag, zipCode, houseNumber, streetName, colony, workModality, workStatus, userRoleIDFK, countryUserIDFK) VALUES('45ab02f9-5d04-494c-9838-c4fa2c6ae422', 'RUGP41010MTCIKS49', 'RUGP41010MX6', 'Pedro', 'Ruiz González', 'qppglxk@nuclea.solutions', 'flpgygduuuke', FALSE, 94770, '639.B', 'Avenida Madero', 'Colonia Santa Fe', 3, FALSE, 'df6efde1-33f6-42f4-95c8-59b077c62982', 'b306beb7-1bbc-48b3-85b2-0f476ad62890');
INSERT INTO user(userID, curp, rfc, birthName, surname, mail, passwd, passwdFlag, zipCode, houseNumber, streetName, colony, workModality, workStatus, userRoleIDFK, countryUserIDFK) VALUES('4a29cc92-98ae-4e01-bd15-4feea50bb1be', 'GOJP1628MVZIFO98', 'GOJP1628MVW4', 'Pedro', 'González Jiménez', 'kigryqpd@outlook.com', 'jwiitdblr', FALSE, 11033, '743.A', 'Avenida Madero', 'Colonia Las Águilas', 2, TRUE, 'df6efde1-33f6-42f4-95c8-59b077c62982', 'b306beb7-1bbc-48b3-85b2-0f476ad62890');
INSERT INTO user(userID, curp, rfc, birthName, surname, mail, passwd, passwdFlag, zipCode, houseNumber, streetName, colony, workModality, workStatus, userRoleIDFK, countryUserIDFK) VALUES('20db838c-d6f8-48f3-befe-e1942eee4d4a', 'HERF4818HMNCDH73', 'HERF4818HMM9', 'Francisco', 'Hernández Ruiz', 'ctutogvftqqr@outlook.com', 'pupqbeqygti', FALSE, 23124, '253.C', 'Avenida de la Libertad', 'Colonia El Cerrito', 1, TRUE, '9648deba-0415-4e41-9889-ba5c02b8c7e1', '698bf6b9-c3dd-46a2-8659-ee99a33edff3');
INSERT INTO user(userID, curp, rfc, birthName, surname, mail, passwd, passwdFlag, zipCode, houseNumber, streetName, colony, workModality, workStatus, userRoleIDFK, countryUserIDFK) VALUES('2af95714-d9b3-4ca8-9c8e-da580de290e2', 'MARI365HVZBPU13', 'MARI365HVZV5', 'Isabel', 'Martínez Rodríguez', 'jktivtm@outlook.com', 'nsstidr', TRUE, 67266, '470.A', 'Avenida de la Solidaridad', 'Colonia El Cerrito', 0, FALSE, '26c5c259-bb65-4e90-ada7-41a56d6a2703', '9bebea57-5038-477d-9f28-224c934a4f46');
INSERT INTO user(userID, curp, rfc, birthName, surname, mail, passwd, passwdFlag, zipCode, houseNumber, streetName, colony, workModality, workStatus, userRoleIDFK, countryUserIDFK) VALUES('a73127f1-f1bc-4508-9d1b-b0e1ea2fcd02', 'JIJJ3116HQRMGK18', 'JIJJ3116HQL0', 'José', 'Jiménez Jiménez', 'oyulodxayq@outlook.com', 'lsthjss', TRUE, 31975, '405.B', 'Avenida Universidad', 'Colonia El Laurel', 2, TRUE, '9648deba-0415-4e41-9889-ba5c02b8c7e1', '9bebea57-5038-477d-9f28-224c934a4f46');
INSERT INTO user(userID, curp, rfc, birthName, surname, mail, passwd, passwdFlag, zipCode, houseNumber, streetName, colony, workModality, workStatus, userRoleIDFK, countryUserIDFK) VALUES('9a88d711-685e-4549-8663-b4a7388d729b', 'MAGB4911HCHVIX97', 'MAGB4911HCN9', 'Beatriz', 'Martínez González', 'yhyiqqsdos@yahoo.com', 'uqdhnlvefxb', TRUE, 42167, '950.A', 'Avenida Morelos', 'Colonia Jardines de Querétaro', 2, FALSE, '26c5c259-bb65-4e90-ada7-41a56d6a2703', '500dfd6b-c9f5-4e0e-a72d-5511037ea19f');
INSERT INTO user(userID, curp, rfc, birthName, surname, mail, passwd, passwdFlag, zipCode, houseNumber, streetName, colony, workModality, workStatus, userRoleIDFK, countryUserIDFK) VALUES('1f87a2ce-f7a9-4ada-8b99-209a75e823ed', 'MATD2928MTLXUD15', 'MATD2928MTF6', 'David', 'Martínez Torres', 'pqchdvmy@nuclea.solutions', 'lolkrdrnmt', FALSE, 12636, '505.A', 'Calle de la Amistad', 'Colonia del Sol', 1, FALSE, '9648deba-0415-4e41-9889-ba5c02b8c7e1', 'b306beb7-1bbc-48b3-85b2-0f476ad62890');
INSERT INTO user(userID, curp, rfc, birthName, surname, mail, passwd, passwdFlag, zipCode, houseNumber, streetName, colony, workModality, workStatus, userRoleIDFK, countryUserIDFK) VALUES('283a4a79-7330-4a46-8b43-3dd3c153e9ce', 'ROHP4829MCMWDU64', 'ROHP4829MCC6', 'Pedro', 'Rodríguez Hernández', 'iqrolwpk@nuclea.solutions', 'xmbtjkcsle', TRUE, 29713, '979.B', 'Calle de la Virgen', 'Colonia El Cerrito', 1, TRUE, '26c5c259-bb65-4e90-ada7-41a56d6a2703', '9bebea57-5038-477d-9f28-224c934a4f46');
INSERT INTO user(userID, curp, rfc, birthName, surname, mail, passwd, passwdFlag, zipCode, houseNumber, streetName, colony, workModality, workStatus, userRoleIDFK, countryUserIDFK) VALUES('8f4f580a-39ac-43f5-9733-812fa01758e4', 'MOMJ3110HNTVMA87', 'MOMJ3110HNB6', 'Juan', 'Moreno Martínez', 'ciyarmkriw@outlook.com', 'xtjujylvdn', FALSE, 66282, '923.A', 'Calle Corregidora', 'Colonia El Campanario', 0, FALSE, 'df6efde1-33f6-42f4-95c8-59b077c62982', '698bf6b9-c3dd-46a2-8659-ee99a33edff3');
INSERT INTO user(userID, curp, rfc, birthName, surname, mail, passwd, passwdFlag, zipCode, houseNumber, streetName, colony, workModality, workStatus, userRoleIDFK, countryUserIDFK) VALUES('948303e7-d2a8-46dd-b30b-0fb4d1af4985', 'MOJB41114HASESL94', 'MOJB41114HL3', 'Beatriz', 'Moreno Jiménez', 'qlusaulwkxcl@gmail.com', 'vhrdqblbcgw', FALSE, 70666, '862.C', 'Calle de la Corregidora', 'Colonia del Sol', 3, FALSE, 'df6efde1-33f6-42f4-95c8-59b077c62982', 'b306beb7-1bbc-48b3-85b2-0f476ad62890');
INSERT INTO user(userID, curp, rfc, birthName, surname, mail, passwd, passwdFlag, zipCode, houseNumber, streetName, colony, workModality, workStatus, userRoleIDFK, countryUserIDFK) VALUES('1914ab7e-fe83-4332-a0ba-ee1c08aa8896', 'JIJA070HSLKGD33', 'JIJA070HSLL8', 'Adrián', 'Jiménez Jiménez', 'ulssefhww@yahoo.com', 'pmocmakci', TRUE, 84900, '404.A', 'Avenida de la Luz', 'Colonia San José', 2, FALSE, '26c5c259-bb65-4e90-ada7-41a56d6a2703', '698bf6b9-c3dd-46a2-8659-ee99a33edff3');
INSERT INTO user(userID, curp, rfc, birthName, surname, mail, passwd, passwdFlag, zipCode, houseNumber, streetName, colony, workModality, workStatus, userRoleIDFK, countryUserIDFK) VALUES('2d4fa6a1-8e0b-4d63-8f3b-6bb4e6ec1c9f', 'FEMP258MTLCKY88', 'FEMP258MTLM2', 'Patricia', 'Fernández Moreno', 'vhkibvsii@yahoo.com', 'olbmtyqj', FALSE, 74277, '299.C', 'Calle Allende', 'Colonia del Sol', 2, TRUE, 'df6efde1-33f6-42f4-95c8-59b077c62982', '698bf6b9-c3dd-46a2-8659-ee99a33edff3');
INSERT INTO user(userID, curp, rfc, birthName, surname, mail, passwd, passwdFlag, zipCode, houseNumber, streetName, colony, workModality, workStatus, userRoleIDFK, countryUserIDFK) VALUES('1bc29489-3150-43bc-aaa7-5905f74f4a40', 'TOJS1119HCHKLP77', 'TOJS1119HCH3', 'Susana', 'Torres Jiménez', 'xoswenrph@gmail.com', 'klrvjxol', FALSE, 34347, '524.C', 'Calle Juárez', 'Colonia Emiliano Zapata', 1, TRUE, 'df6efde1-33f6-42f4-95c8-59b077c62982', '500dfd6b-c9f5-4e0e-a72d-5511037ea19f');
INSERT INTO user(userID, curp, rfc, birthName, surname, mail, passwd, passwdFlag, zipCode, houseNumber, streetName, colony, workModality, workStatus, userRoleIDFK, countryUserIDFK) VALUES('124f8cae-b111-46f3-931d-e37cecab4790', 'GOMM126MTCCJC14', 'GOMM126MTCD7', 'Mercedes', 'González Moreno', 'lahetcod@nuclea.solutions', 'foviwikljfquj', FALSE, 57227, '215.C', 'Calle de la Santa Cruz', 'Colonia Lomas de Querétaro', 2, FALSE, '26c5c259-bb65-4e90-ada7-41a56d6a2703', '500dfd6b-c9f5-4e0e-a72d-5511037ea19f');
INSERT INTO user(userID, curp, rfc, birthName, surname, mail, passwd, passwdFlag, zipCode, houseNumber, streetName, colony, workModality, workStatus, userRoleIDFK, countryUserIDFK) VALUES('11760bed-139c-49bf-9fb2-9968f98bebb1', 'JIMP058MMNRVE66', 'JIMP058MMNQ2', 'Patricia', 'Jiménez Martínez', 'xyvfpflyrhe@gmail.com', 'eucdrkhlt', TRUE, 85868, '369.C', 'Calle de los Abetos', 'Colonia Emiliano Zapata', 2, TRUE, '9648deba-0415-4e41-9889-ba5c02b8c7e1', '9bebea57-5038-477d-9f28-224c934a4f46');
INSERT INTO user(userID, curp, rfc, birthName, surname, mail, passwd, passwdFlag, zipCode, houseNumber, streetName, colony, workModality, workStatus, userRoleIDFK, countryUserIDFK) VALUES('1c845e89-92c9-4997-be9b-da5e80a6de96', 'JIHF1918HYNTTU60', 'JIHF1918HYU1', 'Fernando', 'Jiménez Hernández', 'esqjljtcqu@nuclea.solutions', 'wlsfljvxbdrwa', FALSE, 59461, '587.C', 'Calle Corregidora', 'Colonia Santa Rosa', 2, FALSE, 'df6efde1-33f6-42f4-95c8-59b077c62982', '9bebea57-5038-477d-9f28-224c934a4f46');
INSERT INTO user(userID, curp, rfc, birthName, surname, mail, passwd, passwdFlag, zipCode, houseNumber, streetName, colony, workModality, workStatus, userRoleIDFK, countryUserIDFK) VALUES('297e2037-63a6-4ea5-acac-c648a1cfd028', 'ROJA1113HBSSNJ18', 'ROJA1113HBF4', 'Adrián', 'Rodríguez Jiménez', 'gskphox@gmail.com', 'moeuefhmvdg', FALSE, 84183, '930.C', 'Avenida de la Independencia', 'Colonia Santa Fe', 2, FALSE, 'df6efde1-33f6-42f4-95c8-59b077c62982', '9bebea57-5038-477d-9f28-224c934a4f46');
INSERT INTO user(userID, curp, rfc, birthName, surname, mail, passwd, passwdFlag, zipCode, houseNumber, streetName, colony, workModality, workStatus, userRoleIDFK, countryUserIDFK) VALUES('cfce7f2d-596a-49e4-9ef2-e88fdb7fb32e', 'MAMR01110MBCNPC95', 'MAMR01110MX3', 'Rafael', 'Martínez Moreno', 'jvjhujnquan@outlook.com', 'cxbeeavtqlxnf', TRUE, 31583, '614.A', 'Calle Corregidora', 'Colonia Emiliano Zapata', 2, TRUE, 'df6efde1-33f6-42f4-95c8-59b077c62982', '698bf6b9-c3dd-46a2-8659-ee99a33edff3');
INSERT INTO user(userID, curp, rfc, birthName, surname, mail, passwd, passwdFlag, zipCode, houseNumber, streetName, colony, workModality, workStatus, userRoleIDFK, countryUserIDFK) VALUES('067821bb-feaa-47ef-95b3-3fd243c64059', 'MOMA31124MCMFPE56', 'MOMA31124MM6', 'Antonio', 'Moreno Martínez', 'qqxjwgiv@outlook.com', 'bvpjjukrac', TRUE, 93915, '733.C', 'Avenida de la Libertad', 'Colonia Jardines de Querétaro', 2, FALSE, '9648deba-0415-4e41-9889-ba5c02b8c7e1', 'b306beb7-1bbc-48b3-85b2-0f476ad62890');
INSERT INTO user(userID, curp, rfc, birthName, surname, mail, passwd, passwdFlag, zipCode, houseNumber, streetName, colony, workModality, workStatus, userRoleIDFK, countryUserIDFK) VALUES('eb42884a-fb0d-437f-b486-3304b4bd82e3', 'GOGR037HQTOJN73', 'GOGR037HQTU5', 'Raquel', 'González González', 'drurvcofdcbk@nuclea.solutions', 'eqptovhtlrhp', TRUE, 19005, '571.C', 'Avenida Revolución', 'Colonia Los Ángeles', 1, TRUE, '26c5c259-bb65-4e90-ada7-41a56d6a2703', '500dfd6b-c9f5-4e0e-a72d-5511037ea19f');
INSERT INTO user(userID, curp, rfc, birthName, surname, mail, passwd, passwdFlag, zipCode, houseNumber, streetName, colony, workModality, workStatus, userRoleIDFK, countryUserIDFK) VALUES('c312376e-9d6f-4e34-821a-190ea6d9716b', 'TOMB430MMCEUF82', 'TOMB430MMCF8', 'Beatriz', 'Torres Moreno', 'vrwfvdhnpint@yahoo.com', 'vywagtecyoadj', TRUE, 51814, '320.C', 'Avenida de la Juventud', 'Colonia El Campanario', 0, TRUE, '9648deba-0415-4e41-9889-ba5c02b8c7e1', 'b306beb7-1bbc-48b3-85b2-0f476ad62890');
INSERT INTO user(userID, curp, rfc, birthName, surname, mail, passwd, passwdFlag, zipCode, houseNumber, streetName, colony, workModality, workStatus, userRoleIDFK, countryUserIDFK) VALUES('8d60b47b-05c8-4f84-8e0f-a5aabbc690c8', 'MOHR0917HCMCWK55', 'MOHR0917HCC9', 'Roberto', 'Moreno Hernández', 'coujqttbdkmx@yahoo.com', 'gwbnyjd', FALSE, 32948, '840.A', 'Calle Guerrero', 'Colonia Las Águilas', 0, TRUE, '9648deba-0415-4e41-9889-ba5c02b8c7e1', 'b306beb7-1bbc-48b3-85b2-0f476ad62890');
INSERT INTO user(userID, curp, rfc, birthName, surname, mail, passwd, passwdFlag, zipCode, houseNumber, streetName, colony, workModality, workStatus, userRoleIDFK, countryUserIDFK) VALUES('840f6534-f864-404a-8112-c694efe7c840', 'JIHJ4517MMCQKF92', 'JIHJ4517MMP8', 'José', 'Jiménez Hernández', 'ylwyqtapynht@gmail.com', 'ajdiywiilmvne', TRUE, 45781, '549.A', 'Avenida Madero', 'Colonia San José', 1, TRUE, '26c5c259-bb65-4e90-ada7-41a56d6a2703', '9bebea57-5038-477d-9f28-224c934a4f46');
INSERT INTO user(userID, curp, rfc, birthName, surname, mail, passwd, passwdFlag, zipCode, houseNumber, streetName, colony, workModality, workStatus, userRoleIDFK, countryUserIDFK) VALUES('bc5a5453-afe3-4991-8270-097fb42eb1e6', 'FERR4922MGTSMX95', 'FERR4922MGB2', 'Raquel', 'Fernández Rodríguez', 'raesdyu@outlook.com', 'tplxjccuuvnhv', FALSE, 82389, '575.C', 'Calle de los Abetos', 'Colonia Centro', 3, TRUE, '26c5c259-bb65-4e90-ada7-41a56d6a2703', '9bebea57-5038-477d-9f28-224c934a4f46');
INSERT INTO user(userID, curp, rfc, birthName, surname, mail, passwd, passwdFlag, zipCode, houseNumber, streetName, colony, workModality, workStatus, userRoleIDFK, countryUserIDFK) VALUES('b4e79b9e-9816-4c77-83c1-cafb036c04ff', 'MAFA3610MCMJVC81', 'MAFA3610MCQ1', 'Alberto', 'Martínez Fernández', 'ksapfixaa@yahoo.com', 'lupqyaa', TRUE, 24301, '994.B', 'Avenida Madero', 'Colonia Los Ángeles', 2, FALSE, 'df6efde1-33f6-42f4-95c8-59b077c62982', '698bf6b9-c3dd-46a2-8659-ee99a33edff3');
INSERT INTO user(userID, curp, rfc, birthName, surname, mail, passwd, passwdFlag, zipCode, houseNumber, streetName, colony, workModality, workStatus, userRoleIDFK, countryUserIDFK) VALUES('40120092-6c6e-4832-bd3c-0a27fd926003', 'RURE4523HQRLIA33', 'RURE4523HQY3', 'Enrique', 'Ruiz Ruiz', 'dicrxgtvopwue@yahoo.com', 'bisbcelvrvvy', FALSE, 36827, '237.A', 'Calle del Carmen', 'Colonia Santa Rosa', 0, FALSE, '26c5c259-bb65-4e90-ada7-41a56d6a2703', '698bf6b9-c3dd-46a2-8659-ee99a33edff3');
INSERT INTO user(userID, curp, rfc, birthName, surname, mail, passwd, passwdFlag, zipCode, houseNumber, streetName, colony, workModality, workStatus, userRoleIDFK, countryUserIDFK) VALUES('f5896ab9-81f3-4477-8fef-71904050ace7', 'MAHP0023HSLXTN87', 'MAHP0023HSX4', 'Pedro', 'Martínez Hernández', 'xasnaypd@yahoo.com', 'dlmvopqbmi', FALSE, 74891, '324.A', 'Avenida Morelos', 'Colonia Jardines de Querétaro', 0, TRUE, '26c5c259-bb65-4e90-ada7-41a56d6a2703', '9bebea57-5038-477d-9f28-224c934a4f46');
INSERT INTO user(userID, curp, rfc, birthName, surname, mail, passwd, passwdFlag, zipCode, houseNumber, streetName, colony, workModality, workStatus, userRoleIDFK, countryUserIDFK) VALUES('f97351c7-b1a0-41d5-bcf9-979172e65c43', 'MOTP4819MYNPXM49', 'MOTP4819MYO0', 'Patricia', 'Moreno Torres', 'leuwjad@gmail.com', 'dvewieqtv', FALSE, 66811, '888.B', 'Calle de los Cedros', 'Colonia El Laurel', 2, FALSE, '9648deba-0415-4e41-9889-ba5c02b8c7e1', '9bebea57-5038-477d-9f28-224c934a4f46');
INSERT INTO user(userID, curp, rfc, birthName, surname, mail, passwd, passwdFlag, zipCode, houseNumber, streetName, colony, workModality, workStatus, userRoleIDFK, countryUserIDFK) VALUES('453fd7df-901b-47d3-b20c-59b66e22d7aa', 'RUFP1927MNTGDJ13', 'RUFP1927MNO1', 'Pedro', 'Ruiz Fernández', 'ljpqgxydvv@outlook.com', 'fqilpvkbynfxc', TRUE, 36068, '408.B', 'Calle Vicente Guerrero', 'Colonia El Mirador', 1, TRUE, '9648deba-0415-4e41-9889-ba5c02b8c7e1', '698bf6b9-c3dd-46a2-8659-ee99a33edff3');
INSERT INTO user(userID, curp, rfc, birthName, surname, mail, passwd, passwdFlag, zipCode, houseNumber, streetName, colony, workModality, workStatus, userRoleIDFK, countryUserIDFK) VALUES('01035dea-cd52-4f6b-9345-c328bc2226d9', 'FEMR2521MDGKCQ96', 'FEMR2521MDV9', 'Roberto', 'Fernández Moreno', 'aijcyvtktcsu@yahoo.com', 'qbqxcegholxq', FALSE, 99450, '880.B', 'Calle del Carmen', 'Colonia San José', 1, TRUE, 'df6efde1-33f6-42f4-95c8-59b077c62982', 'b306beb7-1bbc-48b3-85b2-0f476ad62890');
INSERT INTO user(userID, curp, rfc, birthName, surname, mail, passwd, passwdFlag, zipCode, houseNumber, streetName, colony, workModality, workStatus, userRoleIDFK, countryUserIDFK) VALUES('ed49f1e2-0bc6-4e49-9bdd-24516b424c9a', 'RUMA4827MDGOBM51', 'RUMA4827MDS0', 'Ana', 'Ruiz Moreno', 'ehkrvhxbwf@outlook.com', 'pbeahaiso', TRUE, 65477, '264.C', 'Avenida de la Constitución', 'Colonia El Mirador', 2, TRUE, 'df6efde1-33f6-42f4-95c8-59b077c62982', 'b306beb7-1bbc-48b3-85b2-0f476ad62890');
INSERT INTO user(userID, curp, rfc, birthName, surname, mail, passwd, passwdFlag, zipCode, houseNumber, streetName, colony, workModality, workStatus, userRoleIDFK, countryUserIDFK) VALUES('5772d8e5-ac2b-47f4-b21a-c3e18338d855', 'MORE2023HASCXU33', 'MORE2023HAG2', 'Elena', 'Moreno Rodríguez', 'xfxjxbqfaaff@yahoo.com', 'nfgixxnqspqn', FALSE, 81703, '302.B', 'Calle Juárez', 'Colonia El Mirador', 2, TRUE, '9648deba-0415-4e41-9889-ba5c02b8c7e1', '698bf6b9-c3dd-46a2-8659-ee99a33edff3');
INSERT INTO user(userID, curp, rfc, birthName, surname, mail, passwd, passwdFlag, zipCode, houseNumber, streetName, colony, workModality, workStatus, userRoleIDFK, countryUserIDFK) VALUES('06db9131-e168-443d-80d8-1957c4c160c2', 'RUME0011HTLVNU43', 'RUME0011HTD8', 'Elena', 'Ruiz Martínez', 'clkshmke@gmail.com', 'xndovkwksf', TRUE, 20867, '152.A', 'Calle del Sol', 'Colonia San José', 3, TRUE, '9648deba-0415-4e41-9889-ba5c02b8c7e1', 'b306beb7-1bbc-48b3-85b2-0f476ad62890');
INSERT INTO user(userID, curp, rfc, birthName, surname, mail, passwd, passwdFlag, zipCode, houseNumber, streetName, colony, workModality, workStatus, userRoleIDFK, countryUserIDFK) VALUES('0d1f1011-485f-464a-8873-10f2af989ac9', 'JIMI308HVZCWG43', 'JIMI308HVZB9', 'Isabel', 'Jiménez Moreno', 'ujidohjw@gmail.com', 'tvjtsec', FALSE, 40540, '580.A', 'Calle de los Cedros', 'Colonia del Sol', 1, FALSE, '9648deba-0415-4e41-9889-ba5c02b8c7e1', '500dfd6b-c9f5-4e0e-a72d-5511037ea19f');
INSERT INTO user(userID, curp, rfc, birthName, surname, mail, passwd, passwdFlag, zipCode, houseNumber, streetName, colony, workModality, workStatus, userRoleIDFK, countryUserIDFK) VALUES('a0e285ec-3d35-41a0-8949-54a83ea5b955', 'GOGP3426MCMCYS87', 'GOGP3426MCY9', 'Patricia', 'González González', 'ujlxdrkeyui@gmail.com', 'bobpsxages', TRUE, 20715, '902.C', 'Calle de los Naranjos', 'Colonia El Mirador', 2, TRUE, '9648deba-0415-4e41-9889-ba5c02b8c7e1', 'b306beb7-1bbc-48b3-85b2-0f476ad62890');
INSERT INTO user(userID, curp, rfc, birthName, surname, mail, passwd, passwdFlag, zipCode, houseNumber, streetName, colony, workModality, workStatus, userRoleIDFK, countryUserIDFK) VALUES('f29da520-00a4-441b-b9c1-d7a84f19a5e8', 'MARP1521MBSSVQ28', 'MARP1521MBV5', 'Pedro', 'Martínez Ruiz', 'uitxygw@yahoo.com', 'iqkuafsnc', TRUE, 39572, '947.A', 'Calle de la Santa Cruz', 'Colonia Nuevo Milenio', 2, TRUE, 'df6efde1-33f6-42f4-95c8-59b077c62982', '500dfd6b-c9f5-4e0e-a72d-5511037ea19f');
INSERT INTO user(userID, curp, rfc, birthName, surname, mail, passwd, passwdFlag, zipCode, houseNumber, streetName, colony, workModality, workStatus, userRoleIDFK, countryUserIDFK) VALUES('e69dc86a-957b-4e5d-860a-eb8710aad984', 'JIRF0520MBSBOW15', 'JIRF0520MBG1', 'Francisco', 'Jiménez Ruiz', 'lrtufargxgmvu@yahoo.com', 'mxkopcjhrm', FALSE, 29776, '179.A', 'Calle de la Paz', 'Colonia Lomas de Querétaro', 2, FALSE, '9648deba-0415-4e41-9889-ba5c02b8c7e1', '698bf6b9-c3dd-46a2-8659-ee99a33edff3');
INSERT INTO user(userID, curp, rfc, birthName, surname, mail, passwd, passwdFlag, zipCode, houseNumber, streetName, colony, workModality, workStatus, userRoleIDFK, countryUserIDFK) VALUES('d4f8559f-1a4c-49e9-873d-dcd08801990a', 'TOME4624HQTIER42', 'TOME4624HQW7', 'Elena', 'Torres Martínez', 'yswnfyoylrr@yahoo.com', 'lllmxvt', TRUE, 13881, '941.A', 'Calle de la Merced', 'Colonia San José', 1, TRUE, '26c5c259-bb65-4e90-ada7-41a56d6a2703', '698bf6b9-c3dd-46a2-8659-ee99a33edff3');
INSERT INTO user(userID, curp, rfc, birthName, surname, mail, passwd, passwdFlag, zipCode, houseNumber, streetName, colony, workModality, workStatus, userRoleIDFK, countryUserIDFK) VALUES('4e3b5f8b-5e49-4c87-9373-132481283834', 'JIML21011MSLRSV51', 'JIML21011MO4', 'Laura', 'Jiménez Martínez', 'bqrseqljwtjtq@gmail.com', 'vjxppjtxj', TRUE, 40620, '920.B', 'Avenida de la Solidaridad', 'Colonia Centro', 0, TRUE, '9648deba-0415-4e41-9889-ba5c02b8c7e1', '698bf6b9-c3dd-46a2-8659-ee99a33edff3');
INSERT INTO user(userID, curp, rfc, birthName, surname, mail, passwd, passwdFlag, zipCode, houseNumber, streetName, colony, workModality, workStatus, userRoleIDFK, countryUserIDFK) VALUES('9ffdd240-fe39-4a34-a736-a4e369a376f3', 'FETA3109HMNVAE37', 'FETA3109HME8', 'Ana', 'Fernández Torres', 'exiyheobj@nuclea.solutions', 'wuglxvkae', TRUE, 77561, '304.A', 'Avenida de la Solidaridad', 'Colonia del Sol', 0, TRUE, '9648deba-0415-4e41-9889-ba5c02b8c7e1', '698bf6b9-c3dd-46a2-8659-ee99a33edff3');
INSERT INTO user(userID, curp, rfc, birthName, surname, mail, passwd, passwdFlag, zipCode, houseNumber, streetName, colony, workModality, workStatus, userRoleIDFK, countryUserIDFK) VALUES('8e8efa5b-0540-4cf2-b925-5718fb4c9a64', 'JIFJ274HQTAFY89', 'JIFJ274HQTM0', 'Juan', 'Jiménez Fernández', 'njjfntip@gmail.com', 'assowrdlrch', FALSE, 92805, '36.A', 'Calle de la Esperanza', 'Colonia Centro', 1, FALSE, 'df6efde1-33f6-42f4-95c8-59b077c62982', '9bebea57-5038-477d-9f28-224c934a4f46');
INSERT INTO user(userID, curp, rfc, birthName, surname, mail, passwd, passwdFlag, zipCode, houseNumber, streetName, colony, workModality, workStatus, userRoleIDFK, countryUserIDFK) VALUES('5089a301-ee46-4c9c-bf3d-035b2e88139c', 'HETR11010MPLNQD71', 'HETR11010MX3', 'Roberto', 'Hernández Torres', 'vretkgmpdsafn@gmail.com', 'gddbxoicpgpi', FALSE, 67091, '515.B', 'Avenida de los Insurgentes', 'Colonia La Pradera', 0, TRUE, 'df6efde1-33f6-42f4-95c8-59b077c62982', '500dfd6b-c9f5-4e0e-a72d-5511037ea19f');
INSERT INTO user(userID, curp, rfc, birthName, surname, mail, passwd, passwdFlag, zipCode, houseNumber, streetName, colony, workModality, workStatus, userRoleIDFK, countryUserIDFK) VALUES('b2dc412d-f640-4085-8085-9b61a8edf0cc', 'MOGF303MSLURV24', 'MOGF303MSLX4', 'Fernando', 'Moreno González', 'obqewega@outlook.com', 'adyknkarvuj', TRUE, 53246, '710.B', 'Calle Guerrero', 'Colonia Santa Fe', 2, FALSE, '9648deba-0415-4e41-9889-ba5c02b8c7e1', '698bf6b9-c3dd-46a2-8659-ee99a33edff3');
INSERT INTO user(userID, curp, rfc, birthName, surname, mail, passwd, passwdFlag, zipCode, houseNumber, streetName, colony, workModality, workStatus, userRoleIDFK, countryUserIDFK) VALUES('f3fa35c5-0d87-49c8-861d-502ec8c2d693', 'GORJ2712HYNJXG31', 'GORJ2712HYC3', 'Javier', 'González Ruiz', 'fxinijmq@yahoo.com', 'oxmmuljk', FALSE, 21135, '231.A', 'Calle Juárez', 'Colonia del Sol', 2, FALSE, 'df6efde1-33f6-42f4-95c8-59b077c62982', '9bebea57-5038-477d-9f28-224c934a4f46');
INSERT INTO user(userID, curp, rfc, birthName, surname, mail, passwd, passwdFlag, zipCode, houseNumber, streetName, colony, workModality, workStatus, userRoleIDFK, countryUserIDFK) VALUES('00980a92-d307-4dd1-9bda-58ea8434279d', 'RORL31110HDGMTM73', 'RORL31110HB4', 'Laura', 'Rodríguez Rodríguez', 'pjdlxudryq@outlook.com', 'vtaypftwpm', TRUE, 72203, '452.C', 'Avenida Revolución', 'Colonia Valle Verde', 0, TRUE, '9648deba-0415-4e41-9889-ba5c02b8c7e1', 'b306beb7-1bbc-48b3-85b2-0f476ad62890');
INSERT INTO user(userID, curp, rfc, birthName, surname, mail, passwd, passwdFlag, zipCode, houseNumber, streetName, colony, workModality, workStatus, userRoleIDFK, countryUserIDFK) VALUES('a283509b-3f08-429a-9005-1d9e0e76ec7e', 'TOTE461MCMVIU32', 'TOTE461MCMC4', 'Elena', 'Torres Torres', 'roduvedtooaqy@nuclea.solutions', 'ychndehxcpu', TRUE, 98146, '426.A', 'Calle de la Estación', 'Colonia El Laurel', 0, FALSE, '9648deba-0415-4e41-9889-ba5c02b8c7e1', 'b306beb7-1bbc-48b3-85b2-0f476ad62890');
INSERT INTO user(userID, curp, rfc, birthName, surname, mail, passwd, passwdFlag, zipCode, houseNumber, streetName, colony, workModality, workStatus, userRoleIDFK, countryUserIDFK) VALUES('203b2cec-4f4c-4b99-86f8-2a1b07556bca', 'GOMA2613HJCNWA31', 'GOMA2613HJG4', 'Alberto', 'González Martínez', 'rrotlpntlivbf@gmail.com', 'jpsowjjvba', FALSE, 31484, '610.C', 'Calle de los Cedros', 'Colonia Centro', 1, TRUE, 'df6efde1-33f6-42f4-95c8-59b077c62982', '500dfd6b-c9f5-4e0e-a72d-5511037ea19f');
INSERT INTO user(userID, curp, rfc, birthName, surname, mail, passwd, passwdFlag, zipCode, houseNumber, streetName, colony, workModality, workStatus, userRoleIDFK, countryUserIDFK) VALUES('d29d8fd0-a0de-420e-b6c6-d5d2da1ddfa7', 'MOMC094MBSLBL33', 'MOMC094MBSH4', 'Carlos', 'Moreno Moreno', 'xvcidphp@nuclea.solutions', 'swcttlqdlbivu', FALSE, 61437, '877.C', 'Avenida de la Libertad', 'Colonia El Campanario', 1, FALSE, '26c5c259-bb65-4e90-ada7-41a56d6a2703', '698bf6b9-c3dd-46a2-8659-ee99a33edff3');
INSERT INTO user(userID, curp, rfc, birthName, surname, mail, passwd, passwdFlag, zipCode, houseNumber, streetName, colony, workModality, workStatus, userRoleIDFK, countryUserIDFK) VALUES('70b8d444-b3d0-4e53-a8e8-c2b25fdb6e7b', 'FEHR1618HGTFBC56', 'FEHR1618HGV7', 'Roberto', 'Fernández Hernández', 'gixrjaf@outlook.com', 'rrjlhsjgewni', FALSE, 43932, '97.A', 'Calle de los Cedros', 'Colonia Valle Verde', 1, TRUE, '26c5c259-bb65-4e90-ada7-41a56d6a2703', 'b306beb7-1bbc-48b3-85b2-0f476ad62890');
INSERT INTO user(userID, curp, rfc, birthName, surname, mail, passwd, passwdFlag, zipCode, houseNumber, streetName, colony, workModality, workStatus, userRoleIDFK, countryUserIDFK) VALUES('7f130bc0-9301-4148-8f51-d52afa52d7ff', 'MATF31113HOCLFO90', 'MATF31113HB7', 'Francisco', 'Martínez Torres', 'ecmmimlsvokpl@yahoo.com', 'nwmgiuiq', TRUE, 94096, '111.C', 'Calle de la Reforma', 'Colonia Jardines de Querétaro', 0, FALSE, 'df6efde1-33f6-42f4-95c8-59b077c62982', '9bebea57-5038-477d-9f28-224c934a4f46');
INSERT INTO user(userID, curp, rfc, birthName, surname, mail, passwd, passwdFlag, zipCode, houseNumber, streetName, colony, workModality, workStatus, userRoleIDFK, countryUserIDFK) VALUES('4a72c633-08df-421c-9d1b-5e0a7c37a900', 'RUTA0016MBSFGO65', 'RUTA0016MBN6', 'Antonio', 'Ruiz Torres', 'mostbplqjfsl@gmail.com', 'qdpikrxfed', FALSE, 96511, '427.A', 'Calle Zaragoza', 'Colonia Centro', 0, FALSE, '9648deba-0415-4e41-9889-ba5c02b8c7e1', '500dfd6b-c9f5-4e0e-a72d-5511037ea19f');
INSERT INTO user(userID, curp, rfc, birthName, surname, mail, passwd, passwdFlag, zipCode, houseNumber, streetName, colony, workModality, workStatus, userRoleIDFK, countryUserIDFK) VALUES('0a13b17d-7cd9-48da-ae68-b7a58b32f789', 'GOGS0426MGTVNI45', 'GOGS0426MGY0', 'Susana', 'González González', 'pnmhdatowoel@yahoo.com', 'rurcmwfoh', TRUE, 76211, '228.C', 'Avenida Madero', 'Colonia Los Ángeles', 1, FALSE, 'df6efde1-33f6-42f4-95c8-59b077c62982', '698bf6b9-c3dd-46a2-8659-ee99a33edff3');
INSERT INTO user(userID, curp, rfc, birthName, surname, mail, passwd, passwdFlag, zipCode, houseNumber, streetName, colony, workModality, workStatus, userRoleIDFK, countryUserIDFK) VALUES('7a149d8b-f5a0-43cc-80c7-6049e052a49d', 'TOMF0318MCHNGL67', 'TOMF0318MCL6', 'Fernando', 'Torres Moreno', 'mmcaawinyewfq@outlook.com', 'pjxpxsapofyg', FALSE, 39629, '925.A', 'Calle de la Estación', 'Colonia San Francisco', 0, TRUE, '9648deba-0415-4e41-9889-ba5c02b8c7e1', '698bf6b9-c3dd-46a2-8659-ee99a33edff3');
INSERT INTO user(userID, curp, rfc, birthName, surname, mail, passwd, passwdFlag, zipCode, houseNumber, streetName, colony, workModality, workStatus, userRoleIDFK, countryUserIDFK) VALUES('38d5c931-6c70-4d3b-b512-6f79ea9c339b', 'GOGJ1411HJCYYY97', 'GOGJ1411HJI4', 'Javier', 'González González', 'oieotraobwog@yahoo.com', 'etbfcun', FALSE, 31911, '642.C', 'Calle Vicente Guerrero', 'Colonia La Pradera', 1, FALSE, '26c5c259-bb65-4e90-ada7-41a56d6a2703', 'b306beb7-1bbc-48b3-85b2-0f476ad62890');
INSERT INTO user(userID, curp, rfc, birthName, surname, mail, passwd, passwdFlag, zipCode, houseNumber, streetName, colony, workModality, workStatus, userRoleIDFK, countryUserIDFK) VALUES('f6449ff1-b984-4261-b7ed-cfc46585026d', 'ROJA01012HNLVAS81', 'ROJA01012HJ7', 'Antonio', 'Rodríguez Jiménez', 'onuudlgtnkmmj@nuclea.solutions', 'wfcnuds', FALSE, 41652, '358.C', 'Calle Vicente Guerrero', 'Colonia Las Águilas', 1, TRUE, '9648deba-0415-4e41-9889-ba5c02b8c7e1', '500dfd6b-c9f5-4e0e-a72d-5511037ea19f');
INSERT INTO user(userID, curp, rfc, birthName, surname, mail, passwd, passwdFlag, zipCode, houseNumber, streetName, colony, workModality, workStatus, userRoleIDFK, countryUserIDFK) VALUES('d2fe884f-4eef-4542-ad7a-b87edfe08f3d', 'JIFM0511MCLIRH43', 'JIFM0511MCH8', 'María', 'Jiménez Fernández', 'avpuxcfxjjfgo@gmail.com', 'tpkqfiyjts', FALSE, 45554, '860.A', 'Calle de los Pinos', 'Colonia El Laurel', 3, FALSE, '26c5c259-bb65-4e90-ada7-41a56d6a2703', 'b306beb7-1bbc-48b3-85b2-0f476ad62890');
INSERT INTO user(userID, curp, rfc, birthName, surname, mail, passwd, passwdFlag, zipCode, houseNumber, streetName, colony, workModality, workStatus, userRoleIDFK, countryUserIDFK) VALUES('8c55cf63-fd6a-4323-a562-d89d807089b4', 'TOTJ2115MPLQIT14', 'TOTJ2115MPM9', 'Juan', 'Torres Torres', 'kwanoijmlc@outlook.com', 'lusrrnvo', FALSE, 66831, '468.C', 'Avenida de la Solidaridad', 'Colonia Las Águilas', 2, TRUE, '9648deba-0415-4e41-9889-ba5c02b8c7e1', '698bf6b9-c3dd-46a2-8659-ee99a33edff3');
INSERT INTO user(userID, curp, rfc, birthName, surname, mail, passwd, passwdFlag, zipCode, houseNumber, streetName, colony, workModality, workStatus, userRoleIDFK, countryUserIDFK) VALUES('5dc80fae-6383-4ab9-b6ae-ac157448a73d', 'MOME0018HSLWCB54', 'MOME0018HSG1', 'Enrique', 'Moreno Moreno', 'byyjewpci@nuclea.solutions', 'ahobjaeaypyno', FALSE, 86928, '752.C', 'Calle 5 de Febrero', 'Colonia Centro', 0, TRUE, 'df6efde1-33f6-42f4-95c8-59b077c62982', '698bf6b9-c3dd-46a2-8659-ee99a33edff3');
INSERT INTO user(userID, curp, rfc, birthName, surname, mail, passwd, passwdFlag, zipCode, houseNumber, streetName, colony, workModality, workStatus, userRoleIDFK, countryUserIDFK) VALUES('176a2a66-ac51-485b-819a-2cad826024ed', 'MOHR4014MQRYVN51', 'MOHR4014MQJ5', 'Rafael', 'Moreno Hernández', 'yvhsojbiyypw@nuclea.solutions', 'xxxrmkoblq', TRUE, 87256, '334.A', 'Calle del Sol', 'Colonia Santa Rosa', 0, FALSE, '26c5c259-bb65-4e90-ada7-41a56d6a2703', 'b306beb7-1bbc-48b3-85b2-0f476ad62890');
INSERT INTO user(userID, curp, rfc, birthName, surname, mail, passwd, passwdFlag, zipCode, houseNumber, streetName, colony, workModality, workStatus, userRoleIDFK, countryUserIDFK) VALUES('842e37d1-9679-410f-922e-38793728d2f5', 'RUMM044MMCTGC44', 'RUMM044MMCA9', 'Mercedes', 'Ruiz Martínez', 'xhhepuboqcnm@nuclea.solutions', 'cpcmjnamymii', TRUE, 29911, '707.C', 'Calle del Carmen', 'Colonia Lomas de Querétaro', 1, FALSE, 'df6efde1-33f6-42f4-95c8-59b077c62982', '698bf6b9-c3dd-46a2-8659-ee99a33edff3');
INSERT INTO user(userID, curp, rfc, birthName, surname, mail, passwd, passwdFlag, zipCode, houseNumber, streetName, colony, workModality, workStatus, userRoleIDFK, countryUserIDFK) VALUES('7488f429-6e47-4437-8f51-8f5b4b6ae390', 'MORI3418HOCYTX29', 'MORI3418HOJ3', 'Isabel', 'Moreno Rodríguez', 'agywncgxu@gmail.com', 'jsunxnywcliia', TRUE, 41681, '684.A', 'Calle Juárez', 'Colonia Valle Verde', 3, TRUE, '9648deba-0415-4e41-9889-ba5c02b8c7e1', '500dfd6b-c9f5-4e0e-a72d-5511037ea19f');

INSERT INTO userDepartment(departmentIDFK, userIDFK) values ('3a12c376-8046-48a4-9e84-85604e111b7b', '20db838c-d6f8-48f3-befe-e1942eee4d4a'); 
INSERT INTO userDepartment(departmentIDFK, userIDFK) values ('62171883-152f-4bd3-88bd-617ff25edefa', 'f5896ab9-81f3-4477-8fef-71904050ace7'); 
INSERT INTO userDepartment(departmentIDFK, userIDFK) values ('0ae12499-fe20-427f-9c92-3820e58aab4e', '8e8efa5b-0540-4cf2-b925-5718fb4c9a64'); 
INSERT INTO userDepartment(departmentIDFK, userIDFK) values ('8cbb2d50-e591-44dd-8858-79493060de0b', '5772d8e5-ac2b-47f4-b21a-c3e18338d855'); 
INSERT INTO userDepartment(departmentIDFK, userIDFK) values ('528b694a-f079-4bb6-a792-5472b27e8333', '1e5ae1a4-aeb0-495e-8224-5f302c7a015a'); 
INSERT INTO userDepartment(departmentIDFK, userIDFK) values ('4ff0d786-947c-4e79-831e-a68a21d0ab71', 'c312376e-9d6f-4e34-821a-190ea6d9716b'); 
INSERT INTO userDepartment(departmentIDFK, userIDFK) values ('528b694a-f079-4bb6-a792-5472b27e8333', 'ed49f1e2-0bc6-4e49-9bdd-24516b424c9a'); 
INSERT INTO userDepartment(departmentIDFK, userIDFK) values ('0db6de55-0e57-4e3e-b77c-4adeea84f1ad', '61ba865d-d2b1-484d-860a-f4fb527224b9'); 
INSERT INTO userDepartment(departmentIDFK, userIDFK) values ('5e5184d3-0e6e-4510-9cb7-9f4b30ee3b07', '022e390a-5abf-4441-8e4f-bb1f4e16a0c7'); 
INSERT INTO userDepartment(departmentIDFK, userIDFK) values ('528b694a-f079-4bb6-a792-5472b27e8333', 'b4e79b9e-9816-4c77-83c1-cafb036c04ff'); 
INSERT INTO userDepartment(departmentIDFK, userIDFK) values ('84a34947-c1ef-42e3-bf7d-5460cfb3b253', '24177a0e-24b4-4f23-b0e1-9dcbafbe3bbf'); 
INSERT INTO userDepartment(departmentIDFK, userIDFK) values ('ea2c2b96-39cd-4347-bc66-338037762247', 'e4a34910-e310-40b8-89fc-9ca84ddc569d'); 
INSERT INTO userDepartment(departmentIDFK, userIDFK) values ('2c781aeb-f56e-4cc4-a1fe-17a7bed9928e', '4a29cc92-98ae-4e01-bd15-4feea50bb1be'); 
INSERT INTO userDepartment(departmentIDFK, userIDFK) values ('84a34947-c1ef-42e3-bf7d-5460cfb3b253', '4a79c11d-5ea3-41b5-aa1f-bc15799bdbe7'); 
INSERT INTO userDepartment(departmentIDFK, userIDFK) values ('8cbb2d50-e591-44dd-8858-79493060de0b', '842e37d1-9679-410f-922e-38793728d2f5'); 
INSERT INTO userDepartment(departmentIDFK, userIDFK) values ('84a34947-c1ef-42e3-bf7d-5460cfb3b253', '4a79c11d-5ea3-41b5-aa1f-bc15799bdbe7'); 
INSERT INTO userDepartment(departmentIDFK, userIDFK) values ('2c781aeb-f56e-4cc4-a1fe-17a7bed9928e', 'c312376e-9d6f-4e34-821a-190ea6d9716b'); 
INSERT INTO userDepartment(departmentIDFK, userIDFK) values ('c1ebd09d-a26f-48d3-9d24-dad2f45e753d', '85fb6a4c-a045-4e70-94ad-a8ab8a0dc22f'); 
INSERT INTO userDepartment(departmentIDFK, userIDFK) values ('0db6de55-0e57-4e3e-b77c-4adeea84f1ad', '45ab02f9-5d04-494c-9838-c4fa2c6ae422'); 
INSERT INTO userDepartment(departmentIDFK, userIDFK) values ('8cbb2d50-e591-44dd-8858-79493060de0b', '01035dea-cd52-4f6b-9345-c328bc2226d9'); 
INSERT INTO userDepartment(departmentIDFK, userIDFK) values ('8cbb2d50-e591-44dd-8858-79493060de0b', '8e8efa5b-0540-4cf2-b925-5718fb4c9a64'); 
INSERT INTO userDepartment(departmentIDFK, userIDFK) values ('0ae12499-fe20-427f-9c92-3820e58aab4e', '38d5c931-6c70-4d3b-b512-6f79ea9c339b'); 
INSERT INTO userDepartment(departmentIDFK, userIDFK) values ('c1ebd09d-a26f-48d3-9d24-dad2f45e753d', '2d4fa6a1-8e0b-4d63-8f3b-6bb4e6ec1c9f'); 
INSERT INTO userDepartment(departmentIDFK, userIDFK) values ('0db6de55-0e57-4e3e-b77c-4adeea84f1ad', '11760bed-139c-49bf-9fb2-9968f98bebb1'); 
INSERT INTO userDepartment(departmentIDFK, userIDFK) values ('62171883-152f-4bd3-88bd-617ff25edefa', '9ffdd240-fe39-4a34-a736-a4e369a376f3'); 
INSERT INTO userDepartment(departmentIDFK, userIDFK) values ('dde6d81e-888c-4562-ac64-5537b8b74fd0', '022e390a-5abf-4441-8e4f-bb1f4e16a0c7'); 
INSERT INTO userDepartment(departmentIDFK, userIDFK) values ('c1ebd09d-a26f-48d3-9d24-dad2f45e753d', 'ee4a1131-d35b-45d8-8a7c-0ba32c6ca15d'); 
INSERT INTO userDepartment(departmentIDFK, userIDFK) values ('5200a34a-d34b-4404-a0fb-5323c50d822e', '6c546485-faa0-4771-9ee4-0a9daf3a537b'); 
INSERT INTO userDepartment(departmentIDFK, userIDFK) values ('3a12c376-8046-48a4-9e84-85604e111b7b', '00980a92-d307-4dd1-9bda-58ea8434279d'); 
INSERT INTO userDepartment(departmentIDFK, userIDFK) values ('43a210fa-1e5a-4808-9ec9-b5d93aa82d50', '7a149d8b-f5a0-43cc-80c7-6049e052a49d'); 
INSERT INTO userDepartment(departmentIDFK, userIDFK) values ('c1ebd09d-a26f-48d3-9d24-dad2f45e753d', '2c309fbd-0b7a-4a49-b5b6-e51e303e71f8'); 
INSERT INTO userDepartment(departmentIDFK, userIDFK) values ('dde6d81e-888c-4562-ac64-5537b8b74fd0', 'fe4d7d4f-285e-4432-80e5-220de9a64705'); 
INSERT INTO userDepartment(departmentIDFK, userIDFK) values ('f3531591-d89a-4226-ab0d-a20d0eafc3ec', 'cfce7f2d-596a-49e4-9ef2-e88fdb7fb32e'); 
INSERT INTO userDepartment(departmentIDFK, userIDFK) values ('0ae12499-fe20-427f-9c92-3820e58aab4e', '8d60b47b-05c8-4f84-8e0f-a5aabbc690c8'); 
INSERT INTO userDepartment(departmentIDFK, userIDFK) values ('8cbb2d50-e591-44dd-8858-79493060de0b', 'c0d6ed70-1383-499e-b678-c69ec7f14270'); 
INSERT INTO userDepartment(departmentIDFK, userIDFK) values ('fd5f085a-83e2-4d77-81a2-b4e7d9e05ff3', 'fa45999f-a847-4f81-aada-4fe3cb2eee93'); 
INSERT INTO userDepartment(departmentIDFK, userIDFK) values ('ff663808-2399-4716-b865-10b1c6ed979e', '0d86c334-2126-4c19-aec6-b24ce82c0f7d'); 
INSERT INTO userDepartment(departmentIDFK, userIDFK) values ('a1494880-12fd-494d-a686-9de08b870cb7', '38d5c931-6c70-4d3b-b512-6f79ea9c339b'); 
INSERT INTO userDepartment(departmentIDFK, userIDFK) values ('0ae12499-fe20-427f-9c92-3820e58aab4e', '85fb6a4c-a045-4e70-94ad-a8ab8a0dc22f'); 
INSERT INTO userDepartment(departmentIDFK, userIDFK) values ('c1ebd09d-a26f-48d3-9d24-dad2f45e753d', '40120092-6c6e-4832-bd3c-0a27fd926003'); 
INSERT INTO userDepartment(departmentIDFK, userIDFK) values ('dde6d81e-888c-4562-ac64-5537b8b74fd0', 'f97351c7-b1a0-41d5-bcf9-979172e65c43'); 
INSERT INTO userDepartment(departmentIDFK, userIDFK) values ('c7d0512e-63a5-4115-a324-48371b53193f', '840f6534-f864-404a-8112-c694efe7c840'); 
INSERT INTO userDepartment(departmentIDFK, userIDFK) values ('2c781aeb-f56e-4cc4-a1fe-17a7bed9928e', '85fb6a4c-a045-4e70-94ad-a8ab8a0dc22f'); 
INSERT INTO userDepartment(departmentIDFK, userIDFK) values ('62171883-152f-4bd3-88bd-617ff25edefa', '25fe957e-a5ac-47c5-b2c2-86af11d42960'); 
INSERT INTO userDepartment(departmentIDFK, userIDFK) values ('fd5f085a-83e2-4d77-81a2-b4e7d9e05ff3', '842e37d1-9679-410f-922e-38793728d2f5'); 
INSERT INTO userDepartment(departmentIDFK, userIDFK) values ('84c08d01-26c0-415e-b7a4-a5a7e447f02d', 'e3144df5-6376-42c9-803e-c5066b8fa95d'); 
INSERT INTO userDepartment(departmentIDFK, userIDFK) values ('c7d0512e-63a5-4115-a324-48371b53193f', '8ccc6771-4be9-4654-b073-a1059bfcb59c'); 
INSERT INTO userDepartment(departmentIDFK, userIDFK) values ('2c781aeb-f56e-4cc4-a1fe-17a7bed9928e', '1ef459cb-ac2e-4558-9211-4f192f35cf5d'); 
INSERT INTO userDepartment(departmentIDFK, userIDFK) values ('2c781aeb-f56e-4cc4-a1fe-17a7bed9928e', 'f3fa35c5-0d87-49c8-861d-502ec8c2d693'); 
INSERT INTO userDepartment(departmentIDFK, userIDFK) values ('0ae12499-fe20-427f-9c92-3820e58aab4e', '4a72c633-08df-421c-9d1b-5e0a7c37a900'); 
INSERT INTO userDepartment(departmentIDFK, userIDFK) values ('fd5f085a-83e2-4d77-81a2-b4e7d9e05ff3', '2a9c7c77-bc65-4ce1-907f-95f18e342b80'); 
INSERT INTO userDepartment(departmentIDFK, userIDFK) values ('0db6de55-0e57-4e3e-b77c-4adeea84f1ad', '38d5c931-6c70-4d3b-b512-6f79ea9c339b'); 
INSERT INTO userDepartment(departmentIDFK, userIDFK) values ('84c08d01-26c0-415e-b7a4-a5a7e447f02d', '4a72c633-08df-421c-9d1b-5e0a7c37a900'); 
INSERT INTO userDepartment(departmentIDFK, userIDFK) values ('d44abc6b-9eab-4863-842a-6404f8b6049b', '20db838c-d6f8-48f3-befe-e1942eee4d4a'); 
INSERT INTO userDepartment(departmentIDFK, userIDFK) values ('ea2c2b96-39cd-4347-bc66-338037762247', '00980a92-d307-4dd1-9bda-58ea8434279d'); 
INSERT INTO userDepartment(departmentIDFK, userIDFK) values ('d44abc6b-9eab-4863-842a-6404f8b6049b', '20db838c-d6f8-48f3-befe-e1942eee4d4a'); 
INSERT INTO userDepartment(departmentIDFK, userIDFK) values ('0db6de55-0e57-4e3e-b77c-4adeea84f1ad', '4e3b5f8b-5e49-4c87-9373-132481283834'); 
INSERT INTO userDepartment(departmentIDFK, userIDFK) values ('4ff0d786-947c-4e79-831e-a68a21d0ab71', '069c56a7-8dcd-48c0-8aaa-76f49bf55606'); 
INSERT INTO userDepartment(departmentIDFK, userIDFK) values ('8cbb2d50-e591-44dd-8858-79493060de0b', '842e37d1-9679-410f-922e-38793728d2f5'); 
INSERT INTO userDepartment(departmentIDFK, userIDFK) values ('2a108196-74d7-4d2c-8e1c-fcc981fc2fb9', '00980a92-d307-4dd1-9bda-58ea8434279d'); 
INSERT INTO userDepartment(departmentIDFK, userIDFK) values ('84c08d01-26c0-415e-b7a4-a5a7e447f02d', '06db9131-e168-443d-80d8-1957c4c160c2'); 
INSERT INTO userDepartment(departmentIDFK, userIDFK) values ('f3531591-d89a-4226-ab0d-a20d0eafc3ec', '0d86c334-2126-4c19-aec6-b24ce82c0f7d'); 
INSERT INTO userDepartment(departmentIDFK, userIDFK) values ('5e5184d3-0e6e-4510-9cb7-9f4b30ee3b07', '840f6534-f864-404a-8112-c694efe7c840'); 
INSERT INTO userDepartment(departmentIDFK, userIDFK) values ('dde6d81e-888c-4562-ac64-5537b8b74fd0', '176a2a66-ac51-485b-819a-2cad826024ed'); 
INSERT INTO userDepartment(departmentIDFK, userIDFK) values ('84a34947-c1ef-42e3-bf7d-5460cfb3b253', 'd42f1825-840b-4854-872e-22719c1a9efc'); 
INSERT INTO userDepartment(departmentIDFK, userIDFK) values ('0db6de55-0e57-4e3e-b77c-4adeea84f1ad', '9a88d711-685e-4549-8663-b4a7388d729b'); 
INSERT INTO userDepartment(departmentIDFK, userIDFK) values ('2a2050d0-a7ed-4032-b4bc-e992026e528f', 'cfce7f2d-596a-49e4-9ef2-e88fdb7fb32e'); 
INSERT INTO userDepartment(departmentIDFK, userIDFK) values ('0ae12499-fe20-427f-9c92-3820e58aab4e', '1e5ae1a4-aeb0-495e-8224-5f302c7a015a'); 
INSERT INTO userDepartment(departmentIDFK, userIDFK) values ('3a12c376-8046-48a4-9e84-85604e111b7b', 'fe4d7d4f-285e-4432-80e5-220de9a64705'); 
INSERT INTO userDepartment(departmentIDFK, userIDFK) values ('f3531591-d89a-4226-ab0d-a20d0eafc3ec', 'f29da520-00a4-441b-b9c1-d7a84f19a5e8'); 
INSERT INTO userDepartment(departmentIDFK, userIDFK) values ('62171883-152f-4bd3-88bd-617ff25edefa', '70b8d444-b3d0-4e53-a8e8-c2b25fdb6e7b'); 
INSERT INTO userDepartment(departmentIDFK, userIDFK) values ('c1ebd09d-a26f-48d3-9d24-dad2f45e753d', 'eb42884a-fb0d-437f-b486-3304b4bd82e3'); 
INSERT INTO userDepartment(departmentIDFK, userIDFK) values ('84c08d01-26c0-415e-b7a4-a5a7e447f02d', '61ba865d-d2b1-484d-860a-f4fb527224b9'); 
INSERT INTO userDepartment(departmentIDFK, userIDFK) values ('2a108196-74d7-4d2c-8e1c-fcc981fc2fb9', '1ef459cb-ac2e-4558-9211-4f192f35cf5d'); 
INSERT INTO userDepartment(departmentIDFK, userIDFK) values ('84a34947-c1ef-42e3-bf7d-5460cfb3b253', '45ab02f9-5d04-494c-9838-c4fa2c6ae422'); 
INSERT INTO userDepartment(departmentIDFK, userIDFK) values ('4ff0d786-947c-4e79-831e-a68a21d0ab71', '5772d8e5-ac2b-47f4-b21a-c3e18338d855'); 
INSERT INTO userDepartment(departmentIDFK, userIDFK) values ('8cbb2d50-e591-44dd-8858-79493060de0b', 'e3144df5-6376-42c9-803e-c5066b8fa95d'); 
INSERT INTO userDepartment(departmentIDFK, userIDFK) values ('2a2050d0-a7ed-4032-b4bc-e992026e528f', 'eabd9902-4f11-4109-9c74-cdc134b5bddd'); 
INSERT INTO userDepartment(departmentIDFK, userIDFK) values ('c1ebd09d-a26f-48d3-9d24-dad2f45e753d', '01035dea-cd52-4f6b-9345-c328bc2226d9'); 
INSERT INTO userDepartment(departmentIDFK, userIDFK) values ('e795dbc7-902f-4b55-bc6d-83e224572ce0', '067821bb-feaa-47ef-95b3-3fd243c64059'); 
INSERT INTO userDepartment(departmentIDFK, userIDFK) values ('d44abc6b-9eab-4863-842a-6404f8b6049b', '1c845e89-92c9-4997-be9b-da5e80a6de96'); 
INSERT INTO userDepartment(departmentIDFK, userIDFK) values ('5e5184d3-0e6e-4510-9cb7-9f4b30ee3b07', '067821bb-feaa-47ef-95b3-3fd243c64059'); 
INSERT INTO userDepartment(departmentIDFK, userIDFK) values ('ff663808-2399-4716-b865-10b1c6ed979e', 'ad7da668-d2d1-44ee-9c34-53ad4c3dd13e'); 
INSERT INTO userDepartment(departmentIDFK, userIDFK) values ('2a2050d0-a7ed-4032-b4bc-e992026e528f', 'c0d6ed70-1383-499e-b678-c69ec7f14270'); 
INSERT INTO userDepartment(departmentIDFK, userIDFK) values ('4ff0d786-947c-4e79-831e-a68a21d0ab71', '069c56a7-8dcd-48c0-8aaa-76f49bf55606'); 
INSERT INTO userDepartment(departmentIDFK, userIDFK) values ('84a34947-c1ef-42e3-bf7d-5460cfb3b253', '01035dea-cd52-4f6b-9345-c328bc2226d9'); 
INSERT INTO userDepartment(departmentIDFK, userIDFK) values ('8cbb2d50-e591-44dd-8858-79493060de0b', '297e2037-63a6-4ea5-acac-c648a1cfd028'); 
INSERT INTO userDepartment(departmentIDFK, userIDFK) values ('0db6de55-0e57-4e3e-b77c-4adeea84f1ad', 'd42f1825-840b-4854-872e-22719c1a9efc'); 
INSERT INTO userDepartment(departmentIDFK, userIDFK) values ('5e5184d3-0e6e-4510-9cb7-9f4b30ee3b07', 'b4e79b9e-9816-4c77-83c1-cafb036c04ff'); 
INSERT INTO userDepartment(departmentIDFK, userIDFK) values ('3a12c376-8046-48a4-9e84-85604e111b7b', 'd95295f1-00f7-4874-ab67-6fdc6628aad4'); 
INSERT INTO userDepartment(departmentIDFK, userIDFK) values ('d44abc6b-9eab-4863-842a-6404f8b6049b', '4e3b5f8b-5e49-4c87-9373-132481283834'); 
INSERT INTO userDepartment(departmentIDFK, userIDFK) values ('e795dbc7-902f-4b55-bc6d-83e224572ce0', '11ebd779-bb27-4164-9d60-eb476fcbfe1c'); 
INSERT INTO userDepartment(departmentIDFK, userIDFK) values ('2a2050d0-a7ed-4032-b4bc-e992026e528f', 'd95295f1-00f7-4874-ab67-6fdc6628aad4'); 
INSERT INTO userDepartment(departmentIDFK, userIDFK) values ('5200a34a-d34b-4404-a0fb-5323c50d822e', '7a149d8b-f5a0-43cc-80c7-6049e052a49d'); 
INSERT INTO userDepartment(departmentIDFK, userIDFK) values ('0ae12499-fe20-427f-9c92-3820e58aab4e', '1c845e89-92c9-4997-be9b-da5e80a6de96'); 
INSERT INTO userDepartment(departmentIDFK, userIDFK) values ('84c08d01-26c0-415e-b7a4-a5a7e447f02d', '1ef459cb-ac2e-4558-9211-4f192f35cf5d'); 
INSERT INTO userDepartment(departmentIDFK, userIDFK) values ('5e5184d3-0e6e-4510-9cb7-9f4b30ee3b07', '8b25d671-ae79-400f-bfe2-f6567c8267d1'); 
INSERT INTO userDepartment(departmentIDFK, userIDFK) values ('c1ebd09d-a26f-48d3-9d24-dad2f45e753d', '61ba865d-d2b1-484d-860a-f4fb527224b9'); 
INSERT INTO userDepartment(departmentIDFK, userIDFK) values ('2a2050d0-a7ed-4032-b4bc-e992026e528f', '1e5ae1a4-aeb0-495e-8224-5f302c7a015a'); 
INSERT INTO userDepartment(departmentIDFK, userIDFK) values ('5e5184d3-0e6e-4510-9cb7-9f4b30ee3b07', '1bc29489-3150-43bc-aaa7-5905f74f4a40'); 
INSERT INTO userDepartment(departmentIDFK, userIDFK) values ('2a108196-74d7-4d2c-8e1c-fcc981fc2fb9', 'd4f8559f-1a4c-49e9-873d-dcd08801990a'); 
INSERT INTO userDepartment(departmentIDFK, userIDFK) values ('f3531591-d89a-4226-ab0d-a20d0eafc3ec', '4e3b5f8b-5e49-4c87-9373-132481283834'); 
INSERT INTO userDepartment(departmentIDFK, userIDFK) values ('2a2050d0-a7ed-4032-b4bc-e992026e528f', '1914ab7e-fe83-4332-a0ba-ee1c08aa8896'); 
INSERT INTO userDepartment(departmentIDFK, userIDFK) values ('c1ebd09d-a26f-48d3-9d24-dad2f45e753d', 'bc5a5453-afe3-4991-8270-097fb42eb1e6'); 
INSERT INTO userDepartment(departmentIDFK, userIDFK) values ('62171883-152f-4bd3-88bd-617ff25edefa', 'f29da520-00a4-441b-b9c1-d7a84f19a5e8'); 
INSERT INTO userDepartment(departmentIDFK, userIDFK) values ('8cbb2d50-e591-44dd-8858-79493060de0b', '01f4a259-4ea3-437c-9e0f-a53e398b8b6e'); 
INSERT INTO userDepartment(departmentIDFK, userIDFK) values ('5e5184d3-0e6e-4510-9cb7-9f4b30ee3b07', '9a88d711-685e-4549-8663-b4a7388d729b'); 
INSERT INTO userDepartment(departmentIDFK, userIDFK) values ('5200a34a-d34b-4404-a0fb-5323c50d822e', 'b2dc412d-f640-4085-8085-9b61a8edf0cc'); 
INSERT INTO userDepartment(departmentIDFK, userIDFK) values ('c7d0512e-63a5-4115-a324-48371b53193f', '25fe957e-a5ac-47c5-b2c2-86af11d42960'); 
INSERT INTO userDepartment(departmentIDFK, userIDFK) values ('0db6de55-0e57-4e3e-b77c-4adeea84f1ad', '4e3b5f8b-5e49-4c87-9373-132481283834'); 
INSERT INTO userDepartment(departmentIDFK, userIDFK) values ('f3531591-d89a-4226-ab0d-a20d0eafc3ec', '4a79c11d-5ea3-41b5-aa1f-bc15799bdbe7'); 
INSERT INTO userDepartment(departmentIDFK, userIDFK) values ('d44abc6b-9eab-4863-842a-6404f8b6049b', '20db838c-d6f8-48f3-befe-e1942eee4d4a'); 
INSERT INTO userDepartment(departmentIDFK, userIDFK) values ('2c781aeb-f56e-4cc4-a1fe-17a7bed9928e', '1f87a2ce-f7a9-4ada-8b99-209a75e823ed'); 
INSERT INTO userDepartment(departmentIDFK, userIDFK) values ('f3531591-d89a-4226-ab0d-a20d0eafc3ec', 'eabd9902-4f11-4109-9c74-cdc134b5bddd'); 
INSERT INTO userDepartment(departmentIDFK, userIDFK) values ('528b694a-f079-4bb6-a792-5472b27e8333', '567d110e-e1b7-4019-86f4-d3153285afe2'); 
INSERT INTO userDepartment(departmentIDFK, userIDFK) values ('f3531591-d89a-4226-ab0d-a20d0eafc3ec', '9a88d711-685e-4549-8663-b4a7388d729b'); 
INSERT INTO userDepartment(departmentIDFK, userIDFK) values ('0ae12499-fe20-427f-9c92-3820e58aab4e', 'f6449ff1-b984-4261-b7ed-cfc46585026d'); 
INSERT INTO userDepartment(departmentIDFK, userIDFK) values ('ff663808-2399-4716-b865-10b1c6ed979e', '40120092-6c6e-4832-bd3c-0a27fd926003'); 
INSERT INTO userDepartment(departmentIDFK, userIDFK) values ('d44abc6b-9eab-4863-842a-6404f8b6049b', 'd29d8fd0-a0de-420e-b6c6-d5d2da1ddfa7'); 
INSERT INTO userDepartment(departmentIDFK, userIDFK) values ('84c08d01-26c0-415e-b7a4-a5a7e447f02d', '8d60b47b-05c8-4f84-8e0f-a5aabbc690c8'); 
INSERT INTO userDepartment(departmentIDFK, userIDFK) values ('f3531591-d89a-4226-ab0d-a20d0eafc3ec', '5dc80fae-6383-4ab9-b6ae-ac157448a73d'); 
INSERT INTO userDepartment(departmentIDFK, userIDFK) values ('c1ebd09d-a26f-48d3-9d24-dad2f45e753d', '40120092-6c6e-4832-bd3c-0a27fd926003'); 
INSERT INTO userDepartment(departmentIDFK, userIDFK) values ('528b694a-f079-4bb6-a792-5472b27e8333', '06db9131-e168-443d-80d8-1957c4c160c2'); 
INSERT INTO userDepartment(departmentIDFK, userIDFK) values ('0ae12499-fe20-427f-9c92-3820e58aab4e', '20db838c-d6f8-48f3-befe-e1942eee4d4a'); 
INSERT INTO userDepartment(departmentIDFK, userIDFK) values ('62171883-152f-4bd3-88bd-617ff25edefa', 'a0e285ec-3d35-41a0-8949-54a83ea5b955'); 
INSERT INTO userDepartment(departmentIDFK, userIDFK) values ('528b694a-f079-4bb6-a792-5472b27e8333', '9ffdd240-fe39-4a34-a736-a4e369a376f3'); 
INSERT INTO userDepartment(departmentIDFK, userIDFK) values ('2a108196-74d7-4d2c-8e1c-fcc981fc2fb9', '2653b3e6-fb30-4c4e-8aad-c545223babf3'); 
INSERT INTO userDepartment(departmentIDFK, userIDFK) values ('528b694a-f079-4bb6-a792-5472b27e8333', 'd4f8559f-1a4c-49e9-873d-dcd08801990a'); 
INSERT INTO userDepartment(departmentIDFK, userIDFK) values ('dde6d81e-888c-4562-ac64-5537b8b74fd0', '7f130bc0-9301-4148-8f51-d52afa52d7ff'); 
INSERT INTO userDepartment(departmentIDFK, userIDFK) values ('62171883-152f-4bd3-88bd-617ff25edefa', '297e2037-63a6-4ea5-acac-c648a1cfd028'); 
INSERT INTO userDepartment(departmentIDFK, userIDFK) values ('d44abc6b-9eab-4863-842a-6404f8b6049b', '01035dea-cd52-4f6b-9345-c328bc2226d9'); 
INSERT INTO userDepartment(departmentIDFK, userIDFK) values ('4ff0d786-947c-4e79-831e-a68a21d0ab71', 'f29da520-00a4-441b-b9c1-d7a84f19a5e8'); 
INSERT INTO userDepartment(departmentIDFK, userIDFK) values ('5e5184d3-0e6e-4510-9cb7-9f4b30ee3b07', '4a79c11d-5ea3-41b5-aa1f-bc15799bdbe7'); 
INSERT INTO userDepartment(departmentIDFK, userIDFK) values ('2a2050d0-a7ed-4032-b4bc-e992026e528f', '067821bb-feaa-47ef-95b3-3fd243c64059'); 
INSERT INTO userDepartment(departmentIDFK, userIDFK) values ('dde6d81e-888c-4562-ac64-5537b8b74fd0', '6ab95ffb-373f-4727-93f3-0a990e24d8e8'); 
INSERT INTO userDepartment(departmentIDFK, userIDFK) values ('5e5184d3-0e6e-4510-9cb7-9f4b30ee3b07', '61ba865d-d2b1-484d-860a-f4fb527224b9'); 
INSERT INTO userDepartment(departmentIDFK, userIDFK) values ('84a34947-c1ef-42e3-bf7d-5460cfb3b253', 'e3144df5-6376-42c9-803e-c5066b8fa95d'); 
INSERT INTO userDepartment(departmentIDFK, userIDFK) values ('528b694a-f079-4bb6-a792-5472b27e8333', '63d528bd-a54b-4d00-a157-e313b4372471'); 
INSERT INTO userDepartment(departmentIDFK, userIDFK) values ('528b694a-f079-4bb6-a792-5472b27e8333', '7f130bc0-9301-4148-8f51-d52afa52d7ff'); 
INSERT INTO userDepartment(departmentIDFK, userIDFK) values ('5e5184d3-0e6e-4510-9cb7-9f4b30ee3b07', '5772d8e5-ac2b-47f4-b21a-c3e18338d855'); 
INSERT INTO userDepartment(departmentIDFK, userIDFK) values ('5200a34a-d34b-4404-a0fb-5323c50d822e', 'f5896ab9-81f3-4477-8fef-71904050ace7'); 
INSERT INTO userDepartment(departmentIDFK, userIDFK) values ('fd5f085a-83e2-4d77-81a2-b4e7d9e05ff3', 'b4e79b9e-9816-4c77-83c1-cafb036c04ff'); 
INSERT INTO userDepartment(departmentIDFK, userIDFK) values ('84a34947-c1ef-42e3-bf7d-5460cfb3b253', '0d1f1011-485f-464a-8873-10f2af989ac9'); 
INSERT INTO userDepartment(departmentIDFK, userIDFK) values ('84c08d01-26c0-415e-b7a4-a5a7e447f02d', '11ebd779-bb27-4164-9d60-eb476fcbfe1c'); 
INSERT INTO userDepartment(departmentIDFK, userIDFK) values ('2a108196-74d7-4d2c-8e1c-fcc981fc2fb9', '203b2cec-4f4c-4b99-86f8-2a1b07556bca'); 
INSERT INTO userDepartment(departmentIDFK, userIDFK) values ('3a12c376-8046-48a4-9e84-85604e111b7b', '567d110e-e1b7-4019-86f4-d3153285afe2'); 
INSERT INTO userDepartment(departmentIDFK, userIDFK) values ('f3531591-d89a-4226-ab0d-a20d0eafc3ec', '2a9c7c77-bc65-4ce1-907f-95f18e342b80'); 
INSERT INTO userDepartment(departmentIDFK, userIDFK) values ('c7d0512e-63a5-4115-a324-48371b53193f', '01035dea-cd52-4f6b-9345-c328bc2226d9'); 
INSERT INTO userDepartment(departmentIDFK, userIDFK) values ('e795dbc7-902f-4b55-bc6d-83e224572ce0', 'fe4d7d4f-285e-4432-80e5-220de9a64705'); 
INSERT INTO userDepartment(departmentIDFK, userIDFK) values ('c1ebd09d-a26f-48d3-9d24-dad2f45e753d', 'bc5a5453-afe3-4991-8270-097fb42eb1e6'); 
INSERT INTO userDepartment(departmentIDFK, userIDFK) values ('4ff0d786-947c-4e79-831e-a68a21d0ab71', '283a4a79-7330-4a46-8b43-3dd3c153e9ce'); 
INSERT INTO userDepartment(departmentIDFK, userIDFK) values ('2a108196-74d7-4d2c-8e1c-fcc981fc2fb9', 'cfce7f2d-596a-49e4-9ef2-e88fdb7fb32e'); 
INSERT INTO userDepartment(departmentIDFK, userIDFK) values ('4ff0d786-947c-4e79-831e-a68a21d0ab71', '1ef459cb-ac2e-4558-9211-4f192f35cf5d'); 
INSERT INTO userDepartment(departmentIDFK, userIDFK) values ('dde6d81e-888c-4562-ac64-5537b8b74fd0', 'eabd9902-4f11-4109-9c74-cdc134b5bddd'); 
INSERT INTO userDepartment(departmentIDFK, userIDFK) values ('c1ebd09d-a26f-48d3-9d24-dad2f45e753d', '321977c9-1719-4a03-81dd-3cd26d84a0ed'); 
INSERT INTO userDepartment(departmentIDFK, userIDFK) values ('d44abc6b-9eab-4863-842a-6404f8b6049b', '00980a92-d307-4dd1-9bda-58ea8434279d'); 
INSERT INTO userDepartment(departmentIDFK, userIDFK) values ('2a108196-74d7-4d2c-8e1c-fcc981fc2fb9', '20db838c-d6f8-48f3-befe-e1942eee4d4a'); 
INSERT INTO userDepartment(departmentIDFK, userIDFK) values ('c1ebd09d-a26f-48d3-9d24-dad2f45e753d', 'fe4d7d4f-285e-4432-80e5-220de9a64705'); 
INSERT INTO userDepartment(departmentIDFK, userIDFK) values ('84a34947-c1ef-42e3-bf7d-5460cfb3b253', '13e35981-d163-49c0-88e0-d548c6c78452'); 
INSERT INTO userDepartment(departmentIDFK, userIDFK) values ('528b694a-f079-4bb6-a792-5472b27e8333', '4e3b5f8b-5e49-4c87-9373-132481283834'); 

UPDATE user SET prioritaryDepartmentFK = '84c08d01-26c0-415e-b7a4-a5a7e447f02d' WHERE userID = 'e3144df5-6376-42c9-803e-c5066b8fa95d'; 
UPDATE user SET prioritaryDepartmentFK = '5e5184d3-0e6e-4510-9cb7-9f4b30ee3b07' WHERE userID = '8b25d671-ae79-400f-bfe2-f6567c8267d1'; 
UPDATE user SET prioritaryDepartmentFK = '5e5184d3-0e6e-4510-9cb7-9f4b30ee3b07' WHERE userID = '022e390a-5abf-4441-8e4f-bb1f4e16a0c7'; 
UPDATE user SET prioritaryDepartmentFK = '2a2050d0-a7ed-4032-b4bc-e992026e528f' WHERE userID = 'd95295f1-00f7-4874-ab67-6fdc6628aad4'; 
UPDATE user SET prioritaryDepartmentFK = '3a12c376-8046-48a4-9e84-85604e111b7b' WHERE userID = '567d110e-e1b7-4019-86f4-d3153285afe2'; 
UPDATE user SET prioritaryDepartmentFK = '528b694a-f079-4bb6-a792-5472b27e8333' WHERE userID = '63d528bd-a54b-4d00-a157-e313b4372471'; 
UPDATE user SET prioritaryDepartmentFK = 'c1ebd09d-a26f-48d3-9d24-dad2f45e753d' WHERE userID = 'ee4a1131-d35b-45d8-8a7c-0ba32c6ca15d'; 
UPDATE user SET prioritaryDepartmentFK = 'ff663808-2399-4716-b865-10b1c6ed979e' WHERE userID = '0d86c334-2126-4c19-aec6-b24ce82c0f7d'; 
UPDATE user SET prioritaryDepartmentFK = 'c1ebd09d-a26f-48d3-9d24-dad2f45e753d' WHERE userID = '321977c9-1719-4a03-81dd-3cd26d84a0ed'; 
UPDATE user SET prioritaryDepartmentFK = 'c1ebd09d-a26f-48d3-9d24-dad2f45e753d' WHERE userID = '2c309fbd-0b7a-4a49-b5b6-e51e303e71f8'; 
UPDATE user SET prioritaryDepartmentFK = 'ea2c2b96-39cd-4347-bc66-338037762247' WHERE userID = 'e4a34910-e310-40b8-89fc-9ca84ddc569d'; 
UPDATE user SET prioritaryDepartmentFK = '2a2050d0-a7ed-4032-b4bc-e992026e528f' WHERE userID = 'c0d6ed70-1383-499e-b678-c69ec7f14270'; 
UPDATE user SET prioritaryDepartmentFK = '84a34947-c1ef-42e3-bf7d-5460cfb3b253' WHERE userID = '24177a0e-24b4-4f23-b0e1-9dcbafbe3bbf'; 
UPDATE user SET prioritaryDepartmentFK = '84c08d01-26c0-415e-b7a4-a5a7e447f02d' WHERE userID = '11ebd779-bb27-4164-9d60-eb476fcbfe1c'; 
UPDATE user SET prioritaryDepartmentFK = 'dde6d81e-888c-4562-ac64-5537b8b74fd0' WHERE userID = '6ab95ffb-373f-4727-93f3-0a990e24d8e8'; 
UPDATE user SET prioritaryDepartmentFK = 'dde6d81e-888c-4562-ac64-5537b8b74fd0' WHERE userID = 'eabd9902-4f11-4109-9c74-cdc134b5bddd'; 
UPDATE user SET prioritaryDepartmentFK = '8cbb2d50-e591-44dd-8858-79493060de0b' WHERE userID = '01f4a259-4ea3-437c-9e0f-a53e398b8b6e'; 
UPDATE user SET prioritaryDepartmentFK = 'dde6d81e-888c-4562-ac64-5537b8b74fd0' WHERE userID = 'fe4d7d4f-285e-4432-80e5-220de9a64705'; 
UPDATE user SET prioritaryDepartmentFK = 'fd5f085a-83e2-4d77-81a2-b4e7d9e05ff3' WHERE userID = '2a9c7c77-bc65-4ce1-907f-95f18e342b80'; 
UPDATE user SET prioritaryDepartmentFK = '0db6de55-0e57-4e3e-b77c-4adeea84f1ad' WHERE userID = '61ba865d-d2b1-484d-860a-f4fb527224b9'; 
UPDATE user SET prioritaryDepartmentFK = '84a34947-c1ef-42e3-bf7d-5460cfb3b253' WHERE userID = '4a79c11d-5ea3-41b5-aa1f-bc15799bdbe7'; 
UPDATE user SET prioritaryDepartmentFK = '2a108196-74d7-4d2c-8e1c-fcc981fc2fb9' WHERE userID = '2653b3e6-fb30-4c4e-8aad-c545223babf3'; 
UPDATE user SET prioritaryDepartmentFK = '62171883-152f-4bd3-88bd-617ff25edefa' WHERE userID = '25fe957e-a5ac-47c5-b2c2-86af11d42960'; 
UPDATE user SET prioritaryDepartmentFK = '4ff0d786-947c-4e79-831e-a68a21d0ab71' WHERE userID = '069c56a7-8dcd-48c0-8aaa-76f49bf55606'; 
UPDATE user SET prioritaryDepartmentFK = 'fd5f085a-83e2-4d77-81a2-b4e7d9e05ff3' WHERE userID = 'fa45999f-a847-4f81-aada-4fe3cb2eee93'; 
UPDATE user SET prioritaryDepartmentFK = '4ff0d786-947c-4e79-831e-a68a21d0ab71' WHERE userID = '1ef459cb-ac2e-4558-9211-4f192f35cf5d'; 
UPDATE user SET prioritaryDepartmentFK = '5200a34a-d34b-4404-a0fb-5323c50d822e' WHERE userID = '6c546485-faa0-4771-9ee4-0a9daf3a537b'; 
UPDATE user SET prioritaryDepartmentFK = '84a34947-c1ef-42e3-bf7d-5460cfb3b253' WHERE userID = 'd42f1825-840b-4854-872e-22719c1a9efc'; 
UPDATE user SET prioritaryDepartmentFK = 'c7d0512e-63a5-4115-a324-48371b53193f' WHERE userID = '8ccc6771-4be9-4654-b073-a1059bfcb59c'; 
UPDATE user SET prioritaryDepartmentFK = 'c1ebd09d-a26f-48d3-9d24-dad2f45e753d' WHERE userID = '85fb6a4c-a045-4e70-94ad-a8ab8a0dc22f'; 
UPDATE user SET prioritaryDepartmentFK = '528b694a-f079-4bb6-a792-5472b27e8333' WHERE userID = '1e5ae1a4-aeb0-495e-8224-5f302c7a015a'; 
UPDATE user SET prioritaryDepartmentFK = '84a34947-c1ef-42e3-bf7d-5460cfb3b253' WHERE userID = '13e35981-d163-49c0-88e0-d548c6c78452'; 
UPDATE user SET prioritaryDepartmentFK = 'ff663808-2399-4716-b865-10b1c6ed979e' WHERE userID = 'ad7da668-d2d1-44ee-9c34-53ad4c3dd13e'; 
UPDATE user SET prioritaryDepartmentFK = '84a34947-c1ef-42e3-bf7d-5460cfb3b253' WHERE userID = '45ab02f9-5d04-494c-9838-c4fa2c6ae422'; 
UPDATE user SET prioritaryDepartmentFK = '2c781aeb-f56e-4cc4-a1fe-17a7bed9928e' WHERE userID = '4a29cc92-98ae-4e01-bd15-4feea50bb1be'; 
UPDATE user SET prioritaryDepartmentFK = 'd44abc6b-9eab-4863-842a-6404f8b6049b' WHERE userID = '20db838c-d6f8-48f3-befe-e1942eee4d4a'; 
UPDATE user SET prioritaryDepartmentFK = '5e5184d3-0e6e-4510-9cb7-9f4b30ee3b07' WHERE userID = '9a88d711-685e-4549-8663-b4a7388d729b'; 
UPDATE user SET prioritaryDepartmentFK = '2c781aeb-f56e-4cc4-a1fe-17a7bed9928e' WHERE userID = '1f87a2ce-f7a9-4ada-8b99-209a75e823ed'; 
UPDATE user SET prioritaryDepartmentFK = '4ff0d786-947c-4e79-831e-a68a21d0ab71' WHERE userID = '283a4a79-7330-4a46-8b43-3dd3c153e9ce'; 
UPDATE user SET prioritaryDepartmentFK = '2a2050d0-a7ed-4032-b4bc-e992026e528f' WHERE userID = '1914ab7e-fe83-4332-a0ba-ee1c08aa8896'; 
UPDATE user SET prioritaryDepartmentFK = 'c1ebd09d-a26f-48d3-9d24-dad2f45e753d' WHERE userID = '2d4fa6a1-8e0b-4d63-8f3b-6bb4e6ec1c9f'; 
UPDATE user SET prioritaryDepartmentFK = '5e5184d3-0e6e-4510-9cb7-9f4b30ee3b07' WHERE userID = '1bc29489-3150-43bc-aaa7-5905f74f4a40'; 
UPDATE user SET prioritaryDepartmentFK = '0db6de55-0e57-4e3e-b77c-4adeea84f1ad' WHERE userID = '11760bed-139c-49bf-9fb2-9968f98bebb1'; 
UPDATE user SET prioritaryDepartmentFK = 'd44abc6b-9eab-4863-842a-6404f8b6049b' WHERE userID = '1c845e89-92c9-4997-be9b-da5e80a6de96'; 
UPDATE user SET prioritaryDepartmentFK = '62171883-152f-4bd3-88bd-617ff25edefa' WHERE userID = '297e2037-63a6-4ea5-acac-c648a1cfd028'; 
UPDATE user SET prioritaryDepartmentFK = 'f3531591-d89a-4226-ab0d-a20d0eafc3ec' WHERE userID = 'cfce7f2d-596a-49e4-9ef2-e88fdb7fb32e'; 
UPDATE user SET prioritaryDepartmentFK = '5e5184d3-0e6e-4510-9cb7-9f4b30ee3b07' WHERE userID = '067821bb-feaa-47ef-95b3-3fd243c64059'; 
UPDATE user SET prioritaryDepartmentFK = 'c1ebd09d-a26f-48d3-9d24-dad2f45e753d' WHERE userID = 'eb42884a-fb0d-437f-b486-3304b4bd82e3'; 
UPDATE user SET prioritaryDepartmentFK = '2c781aeb-f56e-4cc4-a1fe-17a7bed9928e' WHERE userID = 'c312376e-9d6f-4e34-821a-190ea6d9716b'; 
UPDATE user SET prioritaryDepartmentFK = '0ae12499-fe20-427f-9c92-3820e58aab4e' WHERE userID = '8d60b47b-05c8-4f84-8e0f-a5aabbc690c8'; 
UPDATE user SET prioritaryDepartmentFK = 'c7d0512e-63a5-4115-a324-48371b53193f' WHERE userID = '840f6534-f864-404a-8112-c694efe7c840'; 
UPDATE user SET prioritaryDepartmentFK = 'c1ebd09d-a26f-48d3-9d24-dad2f45e753d' WHERE userID = 'bc5a5453-afe3-4991-8270-097fb42eb1e6'; 
UPDATE user SET prioritaryDepartmentFK = '5e5184d3-0e6e-4510-9cb7-9f4b30ee3b07' WHERE userID = 'b4e79b9e-9816-4c77-83c1-cafb036c04ff'; 
UPDATE user SET prioritaryDepartmentFK = 'ff663808-2399-4716-b865-10b1c6ed979e' WHERE userID = '40120092-6c6e-4832-bd3c-0a27fd926003'; 
UPDATE user SET prioritaryDepartmentFK = '62171883-152f-4bd3-88bd-617ff25edefa' WHERE userID = 'f5896ab9-81f3-4477-8fef-71904050ace7'; 
UPDATE user SET prioritaryDepartmentFK = 'dde6d81e-888c-4562-ac64-5537b8b74fd0' WHERE userID = 'f97351c7-b1a0-41d5-bcf9-979172e65c43'; 
UPDATE user SET prioritaryDepartmentFK = 'c1ebd09d-a26f-48d3-9d24-dad2f45e753d' WHERE userID = '01035dea-cd52-4f6b-9345-c328bc2226d9'; 
UPDATE user SET prioritaryDepartmentFK = '528b694a-f079-4bb6-a792-5472b27e8333' WHERE userID = 'ed49f1e2-0bc6-4e49-9bdd-24516b424c9a'; 
UPDATE user SET prioritaryDepartmentFK = '5e5184d3-0e6e-4510-9cb7-9f4b30ee3b07' WHERE userID = '5772d8e5-ac2b-47f4-b21a-c3e18338d855'; 
UPDATE user SET prioritaryDepartmentFK = '528b694a-f079-4bb6-a792-5472b27e8333' WHERE userID = '06db9131-e168-443d-80d8-1957c4c160c2'; 
UPDATE user SET prioritaryDepartmentFK = '84a34947-c1ef-42e3-bf7d-5460cfb3b253' WHERE userID = '0d1f1011-485f-464a-8873-10f2af989ac9'; 
UPDATE user SET prioritaryDepartmentFK = '62171883-152f-4bd3-88bd-617ff25edefa' WHERE userID = 'a0e285ec-3d35-41a0-8949-54a83ea5b955'; 
UPDATE user SET prioritaryDepartmentFK = '62171883-152f-4bd3-88bd-617ff25edefa' WHERE userID = 'f29da520-00a4-441b-b9c1-d7a84f19a5e8'; 
UPDATE user SET prioritaryDepartmentFK = '528b694a-f079-4bb6-a792-5472b27e8333' WHERE userID = 'd4f8559f-1a4c-49e9-873d-dcd08801990a'; 
UPDATE user SET prioritaryDepartmentFK = 'f3531591-d89a-4226-ab0d-a20d0eafc3ec' WHERE userID = '4e3b5f8b-5e49-4c87-9373-132481283834'; 
UPDATE user SET prioritaryDepartmentFK = '528b694a-f079-4bb6-a792-5472b27e8333' WHERE userID = '9ffdd240-fe39-4a34-a736-a4e369a376f3'; 
UPDATE user SET prioritaryDepartmentFK = '0ae12499-fe20-427f-9c92-3820e58aab4e' WHERE userID = '8e8efa5b-0540-4cf2-b925-5718fb4c9a64'; 
UPDATE user SET prioritaryDepartmentFK = '5200a34a-d34b-4404-a0fb-5323c50d822e' WHERE userID = 'b2dc412d-f640-4085-8085-9b61a8edf0cc'; 
UPDATE user SET prioritaryDepartmentFK = '2c781aeb-f56e-4cc4-a1fe-17a7bed9928e' WHERE userID = 'f3fa35c5-0d87-49c8-861d-502ec8c2d693'; 
UPDATE user SET prioritaryDepartmentFK = '2a108196-74d7-4d2c-8e1c-fcc981fc2fb9' WHERE userID = '00980a92-d307-4dd1-9bda-58ea8434279d'; 
UPDATE user SET prioritaryDepartmentFK = '2a108196-74d7-4d2c-8e1c-fcc981fc2fb9' WHERE userID = '203b2cec-4f4c-4b99-86f8-2a1b07556bca'; 
UPDATE user SET prioritaryDepartmentFK = 'd44abc6b-9eab-4863-842a-6404f8b6049b' WHERE userID = 'd29d8fd0-a0de-420e-b6c6-d5d2da1ddfa7'; 
UPDATE user SET prioritaryDepartmentFK = '62171883-152f-4bd3-88bd-617ff25edefa' WHERE userID = '70b8d444-b3d0-4e53-a8e8-c2b25fdb6e7b'; 
UPDATE user SET prioritaryDepartmentFK = 'dde6d81e-888c-4562-ac64-5537b8b74fd0' WHERE userID = '7f130bc0-9301-4148-8f51-d52afa52d7ff'; 
UPDATE user SET prioritaryDepartmentFK = '0ae12499-fe20-427f-9c92-3820e58aab4e' WHERE userID = '4a72c633-08df-421c-9d1b-5e0a7c37a900'; 
UPDATE user SET prioritaryDepartmentFK = '43a210fa-1e5a-4808-9ec9-b5d93aa82d50' WHERE userID = '7a149d8b-f5a0-43cc-80c7-6049e052a49d'; 
UPDATE user SET prioritaryDepartmentFK = 'a1494880-12fd-494d-a686-9de08b870cb7' WHERE userID = '38d5c931-6c70-4d3b-b512-6f79ea9c339b'; 
UPDATE user SET prioritaryDepartmentFK = '0ae12499-fe20-427f-9c92-3820e58aab4e' WHERE userID = 'f6449ff1-b984-4261-b7ed-cfc46585026d'; 
UPDATE user SET prioritaryDepartmentFK = 'f3531591-d89a-4226-ab0d-a20d0eafc3ec' WHERE userID = '5dc80fae-6383-4ab9-b6ae-ac157448a73d'; 
UPDATE user SET prioritaryDepartmentFK = 'dde6d81e-888c-4562-ac64-5537b8b74fd0' WHERE userID = '176a2a66-ac51-485b-819a-2cad826024ed'; 
UPDATE user SET prioritaryDepartmentFK = '8cbb2d50-e591-44dd-8858-79493060de0b' WHERE userID = '842e37d1-9679-410f-922e-38793728d2f5'; 
INSERT INTO workStatus(workStatusID, startDate,endDate, userStatusIDFK) VALUES('760e3012-4589-48d5-84cf-02dc741316d5', '2026-06-16', '2026-06-05', '067821bb-feaa-47ef-95b3-3fd243c64059'); 
INSERT INTO workStatus(workStatusID, startDate,endDate, userStatusIDFK) VALUES('4144cfe9-9148-40d0-b875-121deb204dfd', '2026-11-02', '2026-04-07', '6ab95ffb-373f-4727-93f3-0a990e24d8e8'); 
INSERT INTO workStatus(workStatusID, startDate,endDate, userStatusIDFK) VALUES('3a5a953d-3609-404c-9fa1-f42ae238f9cc', '2026-06-05', '1934-02-24', '4e3b5f8b-5e49-4c87-9373-132481283834'); 
INSERT INTO workStatus(workStatusID, startDate,endDate, userStatusIDFK) VALUES('9a79a1ac-968c-4ce3-8931-ba4f6c14e4a9', '2026-01-02', '2026-04-30', '13e35981-d163-49c0-88e0-d548c6c78452'); 
INSERT INTO workStatus(workStatusID, startDate,endDate, userStatusIDFK) VALUES('97cc9a8b-f67c-43ef-888d-317427aa15d3', '1806-03-21', '2026-06-16', '7488f429-6e47-4437-8f51-8f5b4b6ae390'); 
INSERT INTO workStatus(workStatusID, startDate,endDate, userStatusIDFK) VALUES('242bd0de-7a3c-435e-a53e-4bded5187861', '2026-08-28', '1531-12-12', '4a72c633-08df-421c-9d1b-5e0a7c37a900'); 
INSERT INTO workStatus(workStatusID, startDate,endDate, userStatusIDFK) VALUES('fe3db12f-b2d8-49c7-ab1a-694a3f941b1d', '1917-02-05', '1531-12-12', 'eabd9902-4f11-4109-9c74-cdc134b5bddd'); 
INSERT INTO workStatus(workStatusID, startDate,endDate, userStatusIDFK) VALUES('6c3d4eb7-1b24-4f94-85de-89a9dcc65b0b', '2026-05-15', '2026-09-21', 'd29d8fd0-a0de-420e-b6c6-d5d2da1ddfa7'); 
INSERT INTO workStatus(workStatusID, startDate,endDate, userStatusIDFK) VALUES('40dfffa9-293e-4d44-9b4b-9c6cb7d9ba6e', '2026-12-25', '2026-09-21', '7f130bc0-9301-4148-8f51-d52afa52d7ff'); 
INSERT INTO workStatus(workStatusID, startDate,endDate, userStatusIDFK) VALUES('88631c11-0df8-4868-8350-9be7907ae639', '2026-02-19', '1920-09-15', 'cfce7f2d-596a-49e4-9ef2-e88fdb7fb32e'); 
INSERT INTO workStatus(workStatusID, startDate,endDate, userStatusIDFK) VALUES('e880c184-ec78-4da6-a752-8525dae841ec', '2026-04-02', '2026-02-14', '6f455091-8f1f-4971-a207-092b942fc0cc'); 
INSERT INTO workStatus(workStatusID, startDate,endDate, userStatusIDFK) VALUES('5d3c14f9-23a5-430a-9e17-2e5500ae1684', '2026-12-25', '2026-06-02', 'a0e285ec-3d35-41a0-8949-54a83ea5b955'); 
INSERT INTO workStatus(workStatusID, startDate,endDate, userStatusIDFK) VALUES('417634c6-9b0e-4edc-baa4-15be0151d3fa', '2026-10-12', '2000-01-07', '1c845e89-92c9-4997-be9b-da5e80a6de96'); 
INSERT INTO workStatus(workStatusID, startDate,endDate, userStatusIDFK) VALUES('7e5685ad-ab85-4bc2-8af6-51ec37c720fd', '2026-04-02', '2026-02-14', 'e3144df5-6376-42c9-803e-c5066b8fa95d'); 
INSERT INTO workStatus(workStatusID, startDate,endDate, userStatusIDFK) VALUES('3e294f53-e751-44ba-8b18-32b997893f44', '2026-04-07', '1920-09-15', 'bc5a5453-afe3-4991-8270-097fb42eb1e6'); 
INSERT INTO workStatus(workStatusID, startDate,endDate, userStatusIDFK) VALUES('f6ce9547-bacc-4eda-8970-0975ae32c401', '2026-09-21', '2026-05-10', '0d86c334-2126-4c19-aec6-b24ce82c0f7d'); 
INSERT INTO workStatus(workStatusID, startDate,endDate, userStatusIDFK) VALUES('d461be06-1a55-4f59-99c4-1e38baecce02', '1806-03-21', '2026-06-02', '567d110e-e1b7-4019-86f4-d3153285afe2'); 
INSERT INTO workStatus(workStatusID, startDate,endDate, userStatusIDFK) VALUES('8164818a-d92f-4c9d-b1d6-b3d6aa1494b0', '1917-02-05', '2026-02-19', '45ab02f9-5d04-494c-9838-c4fa2c6ae422'); 
INSERT INTO workStatus(workStatusID, startDate,endDate, userStatusIDFK) VALUES('888204a6-bbbe-4289-8039-23d1bb875245', '1917-02-05', '1531-12-12', 'f29da520-00a4-441b-b9c1-d7a84f19a5e8'); 
INSERT INTO workStatus(workStatusID, startDate,endDate, userStatusIDFK) VALUES('feb2d8b1-8982-451d-b2f3-07727b897621', '1920-09-15', '2026-04-30', '01035dea-cd52-4f6b-9345-c328bc2226d9'); 
INSERT INTO workStatus(workStatusID, startDate,endDate, userStatusIDFK) VALUES('cdf5edf1-c6a8-4818-aed9-9af0d74cc888', '2026-08-22', '2026-06-02', 'a283509b-3f08-429a-9005-1d9e0e76ec7e'); 
INSERT INTO workStatus(workStatusID, startDate,endDate, userStatusIDFK) VALUES('f37c40fa-efbc-4365-9dc8-9a9195907f86', '1910-11-20', '2026-10-01', 'f6449ff1-b984-4261-b7ed-cfc46585026d'); 
INSERT INTO workStatus(workStatusID, startDate,endDate, userStatusIDFK) VALUES('6f15d809-05af-45cd-b72b-17841e94c418', '2026-11-02', '2000-01-07', '2f56843d-f9c0-47e8-98b5-ec4418e9ba9b'); 
INSERT INTO workStatus(workStatusID, startDate,endDate, userStatusIDFK) VALUES('e85e6383-eff9-436e-bf69-967ed8ab56e1', '2026-11-02', '2026-05-10', 'd42f1825-840b-4854-872e-22719c1a9efc'); 
INSERT INTO workStatus(workStatusID, startDate,endDate, userStatusIDFK) VALUES('7e3c6296-c080-4a85-98ad-053395639718', '2026-11-02', '1910-11-20', '11760bed-139c-49bf-9fb2-9968f98bebb1'); 
INSERT INTO workStatus(workStatusID, startDate,endDate, userStatusIDFK) VALUES('c10f9557-8e6d-43e4-8fb4-ea863226e8c8', '2026-03-08', '2026-05-10', '297e2037-63a6-4ea5-acac-c648a1cfd028'); 
INSERT INTO workStatus(workStatusID, startDate,endDate, userStatusIDFK) VALUES('6c009f71-3335-45ca-8d28-5a79e96a0e41', '2026-10-01', '2026-05-10', 'ee4a1131-d35b-45d8-8a7c-0ba32c6ca15d'); 
INSERT INTO workStatus(workStatusID, startDate,endDate, userStatusIDFK) VALUES('dccaf8c6-502a-4d38-b3d4-a0e540a085b1', '2026-08-22', '2026-03-08', '7f130bc0-9301-4148-8f51-d52afa52d7ff'); 
INSERT INTO workStatus(workStatusID, startDate,endDate, userStatusIDFK) VALUES('9e07aef9-8098-438e-995b-0a1d37d415fe', '2026-10-01', '2026-10-01', '11ebd779-bb27-4164-9d60-eb476fcbfe1c'); 
INSERT INTO workStatus(workStatusID, startDate,endDate, userStatusIDFK) VALUES('5d32bffe-18ff-4e9d-b072-5737115ee50a', '1886-05-01', '2026-11-02', '9a74930a-a0eb-4c2f-863e-284eff69d8e4'); 
INSERT INTO workStatus(workStatusID, startDate,endDate, userStatusIDFK) VALUES('6d56c877-73ff-4c88-bd71-c8e8cefaa7cc', '2026-06-16', '2026-06-02', '7a149d8b-f5a0-43cc-80c7-6049e052a49d'); 
INSERT INTO workStatus(workStatusID, startDate,endDate, userStatusIDFK) VALUES('af57dd06-8eee-4573-b844-f165b1472d29', '2026-04-07', '2026-10-01', 'ad7da668-d2d1-44ee-9c34-53ad4c3dd13e'); 
INSERT INTO workStatus(workStatusID, startDate,endDate, userStatusIDFK) VALUES('432ae60b-13b4-46ba-8118-61ecc8b8c9ce', '2026-06-16', '2026-06-02', '7488f429-6e47-4437-8f51-8f5b4b6ae390'); 
INSERT INTO workStatus(workStatusID, startDate,endDate, userStatusIDFK) VALUES('b9b077aa-1629-4243-92ad-70c7f09badfc', '2026-04-07', '2026-02-14', '63d528bd-a54b-4d00-a157-e313b4372471'); 
INSERT INTO workStatus(workStatusID, startDate,endDate, userStatusIDFK) VALUES('68e21ac9-cee2-4198-b1c7-50e481005c2b', '1934-02-24', '2026-04-30', '9ffdd240-fe39-4a34-a736-a4e369a376f3'); 
INSERT INTO workStatus(workStatusID, startDate,endDate, userStatusIDFK) VALUES('5ad7caca-9ebb-454b-b713-acb97c8fd345', '2026-06-16', '1806-03-21', '6c546485-faa0-4771-9ee4-0a9daf3a537b'); 
INSERT INTO workStatus(workStatusID, startDate,endDate, userStatusIDFK) VALUES('f5678e45-4b0f-46a7-bb5c-2c58b6032381', '2026-11-02', '2026-02-19', '567d110e-e1b7-4019-86f4-d3153285afe2'); 
INSERT INTO workStatus(workStatusID, startDate,endDate, userStatusIDFK) VALUES('ec95fa99-4e76-4821-bb85-d7827b3e11c0', '1934-02-24', '2026-04-02', '11760bed-139c-49bf-9fb2-9968f98bebb1'); 
INSERT INTO workStatus(workStatusID, startDate,endDate, userStatusIDFK) VALUES('315b635e-b419-41d7-9a03-b581ef4a7b88', '1920-09-15', '2026-05-10', '24177a0e-24b4-4f23-b0e1-9dcbafbe3bbf'); 
INSERT INTO workStatus(workStatusID, startDate,endDate, userStatusIDFK) VALUES('b9ac3691-2fb1-4f40-b159-60788bbcdbe9', '2026-12-25', '2026-04-30', 'd95295f1-00f7-4874-ab67-6fdc6628aad4'); 
INSERT INTO workStatus(workStatusID, startDate,endDate, userStatusIDFK) VALUES('478f4dfc-103d-468b-85de-7c769728ac28', '2026-02-19', '1917-02-05', '4a29cc92-98ae-4e01-bd15-4feea50bb1be'); 
INSERT INTO workStatus(workStatusID, startDate,endDate, userStatusIDFK) VALUES('97ce51f8-46dc-4421-8524-16106ba55d67', '2026-12-25', '2026-04-30', 'a73127f1-f1bc-4508-9d1b-b0e1ea2fcd02'); 
INSERT INTO workStatus(workStatusID, startDate,endDate, userStatusIDFK) VALUES('40608bbc-d622-4482-8b3c-df43d3ad94cb', '1806-03-21', '1920-09-15', '203b2cec-4f4c-4b99-86f8-2a1b07556bca'); 
INSERT INTO workStatus(workStatusID, startDate,endDate, userStatusIDFK) VALUES('1536a32b-460e-40a4-b585-3e22c59ead81', '2026-09-21', '2026-04-30', '11ebd779-bb27-4164-9d60-eb476fcbfe1c'); 
INSERT INTO workStatus(workStatusID, startDate,endDate, userStatusIDFK) VALUES('f61ba2d5-5e75-43f2-8177-63c08c9a64b8', '2026-10-12', '2026-12-25', 'd4f8559f-1a4c-49e9-873d-dcd08801990a'); 
INSERT INTO workStatus(workStatusID, startDate,endDate, userStatusIDFK) VALUES('84e80ec3-0ad3-41b8-95d6-88bbcca35da2', '2026-08-22', '1934-02-24', '0d1f1011-485f-464a-8873-10f2af989ac9'); 
INSERT INTO workStatus(workStatusID, startDate,endDate, userStatusIDFK) VALUES('f3139c57-d428-4138-a0d1-aa6956927719', '2026-06-05', '2026-10-01', 'b2dc412d-f640-4085-8085-9b61a8edf0cc'); 
INSERT INTO workStatus(workStatusID, startDate,endDate, userStatusIDFK) VALUES('559f50dd-5a1d-40b7-bf81-8ae4749d80cb', '2026-04-02', '1934-02-24', '8ccc6771-4be9-4654-b073-a1059bfcb59c'); 
INSERT INTO workStatus(workStatusID, startDate,endDate, userStatusIDFK) VALUES('a9898e54-f2e4-4669-bd83-b377d853c8b5', '2026-08-22', '2026-08-22', '13e35981-d163-49c0-88e0-d548c6c78452'); 
INSERT INTO workStatus(workStatusID, startDate,endDate, userStatusIDFK) VALUES('65a4b6ef-882b-4c08-b6fe-b0b3a73941fb', '2026-06-05', '1531-12-12', '4e3b5f8b-5e49-4c87-9373-132481283834'); 
INSERT INTO workStatus(workStatusID, startDate,endDate, userStatusIDFK) VALUES('94226548-993e-4b61-b348-4629adeadf9c', '2026-10-12', '2026-04-30', '022e390a-5abf-4441-8e4f-bb1f4e16a0c7'); 
INSERT INTO workStatus(workStatusID, startDate,endDate, userStatusIDFK) VALUES('7a01272b-b4ce-44f5-8a90-1aac243c116c', '1531-12-12', '2026-10-01', 'f97351c7-b1a0-41d5-bcf9-979172e65c43'); 
INSERT INTO workStatus(workStatusID, startDate,endDate, userStatusIDFK) VALUES('3743507d-6cfd-484b-9ada-56c35557ea80', '2026-09-21', '1886-05-01', '1f87a2ce-f7a9-4ada-8b99-209a75e823ed'); 
INSERT INTO workStatus(workStatusID, startDate,endDate, userStatusIDFK) VALUES('0082741a-2e99-4640-852b-8f0d62d25de0', '1917-02-05', '2026-05-10', '61ba865d-d2b1-484d-860a-f4fb527224b9'); 
INSERT INTO workStatus(workStatusID, startDate,endDate, userStatusIDFK) VALUES('8af422e0-b777-47a1-b742-5adc42dc505c', '2026-08-22', '2026-10-12', '283a4a79-7330-4a46-8b43-3dd3c153e9ce'); 
INSERT INTO workStatus(workStatusID, startDate,endDate, userStatusIDFK) VALUES('4befddda-fc40-4d59-a0eb-b36875a88a55', '2026-10-12', '2026-06-02', '61ba865d-d2b1-484d-860a-f4fb527224b9'); 
INSERT INTO workStatus(workStatusID, startDate,endDate, userStatusIDFK) VALUES('01f9ce5b-d510-4726-ac42-0f1e8dfefc68', '2026-01-02', '1920-09-15', '85fb6a4c-a045-4e70-94ad-a8ab8a0dc22f'); 
INSERT INTO workStatus(workStatusID, startDate,endDate, userStatusIDFK) VALUES('535c0007-c476-4f4e-8b0e-50580f4a266a', '1910-11-20', '2026-02-14', '24177a0e-24b4-4f23-b0e1-9dcbafbe3bbf'); 
INSERT INTO workStatus(workStatusID, startDate,endDate, userStatusIDFK) VALUES('45a3e455-c272-43be-9a4e-faefa156efa8', '2026-10-01', '2026-04-07', '45ab02f9-5d04-494c-9838-c4fa2c6ae422'); 
INSERT INTO workStatus(workStatusID, startDate,endDate, userStatusIDFK) VALUES('683166b9-8975-43af-a022-e682688a66bd', '2026-03-08', '1806-03-21', '5772d8e5-ac2b-47f4-b21a-c3e18338d855'); 

INSERT INTO oneOnOneQuestion(questionID, question) VALUES('d8100ab2-5e04-4100-9a91-a874f600dc27', '¿Cuál va a ser tu meta del mes?'); 
INSERT INTO oneOnOneQuestion(questionID, question) VALUES('95b0db98-60bb-4b46-bd23-d0a4e01c7cf0', '¿En qué te encuentras trabajando?'); 
INSERT INTO oneOnOneQuestion(questionID, question) VALUES('2f4f2ad0-4f84-41f7-b858-f7d57f5d6a30', '¿Qué vamos hacer para cumplir las metas?'); 
INSERT INTO oneOnOneQuestion(questionID, question) VALUES('0390f4be-d632-41a7-96c1-c352b1ea8100', '¿A quién quiero reconocer en la semana?'); 

INSERT INTO oneOnOneMeasurable(measurableID, summary) VALUES('524f99b3-4791-4b3e-a68b-9cd1bbd5d44b', 'Reconocimiento: El colaborador no se siente valorado por sus compañeros'); 
INSERT INTO oneOnOneMeasurable(measurableID, summary) VALUES('9221fb73-c8d1-448c-a4e5-76a5e68af735', 'Salud emocional: El colaborador se siente excelente emocionalmente y con emociones muy positivas'); 
INSERT INTO oneOnOneMeasurable(measurableID, summary) VALUES('ab7cb5b6-bb1b-4157-acfc-2cc047f55269', 'Equiilibrio: El colaborador siente que hay poco equilibrio entre su vida personal y trabajo'); 
INSERT INTO oneOnOneMeasurable(measurableID, summary) VALUES('c531c2f9-bde6-4f33-8cc5-be83fae12e77', 'Carga de trabajo: El colaborador siente que su carga es medianamente manejable'); 
INSERT INTO oneOnOneMeasurable(measurableID, summary) VALUES('e532b226-899e-43b5-9f6a-aab1d39b7705', 'Equilibrio: El colaborador siente que hay mucho equilibrio entre su vida personal y trabajo'); 

INSERT INTO oneOnOne(oneOnOneID, expectedTime, meetingDate, oneOnOneUserIDFK) VALUES('444ff6d0-14b4-440f-9582-862c67b8de8e', 15, '2025-03-05 09:15:00', '2c309fbd-0b7a-4a49-b5b6-e51e303e71f8');
INSERT INTO oneOnOne(oneOnOneID, expectedTime, meetingDate, oneOnOneUserIDFK) VALUES('f6db1ba0-8def-4c04-b49a-74b6dec4acaf', 15, '2025-05-07 14:45:00', '13e35981-d163-49c0-88e0-d548c6c78452');
INSERT INTO oneOnOne(oneOnOneID, expectedTime, meetingDate, oneOnOneUserIDFK) VALUES('e7f6856d-22ed-4500-bb66-7c2c5c5847fd', 15, '2025-03-05 09:15:00', '7f130bc0-9301-4148-8f51-d52afa52d7ff');
INSERT INTO oneOnOne(oneOnOneID, expectedTime, meetingDate, oneOnOneUserIDFK) VALUES('e92ad35d-e1b1-418d-a0fa-ee63e1e4e94f', 15, '2025-03-21 16:00:00', '9a74930a-a0eb-4c2f-863e-284eff69d8e4');
INSERT INTO oneOnOne(oneOnOneID, expectedTime, meetingDate, oneOnOneUserIDFK) VALUES('0651db82-7d37-4ac4-b4bf-fb6da8254006', 15, '2025-03-21 16:00:00', 'd2fe884f-4eef-4542-ad7a-b87edfe08f3d');
INSERT INTO oneOnOne(oneOnOneID, expectedTime, meetingDate, oneOnOneUserIDFK) VALUES('94522182-b603-469f-926c-75c672c6a1f4', 15, '2025-03-05 09:45:00', 'eabd9902-4f11-4109-9c74-cdc134b5bddd');
INSERT INTO oneOnOne(oneOnOneID, expectedTime, meetingDate, oneOnOneUserIDFK) VALUES('070d8e02-7b37-48bb-bd2e-ad64c2008644', 15, '2025-05-07 07:00:00', '8e8efa5b-0540-4cf2-b925-5718fb4c9a64');
INSERT INTO oneOnOne(oneOnOneID, expectedTime, meetingDate, oneOnOneUserIDFK) VALUES('55db16ca-a188-4043-bdd3-1c4cda29dadd', 15, '2025-05-07 07:00:00', 'ad7da668-d2d1-44ee-9c34-53ad4c3dd13e');
INSERT INTO oneOnOne(oneOnOneID, expectedTime, meetingDate, oneOnOneUserIDFK) VALUES('604e330d-b3f6-4d39-bac3-c2e5189dfbe2', 15, '2025-03-05 09:30:00', '5dc80fae-6383-4ab9-b6ae-ac157448a73d');
INSERT INTO oneOnOne(oneOnOneID, expectedTime, meetingDate, oneOnOneUserIDFK) VALUES('8101459d-4d20-4727-bd6b-3902cb8735d9', 15, '2025-03-20 13:30:00', '283a4a79-7330-4a46-8b43-3dd3c153e9ce');
INSERT INTO oneOnOne(oneOnOneID, expectedTime, meetingDate, oneOnOneUserIDFK) VALUES('7366aa35-4bc2-4246-a511-ca1792cb5d30', 15, '2025-05-07 14:30:00', '6c546485-faa0-4771-9ee4-0a9daf3a537b');
INSERT INTO oneOnOne(oneOnOneID, expectedTime, meetingDate, oneOnOneUserIDFK) VALUES('407a6279-7c2e-40b1-873b-ddedae4397e4', 15, '2025-05-12 14:15:00', '5dc80fae-6383-4ab9-b6ae-ac157448a73d');
INSERT INTO oneOnOne(oneOnOneID, expectedTime, meetingDate, oneOnOneUserIDFK) VALUES('d4ffc79f-165a-4a73-8a83-f081c36ae33c', 15, '2025-05-07 14:15:00', '6c546485-faa0-4771-9ee4-0a9daf3a537b');
INSERT INTO oneOnOne(oneOnOneID, expectedTime, meetingDate, oneOnOneUserIDFK) VALUES('98187775-0626-489d-8a46-f7c01af688b9', 15, '2025-03-05 09:30:00', '2f56843d-f9c0-47e8-98b5-ec4418e9ba9b');
INSERT INTO oneOnOne(oneOnOneID, expectedTime, meetingDate, oneOnOneUserIDFK) VALUES('806ca771-ed6a-4bd0-a6c2-e2e25afa5acf', 15, '2025-03-05 09:45:00', '1914ab7e-fe83-4332-a0ba-ee1c08aa8896');
INSERT INTO oneOnOne(oneOnOneID, expectedTime, meetingDate, oneOnOneUserIDFK) VALUES('9e8acd95-4ae7-4cd2-a199-b4c519206c8a', 15, '2025-03-05 09:15:00', '8d60b47b-05c8-4f84-8e0f-a5aabbc690c8');
INSERT INTO oneOnOne(oneOnOneID, expectedTime, meetingDate, oneOnOneUserIDFK) VALUES('de7c28c0-5e82-4ab8-91bb-38d859c2a5ee', 15, '2025-03-21 16:00:00', '840f6534-f864-404a-8112-c694efe7c840');
INSERT INTO oneOnOne(oneOnOneID, expectedTime, meetingDate, oneOnOneUserIDFK) VALUES('df2d1394-f22d-445e-b7c2-341da0b04560', 15, '2025-05-07 14:45:00', 'b2dc412d-f640-4085-8085-9b61a8edf0cc');
INSERT INTO oneOnOne(oneOnOneID, expectedTime, meetingDate, oneOnOneUserIDFK) VALUES('c718d500-f02e-4295-9dcf-2297af4fab43', 15, '2025-03-21 16:15:00', '8f4f580a-39ac-43f5-9733-812fa01758e4');
INSERT INTO oneOnOne(oneOnOneID, expectedTime, meetingDate, oneOnOneUserIDFK) VALUES('a08fb9d5-ad59-45f2-b994-bad45cd2a95c', 15, '2025-05-07 07:30:00', '2c309fbd-0b7a-4a49-b5b6-e51e303e71f8');
INSERT INTO oneOnOne(oneOnOneID, expectedTime, meetingDate, oneOnOneUserIDFK) VALUES('58f5ee7a-8c9d-4a37-a00c-0fd7ac9f9181', 15, '2025-05-07 07:30:00', 'df0212f3-f406-4dcb-99b7-e09da91a00c2');
INSERT INTO oneOnOne(oneOnOneID, expectedTime, meetingDate, oneOnOneUserIDFK) VALUES('3ea49bf8-78f7-4b21-938e-f972e6ee6061', 15, '2025-05-07 14:15:00', '8d60b47b-05c8-4f84-8e0f-a5aabbc690c8');
INSERT INTO oneOnOne(oneOnOneID, expectedTime, meetingDate, oneOnOneUserIDFK) VALUES('b2dd37c2-b4e3-4145-a5ad-306cebd407e4', 15, '2025-05-12 14:15:00', '7a149d8b-f5a0-43cc-80c7-6049e052a49d');
INSERT INTO oneOnOne(oneOnOneID, expectedTime, meetingDate, oneOnOneUserIDFK) VALUES('6d523d67-c423-4524-84d0-21af83fee645', 15, '2025-05-12 14:45:00', '11ebd779-bb27-4164-9d60-eb476fcbfe1c');
INSERT INTO oneOnOne(oneOnOneID, expectedTime, meetingDate, oneOnOneUserIDFK) VALUES('f82f5328-9b3e-4ca2-a248-a1d1b6f40e1d', 15, '2025-05-07 14:15:00', '069c56a7-8dcd-48c0-8aaa-76f49bf55606');
INSERT INTO oneOnOne(oneOnOneID, expectedTime, meetingDate, oneOnOneUserIDFK) VALUES('ddb643fe-66c6-4d4c-8bb0-16b1a84504d1', 15, '2025-03-05 09:45:00', '124f8cae-b111-46f3-931d-e37cecab4790');
INSERT INTO oneOnOne(oneOnOneID, expectedTime, meetingDate, oneOnOneUserIDFK) VALUES('83651624-36cc-4845-a9d1-775bae2d9eac', 15, '2025-03-05 09:45:00', 'd95295f1-00f7-4874-ab67-6fdc6628aad4');
INSERT INTO oneOnOne(oneOnOneID, expectedTime, meetingDate, oneOnOneUserIDFK) VALUES('e06f59f6-2002-4c24-931c-67a09fccb6c4', 15, '2025-03-20 13:30:00', '7a149d8b-f5a0-43cc-80c7-6049e052a49d');
INSERT INTO oneOnOne(oneOnOneID, expectedTime, meetingDate, oneOnOneUserIDFK) VALUES('476badbe-c75b-4c65-887f-cab15f390b56', 15, '2025-03-05 09:45:00', '2c309fbd-0b7a-4a49-b5b6-e51e303e71f8');
INSERT INTO oneOnOne(oneOnOneID, expectedTime, meetingDate, oneOnOneUserIDFK) VALUES('7ee0aee5-804e-4137-92b4-b9eefb259cba', 15, '2025-05-12 14:15:00', '1c845e89-92c9-4997-be9b-da5e80a6de96');
INSERT INTO oneOnOne(oneOnOneID, expectedTime, meetingDate, oneOnOneUserIDFK) VALUES('51ff251b-b185-45bc-9baf-c96d2da91b13', 15, '2025-03-21 16:15:00', '948303e7-d2a8-46dd-b30b-0fb4d1af4985');
INSERT INTO oneOnOne(oneOnOneID, expectedTime, meetingDate, oneOnOneUserIDFK) VALUES('607b781a-6a74-4f06-ae2b-fdd47cfdf998', 15, '2025-05-07 07:00:00', '321977c9-1719-4a03-81dd-3cd26d84a0ed');
INSERT INTO oneOnOne(oneOnOneID, expectedTime, meetingDate, oneOnOneUserIDFK) VALUES('6a599c33-c6c9-4ce2-9c05-4ba166c71980', 15, '2025-05-12 14:30:00', '2d4fa6a1-8e0b-4d63-8f3b-6bb4e6ec1c9f');
INSERT INTO oneOnOne(oneOnOneID, expectedTime, meetingDate, oneOnOneUserIDFK) VALUES('37bbea34-8f66-4189-bedf-07eb4961877c', 15, '2025-05-12 14:15:00', '567d110e-e1b7-4019-86f4-d3153285afe2');
INSERT INTO oneOnOne(oneOnOneID, expectedTime, meetingDate, oneOnOneUserIDFK) VALUES('092d5e55-cec4-4ce8-844d-75038431edb8', 15, '2025-03-05 09:30:00', '61ba865d-d2b1-484d-860a-f4fb527224b9');
INSERT INTO oneOnOne(oneOnOneID, expectedTime, meetingDate, oneOnOneUserIDFK) VALUES('4952c951-3d13-42c5-8fd9-16e8e3434638', 15, '2025-03-20 13:15:00', '1e5ae1a4-aeb0-495e-8224-5f302c7a015a');
INSERT INTO oneOnOne(oneOnOneID, expectedTime, meetingDate, oneOnOneUserIDFK) VALUES('fa4ea16f-5125-403e-9d61-91c7aae391fb', 15, '2025-05-07 14:15:00', '2af95714-d9b3-4ca8-9c8e-da580de290e2');
INSERT INTO oneOnOne(oneOnOneID, expectedTime, meetingDate, oneOnOneUserIDFK) VALUES('e63387fc-1b6a-4f61-a251-6bf64bb997bb', 15, '2025-03-20 13:30:00', '321977c9-1719-4a03-81dd-3cd26d84a0ed');
INSERT INTO oneOnOne(oneOnOneID, expectedTime, meetingDate, oneOnOneUserIDFK) VALUES('4899bcda-6167-4df2-a2de-9610c4c997c0', 15, '2025-05-07 14:45:00', '9ffdd240-fe39-4a34-a736-a4e369a376f3');
INSERT INTO oneOnOne(oneOnOneID, expectedTime, meetingDate, oneOnOneUserIDFK) VALUES('46a351b2-999d-4b30-9876-ecb3be857098', 15, '2025-03-05 09:30:00', '176a2a66-ac51-485b-819a-2cad826024ed');
INSERT INTO oneOnOne(oneOnOneID, expectedTime, meetingDate, oneOnOneUserIDFK) VALUES('d839346e-49f9-48e0-b91d-e1b963840b15', 15, '2025-03-21 16:15:00', 'ad7da668-d2d1-44ee-9c34-53ad4c3dd13e');
INSERT INTO oneOnOne(oneOnOneID, expectedTime, meetingDate, oneOnOneUserIDFK) VALUES('4d00f739-b3b5-4f23-8ea5-faa47e34d8ec', 15, '2025-05-07 07:30:00', '8ccc6771-4be9-4654-b073-a1059bfcb59c');
INSERT INTO oneOnOne(oneOnOneID, expectedTime, meetingDate, oneOnOneUserIDFK) VALUES('5e8b413f-44a5-444f-bae1-f73b2ff73268', 15, '2025-03-05 09:30:00', '2653b3e6-fb30-4c4e-8aad-c545223babf3');
INSERT INTO oneOnOne(oneOnOneID, expectedTime, meetingDate, oneOnOneUserIDFK) VALUES('ce36cdc9-da4b-4db2-b77a-845cd80f9d18', 15, '2025-05-07 07:30:00', '892b0b64-933f-425c-8995-6b3d4fd8e578');
INSERT INTO oneOnOne(oneOnOneID, expectedTime, meetingDate, oneOnOneUserIDFK) VALUES('a3fdbd9a-38ec-426b-953d-537c0b8949d4', 15, '2025-03-05 09:45:00', '069c56a7-8dcd-48c0-8aaa-76f49bf55606');
INSERT INTO oneOnOne(oneOnOneID, expectedTime, meetingDate, oneOnOneUserIDFK) VALUES('15cc4c99-2824-48c5-bcfc-08189f05d639', 15, '2025-03-20 13:30:00', '00980a92-d307-4dd1-9bda-58ea8434279d');
INSERT INTO oneOnOne(oneOnOneID, expectedTime, meetingDate, oneOnOneUserIDFK) VALUES('a81708fb-9414-44dd-a8e7-72bafd3e0696', 15, '2025-03-05 09:45:00', '8ccc6771-4be9-4654-b073-a1059bfcb59c');
INSERT INTO oneOnOne(oneOnOneID, expectedTime, meetingDate, oneOnOneUserIDFK) VALUES('2b673b33-7fda-4855-9376-18df1e2fe71a', 15, '2025-05-07 14:15:00', 'f97351c7-b1a0-41d5-bcf9-979172e65c43');
INSERT INTO oneOnOne(oneOnOneID, expectedTime, meetingDate, oneOnOneUserIDFK) VALUES('a1e48613-9e83-41a4-99b7-ce58e2359316', 15, '2025-05-07 14:30:00', '8e8efa5b-0540-4cf2-b925-5718fb4c9a64');
INSERT INTO oneOnOne(oneOnOneID, expectedTime, meetingDate, oneOnOneUserIDFK) VALUES('0a81c422-60e3-4247-bd15-439bb62721c9', 15, '2025-05-12 14:15:00', '2653b3e6-fb30-4c4e-8aad-c545223babf3');
INSERT INTO oneOnOne(oneOnOneID, expectedTime, meetingDate, oneOnOneUserIDFK) VALUES('69bed137-16b4-4daa-8a22-17182c98dd4f', 15, '2025-03-20 13:30:00', '176a2a66-ac51-485b-819a-2cad826024ed');
INSERT INTO oneOnOne(oneOnOneID, expectedTime, meetingDate, oneOnOneUserIDFK) VALUES('40bdb683-586d-4a7a-b66f-1e51d8dc220f', 15, '2025-03-05 09:15:00', '4a79c11d-5ea3-41b5-aa1f-bc15799bdbe7');
INSERT INTO oneOnOne(oneOnOneID, expectedTime, meetingDate, oneOnOneUserIDFK) VALUES('9da09eb4-b9cb-4d96-9a45-56bb85137108', 15, '2025-03-21 16:00:00', '70b8d444-b3d0-4e53-a8e8-c2b25fdb6e7b');
INSERT INTO oneOnOne(oneOnOneID, expectedTime, meetingDate, oneOnOneUserIDFK) VALUES('e5152104-66f9-4088-89d3-5f8570ff2425', 15, '2025-05-12 14:30:00', 'a73127f1-f1bc-4508-9d1b-b0e1ea2fcd02');
INSERT INTO oneOnOne(oneOnOneID, expectedTime, meetingDate, oneOnOneUserIDFK) VALUES('4e09b7a4-c43d-4735-8523-14f80829190c', 15, '2025-05-12 14:45:00', 'e4a34910-e310-40b8-89fc-9ca84ddc569d');
INSERT INTO oneOnOne(oneOnOneID, expectedTime, meetingDate, oneOnOneUserIDFK) VALUES('171cc076-a131-46c5-962e-b4c87dbd7f21', 15, '2025-03-20 13:15:00', 'b4e79b9e-9816-4c77-83c1-cafb036c04ff');
INSERT INTO oneOnOne(oneOnOneID, expectedTime, meetingDate, oneOnOneUserIDFK) VALUES('b702fccb-fa04-4413-9183-26fe9a42be11', 15, '2025-05-07 14:45:00', 'fe4d7d4f-285e-4432-80e5-220de9a64705');
INSERT INTO oneOnOne(oneOnOneID, expectedTime, meetingDate, oneOnOneUserIDFK) VALUES('a945b55e-0d32-4b8d-949d-492d544b291f', 15, '2025-05-12 14:45:00', '8d60b47b-05c8-4f84-8e0f-a5aabbc690c8');
INSERT INTO oneOnOne(oneOnOneID, expectedTime, meetingDate, oneOnOneUserIDFK) VALUES('593e967f-3c30-42fb-81a6-eac84f307ead', 15, '2025-05-12 14:15:00', '1914ab7e-fe83-4332-a0ba-ee1c08aa8896');
INSERT INTO oneOnOne(oneOnOneID, expectedTime, meetingDate, oneOnOneUserIDFK) VALUES('ca046614-31ba-4f5a-99a5-88ecfec6827d', 15, '2025-03-05 09:15:00', '20db838c-d6f8-48f3-befe-e1942eee4d4a');
INSERT INTO oneOnOne(oneOnOneID, expectedTime, meetingDate, oneOnOneUserIDFK) VALUES('fef4e5e8-bc35-483a-a256-ebab20ef1134', 15, '2025-03-05 09:45:00', 'df0212f3-f406-4dcb-99b7-e09da91a00c2');
INSERT INTO oneOnOne(oneOnOneID, expectedTime, meetingDate, oneOnOneUserIDFK) VALUES('7ba43903-9037-4a12-b4cd-c5f4cbb9d9b3', 15, '2025-05-07 14:30:00', 'c0d6ed70-1383-499e-b678-c69ec7f14270');
INSERT INTO oneOnOne(oneOnOneID, expectedTime, meetingDate, oneOnOneUserIDFK) VALUES('b0f1229b-9c42-4aae-b7ab-790b271e442a', 15, '2025-05-12 14:30:00', 'ed49f1e2-0bc6-4e49-9bdd-24516b424c9a');
INSERT INTO oneOnOne(oneOnOneID, expectedTime, meetingDate, oneOnOneUserIDFK) VALUES('c12fc186-238c-4ffd-80b4-0b0c64fc2eff', 15, '2025-05-07 14:30:00', '9ffdd240-fe39-4a34-a736-a4e369a376f3');
INSERT INTO oneOnOne(oneOnOneID, expectedTime, meetingDate, oneOnOneUserIDFK) VALUES('47e735c0-f25c-4e36-878d-b17b4ee13dd4', 15, '2025-03-05 09:15:00', '840f6534-f864-404a-8112-c694efe7c840');
INSERT INTO oneOnOne(oneOnOneID, expectedTime, meetingDate, oneOnOneUserIDFK) VALUES('0109c70d-152c-4943-aba2-b4b5e99bebaa', 15, '2025-05-07 07:00:00', '01035dea-cd52-4f6b-9345-c328bc2226d9');
INSERT INTO oneOnOne(oneOnOneID, expectedTime, meetingDate, oneOnOneUserIDFK) VALUES('c4ce1576-4a63-4787-b75b-504a5d5a126a', 15, '2025-03-21 16:15:00', '9ffdd240-fe39-4a34-a736-a4e369a376f3');
INSERT INTO oneOnOne(oneOnOneID, expectedTime, meetingDate, oneOnOneUserIDFK) VALUES('b3691667-1fff-420a-a990-5132552047cb', 15, '2025-05-12 14:30:00', '06db9131-e168-443d-80d8-1957c4c160c2');
INSERT INTO oneOnOne(oneOnOneID, expectedTime, meetingDate, oneOnOneUserIDFK) VALUES('f1e27d41-2dda-4b3f-840b-7db8bee6ce25', 15, '2025-05-07 14:30:00', '24177a0e-24b4-4f23-b0e1-9dcbafbe3bbf');
INSERT INTO oneOnOne(oneOnOneID, expectedTime, meetingDate, oneOnOneUserIDFK) VALUES('0f77b861-a90d-41f0-98eb-9bfadc7e771d', 15, '2025-05-12 14:15:00', '840f6534-f864-404a-8112-c694efe7c840');

INSERT INTO oneOnOneAnswer(answer, answerOneOnOneIDFK, questionIDFK) VALUES('Si bien hubo momentos de presión, no me siento decepcionado y estoy enfocado en encontrar soluciones.', '69bed137-16b4-4daa-8a22-17182c98dd4f', '0390f4be-d632-41a7-96c1-c352b1ea8100');
INSERT INTO oneOnOneAnswer(answer, answerOneOnOneIDFK, questionIDFK) VALUES('Planeamos definir un plan de acción detallado, distribuir responsabilidades claramente y realizar seguimientos semanales para ajustar el rumbo si es necesario.', '51ff251b-b185-45bc-9baf-c96d2da91b13', '2f4f2ad0-4f84-41f7-b858-f7d57f5d6a30');
INSERT INTO oneOnOneAnswer(answer, answerOneOnOneIDFK, questionIDFK) VALUES('Quiero concentrarme en perfeccionar mis habilidades técnicas y cumplir con los plazos establecidos en mis tareas.', 'fef4e5e8-bc35-483a-a256-ebab20ef1134', '0390f4be-d632-41a7-96c1-c352b1ea8100');
INSERT INTO oneOnOneAnswer(answer, answerOneOnOneIDFK, questionIDFK) VALUES('Me encuentro trabajando en la optimización de procesos internos y en la implementación de mejoras para el próximo trimestre.', '4e09b7a4-c43d-4735-8523-14f80829190c', '95b0db98-60bb-4b46-bd23-d0a4e01c7cf0');
INSERT INTO oneOnOneAnswer(answer, answerOneOnOneIDFK, questionIDFK) VALUES('La mayoría de las entregas están en línea con el cronograma, aunque se requieren pequeños ajustes en algunas tareas.', '593e967f-3c30-42fb-81a6-eac84f307ead', '0390f4be-d632-41a7-96c1-c352b1ea8100');
INSERT INTO oneOnOneAnswer(answer, answerOneOnOneIDFK, questionIDFK) VALUES('La mayoría de las entregas están en línea con el cronograma, aunque se requieren pequeños ajustes en algunas tareas.', 'e5152104-66f9-4088-89d3-5f8570ff2425', '2f4f2ad0-4f84-41f7-b858-f7d57f5d6a30');
INSERT INTO oneOnOneAnswer(answer, answerOneOnOneIDFK, questionIDFK) VALUES('En su mayoría la semana fue fluida, aunque surgió una situación que requirió reordenar prioridades, lo cual se solucionó rápidamente.', 'fef4e5e8-bc35-483a-a256-ebab20ef1134', '0390f4be-d632-41a7-96c1-c352b1ea8100');
INSERT INTO oneOnOneAnswer(answer, answerOneOnOneIDFK, questionIDFK) VALUES('Planeamos definir un plan de acción detallado, distribuir responsabilidades claramente y realizar seguimientos semanales para ajustar el rumbo si es necesario.', 'a81708fb-9414-44dd-a8e7-72bafd3e0696', 'd8100ab2-5e04-4100-9a91-a874f600dc27');
INSERT INTO oneOnOneAnswer(answer, answerOneOnOneIDFK, questionIDFK) VALUES('Vamos a fomentar la comunicación continua y a utilizar herramientas de gestión que nos ayuden a monitorear el progreso.', '5e8b413f-44a5-444f-bae1-f73b2ff73268', '0390f4be-d632-41a7-96c1-c352b1ea8100');
INSERT INTO oneOnOneAnswer(answer, answerOneOnOneIDFK, questionIDFK) VALUES('Me encuentro trabajando en la optimización de procesos internos y en la implementación de mejoras para el próximo trimestre.', '4899bcda-6167-4df2-a2de-9610c4c997c0', '0390f4be-d632-41a7-96c1-c352b1ea8100');
INSERT INTO oneOnOneAnswer(answer, answerOneOnOneIDFK, questionIDFK) VALUES('Sí, hubo un imprevisto en la coordinación del equipo, pero logramos resolverlo a tiempo con la colaboración de todos.', '407a6279-7c2e-40b1-873b-ddedae4397e4', '95b0db98-60bb-4b46-bd23-d0a4e01c7cf0');
INSERT INTO oneOnOneAnswer(answer, answerOneOnOneIDFK, questionIDFK) VALUES('Estoy satisfecho por haber superado varios desafíos y mejorar mi organización y gestión del tiempo.', '407a6279-7c2e-40b1-873b-ddedae4397e4', '2f4f2ad0-4f84-41f7-b858-f7d57f5d6a30');
INSERT INTO oneOnOneAnswer(answer, answerOneOnOneIDFK, questionIDFK) VALUES('En general, me siento tranquilo, aunque reconozco que en algunas situaciones se presenta algo de estrés que manejo con calma.', 'b2dd37c2-b4e3-4145-a5ad-306cebd407e4', '2f4f2ad0-4f84-41f7-b858-f7d57f5d6a30');
INSERT INTO oneOnOneAnswer(answer, answerOneOnOneIDFK, questionIDFK) VALUES('Sí, hubo un imprevisto en la coordinación del equipo, pero logramos resolverlo a tiempo con la colaboración de todos.', '407a6279-7c2e-40b1-873b-ddedae4397e4', 'd8100ab2-5e04-4100-9a91-a874f600dc27');
INSERT INTO oneOnOneAnswer(answer, answerOneOnOneIDFK, questionIDFK) VALUES('En general, me siento tranquilo, aunque reconozco que en algunas situaciones se presenta algo de estrés que manejo con calma.', '6a599c33-c6c9-4ce2-9c05-4ba166c71980', '0390f4be-d632-41a7-96c1-c352b1ea8100');
INSERT INTO oneOnOneAnswer(answer, answerOneOnOneIDFK, questionIDFK) VALUES('Planeamos definir un plan de acción detallado, distribuir responsabilidades claramente y realizar seguimientos semanales para ajustar el rumbo si es necesario.', '607b781a-6a74-4f06-ae2b-fdd47cfdf998', '95b0db98-60bb-4b46-bd23-d0a4e01c7cf0');
INSERT INTO oneOnOneAnswer(answer, answerOneOnOneIDFK, questionIDFK) VALUES('Quiero concentrarme en perfeccionar mis habilidades técnicas y cumplir con los plazos establecidos en mis tareas.', '070d8e02-7b37-48bb-bd2e-ad64c2008644', 'd8100ab2-5e04-4100-9a91-a874f600dc27');
INSERT INTO oneOnOneAnswer(answer, answerOneOnOneIDFK, questionIDFK) VALUES('Planeamos definir un plan de acción detallado, distribuir responsabilidades claramente y realizar seguimientos semanales para ajustar el rumbo si es necesario.', 'c12fc186-238c-4ffd-80b4-0b0c64fc2eff', '0390f4be-d632-41a7-96c1-c352b1ea8100');
INSERT INTO oneOnOneAnswer(answer, answerOneOnOneIDFK, questionIDFK) VALUES('Sí, hubo un imprevisto en la coordinación del equipo, pero logramos resolverlo a tiempo con la colaboración de todos.', 'd4ffc79f-165a-4a73-8a83-f081c36ae33c', '0390f4be-d632-41a7-96c1-c352b1ea8100');
INSERT INTO oneOnOneAnswer(answer, answerOneOnOneIDFK, questionIDFK) VALUES('Planeamos definir un plan de acción detallado, distribuir responsabilidades claramente y realizar seguimientos semanales para ajustar el rumbo si es necesario.', 'fef4e5e8-bc35-483a-a256-ebab20ef1134', 'd8100ab2-5e04-4100-9a91-a874f600dc27');
INSERT INTO oneOnOneAnswer(answer, answerOneOnOneIDFK, questionIDFK) VALUES('En general tengo lo necesario, aunque en algunas áreas podría beneficiarme de recursos adicionales para acelerar ciertos procesos.', 'df2d1394-f22d-445e-b7c2-341da0b04560', '95b0db98-60bb-4b46-bd23-d0a4e01c7cf0');
INSERT INTO oneOnOneAnswer(answer, answerOneOnOneIDFK, questionIDFK) VALUES('Si bien hubo momentos de presión, no me siento decepcionado y estoy enfocado en encontrar soluciones.', '0f77b861-a90d-41f0-98eb-9bfadc7e771d', 'd8100ab2-5e04-4100-9a91-a874f600dc27');
INSERT INTO oneOnOneAnswer(answer, answerOneOnOneIDFK, questionIDFK) VALUES('Sí, hubo un imprevisto en la coordinación del equipo, pero logramos resolverlo a tiempo con la colaboración de todos.', '0f77b861-a90d-41f0-98eb-9bfadc7e771d', '2f4f2ad0-4f84-41f7-b858-f7d57f5d6a30');
INSERT INTO oneOnOneAnswer(answer, answerOneOnOneIDFK, questionIDFK) VALUES('Por el momento, estamos cumpliendo los plazos establecidos y el progreso es consistente.', '94522182-b603-469f-926c-75c672c6a1f4', '2f4f2ad0-4f84-41f7-b858-f7d57f5d6a30');
INSERT INTO oneOnOneAnswer(answer, answerOneOnOneIDFK, questionIDFK) VALUES('Si bien hubo momentos de presión, no me siento decepcionado y estoy enfocado en encontrar soluciones.', '806ca771-ed6a-4bd0-a6c2-e2e25afa5acf', '2f4f2ad0-4f84-41f7-b858-f7d57f5d6a30');
INSERT INTO oneOnOneAnswer(answer, answerOneOnOneIDFK, questionIDFK) VALUES('Planeamos definir un plan de acción detallado, distribuir responsabilidades claramente y realizar seguimientos semanales para ajustar el rumbo si es necesario.', 'df2d1394-f22d-445e-b7c2-341da0b04560', '95b0db98-60bb-4b46-bd23-d0a4e01c7cf0');
INSERT INTO oneOnOneAnswer(answer, answerOneOnOneIDFK, questionIDFK) VALUES('Mi meta es finalizar el proyecto pendiente y comenzar a implementar nuevas estrategias para mejorar la productividad.', '9e8acd95-4ae7-4cd2-a199-b4c519206c8a', 'd8100ab2-5e04-4100-9a91-a874f600dc27');
INSERT INTO oneOnOneAnswer(answer, answerOneOnOneIDFK, questionIDFK) VALUES('Si bien hubo momentos de presión, no me siento decepcionado y estoy enfocado en encontrar soluciones.', '407a6279-7c2e-40b1-873b-ddedae4397e4', '2f4f2ad0-4f84-41f7-b858-f7d57f5d6a30');
INSERT INTO oneOnOneAnswer(answer, answerOneOnOneIDFK, questionIDFK) VALUES('En general tengo lo necesario, aunque en algunas áreas podría beneficiarme de recursos adicionales para acelerar ciertos procesos.', 'b2dd37c2-b4e3-4145-a5ad-306cebd407e4', '2f4f2ad0-4f84-41f7-b858-f7d57f5d6a30');
INSERT INTO oneOnOneAnswer(answer, answerOneOnOneIDFK, questionIDFK) VALUES('Si bien hubo momentos de presión, no me siento decepcionado y estoy enfocado en encontrar soluciones.', 'c718d500-f02e-4295-9dcf-2297af4fab43', 'd8100ab2-5e04-4100-9a91-a874f600dc27');
INSERT INTO oneOnOneAnswer(answer, answerOneOnOneIDFK, questionIDFK) VALUES('Mi meta es finalizar el proyecto pendiente y comenzar a implementar nuevas estrategias para mejorar la productividad.', 'fa4ea16f-5125-403e-9d61-91c7aae391fb', '2f4f2ad0-4f84-41f7-b858-f7d57f5d6a30');
INSERT INTO oneOnOneAnswer(answer, answerOneOnOneIDFK, questionIDFK) VALUES('Me siento orgulloso de haber cumplido mis objetivos en el proyecto X, lo que me permitió crecer profesionalmente.', '5e8b413f-44a5-444f-bae1-f73b2ff73268', '0390f4be-d632-41a7-96c1-c352b1ea8100');
INSERT INTO oneOnOneAnswer(answer, answerOneOnOneIDFK, questionIDFK) VALUES('Estoy satisfecho por haber superado varios desafíos y mejorar mi organización y gestión del tiempo.', '092d5e55-cec4-4ce8-844d-75038431edb8', '95b0db98-60bb-4b46-bd23-d0a4e01c7cf0');
INSERT INTO oneOnOneAnswer(answer, answerOneOnOneIDFK, questionIDFK) VALUES('Quiero destacar el esfuerzo y la colaboración de todo el equipo, que ha sido fundamental para alcanzar los objetivos planteados.', 'a1e48613-9e83-41a4-99b7-ce58e2359316', '0390f4be-d632-41a7-96c1-c352b1ea8100');
INSERT INTO oneOnOneAnswer(answer, answerOneOnOneIDFK, questionIDFK) VALUES('Quiero concentrarme en perfeccionar mis habilidades técnicas y cumplir con los plazos establecidos en mis tareas.', '6d523d67-c423-4524-84d0-21af83fee645', '2f4f2ad0-4f84-41f7-b858-f7d57f5d6a30');
INSERT INTO oneOnOneAnswer(answer, answerOneOnOneIDFK, questionIDFK) VALUES('Mi meta es finalizar el proyecto pendiente y comenzar a implementar nuevas estrategias para mejorar la productividad.', 'de7c28c0-5e82-4ab8-91bb-38d859c2a5ee', '2f4f2ad0-4f84-41f7-b858-f7d57f5d6a30');
INSERT INTO oneOnOneAnswer(answer, answerOneOnOneIDFK, questionIDFK) VALUES('En general tengo lo necesario, aunque en algunas áreas podría beneficiarme de recursos adicionales para acelerar ciertos procesos.', '7366aa35-4bc2-4246-a511-ca1792cb5d30', '95b0db98-60bb-4b46-bd23-d0a4e01c7cf0');
INSERT INTO oneOnOneAnswer(answer, answerOneOnOneIDFK, questionIDFK) VALUES('Sí, cuento con las herramientas y el apoyo necesario, lo que me permite avanzar sin mayores inconvenientes.', 'c4ce1576-4a63-4787-b75b-504a5d5a126a', '0390f4be-d632-41a7-96c1-c352b1ea8100');
INSERT INTO oneOnOneAnswer(answer, answerOneOnOneIDFK, questionIDFK) VALUES('Si bien hubo momentos de presión, no me siento decepcionado y estoy enfocado en encontrar soluciones.', '6a599c33-c6c9-4ce2-9c05-4ba166c71980', '0390f4be-d632-41a7-96c1-c352b1ea8100');
INSERT INTO oneOnOneAnswer(answer, answerOneOnOneIDFK, questionIDFK) VALUES('Si bien hubo momentos de presión, no me siento decepcionado y estoy enfocado en encontrar soluciones.', '6a599c33-c6c9-4ce2-9c05-4ba166c71980', '2f4f2ad0-4f84-41f7-b858-f7d57f5d6a30');
INSERT INTO oneOnOneAnswer(answer, answerOneOnOneIDFK, questionIDFK) VALUES('Sí, hubo un imprevisto en la coordinación del equipo, pero logramos resolverlo a tiempo con la colaboración de todos.', '092d5e55-cec4-4ce8-844d-75038431edb8', '0390f4be-d632-41a7-96c1-c352b1ea8100');
INSERT INTO oneOnOneAnswer(answer, answerOneOnOneIDFK, questionIDFK) VALUES('Planeamos definir un plan de acción detallado, distribuir responsabilidades claramente y realizar seguimientos semanales para ajustar el rumbo si es necesario.', '0a81c422-60e3-4247-bd15-439bb62721c9', '0390f4be-d632-41a7-96c1-c352b1ea8100');
INSERT INTO oneOnOneAnswer(answer, answerOneOnOneIDFK, questionIDFK) VALUES('En general tengo lo necesario, aunque en algunas áreas podría beneficiarme de recursos adicionales para acelerar ciertos procesos.', '51ff251b-b185-45bc-9baf-c96d2da91b13', 'd8100ab2-5e04-4100-9a91-a874f600dc27');
INSERT INTO oneOnOneAnswer(answer, answerOneOnOneIDFK, questionIDFK) VALUES('Sí, cuento con las herramientas y el apoyo necesario, lo que me permite avanzar sin mayores inconvenientes.', '0f77b861-a90d-41f0-98eb-9bfadc7e771d', 'd8100ab2-5e04-4100-9a91-a874f600dc27');
INSERT INTO oneOnOneAnswer(answer, answerOneOnOneIDFK, questionIDFK) VALUES('Por el momento, estamos cumpliendo los plazos establecidos y el progreso es consistente.', '4899bcda-6167-4df2-a2de-9610c4c997c0', '0390f4be-d632-41a7-96c1-c352b1ea8100');
INSERT INTO oneOnOneAnswer(answer, answerOneOnOneIDFK, questionIDFK) VALUES('Me encuentro trabajando en la optimización de procesos internos y en la implementación de mejoras para el próximo trimestre.', '69bed137-16b4-4daa-8a22-17182c98dd4f', 'd8100ab2-5e04-4100-9a91-a874f600dc27');
INSERT INTO oneOnOneAnswer(answer, answerOneOnOneIDFK, questionIDFK) VALUES('Estoy satisfecho por haber superado varios desafíos y mejorar mi organización y gestión del tiempo.', 'f1e27d41-2dda-4b3f-840b-7db8bee6ce25', '95b0db98-60bb-4b46-bd23-d0a4e01c7cf0');
INSERT INTO oneOnOneAnswer(answer, answerOneOnOneIDFK, questionIDFK) VALUES('En su mayoría la semana fue fluida, aunque surgió una situación que requirió reordenar prioridades, lo cual se solucionó rápidamente.', '46a351b2-999d-4b30-9876-ecb3be857098', '95b0db98-60bb-4b46-bd23-d0a4e01c7cf0');
INSERT INTO oneOnOneAnswer(answer, answerOneOnOneIDFK, questionIDFK) VALUES('Mi meta es finalizar el proyecto pendiente y comenzar a implementar nuevas estrategias para mejorar la productividad.', 'e7f6856d-22ed-4500-bb66-7c2c5c5847fd', 'd8100ab2-5e04-4100-9a91-a874f600dc27');
INSERT INTO oneOnOneAnswer(answer, answerOneOnOneIDFK, questionIDFK) VALUES('La mayoría de las entregas están en línea con el cronograma, aunque se requieren pequeños ajustes en algunas tareas.', '55db16ca-a188-4043-bdd3-1c4cda29dadd', '95b0db98-60bb-4b46-bd23-d0a4e01c7cf0');
INSERT INTO oneOnOneAnswer(answer, answerOneOnOneIDFK, questionIDFK) VALUES('Estoy satisfecho por haber superado varios desafíos y mejorar mi organización y gestión del tiempo.', '5e8b413f-44a5-444f-bae1-f73b2ff73268', 'd8100ab2-5e04-4100-9a91-a874f600dc27');
INSERT INTO oneOnOneAnswer(answer, answerOneOnOneIDFK, questionIDFK) VALUES('En general tengo lo necesario, aunque en algunas áreas podría beneficiarme de recursos adicionales para acelerar ciertos procesos.', 'b702fccb-fa04-4413-9183-26fe9a42be11', 'd8100ab2-5e04-4100-9a91-a874f600dc27');
INSERT INTO oneOnOneAnswer(answer, answerOneOnOneIDFK, questionIDFK) VALUES('Estoy satisfecho por haber superado varios desafíos y mejorar mi organización y gestión del tiempo.', 'a81708fb-9414-44dd-a8e7-72bafd3e0696', 'd8100ab2-5e04-4100-9a91-a874f600dc27');
INSERT INTO oneOnOneAnswer(answer, answerOneOnOneIDFK, questionIDFK) VALUES('Sí, hubo un imprevisto en la coordinación del equipo, pero logramos resolverlo a tiempo con la colaboración de todos.', 'e63387fc-1b6a-4f61-a251-6bf64bb997bb', '2f4f2ad0-4f84-41f7-b858-f7d57f5d6a30');
INSERT INTO oneOnOneAnswer(answer, answerOneOnOneIDFK, questionIDFK) VALUES('En su mayoría la semana fue fluida, aunque surgió una situación que requirió reordenar prioridades, lo cual se solucionó rápidamente.', '604e330d-b3f6-4d39-bac3-c2e5189dfbe2', '95b0db98-60bb-4b46-bd23-d0a4e01c7cf0');
INSERT INTO oneOnOneAnswer(answer, answerOneOnOneIDFK, questionIDFK) VALUES('Quiero concentrarme en perfeccionar mis habilidades técnicas y cumplir con los plazos establecidos en mis tareas.', '6d523d67-c423-4524-84d0-21af83fee645', '0390f4be-d632-41a7-96c1-c352b1ea8100');
INSERT INTO oneOnOneAnswer(answer, answerOneOnOneIDFK, questionIDFK) VALUES('Mi meta es finalizar el proyecto pendiente y comenzar a implementar nuevas estrategias para mejorar la productividad.', '0651db82-7d37-4ac4-b4bf-fb6da8254006', '95b0db98-60bb-4b46-bd23-d0a4e01c7cf0');
INSERT INTO oneOnOneAnswer(answer, answerOneOnOneIDFK, questionIDFK) VALUES('Mi meta es finalizar el proyecto pendiente y comenzar a implementar nuevas estrategias para mejorar la productividad.', '7ba43903-9037-4a12-b4cd-c5f4cbb9d9b3', 'd8100ab2-5e04-4100-9a91-a874f600dc27');
INSERT INTO oneOnOneAnswer(answer, answerOneOnOneIDFK, questionIDFK) VALUES('En general, me siento tranquilo, aunque reconozco que en algunas situaciones se presenta algo de estrés que manejo con calma.', 'e5152104-66f9-4088-89d3-5f8570ff2425', '95b0db98-60bb-4b46-bd23-d0a4e01c7cf0');
INSERT INTO oneOnOneAnswer(answer, answerOneOnOneIDFK, questionIDFK) VALUES('Mi meta es finalizar el proyecto pendiente y comenzar a implementar nuevas estrategias para mejorar la productividad.', '83651624-36cc-4845-a9d1-775bae2d9eac', '2f4f2ad0-4f84-41f7-b858-f7d57f5d6a30');
INSERT INTO oneOnOneAnswer(answer, answerOneOnOneIDFK, questionIDFK) VALUES('Actualmente estoy enfocado en el desarrollo del proyecto Y, colaborando estrechamente con mi equipo para alcanzar los objetivos.', 'a3fdbd9a-38ec-426b-953d-537c0b8949d4', 'd8100ab2-5e04-4100-9a91-a874f600dc27');
INSERT INTO oneOnOneAnswer(answer, answerOneOnOneIDFK, questionIDFK) VALUES('En general, me siento tranquilo, aunque reconozco que en algunas situaciones se presenta algo de estrés que manejo con calma.', '476badbe-c75b-4c65-887f-cab15f390b56', '95b0db98-60bb-4b46-bd23-d0a4e01c7cf0');
INSERT INTO oneOnOneAnswer(answer, answerOneOnOneIDFK, questionIDFK) VALUES('Estoy satisfecho por haber superado varios desafíos y mejorar mi organización y gestión del tiempo.', '58f5ee7a-8c9d-4a37-a00c-0fd7ac9f9181', '0390f4be-d632-41a7-96c1-c352b1ea8100');
INSERT INTO oneOnOneAnswer(answer, answerOneOnOneIDFK, questionIDFK) VALUES('Me siento orgulloso de haber cumplido mis objetivos en el proyecto X, lo que me permitió crecer profesionalmente.', 'ce36cdc9-da4b-4db2-b77a-845cd80f9d18', '0390f4be-d632-41a7-96c1-c352b1ea8100');
INSERT INTO oneOnOneAnswer(answer, answerOneOnOneIDFK, questionIDFK) VALUES('La mayoría de las entregas están en línea con el cronograma, aunque se requieren pequeños ajustes en algunas tareas.', 'd839346e-49f9-48e0-b91d-e1b963840b15', '95b0db98-60bb-4b46-bd23-d0a4e01c7cf0');
INSERT INTO oneOnOneAnswer(answer, answerOneOnOneIDFK, questionIDFK) VALUES('En su mayoría la semana fue fluida, aunque surgió una situación que requirió reordenar prioridades, lo cual se solucionó rápidamente.', 'd4ffc79f-165a-4a73-8a83-f081c36ae33c', '0390f4be-d632-41a7-96c1-c352b1ea8100');
INSERT INTO oneOnOneAnswer(answer, answerOneOnOneIDFK, questionIDFK) VALUES('Sí, cuento con las herramientas y el apoyo necesario, lo que me permite avanzar sin mayores inconvenientes.', '171cc076-a131-46c5-962e-b4c87dbd7f21', 'd8100ab2-5e04-4100-9a91-a874f600dc27');
INSERT INTO oneOnOneAnswer(answer, answerOneOnOneIDFK, questionIDFK) VALUES('Actualmente estoy enfocado en el desarrollo del proyecto Y, colaborando estrechamente con mi equipo para alcanzar los objetivos.', 'e5152104-66f9-4088-89d3-5f8570ff2425', 'd8100ab2-5e04-4100-9a91-a874f600dc27');
INSERT INTO oneOnOneAnswer(answer, answerOneOnOneIDFK, questionIDFK) VALUES('Planeamos definir un plan de acción detallado, distribuir responsabilidades claramente y realizar seguimientos semanales para ajustar el rumbo si es necesario.', 'fef4e5e8-bc35-483a-a256-ebab20ef1134', 'd8100ab2-5e04-4100-9a91-a874f600dc27');
INSERT INTO oneOnOneAnswer(answer, answerOneOnOneIDFK, questionIDFK) VALUES('Estoy satisfecho por haber superado varios desafíos y mejorar mi organización y gestión del tiempo.', '94522182-b603-469f-926c-75c672c6a1f4', '2f4f2ad0-4f84-41f7-b858-f7d57f5d6a30');
INSERT INTO oneOnOneAnswer(answer, answerOneOnOneIDFK, questionIDFK) VALUES('Sí, cuento con las herramientas y el apoyo necesario, lo que me permite avanzar sin mayores inconvenientes.', '2b673b33-7fda-4855-9376-18df1e2fe71a', '95b0db98-60bb-4b46-bd23-d0a4e01c7cf0');
INSERT INTO oneOnOneAnswer(answer, answerOneOnOneIDFK, questionIDFK) VALUES('Quiero destacar el esfuerzo y la colaboración de todo el equipo, que ha sido fundamental para alcanzar los objetivos planteados.', 'f82f5328-9b3e-4ca2-a248-a1d1b6f40e1d', 'd8100ab2-5e04-4100-9a91-a874f600dc27');
INSERT INTO oneOnOneAnswer(answer, answerOneOnOneIDFK, questionIDFK) VALUES('Mi meta es finalizar el proyecto pendiente y comenzar a implementar nuevas estrategias para mejorar la productividad.', '8101459d-4d20-4727-bd6b-3902cb8735d9', 'd8100ab2-5e04-4100-9a91-a874f600dc27');
INSERT INTO oneOnOneAnswer(answer, answerOneOnOneIDFK, questionIDFK) VALUES('Sí, hubo un imprevisto en la coordinación del equipo, pero logramos resolverlo a tiempo con la colaboración de todos.', '37bbea34-8f66-4189-bedf-07eb4961877c', 'd8100ab2-5e04-4100-9a91-a874f600dc27');
INSERT INTO oneOnOneAnswer(answer, answerOneOnOneIDFK, questionIDFK) VALUES('Mi meta es finalizar el proyecto pendiente y comenzar a implementar nuevas estrategias para mejorar la productividad.', 'f82f5328-9b3e-4ca2-a248-a1d1b6f40e1d', '95b0db98-60bb-4b46-bd23-d0a4e01c7cf0');
INSERT INTO oneOnOneAnswer(answer, answerOneOnOneIDFK, questionIDFK) VALUES('Vamos a fomentar la comunicación continua y a utilizar herramientas de gestión que nos ayuden a monitorear el progreso.', '092d5e55-cec4-4ce8-844d-75038431edb8', '2f4f2ad0-4f84-41f7-b858-f7d57f5d6a30');
INSERT INTO oneOnOneAnswer(answer, answerOneOnOneIDFK, questionIDFK) VALUES('La mayoría de las entregas están en línea con el cronograma, aunque se requieren pequeños ajustes en algunas tareas.', '4e09b7a4-c43d-4735-8523-14f80829190c', '95b0db98-60bb-4b46-bd23-d0a4e01c7cf0');
INSERT INTO oneOnOneAnswer(answer, answerOneOnOneIDFK, questionIDFK) VALUES('Quiero destacar el esfuerzo y la colaboración de todo el equipo, que ha sido fundamental para alcanzar los objetivos planteados.', 'd4ffc79f-165a-4a73-8a83-f081c36ae33c', '95b0db98-60bb-4b46-bd23-d0a4e01c7cf0');
INSERT INTO oneOnOneAnswer(answer, answerOneOnOneIDFK, questionIDFK) VALUES('Quiero concentrarme en perfeccionar mis habilidades técnicas y cumplir con los plazos establecidos en mis tareas.', '51ff251b-b185-45bc-9baf-c96d2da91b13', '95b0db98-60bb-4b46-bd23-d0a4e01c7cf0');
INSERT INTO oneOnOneAnswer(answer, answerOneOnOneIDFK, questionIDFK) VALUES('Sí, hubo un imprevisto en la coordinación del equipo, pero logramos resolverlo a tiempo con la colaboración de todos.', 'd839346e-49f9-48e0-b91d-e1b963840b15', '0390f4be-d632-41a7-96c1-c352b1ea8100');
INSERT INTO oneOnOneAnswer(answer, answerOneOnOneIDFK, questionIDFK) VALUES('Por el momento, estamos cumpliendo los plazos establecidos y el progreso es consistente.', '7ba43903-9037-4a12-b4cd-c5f4cbb9d9b3', '2f4f2ad0-4f84-41f7-b858-f7d57f5d6a30');
INSERT INTO oneOnOneAnswer(answer, answerOneOnOneIDFK, questionIDFK) VALUES('En general tengo lo necesario, aunque en algunas áreas podría beneficiarme de recursos adicionales para acelerar ciertos procesos.', '604e330d-b3f6-4d39-bac3-c2e5189dfbe2', '95b0db98-60bb-4b46-bd23-d0a4e01c7cf0');
INSERT INTO oneOnOneAnswer(answer, answerOneOnOneIDFK, questionIDFK) VALUES('Sí, hubo un imprevisto en la coordinación del equipo, pero logramos resolverlo a tiempo con la colaboración de todos.', 'c718d500-f02e-4295-9dcf-2297af4fab43', 'd8100ab2-5e04-4100-9a91-a874f600dc27');
INSERT INTO oneOnOneAnswer(answer, answerOneOnOneIDFK, questionIDFK) VALUES('Quiero concentrarme en perfeccionar mis habilidades técnicas y cumplir con los plazos establecidos en mis tareas.', 'b702fccb-fa04-4413-9183-26fe9a42be11', 'd8100ab2-5e04-4100-9a91-a874f600dc27');
INSERT INTO oneOnOneAnswer(answer, answerOneOnOneIDFK, questionIDFK) VALUES('Me encuentro trabajando en la optimización de procesos internos y en la implementación de mejoras para el próximo trimestre.', '607b781a-6a74-4f06-ae2b-fdd47cfdf998', '0390f4be-d632-41a7-96c1-c352b1ea8100');
INSERT INTO oneOnOneAnswer(answer, answerOneOnOneIDFK, questionIDFK) VALUES('La mayoría de las entregas están en línea con el cronograma, aunque se requieren pequeños ajustes en algunas tareas.', '37bbea34-8f66-4189-bedf-07eb4961877c', '0390f4be-d632-41a7-96c1-c352b1ea8100');
INSERT INTO oneOnOneAnswer(answer, answerOneOnOneIDFK, questionIDFK) VALUES('Sí, hubo un imprevisto en la coordinación del equipo, pero logramos resolverlo a tiempo con la colaboración de todos.', 'de7c28c0-5e82-4ab8-91bb-38d859c2a5ee', '2f4f2ad0-4f84-41f7-b858-f7d57f5d6a30');
INSERT INTO oneOnOneAnswer(answer, answerOneOnOneIDFK, questionIDFK) VALUES('En general tengo lo necesario, aunque en algunas áreas podría beneficiarme de recursos adicionales para acelerar ciertos procesos.', 'c4ce1576-4a63-4787-b75b-504a5d5a126a', '0390f4be-d632-41a7-96c1-c352b1ea8100');
INSERT INTO oneOnOneAnswer(answer, answerOneOnOneIDFK, questionIDFK) VALUES('Mi meta es finalizar el proyecto pendiente y comenzar a implementar nuevas estrategias para mejorar la productividad.', '37bbea34-8f66-4189-bedf-07eb4961877c', '2f4f2ad0-4f84-41f7-b858-f7d57f5d6a30');
INSERT INTO oneOnOneAnswer(answer, answerOneOnOneIDFK, questionIDFK) VALUES('Por el momento, estamos cumpliendo los plazos establecidos y el progreso es consistente.', '47e735c0-f25c-4e36-878d-b17b4ee13dd4', '0390f4be-d632-41a7-96c1-c352b1ea8100');
INSERT INTO oneOnOneAnswer(answer, answerOneOnOneIDFK, questionIDFK) VALUES('Sí, cuento con las herramientas y el apoyo necesario, lo que me permite avanzar sin mayores inconvenientes.', 'a81708fb-9414-44dd-a8e7-72bafd3e0696', '95b0db98-60bb-4b46-bd23-d0a4e01c7cf0');
INSERT INTO oneOnOneAnswer(answer, answerOneOnOneIDFK, questionIDFK) VALUES('Sí, hubo un imprevisto en la coordinación del equipo, pero logramos resolverlo a tiempo con la colaboración de todos.', '6d523d67-c423-4524-84d0-21af83fee645', 'd8100ab2-5e04-4100-9a91-a874f600dc27');
INSERT INTO oneOnOneAnswer(answer, answerOneOnOneIDFK, questionIDFK) VALUES('Si bien hubo momentos de presión, no me siento decepcionado y estoy enfocado en encontrar soluciones.', 'fa4ea16f-5125-403e-9d61-91c7aae391fb', '2f4f2ad0-4f84-41f7-b858-f7d57f5d6a30');
INSERT INTO oneOnOneAnswer(answer, answerOneOnOneIDFK, questionIDFK) VALUES('Me siento orgulloso de haber cumplido mis objetivos en el proyecto X, lo que me permitió crecer profesionalmente.', '092d5e55-cec4-4ce8-844d-75038431edb8', '2f4f2ad0-4f84-41f7-b858-f7d57f5d6a30');
INSERT INTO oneOnOneAnswer(answer, answerOneOnOneIDFK, questionIDFK) VALUES('Vamos a fomentar la comunicación continua y a utilizar herramientas de gestión que nos ayuden a monitorear el progreso.', 'de7c28c0-5e82-4ab8-91bb-38d859c2a5ee', '2f4f2ad0-4f84-41f7-b858-f7d57f5d6a30');
INSERT INTO oneOnOneAnswer(answer, answerOneOnOneIDFK, questionIDFK) VALUES('Sí, hubo un imprevisto en la coordinación del equipo, pero logramos resolverlo a tiempo con la colaboración de todos.', '8101459d-4d20-4727-bd6b-3902cb8735d9', '95b0db98-60bb-4b46-bd23-d0a4e01c7cf0');
INSERT INTO oneOnOneAnswer(answer, answerOneOnOneIDFK, questionIDFK) VALUES('Me siento orgulloso de haber cumplido mis objetivos en el proyecto X, lo que me permitió crecer profesionalmente.', 'e63387fc-1b6a-4f61-a251-6bf64bb997bb', '2f4f2ad0-4f84-41f7-b858-f7d57f5d6a30');
INSERT INTO oneOnOneAnswer(answer, answerOneOnOneIDFK, questionIDFK) VALUES('Mi meta es finalizar el proyecto pendiente y comenzar a implementar nuevas estrategias para mejorar la productividad.', '7ee0aee5-804e-4137-92b4-b9eefb259cba', '95b0db98-60bb-4b46-bd23-d0a4e01c7cf0');
INSERT INTO oneOnOneAnswer(answer, answerOneOnOneIDFK, questionIDFK) VALUES('Quiero concentrarme en perfeccionar mis habilidades técnicas y cumplir con los plazos establecidos en mis tareas.', 'ddb643fe-66c6-4d4c-8bb0-16b1a84504d1', '0390f4be-d632-41a7-96c1-c352b1ea8100');
INSERT INTO oneOnOneAnswer(answer, answerOneOnOneIDFK, questionIDFK) VALUES('Si bien hubo momentos de presión, no me siento decepcionado y estoy enfocado en encontrar soluciones.', '476badbe-c75b-4c65-887f-cab15f390b56', '0390f4be-d632-41a7-96c1-c352b1ea8100');
INSERT INTO oneOnOneAnswer(answer, answerOneOnOneIDFK, questionIDFK) VALUES('En general tengo lo necesario, aunque en algunas áreas podría beneficiarme de recursos adicionales para acelerar ciertos procesos.', '171cc076-a131-46c5-962e-b4c87dbd7f21', '0390f4be-d632-41a7-96c1-c352b1ea8100');
INSERT INTO oneOnOneAnswer(answer, answerOneOnOneIDFK, questionIDFK) VALUES('Actualmente estoy enfocado en el desarrollo del proyecto Y, colaborando estrechamente con mi equipo para alcanzar los objetivos.', '98187775-0626-489d-8a46-f7c01af688b9', '95b0db98-60bb-4b46-bd23-d0a4e01c7cf0');
INSERT INTO oneOnOneAnswer(answer, answerOneOnOneIDFK, questionIDFK) VALUES('Sí, cuento con las herramientas y el apoyo necesario, lo que me permite avanzar sin mayores inconvenientes.', 'f1e27d41-2dda-4b3f-840b-7db8bee6ce25', '95b0db98-60bb-4b46-bd23-d0a4e01c7cf0');
INSERT INTO oneOnOneAnswer(answer, answerOneOnOneIDFK, questionIDFK) VALUES('Planeamos definir un plan de acción detallado, distribuir responsabilidades claramente y realizar seguimientos semanales para ajustar el rumbo si es necesario.', '51ff251b-b185-45bc-9baf-c96d2da91b13', '0390f4be-d632-41a7-96c1-c352b1ea8100');
INSERT INTO oneOnOneAnswer(answer, answerOneOnOneIDFK, questionIDFK) VALUES('Estoy satisfecho por haber superado varios desafíos y mejorar mi organización y gestión del tiempo.', 'fef4e5e8-bc35-483a-a256-ebab20ef1134', '0390f4be-d632-41a7-96c1-c352b1ea8100');
INSERT INTO oneOnOneAnswer(answer, answerOneOnOneIDFK, questionIDFK) VALUES('La mayoría de las entregas están en línea con el cronograma, aunque se requieren pequeños ajustes en algunas tareas.', 'b702fccb-fa04-4413-9183-26fe9a42be11', '2f4f2ad0-4f84-41f7-b858-f7d57f5d6a30');
INSERT INTO oneOnOneAnswer(answer, answerOneOnOneIDFK, questionIDFK) VALUES('Planeamos definir un plan de acción detallado, distribuir responsabilidades claramente y realizar seguimientos semanales para ajustar el rumbo si es necesario.', 'b0f1229b-9c42-4aae-b7ab-790b271e442a', '0390f4be-d632-41a7-96c1-c352b1ea8100');
INSERT INTO oneOnOneAnswer(answer, answerOneOnOneIDFK, questionIDFK) VALUES('Si bien hubo momentos de presión, no me siento decepcionado y estoy enfocado en encontrar soluciones.', '9da09eb4-b9cb-4d96-9a45-56bb85137108', '2f4f2ad0-4f84-41f7-b858-f7d57f5d6a30');
INSERT INTO oneOnOneAnswer(answer, answerOneOnOneIDFK, questionIDFK) VALUES('Me siento orgulloso de haber cumplido mis objetivos en el proyecto X, lo que me permitió crecer profesionalmente.', '0a81c422-60e3-4247-bd15-439bb62721c9', '95b0db98-60bb-4b46-bd23-d0a4e01c7cf0');
INSERT INTO oneOnOneAnswer(answer, answerOneOnOneIDFK, questionIDFK) VALUES('Me encuentro trabajando en la optimización de procesos internos y en la implementación de mejoras para el próximo trimestre.', '806ca771-ed6a-4bd0-a6c2-e2e25afa5acf', '95b0db98-60bb-4b46-bd23-d0a4e01c7cf0');
INSERT INTO oneOnOneAnswer(answer, answerOneOnOneIDFK, questionIDFK) VALUES('En su mayoría la semana fue fluida, aunque surgió una situación que requirió reordenar prioridades, lo cual se solucionó rápidamente.', 'a945b55e-0d32-4b8d-949d-492d544b291f', '95b0db98-60bb-4b46-bd23-d0a4e01c7cf0');
INSERT INTO oneOnOneAnswer(answer, answerOneOnOneIDFK, questionIDFK) VALUES('Quiero destacar el esfuerzo y la colaboración de todo el equipo, que ha sido fundamental para alcanzar los objetivos planteados.', 'ce36cdc9-da4b-4db2-b77a-845cd80f9d18', 'd8100ab2-5e04-4100-9a91-a874f600dc27');
INSERT INTO oneOnOneAnswer(answer, answerOneOnOneIDFK, questionIDFK) VALUES('Por el momento, estamos cumpliendo los plazos establecidos y el progreso es consistente.', 'fef4e5e8-bc35-483a-a256-ebab20ef1134', '0390f4be-d632-41a7-96c1-c352b1ea8100');
INSERT INTO oneOnOneAnswer(answer, answerOneOnOneIDFK, questionIDFK) VALUES('Planeamos definir un plan de acción detallado, distribuir responsabilidades claramente y realizar seguimientos semanales para ajustar el rumbo si es necesario.', 'a81708fb-9414-44dd-a8e7-72bafd3e0696', '95b0db98-60bb-4b46-bd23-d0a4e01c7cf0');
INSERT INTO oneOnOneAnswer(answer, answerOneOnOneIDFK, questionIDFK) VALUES('En general tengo lo necesario, aunque en algunas áreas podría beneficiarme de recursos adicionales para acelerar ciertos procesos.', 'b3691667-1fff-420a-a990-5132552047cb', 'd8100ab2-5e04-4100-9a91-a874f600dc27');
INSERT INTO oneOnOneAnswer(answer, answerOneOnOneIDFK, questionIDFK) VALUES('Vamos a fomentar la comunicación continua y a utilizar herramientas de gestión que nos ayuden a monitorear el progreso.', 'de7c28c0-5e82-4ab8-91bb-38d859c2a5ee', '0390f4be-d632-41a7-96c1-c352b1ea8100');
INSERT INTO oneOnOneAnswer(answer, answerOneOnOneIDFK, questionIDFK) VALUES('En su mayoría la semana fue fluida, aunque surgió una situación que requirió reordenar prioridades, lo cual se solucionó rápidamente.', '0109c70d-152c-4943-aba2-b4b5e99bebaa', '95b0db98-60bb-4b46-bd23-d0a4e01c7cf0');
INSERT INTO oneOnOneAnswer(answer, answerOneOnOneIDFK, questionIDFK) VALUES('Si bien hubo momentos de presión, no me siento decepcionado y estoy enfocado en encontrar soluciones.', '3ea49bf8-78f7-4b21-938e-f972e6ee6061', '95b0db98-60bb-4b46-bd23-d0a4e01c7cf0');
INSERT INTO oneOnOneAnswer(answer, answerOneOnOneIDFK, questionIDFK) VALUES('Mi meta es finalizar el proyecto pendiente y comenzar a implementar nuevas estrategias para mejorar la productividad.', '6a599c33-c6c9-4ce2-9c05-4ba166c71980', '95b0db98-60bb-4b46-bd23-d0a4e01c7cf0');
INSERT INTO oneOnOneAnswer(answer, answerOneOnOneIDFK, questionIDFK) VALUES('Estoy satisfecho por haber superado varios desafíos y mejorar mi organización y gestión del tiempo.', '7ba43903-9037-4a12-b4cd-c5f4cbb9d9b3', '95b0db98-60bb-4b46-bd23-d0a4e01c7cf0');
INSERT INTO oneOnOneAnswer(answer, answerOneOnOneIDFK, questionIDFK) VALUES('Estoy satisfecho por haber superado varios desafíos y mejorar mi organización y gestión del tiempo.', '6a599c33-c6c9-4ce2-9c05-4ba166c71980', '2f4f2ad0-4f84-41f7-b858-f7d57f5d6a30');
INSERT INTO oneOnOneAnswer(answer, answerOneOnOneIDFK, questionIDFK) VALUES('En su mayoría la semana fue fluida, aunque surgió una situación que requirió reordenar prioridades, lo cual se solucionó rápidamente.', 'df2d1394-f22d-445e-b7c2-341da0b04560', '0390f4be-d632-41a7-96c1-c352b1ea8100');
INSERT INTO oneOnOneAnswer(answer, answerOneOnOneIDFK, questionIDFK) VALUES('Mi meta es finalizar el proyecto pendiente y comenzar a implementar nuevas estrategias para mejorar la productividad.', '83651624-36cc-4845-a9d1-775bae2d9eac', '0390f4be-d632-41a7-96c1-c352b1ea8100');
INSERT INTO oneOnOneAnswer(answer, answerOneOnOneIDFK, questionIDFK) VALUES('En general tengo lo necesario, aunque en algunas áreas podría beneficiarme de recursos adicionales para acelerar ciertos procesos.', 'ddb643fe-66c6-4d4c-8bb0-16b1a84504d1', '95b0db98-60bb-4b46-bd23-d0a4e01c7cf0');
INSERT INTO oneOnOneAnswer(answer, answerOneOnOneIDFK, questionIDFK) VALUES('Quiero concentrarme en perfeccionar mis habilidades técnicas y cumplir con los plazos establecidos en mis tareas.', '0651db82-7d37-4ac4-b4bf-fb6da8254006', '0390f4be-d632-41a7-96c1-c352b1ea8100');
INSERT INTO oneOnOneAnswer(answer, answerOneOnOneIDFK, questionIDFK) VALUES('Me encuentro trabajando en la optimización de procesos internos y en la implementación de mejoras para el próximo trimestre.', '2b673b33-7fda-4855-9376-18df1e2fe71a', '0390f4be-d632-41a7-96c1-c352b1ea8100');
INSERT INTO oneOnOneAnswer(answer, answerOneOnOneIDFK, questionIDFK) VALUES('Vamos a fomentar la comunicación continua y a utilizar herramientas de gestión que nos ayuden a monitorear el progreso.', '0a81c422-60e3-4247-bd15-439bb62721c9', 'd8100ab2-5e04-4100-9a91-a874f600dc27');
INSERT INTO oneOnOneAnswer(answer, answerOneOnOneIDFK, questionIDFK) VALUES('En general, me siento tranquilo, aunque reconozco que en algunas situaciones se presenta algo de estrés que manejo con calma.', '092d5e55-cec4-4ce8-844d-75038431edb8', '0390f4be-d632-41a7-96c1-c352b1ea8100');
INSERT INTO oneOnOneAnswer(answer, answerOneOnOneIDFK, questionIDFK) VALUES('Quiero concentrarme en perfeccionar mis habilidades técnicas y cumplir con los plazos establecidos en mis tareas.', 'ce36cdc9-da4b-4db2-b77a-845cd80f9d18', '2f4f2ad0-4f84-41f7-b858-f7d57f5d6a30');
INSERT INTO oneOnOneAnswer(answer, answerOneOnOneIDFK, questionIDFK) VALUES('En general tengo lo necesario, aunque en algunas áreas podría beneficiarme de recursos adicionales para acelerar ciertos procesos.', 'a3fdbd9a-38ec-426b-953d-537c0b8949d4', 'd8100ab2-5e04-4100-9a91-a874f600dc27');
INSERT INTO oneOnOneAnswer(answer, answerOneOnOneIDFK, questionIDFK) VALUES('Quiero destacar el esfuerzo y la colaboración de todo el equipo, que ha sido fundamental para alcanzar los objetivos planteados.', '0109c70d-152c-4943-aba2-b4b5e99bebaa', 'd8100ab2-5e04-4100-9a91-a874f600dc27');
INSERT INTO oneOnOneAnswer(answer, answerOneOnOneIDFK, questionIDFK) VALUES('En general, me siento tranquilo, aunque reconozco que en algunas situaciones se presenta algo de estrés que manejo con calma.', '6a599c33-c6c9-4ce2-9c05-4ba166c71980', '95b0db98-60bb-4b46-bd23-d0a4e01c7cf0');
INSERT INTO oneOnOneAnswer(answer, answerOneOnOneIDFK, questionIDFK) VALUES('Estoy satisfecho por haber superado varios desafíos y mejorar mi organización y gestión del tiempo.', '4d00f739-b3b5-4f23-8ea5-faa47e34d8ec', '2f4f2ad0-4f84-41f7-b858-f7d57f5d6a30');
INSERT INTO oneOnOneAnswer(answer, answerOneOnOneIDFK, questionIDFK) VALUES('Quiero destacar el esfuerzo y la colaboración de todo el equipo, que ha sido fundamental para alcanzar los objetivos planteados.', '58f5ee7a-8c9d-4a37-a00c-0fd7ac9f9181', '0390f4be-d632-41a7-96c1-c352b1ea8100');
INSERT INTO oneOnOneAnswer(answer, answerOneOnOneIDFK, questionIDFK) VALUES('Me encuentro trabajando en la optimización de procesos internos y en la implementación de mejoras para el próximo trimestre.', '0f77b861-a90d-41f0-98eb-9bfadc7e771d', 'd8100ab2-5e04-4100-9a91-a874f600dc27');
INSERT INTO oneOnOneAnswer(answer, answerOneOnOneIDFK, questionIDFK) VALUES('Sí, cuento con las herramientas y el apoyo necesario, lo que me permite avanzar sin mayores inconvenientes.', 'b0f1229b-9c42-4aae-b7ab-790b271e442a', 'd8100ab2-5e04-4100-9a91-a874f600dc27');
INSERT INTO oneOnOneAnswer(answer, answerOneOnOneIDFK, questionIDFK) VALUES('Quiero destacar el esfuerzo y la colaboración de todo el equipo, que ha sido fundamental para alcanzar los objetivos planteados.', '6a599c33-c6c9-4ce2-9c05-4ba166c71980', '0390f4be-d632-41a7-96c1-c352b1ea8100');
INSERT INTO oneOnOneAnswer(answer, answerOneOnOneIDFK, questionIDFK) VALUES('Me siento orgulloso de haber cumplido mis objetivos en el proyecto X, lo que me permitió crecer profesionalmente.', '55db16ca-a188-4043-bdd3-1c4cda29dadd', '2f4f2ad0-4f84-41f7-b858-f7d57f5d6a30');
INSERT INTO oneOnOneAnswer(answer, answerOneOnOneIDFK, questionIDFK) VALUES('En general, me siento tranquilo, aunque reconozco que en algunas situaciones se presenta algo de estrés que manejo con calma.', '46a351b2-999d-4b30-9876-ecb3be857098', '95b0db98-60bb-4b46-bd23-d0a4e01c7cf0');
INSERT INTO oneOnOneAnswer(answer, answerOneOnOneIDFK, questionIDFK) VALUES('Por el momento, estamos cumpliendo los plazos establecidos y el progreso es consistente.', 'e63387fc-1b6a-4f61-a251-6bf64bb997bb', '0390f4be-d632-41a7-96c1-c352b1ea8100');
INSERT INTO oneOnOneAnswer(answer, answerOneOnOneIDFK, questionIDFK) VALUES('La mayoría de las entregas están en línea con el cronograma, aunque se requieren pequeños ajustes en algunas tareas.', 'e06f59f6-2002-4c24-931c-67a09fccb6c4', '0390f4be-d632-41a7-96c1-c352b1ea8100');
INSERT INTO oneOnOneAnswer(answer, answerOneOnOneIDFK, questionIDFK) VALUES('Vamos a fomentar la comunicación continua y a utilizar herramientas de gestión que nos ayuden a monitorear el progreso.', 'b3691667-1fff-420a-a990-5132552047cb', '95b0db98-60bb-4b46-bd23-d0a4e01c7cf0');
INSERT INTO oneOnOneAnswer(answer, answerOneOnOneIDFK, questionIDFK) VALUES('En general, me siento tranquilo, aunque reconozco que en algunas situaciones se presenta algo de estrés que manejo con calma.', 'f6db1ba0-8def-4c04-b49a-74b6dec4acaf', '2f4f2ad0-4f84-41f7-b858-f7d57f5d6a30');
INSERT INTO oneOnOneAnswer(answer, answerOneOnOneIDFK, questionIDFK) VALUES('Me siento orgulloso de haber cumplido mis objetivos en el proyecto X, lo que me permitió crecer profesionalmente.', 'c718d500-f02e-4295-9dcf-2297af4fab43', '95b0db98-60bb-4b46-bd23-d0a4e01c7cf0');
INSERT INTO oneOnOneAnswer(answer, answerOneOnOneIDFK, questionIDFK) VALUES('Si bien hubo momentos de presión, no me siento decepcionado y estoy enfocado en encontrar soluciones.', 'a1e48613-9e83-41a4-99b7-ce58e2359316', '0390f4be-d632-41a7-96c1-c352b1ea8100');
INSERT INTO oneOnOneAnswer(answer, answerOneOnOneIDFK, questionIDFK) VALUES('Por el momento, estamos cumpliendo los plazos establecidos y el progreso es consistente.', 'c718d500-f02e-4295-9dcf-2297af4fab43', '2f4f2ad0-4f84-41f7-b858-f7d57f5d6a30');
INSERT INTO oneOnOneAnswer(answer, answerOneOnOneIDFK, questionIDFK) VALUES('Sí, hubo un imprevisto en la coordinación del equipo, pero logramos resolverlo a tiempo con la colaboración de todos.', '9e8acd95-4ae7-4cd2-a199-b4c519206c8a', 'd8100ab2-5e04-4100-9a91-a874f600dc27');
INSERT INTO oneOnOneAnswer(answer, answerOneOnOneIDFK, questionIDFK) VALUES('Me siento orgulloso de haber cumplido mis objetivos en el proyecto X, lo que me permitió crecer profesionalmente.', '593e967f-3c30-42fb-81a6-eac84f307ead', '0390f4be-d632-41a7-96c1-c352b1ea8100');
INSERT INTO oneOnOneAnswer(answer, answerOneOnOneIDFK, questionIDFK) VALUES('Por el momento, estamos cumpliendo los plazos establecidos y el progreso es consistente.', '9e8acd95-4ae7-4cd2-a199-b4c519206c8a', 'd8100ab2-5e04-4100-9a91-a874f600dc27');
INSERT INTO oneOnOneAnswer(answer, answerOneOnOneIDFK, questionIDFK) VALUES('Por el momento, estamos cumpliendo los plazos establecidos y el progreso es consistente.', 'f82f5328-9b3e-4ca2-a248-a1d1b6f40e1d', 'd8100ab2-5e04-4100-9a91-a874f600dc27');

INSERT INTO oneOnOneMeasure(evaluation, measureOneOnOneIDFK, measurableIDFK) VALUES('4', 'e5152104-66f9-4088-89d3-5f8570ff2425', '524f99b3-4791-4b3e-a68b-9cd1bbd5d44b');
INSERT INTO oneOnOneMeasure(evaluation, measureOneOnOneIDFK, measurableIDFK) VALUES('3', '51ff251b-b185-45bc-9baf-c96d2da91b13', 'ab7cb5b6-bb1b-4157-acfc-2cc047f55269');
INSERT INTO oneOnOneMeasure(evaluation, measureOneOnOneIDFK, measurableIDFK) VALUES('4', '5e8b413f-44a5-444f-bae1-f73b2ff73268', 'c531c2f9-bde6-4f33-8cc5-be83fae12e77');
INSERT INTO oneOnOneMeasure(evaluation, measureOneOnOneIDFK, measurableIDFK) VALUES('4', '37bbea34-8f66-4189-bedf-07eb4961877c', '524f99b3-4791-4b3e-a68b-9cd1bbd5d44b');
INSERT INTO oneOnOneMeasure(evaluation, measureOneOnOneIDFK, measurableIDFK) VALUES('4', '4d00f739-b3b5-4f23-8ea5-faa47e34d8ec', 'e532b226-899e-43b5-9f6a-aab1d39b7705');
INSERT INTO oneOnOneMeasure(evaluation, measureOneOnOneIDFK, measurableIDFK) VALUES('2', '6d523d67-c423-4524-84d0-21af83fee645', 'e532b226-899e-43b5-9f6a-aab1d39b7705');
INSERT INTO oneOnOneMeasure(evaluation, measureOneOnOneIDFK, measurableIDFK) VALUES('5', 'e06f59f6-2002-4c24-931c-67a09fccb6c4', 'ab7cb5b6-bb1b-4157-acfc-2cc047f55269');
INSERT INTO oneOnOneMeasure(evaluation, measureOneOnOneIDFK, measurableIDFK) VALUES('3', '58f5ee7a-8c9d-4a37-a00c-0fd7ac9f9181', 'e532b226-899e-43b5-9f6a-aab1d39b7705');
INSERT INTO oneOnOneMeasure(evaluation, measureOneOnOneIDFK, measurableIDFK) VALUES('5', 'fef4e5e8-bc35-483a-a256-ebab20ef1134', 'c531c2f9-bde6-4f33-8cc5-be83fae12e77');
INSERT INTO oneOnOneMeasure(evaluation, measureOneOnOneIDFK, measurableIDFK) VALUES('4', '4899bcda-6167-4df2-a2de-9610c4c997c0', 'e532b226-899e-43b5-9f6a-aab1d39b7705');
INSERT INTO oneOnOneMeasure(evaluation, measureOneOnOneIDFK, measurableIDFK) VALUES('5', 'f82f5328-9b3e-4ca2-a248-a1d1b6f40e1d', '524f99b3-4791-4b3e-a68b-9cd1bbd5d44b');
INSERT INTO oneOnOneMeasure(evaluation, measureOneOnOneIDFK, measurableIDFK) VALUES('2', '407a6279-7c2e-40b1-873b-ddedae4397e4', '524f99b3-4791-4b3e-a68b-9cd1bbd5d44b');
INSERT INTO oneOnOneMeasure(evaluation, measureOneOnOneIDFK, measurableIDFK) VALUES('5', '15cc4c99-2824-48c5-bcfc-08189f05d639', 'ab7cb5b6-bb1b-4157-acfc-2cc047f55269');
INSERT INTO oneOnOneMeasure(evaluation, measureOneOnOneIDFK, measurableIDFK) VALUES('3', 'e63387fc-1b6a-4f61-a251-6bf64bb997bb', 'ab7cb5b6-bb1b-4157-acfc-2cc047f55269');
INSERT INTO oneOnOneMeasure(evaluation, measureOneOnOneIDFK, measurableIDFK) VALUES('1', '8101459d-4d20-4727-bd6b-3902cb8735d9', '524f99b3-4791-4b3e-a68b-9cd1bbd5d44b');
INSERT INTO oneOnOneMeasure(evaluation, measureOneOnOneIDFK, measurableIDFK) VALUES('1', '476badbe-c75b-4c65-887f-cab15f390b56', 'c531c2f9-bde6-4f33-8cc5-be83fae12e77');
INSERT INTO oneOnOneMeasure(evaluation, measureOneOnOneIDFK, measurableIDFK) VALUES('3', '5e8b413f-44a5-444f-bae1-f73b2ff73268', '9221fb73-c8d1-448c-a4e5-76a5e68af735');
INSERT INTO oneOnOneMeasure(evaluation, measureOneOnOneIDFK, measurableIDFK) VALUES('3', 'f6db1ba0-8def-4c04-b49a-74b6dec4acaf', 'ab7cb5b6-bb1b-4157-acfc-2cc047f55269');
INSERT INTO oneOnOneMeasure(evaluation, measureOneOnOneIDFK, measurableIDFK) VALUES('3', '55db16ca-a188-4043-bdd3-1c4cda29dadd', '9221fb73-c8d1-448c-a4e5-76a5e68af735');
INSERT INTO oneOnOneMeasure(evaluation, measureOneOnOneIDFK, measurableIDFK) VALUES('4', '476badbe-c75b-4c65-887f-cab15f390b56', '524f99b3-4791-4b3e-a68b-9cd1bbd5d44b');
INSERT INTO oneOnOneMeasure(evaluation, measureOneOnOneIDFK, measurableIDFK) VALUES('3', '37bbea34-8f66-4189-bedf-07eb4961877c', '9221fb73-c8d1-448c-a4e5-76a5e68af735');
INSERT INTO oneOnOneMeasure(evaluation, measureOneOnOneIDFK, measurableIDFK) VALUES('1', 'e92ad35d-e1b1-418d-a0fa-ee63e1e4e94f', 'ab7cb5b6-bb1b-4157-acfc-2cc047f55269');
INSERT INTO oneOnOneMeasure(evaluation, measureOneOnOneIDFK, measurableIDFK) VALUES('3', 'df2d1394-f22d-445e-b7c2-341da0b04560', 'c531c2f9-bde6-4f33-8cc5-be83fae12e77');
INSERT INTO oneOnOneMeasure(evaluation, measureOneOnOneIDFK, measurableIDFK) VALUES('3', '47e735c0-f25c-4e36-878d-b17b4ee13dd4', 'e532b226-899e-43b5-9f6a-aab1d39b7705');
INSERT INTO oneOnOneMeasure(evaluation, measureOneOnOneIDFK, measurableIDFK) VALUES('2', 'a81708fb-9414-44dd-a8e7-72bafd3e0696', 'ab7cb5b6-bb1b-4157-acfc-2cc047f55269');
INSERT INTO oneOnOneMeasure(evaluation, measureOneOnOneIDFK, measurableIDFK) VALUES('5', '407a6279-7c2e-40b1-873b-ddedae4397e4', 'e532b226-899e-43b5-9f6a-aab1d39b7705');
INSERT INTO oneOnOneMeasure(evaluation, measureOneOnOneIDFK, measurableIDFK) VALUES('5', 'a1e48613-9e83-41a4-99b7-ce58e2359316', '524f99b3-4791-4b3e-a68b-9cd1bbd5d44b');
INSERT INTO oneOnOneMeasure(evaluation, measureOneOnOneIDFK, measurableIDFK) VALUES('1', 'b3691667-1fff-420a-a990-5132552047cb', 'e532b226-899e-43b5-9f6a-aab1d39b7705');
INSERT INTO oneOnOneMeasure(evaluation, measureOneOnOneIDFK, measurableIDFK) VALUES('3', '092d5e55-cec4-4ce8-844d-75038431edb8', 'e532b226-899e-43b5-9f6a-aab1d39b7705');
INSERT INTO oneOnOneMeasure(evaluation, measureOneOnOneIDFK, measurableIDFK) VALUES('2', 'b702fccb-fa04-4413-9183-26fe9a42be11', 'c531c2f9-bde6-4f33-8cc5-be83fae12e77');
INSERT INTO oneOnOneMeasure(evaluation, measureOneOnOneIDFK, measurableIDFK) VALUES('2', '55db16ca-a188-4043-bdd3-1c4cda29dadd', '9221fb73-c8d1-448c-a4e5-76a5e68af735');
INSERT INTO oneOnOneMeasure(evaluation, measureOneOnOneIDFK, measurableIDFK) VALUES('3', '092d5e55-cec4-4ce8-844d-75038431edb8', '524f99b3-4791-4b3e-a68b-9cd1bbd5d44b');
INSERT INTO oneOnOneMeasure(evaluation, measureOneOnOneIDFK, measurableIDFK) VALUES('2', 'd839346e-49f9-48e0-b91d-e1b963840b15', 'c531c2f9-bde6-4f33-8cc5-be83fae12e77');
INSERT INTO oneOnOneMeasure(evaluation, measureOneOnOneIDFK, measurableIDFK) VALUES('2', '4e09b7a4-c43d-4735-8523-14f80829190c', '524f99b3-4791-4b3e-a68b-9cd1bbd5d44b');
INSERT INTO oneOnOneMeasure(evaluation, measureOneOnOneIDFK, measurableIDFK) VALUES('3', 'e5152104-66f9-4088-89d3-5f8570ff2425', 'e532b226-899e-43b5-9f6a-aab1d39b7705');
INSERT INTO oneOnOneMeasure(evaluation, measureOneOnOneIDFK, measurableIDFK) VALUES('2', '604e330d-b3f6-4d39-bac3-c2e5189dfbe2', '524f99b3-4791-4b3e-a68b-9cd1bbd5d44b');
INSERT INTO oneOnOneMeasure(evaluation, measureOneOnOneIDFK, measurableIDFK) VALUES('5', '4952c951-3d13-42c5-8fd9-16e8e3434638', 'ab7cb5b6-bb1b-4157-acfc-2cc047f55269');
INSERT INTO oneOnOneMeasure(evaluation, measureOneOnOneIDFK, measurableIDFK) VALUES('4', '8101459d-4d20-4727-bd6b-3902cb8735d9', '9221fb73-c8d1-448c-a4e5-76a5e68af735');
INSERT INTO oneOnOneMeasure(evaluation, measureOneOnOneIDFK, measurableIDFK) VALUES('3', '15cc4c99-2824-48c5-bcfc-08189f05d639', 'c531c2f9-bde6-4f33-8cc5-be83fae12e77');
INSERT INTO oneOnOneMeasure(evaluation, measureOneOnOneIDFK, measurableIDFK) VALUES('5', '46a351b2-999d-4b30-9876-ecb3be857098', '9221fb73-c8d1-448c-a4e5-76a5e68af735');
INSERT INTO oneOnOneMeasure(evaluation, measureOneOnOneIDFK, measurableIDFK) VALUES('2', 'd839346e-49f9-48e0-b91d-e1b963840b15', 'e532b226-899e-43b5-9f6a-aab1d39b7705');
INSERT INTO oneOnOneMeasure(evaluation, measureOneOnOneIDFK, measurableIDFK) VALUES('4', '476badbe-c75b-4c65-887f-cab15f390b56', 'ab7cb5b6-bb1b-4157-acfc-2cc047f55269');
INSERT INTO oneOnOneMeasure(evaluation, measureOneOnOneIDFK, measurableIDFK) VALUES('1', 'f6db1ba0-8def-4c04-b49a-74b6dec4acaf', '9221fb73-c8d1-448c-a4e5-76a5e68af735');
INSERT INTO oneOnOneMeasure(evaluation, measureOneOnOneIDFK, measurableIDFK) VALUES('5', '476badbe-c75b-4c65-887f-cab15f390b56', 'c531c2f9-bde6-4f33-8cc5-be83fae12e77');
INSERT INTO oneOnOneMeasure(evaluation, measureOneOnOneIDFK, measurableIDFK) VALUES('4', '604e330d-b3f6-4d39-bac3-c2e5189dfbe2', '9221fb73-c8d1-448c-a4e5-76a5e68af735');
INSERT INTO oneOnOneMeasure(evaluation, measureOneOnOneIDFK, measurableIDFK) VALUES('4', 'c718d500-f02e-4295-9dcf-2297af4fab43', '524f99b3-4791-4b3e-a68b-9cd1bbd5d44b');
INSERT INTO oneOnOneMeasure(evaluation, measureOneOnOneIDFK, measurableIDFK) VALUES('4', '51ff251b-b185-45bc-9baf-c96d2da91b13', '9221fb73-c8d1-448c-a4e5-76a5e68af735');
INSERT INTO oneOnOneMeasure(evaluation, measureOneOnOneIDFK, measurableIDFK) VALUES('5', '476badbe-c75b-4c65-887f-cab15f390b56', '524f99b3-4791-4b3e-a68b-9cd1bbd5d44b');
INSERT INTO oneOnOneMeasure(evaluation, measureOneOnOneIDFK, measurableIDFK) VALUES('1', 'e7f6856d-22ed-4500-bb66-7c2c5c5847fd', '9221fb73-c8d1-448c-a4e5-76a5e68af735');
INSERT INTO oneOnOneMeasure(evaluation, measureOneOnOneIDFK, measurableIDFK) VALUES('2', 'd839346e-49f9-48e0-b91d-e1b963840b15', 'c531c2f9-bde6-4f33-8cc5-be83fae12e77');
INSERT INTO oneOnOneMeasure(evaluation, measureOneOnOneIDFK, measurableIDFK) VALUES('4', '607b781a-6a74-4f06-ae2b-fdd47cfdf998', 'ab7cb5b6-bb1b-4157-acfc-2cc047f55269');
INSERT INTO oneOnOneMeasure(evaluation, measureOneOnOneIDFK, measurableIDFK) VALUES('2', '604e330d-b3f6-4d39-bac3-c2e5189dfbe2', '9221fb73-c8d1-448c-a4e5-76a5e68af735');
INSERT INTO oneOnOneMeasure(evaluation, measureOneOnOneIDFK, measurableIDFK) VALUES('3', 'd4ffc79f-165a-4a73-8a83-f081c36ae33c', '9221fb73-c8d1-448c-a4e5-76a5e68af735');
INSERT INTO oneOnOneMeasure(evaluation, measureOneOnOneIDFK, measurableIDFK) VALUES('4', '4952c951-3d13-42c5-8fd9-16e8e3434638', '9221fb73-c8d1-448c-a4e5-76a5e68af735');
INSERT INTO oneOnOneMeasure(evaluation, measureOneOnOneIDFK, measurableIDFK) VALUES('2', '83651624-36cc-4845-a9d1-775bae2d9eac', 'ab7cb5b6-bb1b-4157-acfc-2cc047f55269');
INSERT INTO oneOnOneMeasure(evaluation, measureOneOnOneIDFK, measurableIDFK) VALUES('2', '607b781a-6a74-4f06-ae2b-fdd47cfdf998', '524f99b3-4791-4b3e-a68b-9cd1bbd5d44b');
INSERT INTO oneOnOneMeasure(evaluation, measureOneOnOneIDFK, measurableIDFK) VALUES('5', 'c12fc186-238c-4ffd-80b4-0b0c64fc2eff', 'c531c2f9-bde6-4f33-8cc5-be83fae12e77');
INSERT INTO oneOnOneMeasure(evaluation, measureOneOnOneIDFK, measurableIDFK) VALUES('3', 'd839346e-49f9-48e0-b91d-e1b963840b15', 'c531c2f9-bde6-4f33-8cc5-be83fae12e77');
INSERT INTO oneOnOneMeasure(evaluation, measureOneOnOneIDFK, measurableIDFK) VALUES('2', '607b781a-6a74-4f06-ae2b-fdd47cfdf998', '524f99b3-4791-4b3e-a68b-9cd1bbd5d44b');
INSERT INTO oneOnOneMeasure(evaluation, measureOneOnOneIDFK, measurableIDFK) VALUES('2', 'd4ffc79f-165a-4a73-8a83-f081c36ae33c', 'ab7cb5b6-bb1b-4157-acfc-2cc047f55269');
INSERT INTO oneOnOneMeasure(evaluation, measureOneOnOneIDFK, measurableIDFK) VALUES('3', '83651624-36cc-4845-a9d1-775bae2d9eac', 'c531c2f9-bde6-4f33-8cc5-be83fae12e77');
INSERT INTO oneOnOneMeasure(evaluation, measureOneOnOneIDFK, measurableIDFK) VALUES('4', 'f82f5328-9b3e-4ca2-a248-a1d1b6f40e1d', '9221fb73-c8d1-448c-a4e5-76a5e68af735');
INSERT INTO oneOnOneMeasure(evaluation, measureOneOnOneIDFK, measurableIDFK) VALUES('1', '9da09eb4-b9cb-4d96-9a45-56bb85137108', '524f99b3-4791-4b3e-a68b-9cd1bbd5d44b');
INSERT INTO oneOnOneMeasure(evaluation, measureOneOnOneIDFK, measurableIDFK) VALUES('1', 'f1e27d41-2dda-4b3f-840b-7db8bee6ce25', 'e532b226-899e-43b5-9f6a-aab1d39b7705');
INSERT INTO oneOnOneMeasure(evaluation, measureOneOnOneIDFK, measurableIDFK) VALUES('4', '407a6279-7c2e-40b1-873b-ddedae4397e4', 'ab7cb5b6-bb1b-4157-acfc-2cc047f55269');
INSERT INTO oneOnOneMeasure(evaluation, measureOneOnOneIDFK, measurableIDFK) VALUES('2', 'e92ad35d-e1b1-418d-a0fa-ee63e1e4e94f', '524f99b3-4791-4b3e-a68b-9cd1bbd5d44b');
INSERT INTO oneOnOneMeasure(evaluation, measureOneOnOneIDFK, measurableIDFK) VALUES('2', '4e09b7a4-c43d-4735-8523-14f80829190c', 'e532b226-899e-43b5-9f6a-aab1d39b7705');
INSERT INTO oneOnOneMeasure(evaluation, measureOneOnOneIDFK, measurableIDFK) VALUES('5', '0f77b861-a90d-41f0-98eb-9bfadc7e771d', 'c531c2f9-bde6-4f33-8cc5-be83fae12e77');
INSERT INTO oneOnOneMeasure(evaluation, measureOneOnOneIDFK, measurableIDFK) VALUES('3', 'ca046614-31ba-4f5a-99a5-88ecfec6827d', 'ab7cb5b6-bb1b-4157-acfc-2cc047f55269');
INSERT INTO oneOnOneMeasure(evaluation, measureOneOnOneIDFK, measurableIDFK) VALUES('5', '6d523d67-c423-4524-84d0-21af83fee645', 'e532b226-899e-43b5-9f6a-aab1d39b7705');
INSERT INTO oneOnOneMeasure(evaluation, measureOneOnOneIDFK, measurableIDFK) VALUES('2', 'a81708fb-9414-44dd-a8e7-72bafd3e0696', 'ab7cb5b6-bb1b-4157-acfc-2cc047f55269');
INSERT INTO oneOnOneMeasure(evaluation, measureOneOnOneIDFK, measurableIDFK) VALUES('3', '0109c70d-152c-4943-aba2-b4b5e99bebaa', '524f99b3-4791-4b3e-a68b-9cd1bbd5d44b');
INSERT INTO oneOnOneMeasure(evaluation, measureOneOnOneIDFK, measurableIDFK) VALUES('1', 'e63387fc-1b6a-4f61-a251-6bf64bb997bb', '524f99b3-4791-4b3e-a68b-9cd1bbd5d44b');
INSERT INTO oneOnOneMeasure(evaluation, measureOneOnOneIDFK, measurableIDFK) VALUES('1', '3ea49bf8-78f7-4b21-938e-f972e6ee6061', '524f99b3-4791-4b3e-a68b-9cd1bbd5d44b');
INSERT INTO oneOnOneMeasure(evaluation, measureOneOnOneIDFK, measurableIDFK) VALUES('2', 'f6db1ba0-8def-4c04-b49a-74b6dec4acaf', 'ab7cb5b6-bb1b-4157-acfc-2cc047f55269');
INSERT INTO oneOnOneMeasure(evaluation, measureOneOnOneIDFK, measurableIDFK) VALUES('3', '4d00f739-b3b5-4f23-8ea5-faa47e34d8ec', 'ab7cb5b6-bb1b-4157-acfc-2cc047f55269');
INSERT INTO oneOnOneMeasure(evaluation, measureOneOnOneIDFK, measurableIDFK) VALUES('2', '15cc4c99-2824-48c5-bcfc-08189f05d639', 'c531c2f9-bde6-4f33-8cc5-be83fae12e77');
INSERT INTO oneOnOneMeasure(evaluation, measureOneOnOneIDFK, measurableIDFK) VALUES('1', '171cc076-a131-46c5-962e-b4c87dbd7f21', '524f99b3-4791-4b3e-a68b-9cd1bbd5d44b');
INSERT INTO oneOnOneMeasure(evaluation, measureOneOnOneIDFK, measurableIDFK) VALUES('3', 'c718d500-f02e-4295-9dcf-2297af4fab43', '9221fb73-c8d1-448c-a4e5-76a5e68af735');
INSERT INTO oneOnOneMeasure(evaluation, measureOneOnOneIDFK, measurableIDFK) VALUES('1', '7ee0aee5-804e-4137-92b4-b9eefb259cba', 'c531c2f9-bde6-4f33-8cc5-be83fae12e77');
INSERT INTO oneOnOneMeasure(evaluation, measureOneOnOneIDFK, measurableIDFK) VALUES('5', 'a81708fb-9414-44dd-a8e7-72bafd3e0696', 'c531c2f9-bde6-4f33-8cc5-be83fae12e77');
INSERT INTO oneOnOneMeasure(evaluation, measureOneOnOneIDFK, measurableIDFK) VALUES('2', 'ce36cdc9-da4b-4db2-b77a-845cd80f9d18', '9221fb73-c8d1-448c-a4e5-76a5e68af735');
INSERT INTO oneOnOneMeasure(evaluation, measureOneOnOneIDFK, measurableIDFK) VALUES('4', '476badbe-c75b-4c65-887f-cab15f390b56', 'c531c2f9-bde6-4f33-8cc5-be83fae12e77');
INSERT INTO oneOnOneMeasure(evaluation, measureOneOnOneIDFK, measurableIDFK) VALUES('5', 'ddb643fe-66c6-4d4c-8bb0-16b1a84504d1', '524f99b3-4791-4b3e-a68b-9cd1bbd5d44b');
INSERT INTO oneOnOneMeasure(evaluation, measureOneOnOneIDFK, measurableIDFK) VALUES('3', 'a945b55e-0d32-4b8d-949d-492d544b291f', '9221fb73-c8d1-448c-a4e5-76a5e68af735');
INSERT INTO oneOnOneMeasure(evaluation, measureOneOnOneIDFK, measurableIDFK) VALUES('5', 'a81708fb-9414-44dd-a8e7-72bafd3e0696', 'ab7cb5b6-bb1b-4157-acfc-2cc047f55269');
INSERT INTO oneOnOneMeasure(evaluation, measureOneOnOneIDFK, measurableIDFK) VALUES('2', '444ff6d0-14b4-440f-9582-862c67b8de8e', '9221fb73-c8d1-448c-a4e5-76a5e68af735');
INSERT INTO oneOnOneMeasure(evaluation, measureOneOnOneIDFK, measurableIDFK) VALUES('3', 'df2d1394-f22d-445e-b7c2-341da0b04560', 'ab7cb5b6-bb1b-4157-acfc-2cc047f55269');
INSERT INTO oneOnOneMeasure(evaluation, measureOneOnOneIDFK, measurableIDFK) VALUES('3', 'f1e27d41-2dda-4b3f-840b-7db8bee6ce25', '524f99b3-4791-4b3e-a68b-9cd1bbd5d44b');
INSERT INTO oneOnOneMeasure(evaluation, measureOneOnOneIDFK, measurableIDFK) VALUES('4', 'b702fccb-fa04-4413-9183-26fe9a42be11', 'ab7cb5b6-bb1b-4157-acfc-2cc047f55269');
INSERT INTO oneOnOneMeasure(evaluation, measureOneOnOneIDFK, measurableIDFK) VALUES('5', '070d8e02-7b37-48bb-bd2e-ad64c2008644', 'e532b226-899e-43b5-9f6a-aab1d39b7705');
INSERT INTO oneOnOneMeasure(evaluation, measureOneOnOneIDFK, measurableIDFK) VALUES('4', 'e7f6856d-22ed-4500-bb66-7c2c5c5847fd', 'c531c2f9-bde6-4f33-8cc5-be83fae12e77');
INSERT INTO oneOnOneMeasure(evaluation, measureOneOnOneIDFK, measurableIDFK) VALUES('4', '6d523d67-c423-4524-84d0-21af83fee645', '9221fb73-c8d1-448c-a4e5-76a5e68af735');
INSERT INTO oneOnOneMeasure(evaluation, measureOneOnOneIDFK, measurableIDFK) VALUES('5', '4899bcda-6167-4df2-a2de-9610c4c997c0', 'e532b226-899e-43b5-9f6a-aab1d39b7705');
INSERT INTO oneOnOneMeasure(evaluation, measureOneOnOneIDFK, measurableIDFK) VALUES('4', 'ca046614-31ba-4f5a-99a5-88ecfec6827d', '9221fb73-c8d1-448c-a4e5-76a5e68af735');
INSERT INTO oneOnOneMeasure(evaluation, measureOneOnOneIDFK, measurableIDFK) VALUES('1', '46a351b2-999d-4b30-9876-ecb3be857098', 'c531c2f9-bde6-4f33-8cc5-be83fae12e77');
INSERT INTO oneOnOneMeasure(evaluation, measureOneOnOneIDFK, measurableIDFK) VALUES('3', '69bed137-16b4-4daa-8a22-17182c98dd4f', 'e532b226-899e-43b5-9f6a-aab1d39b7705');
INSERT INTO oneOnOneMeasure(evaluation, measureOneOnOneIDFK, measurableIDFK) VALUES('2', '58f5ee7a-8c9d-4a37-a00c-0fd7ac9f9181', 'c531c2f9-bde6-4f33-8cc5-be83fae12e77');
INSERT INTO oneOnOneMeasure(evaluation, measureOneOnOneIDFK, measurableIDFK) VALUES('5', 'df2d1394-f22d-445e-b7c2-341da0b04560', 'ab7cb5b6-bb1b-4157-acfc-2cc047f55269');
INSERT INTO oneOnOneMeasure(evaluation, measureOneOnOneIDFK, measurableIDFK) VALUES('3', '607b781a-6a74-4f06-ae2b-fdd47cfdf998', 'e532b226-899e-43b5-9f6a-aab1d39b7705');
INSERT INTO oneOnOneMeasure(evaluation, measureOneOnOneIDFK, measurableIDFK) VALUES('2', '9e8acd95-4ae7-4cd2-a199-b4c519206c8a', 'ab7cb5b6-bb1b-4157-acfc-2cc047f55269');
INSERT INTO oneOnOneMeasure(evaluation, measureOneOnOneIDFK, measurableIDFK) VALUES('4', '4d00f739-b3b5-4f23-8ea5-faa47e34d8ec', 'c531c2f9-bde6-4f33-8cc5-be83fae12e77');
INSERT INTO oneOnOneMeasure(evaluation, measureOneOnOneIDFK, measurableIDFK) VALUES('4', '6a599c33-c6c9-4ce2-9c05-4ba166c71980', 'c531c2f9-bde6-4f33-8cc5-be83fae12e77');
INSERT INTO oneOnOneMeasure(evaluation, measureOneOnOneIDFK, measurableIDFK) VALUES('5', 'e06f59f6-2002-4c24-931c-67a09fccb6c4', 'ab7cb5b6-bb1b-4157-acfc-2cc047f55269');
INSERT INTO oneOnOneMeasure(evaluation, measureOneOnOneIDFK, measurableIDFK) VALUES('1', '444ff6d0-14b4-440f-9582-862c67b8de8e', 'c531c2f9-bde6-4f33-8cc5-be83fae12e77');
INSERT INTO oneOnOneMeasure(evaluation, measureOneOnOneIDFK, measurableIDFK) VALUES('2', 'f1e27d41-2dda-4b3f-840b-7db8bee6ce25', '9221fb73-c8d1-448c-a4e5-76a5e68af735');
INSERT INTO oneOnOneMeasure(evaluation, measureOneOnOneIDFK, measurableIDFK) VALUES('3', '51ff251b-b185-45bc-9baf-c96d2da91b13', 'c531c2f9-bde6-4f33-8cc5-be83fae12e77');
INSERT INTO oneOnOneMeasure(evaluation, measureOneOnOneIDFK, measurableIDFK) VALUES('5', '593e967f-3c30-42fb-81a6-eac84f307ead', '524f99b3-4791-4b3e-a68b-9cd1bbd5d44b');
INSERT INTO oneOnOneMeasure(evaluation, measureOneOnOneIDFK, measurableIDFK) VALUES('2', '7366aa35-4bc2-4246-a511-ca1792cb5d30', '9221fb73-c8d1-448c-a4e5-76a5e68af735');
INSERT INTO oneOnOneMeasure(evaluation, measureOneOnOneIDFK, measurableIDFK) VALUES('3', 'b702fccb-fa04-4413-9183-26fe9a42be11', 'ab7cb5b6-bb1b-4157-acfc-2cc047f55269');
INSERT INTO oneOnOneMeasure(evaluation, measureOneOnOneIDFK, measurableIDFK) VALUES('5', 'e92ad35d-e1b1-418d-a0fa-ee63e1e4e94f', '524f99b3-4791-4b3e-a68b-9cd1bbd5d44b');
INSERT INTO oneOnOneMeasure(evaluation, measureOneOnOneIDFK, measurableIDFK) VALUES('1', 'e92ad35d-e1b1-418d-a0fa-ee63e1e4e94f', '9221fb73-c8d1-448c-a4e5-76a5e68af735');
INSERT INTO oneOnOneMeasure(evaluation, measureOneOnOneIDFK, measurableIDFK) VALUES('4', '55db16ca-a188-4043-bdd3-1c4cda29dadd', '9221fb73-c8d1-448c-a4e5-76a5e68af735');
INSERT INTO oneOnOneMeasure(evaluation, measureOneOnOneIDFK, measurableIDFK) VALUES('1', 'c4ce1576-4a63-4787-b75b-504a5d5a126a', 'ab7cb5b6-bb1b-4157-acfc-2cc047f55269');
INSERT INTO oneOnOneMeasure(evaluation, measureOneOnOneIDFK, measurableIDFK) VALUES('1', '4e09b7a4-c43d-4735-8523-14f80829190c', '9221fb73-c8d1-448c-a4e5-76a5e68af735');
INSERT INTO oneOnOneMeasure(evaluation, measureOneOnOneIDFK, measurableIDFK) VALUES('1', '9da09eb4-b9cb-4d96-9a45-56bb85137108', 'c531c2f9-bde6-4f33-8cc5-be83fae12e77');
INSERT INTO oneOnOneMeasure(evaluation, measureOneOnOneIDFK, measurableIDFK) VALUES('1', '83651624-36cc-4845-a9d1-775bae2d9eac', '524f99b3-4791-4b3e-a68b-9cd1bbd5d44b');
INSERT INTO oneOnOneMeasure(evaluation, measureOneOnOneIDFK, measurableIDFK) VALUES('4', 'b702fccb-fa04-4413-9183-26fe9a42be11', 'e532b226-899e-43b5-9f6a-aab1d39b7705');
INSERT INTO oneOnOneMeasure(evaluation, measureOneOnOneIDFK, measurableIDFK) VALUES('1', '37bbea34-8f66-4189-bedf-07eb4961877c', 'c531c2f9-bde6-4f33-8cc5-be83fae12e77');
INSERT INTO oneOnOneMeasure(evaluation, measureOneOnOneIDFK, measurableIDFK) VALUES('2', '4952c951-3d13-42c5-8fd9-16e8e3434638', '9221fb73-c8d1-448c-a4e5-76a5e68af735');
INSERT INTO oneOnOneMeasure(evaluation, measureOneOnOneIDFK, measurableIDFK) VALUES('2', 'b0f1229b-9c42-4aae-b7ab-790b271e442a', '524f99b3-4791-4b3e-a68b-9cd1bbd5d44b');
INSERT INTO oneOnOneMeasure(evaluation, measureOneOnOneIDFK, measurableIDFK) VALUES('1', '69bed137-16b4-4daa-8a22-17182c98dd4f', 'e532b226-899e-43b5-9f6a-aab1d39b7705');
INSERT INTO oneOnOneMeasure(evaluation, measureOneOnOneIDFK, measurableIDFK) VALUES('5', 'e7f6856d-22ed-4500-bb66-7c2c5c5847fd', '524f99b3-4791-4b3e-a68b-9cd1bbd5d44b');
INSERT INTO oneOnOneMeasure(evaluation, measureOneOnOneIDFK, measurableIDFK) VALUES('1', 'a81708fb-9414-44dd-a8e7-72bafd3e0696', '524f99b3-4791-4b3e-a68b-9cd1bbd5d44b');
INSERT INTO oneOnOneMeasure(evaluation, measureOneOnOneIDFK, measurableIDFK) VALUES('2', '0f77b861-a90d-41f0-98eb-9bfadc7e771d', 'ab7cb5b6-bb1b-4157-acfc-2cc047f55269');
INSERT INTO oneOnOneMeasure(evaluation, measureOneOnOneIDFK, measurableIDFK) VALUES('4', 'e7f6856d-22ed-4500-bb66-7c2c5c5847fd', 'e532b226-899e-43b5-9f6a-aab1d39b7705');
INSERT INTO oneOnOneMeasure(evaluation, measureOneOnOneIDFK, measurableIDFK) VALUES('5', 'e63387fc-1b6a-4f61-a251-6bf64bb997bb', 'e532b226-899e-43b5-9f6a-aab1d39b7705');
INSERT INTO oneOnOneMeasure(evaluation, measureOneOnOneIDFK, measurableIDFK) VALUES('2', '83651624-36cc-4845-a9d1-775bae2d9eac', 'ab7cb5b6-bb1b-4157-acfc-2cc047f55269');
INSERT INTO oneOnOneMeasure(evaluation, measureOneOnOneIDFK, measurableIDFK) VALUES('2', 'f6db1ba0-8def-4c04-b49a-74b6dec4acaf', 'ab7cb5b6-bb1b-4157-acfc-2cc047f55269');
INSERT INTO oneOnOneMeasure(evaluation, measureOneOnOneIDFK, measurableIDFK) VALUES('4', '0a81c422-60e3-4247-bd15-439bb62721c9', 'c531c2f9-bde6-4f33-8cc5-be83fae12e77');
INSERT INTO oneOnOneMeasure(evaluation, measureOneOnOneIDFK, measurableIDFK) VALUES('4', '0a81c422-60e3-4247-bd15-439bb62721c9', 'e532b226-899e-43b5-9f6a-aab1d39b7705');
INSERT INTO oneOnOneMeasure(evaluation, measureOneOnOneIDFK, measurableIDFK) VALUES('4', '4d00f739-b3b5-4f23-8ea5-faa47e34d8ec', 'c531c2f9-bde6-4f33-8cc5-be83fae12e77');
INSERT INTO oneOnOneMeasure(evaluation, measureOneOnOneIDFK, measurableIDFK) VALUES('3', 'e5152104-66f9-4088-89d3-5f8570ff2425', 'c531c2f9-bde6-4f33-8cc5-be83fae12e77');
INSERT INTO oneOnOneMeasure(evaluation, measureOneOnOneIDFK, measurableIDFK) VALUES('4', 'a1e48613-9e83-41a4-99b7-ce58e2359316', 'ab7cb5b6-bb1b-4157-acfc-2cc047f55269');
INSERT INTO oneOnOneMeasure(evaluation, measureOneOnOneIDFK, measurableIDFK) VALUES('3', '0109c70d-152c-4943-aba2-b4b5e99bebaa', 'e532b226-899e-43b5-9f6a-aab1d39b7705');
INSERT INTO oneOnOneMeasure(evaluation, measureOneOnOneIDFK, measurableIDFK) VALUES('3', 'a81708fb-9414-44dd-a8e7-72bafd3e0696', '524f99b3-4791-4b3e-a68b-9cd1bbd5d44b');
INSERT INTO oneOnOneMeasure(evaluation, measureOneOnOneIDFK, measurableIDFK) VALUES('5', '4952c951-3d13-42c5-8fd9-16e8e3434638', 'c531c2f9-bde6-4f33-8cc5-be83fae12e77');
INSERT INTO oneOnOneMeasure(evaluation, measureOneOnOneIDFK, measurableIDFK) VALUES('4', '7ee0aee5-804e-4137-92b4-b9eefb259cba', '524f99b3-4791-4b3e-a68b-9cd1bbd5d44b');
INSERT INTO oneOnOneMeasure(evaluation, measureOneOnOneIDFK, measurableIDFK) VALUES('2', 'b0f1229b-9c42-4aae-b7ab-790b271e442a', '9221fb73-c8d1-448c-a4e5-76a5e68af735');
INSERT INTO oneOnOneMeasure(evaluation, measureOneOnOneIDFK, measurableIDFK) VALUES('2', 'e06f59f6-2002-4c24-931c-67a09fccb6c4', 'e532b226-899e-43b5-9f6a-aab1d39b7705');
INSERT INTO oneOnOneMeasure(evaluation, measureOneOnOneIDFK, measurableIDFK) VALUES('3', '4899bcda-6167-4df2-a2de-9610c4c997c0', 'ab7cb5b6-bb1b-4157-acfc-2cc047f55269');
INSERT INTO oneOnOneMeasure(evaluation, measureOneOnOneIDFK, measurableIDFK) VALUES('4', '4d00f739-b3b5-4f23-8ea5-faa47e34d8ec', '524f99b3-4791-4b3e-a68b-9cd1bbd5d44b');
INSERT INTO oneOnOneMeasure(evaluation, measureOneOnOneIDFK, measurableIDFK) VALUES('4', '40bdb683-586d-4a7a-b66f-1e51d8dc220f', '9221fb73-c8d1-448c-a4e5-76a5e68af735');
INSERT INTO oneOnOneMeasure(evaluation, measureOneOnOneIDFK, measurableIDFK) VALUES('4', '94522182-b603-469f-926c-75c672c6a1f4', 'c531c2f9-bde6-4f33-8cc5-be83fae12e77');
INSERT INTO oneOnOneMeasure(evaluation, measureOneOnOneIDFK, measurableIDFK) VALUES('4', '46a351b2-999d-4b30-9876-ecb3be857098', 'e532b226-899e-43b5-9f6a-aab1d39b7705');
INSERT INTO oneOnOneMeasure(evaluation, measureOneOnOneIDFK, measurableIDFK) VALUES('2', '3ea49bf8-78f7-4b21-938e-f972e6ee6061', 'c531c2f9-bde6-4f33-8cc5-be83fae12e77');
INSERT INTO oneOnOneMeasure(evaluation, measureOneOnOneIDFK, measurableIDFK) VALUES('3', 'b0f1229b-9c42-4aae-b7ab-790b271e442a', '524f99b3-4791-4b3e-a68b-9cd1bbd5d44b');
INSERT INTO oneOnOneMeasure(evaluation, measureOneOnOneIDFK, measurableIDFK) VALUES('4', '2b673b33-7fda-4855-9376-18df1e2fe71a', 'ab7cb5b6-bb1b-4157-acfc-2cc047f55269');
INSERT INTO oneOnOneMeasure(evaluation, measureOneOnOneIDFK, measurableIDFK) VALUES('3', '15cc4c99-2824-48c5-bcfc-08189f05d639', '524f99b3-4791-4b3e-a68b-9cd1bbd5d44b');
INSERT INTO oneOnOneMeasure(evaluation, measureOneOnOneIDFK, measurableIDFK) VALUES('5', 'a08fb9d5-ad59-45f2-b994-bad45cd2a95c', '9221fb73-c8d1-448c-a4e5-76a5e68af735');

INSERT INTO vacation(vacationID, startDate, endDate, reason, leaderStatus, hrStatus, vacationUserIDFK) VALUES('a0eb2432-0f0f-428c-a3f7-da594a938c9c', '25/09/25', '25/09/26', 'Visitar amigos o familiares', 0, 2, '453fd7df-901b-47d3-b20c-59b66e22d7aa');
INSERT INTO vacation(vacationID, startDate, endDate, reason, leaderStatus, hrStatus, vacationUserIDFK) VALUES('0aa8a916-babe-487a-9536-d13521f66730', '30/10/21', '30/10/22', 'Mejorar la salud mental', 0, 1, 'd2fe884f-4eef-4542-ad7a-b87edfe08f3d');
INSERT INTO vacation(vacationID, startDate, endDate, reason, leaderStatus, hrStatus, vacationUserIDFK) VALUES('a197c1eb-2a4e-47b2-a7ae-f031569a4810', '30/12/18', '30/12/19', 'Aprovechar promociones de viaje', 1, 2, '0d86c334-2126-4c19-aec6-b24ce82c0f7d');
INSERT INTO vacation(vacationID, startDate, endDate, reason, leaderStatus, hrStatus, vacationUserIDFK) VALUES('a65c22c7-5289-4857-b3b5-c0d44c81bf76', '32/09/15', '32/09/16', 'Celebrar un aniversario', 0, 1, '11760bed-139c-49bf-9fb2-9968f98bebb1');
INSERT INTO vacation(vacationID, startDate, endDate, reason, leaderStatus, hrStatus, vacationUserIDFK) VALUES('f419284b-b370-4b0b-a0e6-f986431b4e95', '31/07/06', '31/07/07', 'Festejar un cumpleaños', 0, 0, '283a4a79-7330-4a46-8b43-3dd3c153e9ce');
INSERT INTO vacation(vacationID, startDate, endDate, reason, leaderStatus, hrStatus, vacationUserIDFK) VALUES('fbadac47-2e6b-4dfe-b1e6-f5a6ff1df1b2', '33/01/27', '33/01/28', 'Reducir el estrés', 1, 0, '321977c9-1719-4a03-81dd-3cd26d84a0ed');
INSERT INTO vacation(vacationID, startDate, endDate, reason, leaderStatus, hrStatus, vacationUserIDFK) VALUES('33b6f576-d243-4b77-89f8-4f84a5fbcbd4', '26/05/09', '26/05/10', 'Realizar actividades al aire libre', 2, 0, 'c0d6ed70-1383-499e-b678-c69ec7f14270');
INSERT INTO vacation(vacationID, startDate, endDate, reason, leaderStatus, hrStatus, vacationUserIDFK) VALUES('6ec7bd6d-e4ae-4f72-bbdd-e12e93d6a465', '25/10/27', '25/10/28', 'Fortalecer la relación de pareja', 0, 2, '8ccc6771-4be9-4654-b073-a1059bfcb59c');
INSERT INTO vacation(vacationID, startDate, endDate, reason, leaderStatus, hrStatus, vacationUserIDFK) VALUES('a82b264d-26f1-418c-b9f3-a4e8ba61559f', '33/10/21', '33/10/22', 'Disfrutar de la naturaleza', 1, 2, '8f4f580a-39ac-43f5-9733-812fa01758e4');
INSERT INTO vacation(vacationID, startDate, endDate, reason, leaderStatus, hrStatus, vacationUserIDFK) VALUES('52f239e5-c8dd-4be1-8c27-833453a98279', '32/01/24', '32/01/25', 'Pasar tiempo con la familia', 2, 2, '70b8d444-b3d0-4e53-a8e8-c2b25fdb6e7b');
INSERT INTO vacation(vacationID, startDate, endDate, reason, leaderStatus, hrStatus, vacationUserIDFK) VALUES('97aafc51-0b51-401b-8602-2618f45ffebd', '29/10/09', '29/10/10', 'Visitar amigos o familiares', 0, 0, '7a149d8b-f5a0-43cc-80c7-6049e052a49d');
INSERT INTO vacation(vacationID, startDate, endDate, reason, leaderStatus, hrStatus, vacationUserIDFK) VALUES('7022fdc3-cb7f-4d66-a343-7abaed760bf8', '30/01/18', '30/01/19', 'Fortalecer la relación de pareja', 0, 0, '2d4fa6a1-8e0b-4d63-8f3b-6bb4e6ec1c9f');
INSERT INTO vacation(vacationID, startDate, endDate, reason, leaderStatus, hrStatus, vacationUserIDFK) VALUES('fe3aa6f2-9aa4-4fd6-ad4e-9f5e709d213b', '32/01/24', '32/01/25', 'Descansar del trabajo', 2, 1, 'a283509b-3f08-429a-9005-1d9e0e76ec7e');
INSERT INTO vacation(vacationID, startDate, endDate, reason, leaderStatus, hrStatus, vacationUserIDFK) VALUES('a11bf98e-9105-4759-819b-e7ffd58df16f', '31/11/24', '31/11/25', 'Aprovechar promociones de viaje', 2, 1, '8c55cf63-fd6a-4323-a562-d89d807089b4');
INSERT INTO vacation(vacationID, startDate, endDate, reason, leaderStatus, hrStatus, vacationUserIDFK) VALUES('efe57d5f-829f-4a9f-bd3c-de9f57d82de9', '25/05/14', '25/05/15', 'Conocer nuevos lugares', 0, 2, '45ab02f9-5d04-494c-9838-c4fa2c6ae422');
INSERT INTO vacation(vacationID, startDate, endDate, reason, leaderStatus, hrStatus, vacationUserIDFK) VALUES('4f29dd25-b6ce-44e8-afda-085ec085bd42', '29/05/27', '29/05/28', 'Fortalecer la relación de pareja', 1, 2, 'e3144df5-6376-42c9-803e-c5066b8fa95d');
INSERT INTO vacation(vacationID, startDate, endDate, reason, leaderStatus, hrStatus, vacationUserIDFK) VALUES('94c0c1eb-98ee-4475-a316-53f23f3017f6', '28/11/09', '28/11/10', 'Reducir el estrés', 2, 1, 'fe4d7d4f-285e-4432-80e5-220de9a64705');
INSERT INTO vacation(vacationID, startDate, endDate, reason, leaderStatus, hrStatus, vacationUserIDFK) VALUES('86e6cc46-6c8a-4990-a26a-b2762a7361c2', '29/12/15', '29/12/16', 'Cumplir un sueño personal', 0, 0, 'af885862-9df0-4f4f-84bc-01578f6c9c41');
INSERT INTO vacation(vacationID, startDate, endDate, reason, leaderStatus, hrStatus, vacationUserIDFK) VALUES('4c8af78c-ba0f-42b9-bb60-274147f388b3', '32/10/18', '32/10/19', 'Celebrar un aniversario', 2, 2, 'f5896ab9-81f3-4477-8fef-71904050ace7');
INSERT INTO vacation(vacationID, startDate, endDate, reason, leaderStatus, hrStatus, vacationUserIDFK) VALUES('7bf6d5a6-6937-48cb-ada0-d0b92ac845e5', '27/07/27', '27/07/28', 'Practicar deportes extremos', 1, 1, 'f5896ab9-81f3-4477-8fef-71904050ace7');
INSERT INTO vacation(vacationID, startDate, endDate, reason, leaderStatus, hrStatus, vacationUserIDFK) VALUES('28c5d36f-b85b-4236-ac65-95e85b6b8ec5', '31/06/03', '31/06/04', 'Conocer nuevos lugares', 0, 2, '7a149d8b-f5a0-43cc-80c7-6049e052a49d');
INSERT INTO vacation(vacationID, startDate, endDate, reason, leaderStatus, hrStatus, vacationUserIDFK) VALUES('9661c8c1-290e-4600-9544-92fd09656cc1', '29/08/03', '29/08/04', 'Aprender un nuevo idioma', 1, 1, '203b2cec-4f4c-4b99-86f8-2a1b07556bca');
INSERT INTO vacation(vacationID, startDate, endDate, reason, leaderStatus, hrStatus, vacationUserIDFK) VALUES('f48d154f-f8a3-449a-9aa5-a9300671f12f', '30/10/21', '30/10/22', 'Practicar deportes extremos', 1, 2, '9ffdd240-fe39-4a34-a736-a4e369a376f3');
INSERT INTO vacation(vacationID, startDate, endDate, reason, leaderStatus, hrStatus, vacationUserIDFK) VALUES('dbc152e4-26bf-46e7-8d9d-15412a2a9122', '33/01/27', '33/01/28', 'Probar nuevas comidas', 1, 0, 'eabd9902-4f11-4109-9c74-cdc134b5bddd');
INSERT INTO vacation(vacationID, startDate, endDate, reason, leaderStatus, hrStatus, vacationUserIDFK) VALUES('4a659850-d78a-4f56-a1ae-abfd6ffee196', '28/11/09', '28/11/10', 'Disfrutar de la naturaleza', 0, 0, 'a73127f1-f1bc-4508-9d1b-b0e1ea2fcd02');
INSERT INTO vacation(vacationID, startDate, endDate, reason, leaderStatus, hrStatus, vacationUserIDFK) VALUES('25924c4f-bddd-428b-822e-f3cd948b1d6b', '27/08/29', '27/08/30', 'Reducir el estrés', 2, 1, '45ab02f9-5d04-494c-9838-c4fa2c6ae422');
INSERT INTO vacation(vacationID, startDate, endDate, reason, leaderStatus, hrStatus, vacationUserIDFK) VALUES('4b6d34bb-6b15-4128-9dce-32c2617e111e', '30/09/09', '30/09/10', 'Realizar actividades al aire libre', 1, 0, 'f97351c7-b1a0-41d5-bcf9-979172e65c43');
INSERT INTO vacation(vacationID, startDate, endDate, reason, leaderStatus, hrStatus, vacationUserIDFK) VALUES('b29cab46-27c8-413d-a572-74b1dfa86c4a', '26/06/21', '26/06/22', 'Pasar tiempo con la familia', 2, 0, '61ba865d-d2b1-484d-860a-f4fb527224b9');
INSERT INTO vacation(vacationID, startDate, endDate, reason, leaderStatus, hrStatus, vacationUserIDFK) VALUES('8ba51cec-232e-4a7f-b1b3-5d634f08a977', '28/07/15', '28/07/16', 'Visitar amigos o familiares', 2, 1, '0a13b17d-7cd9-48da-ae68-b7a58b32f789');
INSERT INTO vacation(vacationID, startDate, endDate, reason, leaderStatus, hrStatus, vacationUserIDFK) VALUES('cd28e7ac-d053-478d-9069-e89b0e048832', '31/11/24', '31/11/25', 'Recargar energía y motivación', 0, 0, '842e37d1-9679-410f-922e-38793728d2f5');
INSERT INTO vacation(vacationID, startDate, endDate, reason, leaderStatus, hrStatus, vacationUserIDFK) VALUES('460e4795-16f1-4ce6-8bc0-1c18e803c5b8', '30/04/27', '30/04/28', 'Reducir el estrés', 2, 0, '38d5c931-6c70-4d3b-b512-6f79ea9c339b');
INSERT INTO vacation(vacationID, startDate, endDate, reason, leaderStatus, hrStatus, vacationUserIDFK) VALUES('252e0234-328a-4665-9c17-49622590f83b', '27/07/27', '27/07/28', 'Mejorar la salud mental', 0, 2, '067821bb-feaa-47ef-95b3-3fd243c64059');
INSERT INTO vacation(vacationID, startDate, endDate, reason, leaderStatus, hrStatus, vacationUserIDFK) VALUES('c53ee5ad-41aa-4698-a6ac-fe8cda00c00c', '28/03/18', '28/03/19', 'Desconectarse de la rutina', 2, 2, '38d5c931-6c70-4d3b-b512-6f79ea9c339b');
INSERT INTO vacation(vacationID, startDate, endDate, reason, leaderStatus, hrStatus, vacationUserIDFK) VALUES('3dba0962-4b01-4dcc-86be-99cbfc7f783e', '28/06/27', '28/06/28', 'Pasar tiempo con la familia', 1, 2, '124f8cae-b111-46f3-931d-e37cecab4790');
INSERT INTO vacation(vacationID, startDate, endDate, reason, leaderStatus, hrStatus, vacationUserIDFK) VALUES('8ad41c64-d5dc-415f-82e2-063f9d10a1e8', '27/12/09', '27/12/10', 'Conocer nuevos lugares', 0, 2, 'df0212f3-f406-4dcb-99b7-e09da91a00c2');
INSERT INTO vacation(vacationID, startDate, endDate, reason, leaderStatus, hrStatus, vacationUserIDFK) VALUES('fc4ee2f9-cd5b-47f6-b90d-86c4e1a228b6', '25/10/27', '25/10/28', 'Recargar energía y motivación', 1, 0, '45ab02f9-5d04-494c-9838-c4fa2c6ae422');
INSERT INTO vacation(vacationID, startDate, endDate, reason, leaderStatus, hrStatus, vacationUserIDFK) VALUES('7c1cbf19-2c60-413e-9eb5-559b033894d0', '28/07/15', '28/07/16', 'Visitar amigos o familiares', 1, 0, 'c0d6ed70-1383-499e-b678-c69ec7f14270');
INSERT INTO vacation(vacationID, startDate, endDate, reason, leaderStatus, hrStatus, vacationUserIDFK) VALUES('d84d90b9-f0b9-406e-9286-efcea2aee7cf', '31/12/21', '31/12/22', 'Practicar deportes extremos', 2, 2, '4a79c11d-5ea3-41b5-aa1f-bc15799bdbe7');
INSERT INTO vacation(vacationID, startDate, endDate, reason, leaderStatus, hrStatus, vacationUserIDFK) VALUES('9e6248a1-9adc-422d-a739-fa7f868a3976', '26/08/26', '26/08/27', 'Reducir el estrés', 0, 2, '4a79c11d-5ea3-41b5-aa1f-bc15799bdbe7');
INSERT INTO vacation(vacationID, startDate, endDate, reason, leaderStatus, hrStatus, vacationUserIDFK) VALUES('2fd464d1-824c-4091-b4ad-3fd2108774aa', '25/12/04', '25/12/05', 'Reducir el estrés', 2, 2, '840f6534-f864-404a-8112-c694efe7c840');
INSERT INTO vacation(vacationID, startDate, endDate, reason, leaderStatus, hrStatus, vacationUserIDFK) VALUES('1fd28ba5-5cc4-4ca0-ad01-369cd59a6d57', '29/03/21', '29/03/22', 'Descansar del trabajo', 2, 0, 'b4e79b9e-9816-4c77-83c1-cafb036c04ff');
INSERT INTO vacation(vacationID, startDate, endDate, reason, leaderStatus, hrStatus, vacationUserIDFK) VALUES('bb28edcb-af61-4613-874e-1f6620aa0c7c', '26/09/29', '26/09/30', 'Aprovechar promociones de viaje', 1, 1, '453fd7df-901b-47d3-b20c-59b66e22d7aa');
INSERT INTO vacation(vacationID, startDate, endDate, reason, leaderStatus, hrStatus, vacationUserIDFK) VALUES('295277fe-ede4-45d3-b23e-eeae66dc7916', '27/06/24', '27/06/25', 'Disfrutar de la naturaleza', 0, 1, 'b4e79b9e-9816-4c77-83c1-cafb036c04ff');
INSERT INTO vacation(vacationID, startDate, endDate, reason, leaderStatus, hrStatus, vacationUserIDFK) VALUES('3d48eb5d-f2f7-4a60-9ff6-3b4849b24636', '28/12/12', '28/12/13', 'Desconectarse de la rutina', 2, 0, '948303e7-d2a8-46dd-b30b-0fb4d1af4985');
INSERT INTO vacation(vacationID, startDate, endDate, reason, leaderStatus, hrStatus, vacationUserIDFK) VALUES('daf83741-d4b1-4711-a080-96dec9823bbb', '27/07/12', '27/07/13', 'Reducir el estrés', 1, 2, '892b0b64-933f-425c-8995-6b3d4fd8e578');
INSERT INTO vacation(vacationID, startDate, endDate, reason, leaderStatus, hrStatus, vacationUserIDFK) VALUES('0c57e155-0a28-4ba1-8494-2a9e8c62df60', '26/09/29', '26/09/30', 'Disfrutar de la naturaleza', 0, 1, '8b25d671-ae79-400f-bfe2-f6567c8267d1');
INSERT INTO vacation(vacationID, startDate, endDate, reason, leaderStatus, hrStatus, vacationUserIDFK) VALUES('b7089180-8acd-4b04-a257-9deeaf7e43b9', '31/08/09', '31/08/10', 'Visitar amigos o familiares', 2, 0, 'e3144df5-6376-42c9-803e-c5066b8fa95d');
INSERT INTO vacation(vacationID, startDate, endDate, reason, leaderStatus, hrStatus, vacationUserIDFK) VALUES('638409ef-e6e8-40f9-9fc2-add6ca3e5655', '25/03/06', '25/03/07', 'Fortalecer la relación de pareja', 2, 1, '1e5ae1a4-aeb0-495e-8224-5f302c7a015a');
INSERT INTO vacation(vacationID, startDate, endDate, reason, leaderStatus, hrStatus, vacationUserIDFK) VALUES('e9f6dc98-7420-411b-aeab-85512f8e4116', '31/08/09', '31/08/10', 'Pasar tiempo con la familia', 2, 1, '2f56843d-f9c0-47e8-98b5-ec4418e9ba9b');
INSERT INTO vacation(vacationID, startDate, endDate, reason, leaderStatus, hrStatus, vacationUserIDFK) VALUES('53bc6c1d-fbc2-4206-93cb-f43cc1d1d436', '27/10/03', '27/10/04', 'Tomar fotos y crear recuerdos', 1, 2, '6ab95ffb-373f-4727-93f3-0a990e24d8e8');
INSERT INTO vacation(vacationID, startDate, endDate, reason, leaderStatus, hrStatus, vacationUserIDFK) VALUES('d0d63100-6572-46dc-8325-7256e2de73dd', '33/12/27', '33/12/28', 'Aprovechar promociones de viaje', 2, 2, '9a74930a-a0eb-4c2f-863e-284eff69d8e4');
INSERT INTO vacation(vacationID, startDate, endDate, reason, leaderStatus, hrStatus, vacationUserIDFK) VALUES('b1d83073-a904-499a-aafa-79fad0aafa35', '26/05/18', '26/05/19', 'Practicar deportes extremos', 0, 2, '9ffdd240-fe39-4a34-a736-a4e369a376f3');
INSERT INTO vacation(vacationID, startDate, endDate, reason, leaderStatus, hrStatus, vacationUserIDFK) VALUES('36837518-61e9-4501-8fd8-f580b025f359', '29/09/06', '29/09/07', 'Aprovechar promociones de viaje', 0, 1, '297e2037-63a6-4ea5-acac-c648a1cfd028');
INSERT INTO vacation(vacationID, startDate, endDate, reason, leaderStatus, hrStatus, vacationUserIDFK) VALUES('966d4e67-1748-4c34-99ae-538f31c9a793', '32/06/06', '32/06/07', 'Tomar fotos y crear recuerdos', 2, 1, 'd42f1825-840b-4854-872e-22719c1a9efc');
INSERT INTO vacation(vacationID, startDate, endDate, reason, leaderStatus, hrStatus, vacationUserIDFK) VALUES('74890125-aef5-4ed8-9172-2b28df798ff6', '27/11/06', '27/11/07', 'Festejar un cumpleaños', 1, 2, '948303e7-d2a8-46dd-b30b-0fb4d1af4985');
INSERT INTO vacation(vacationID, startDate, endDate, reason, leaderStatus, hrStatus, vacationUserIDFK) VALUES('d97eaa0b-4751-4ef9-ad32-7a61bc7b866a', '25/06/17', '25/06/18', 'Fortalecer la relación de pareja', 2, 1, '842e37d1-9679-410f-922e-38793728d2f5');
INSERT INTO vacation(vacationID, startDate, endDate, reason, leaderStatus, hrStatus, vacationUserIDFK) VALUES('776e2a56-e7b9-4ca9-a477-c4bef56ec93c', '25/04/11', '25/04/12', 'Mejorar la salud mental', 0, 0, '5772d8e5-ac2b-47f4-b21a-c3e18338d855');
INSERT INTO vacation(vacationID, startDate, endDate, reason, leaderStatus, hrStatus, vacationUserIDFK) VALUES('99af0e55-2a94-409b-9902-9d1070c76658', '27/06/24', '27/06/25', 'Pasar tiempo con la familia', 2, 0, '24177a0e-24b4-4f23-b0e1-9dcbafbe3bbf');
INSERT INTO vacation(vacationID, startDate, endDate, reason, leaderStatus, hrStatus, vacationUserIDFK) VALUES('2ac6221f-34eb-4bf4-9290-a0ec3fae4169', '33/07/12', '33/07/13', 'Pasar tiempo con la familia', 1, 2, '2a9c7c77-bc65-4ce1-907f-95f18e342b80');
INSERT INTO vacation(vacationID, startDate, endDate, reason, leaderStatus, hrStatus, vacationUserIDFK) VALUES('04a1ed74-6853-4ce8-86ce-4d30946f4fc8', '28/05/24', '28/05/25', 'Recargar energía y motivación', 2, 1, '840f6534-f864-404a-8112-c694efe7c840');

INSERT INTO absence(absenceID, reason, startDate, endDate, justified, absenceUserIDFK) values('110ebde8-74f6-48e5-896c-a4f9878fca2b', 'Citación judicial', '31/10/15', '31/10/16', 1, '9ffdd240-fe39-4a34-a736-a4e369a376f3'); 
INSERT INTO absence(absenceID, reason, startDate, endDate, justified, absenceUserIDFK) values('ff3630df-6dc6-4227-b3d6-2d12e73bcfcf', 'Problemas de salud mental', '29/04/24', '29/04/25', 1, '1f87a2ce-f7a9-4ada-8b99-209a75e823ed'); 
INSERT INTO absence(absenceID, reason, startDate, endDate, justified, absenceUserIDFK) values('94cf7439-c8fb-4892-a659-82e659b81638', 'Problemas de salud mental', '28/07/15', '28/07/16', 1, '8ccc6771-4be9-4654-b073-a1059bfcb59c'); 
INSERT INTO absence(absenceID, reason, startDate, endDate, justified, absenceUserIDFK) values('4cd07179-e258-45b2-a864-7730f946a432', 'Maternidad/Paternidad', '25/06/17', '25/06/18', 1, '4a79c11d-5ea3-41b5-aa1f-bc15799bdbe7'); 
INSERT INTO absence(absenceID, reason, startDate, endDate, justified, absenceUserIDFK) values('a1c55323-abac-4cc2-a501-9f7f4e6ff0c7', 'Problemas de movilidad o avería del vehículo', '32/10/18', '32/10/19', 1, 'df0212f3-f406-4dcb-99b7-e09da91a00c2'); 
INSERT INTO absence(absenceID, reason, startDate, endDate, justified, absenceUserIDFK) values('0471e17b-a1da-4245-8cd1-e40672a95996', 'Condiciones climáticas extremas', '25/04/11', '25/04/12', 0, '45ab02f9-5d04-494c-9838-c4fa2c6ae422'); 
INSERT INTO absence(absenceID, reason, startDate, endDate, justified, absenceUserIDFK) values('16eb73b5-6ac1-455b-8977-a4057b15e6f6', 'Citación judicial', '32/06/06', '32/06/07', 0, 'f97351c7-b1a0-41d5-bcf9-979172e65c43'); 
INSERT INTO absence(absenceID, reason, startDate, endDate, justified, absenceUserIDFK) values('fbcc89df-d2fc-482c-92dc-3204f31d77a8', 'Problemas familiares', '27/04/18', '27/04/19', 1, 'e3144df5-6376-42c9-803e-c5066b8fa95d'); 
INSERT INTO absence(absenceID, reason, startDate, endDate, justified, absenceUserIDFK) values('e2c24486-c7bf-4bae-b651-6e6e4c3bf82b', 'Donación de sangre', '32/08/12', '32/08/13', 1, '2d4fa6a1-8e0b-4d63-8f3b-6bb4e6ec1c9f'); 
INSERT INTO absence(absenceID, reason, startDate, endDate, justified, absenceUserIDFK) values('3986906b-8a83-4801-ab10-3af9f2fc3d79', 'Luto por fallecimiento de un familiar', '30/04/27', '30/04/28', 1, '13e35981-d163-49c0-88e0-d548c6c78452'); 
INSERT INTO absence(absenceID, reason, startDate, endDate, justified, absenceUserIDFK) values('72b366e0-21b2-4b19-9e29-0d91629321ce', 'Problemas familiares', '33/09/18', '33/09/19', 1, 'ed49f1e2-0bc6-4e49-9bdd-24516b424c9a'); 
INSERT INTO absence(absenceID, reason, startDate, endDate, justified, absenceUserIDFK) values('1fd06659-c959-4606-921a-03e68cb64c6c', 'Problemas de movilidad o avería del vehículo', '29/03/21', '29/03/22', 1, '1914ab7e-fe83-4332-a0ba-ee1c08aa8896'); 
INSERT INTO absence(absenceID, reason, startDate, endDate, justified, absenceUserIDFK) values('f1ddb1ff-6e13-4290-a1b0-3438cf049e28', 'Problemas familiares', '33/06/09', '33/06/10', 0, '0a13b17d-7cd9-48da-ae68-b7a58b32f789'); 
INSERT INTO absence(absenceID, reason, startDate, endDate, justified, absenceUserIDFK) values('d4c998d7-b024-4efc-9166-fb1957d8ca56', 'Citación judicial', '29/05/27', '29/05/28', 0, '1914ab7e-fe83-4332-a0ba-ee1c08aa8896'); 
INSERT INTO absence(absenceID, reason, startDate, endDate, justified, absenceUserIDFK) values('d7bf990b-f768-4095-90dd-8d0fb156a789', 'Cuidado de un hijo o familiar enfermo', '26/09/29', '26/09/30', 1, '20db838c-d6f8-48f3-befe-e1942eee4d4a'); 
INSERT INTO absence(absenceID, reason, startDate, endDate, justified, absenceUserIDFK) values('035d7dfe-76d4-4740-ab1e-1d14f5dcad00', 'Emergencia en el hogar (fugas, incendios, etc.)', '31/01/21', '31/01/22', 1, 'eb42884a-fb0d-437f-b486-3304b4bd82e3'); 
INSERT INTO absence(absenceID, reason, startDate, endDate, justified, absenceUserIDFK) values('69a5eef6-b49f-4c5c-a853-283f5685bc54', 'Condiciones climáticas extremas', '28/07/15', '28/07/16', 1, '11760bed-139c-49bf-9fb2-9968f98bebb1'); 
INSERT INTO absence(absenceID, reason, startDate, endDate, justified, absenceUserIDFK) values('3bbc4958-d03e-457d-bf08-924f71373d67', 'Licencia por matrimonio', '27/01/09', '27/01/10', 1, '842e37d1-9679-410f-922e-38793728d2f5'); 
INSERT INTO absence(absenceID, reason, startDate, endDate, justified, absenceUserIDFK) values('48050770-455d-4501-b1f0-92dd2b4e2683', 'Problemas de salud mental', '25/10/27', '25/10/28', 1, '9a74930a-a0eb-4c2f-863e-284eff69d8e4'); 
INSERT INTO absence(absenceID, reason, startDate, endDate, justified, absenceUserIDFK) values('9ba4c12d-f332-4531-9a51-0e4e99135509', 'Enfermedad', '30/05/29', '30/05/30', 0, 'af885862-9df0-4f4f-84bc-01578f6c9c41'); 
INSERT INTO absence(absenceID, reason, startDate, endDate, justified, absenceUserIDFK) values('5a63eeec-4019-4b67-9c59-cc55f5701622', 'Maternidad/Paternidad', '25/07/19', '25/07/20', 1, '840f6534-f864-404a-8112-c694efe7c840'); 
INSERT INTO absence(absenceID, reason, startDate, endDate, justified, absenceUserIDFK) values('94e2d8a2-3071-4685-ba0e-3778689b6655', 'Emergencia en el hogar (fugas, incendios, etc.)', '29/03/21', '29/03/22', 1, 'f3fa35c5-0d87-49c8-861d-502ec8c2d693'); 
INSERT INTO absence(absenceID, reason, startDate, endDate, justified, absenceUserIDFK) values('421ce90e-71de-4e87-81e2-cf8876b26119', 'Vacaciones programadas', '33/01/27', '33/01/28', 0, '5772d8e5-ac2b-47f4-b21a-c3e18338d855'); 
INSERT INTO absence(absenceID, reason, startDate, endDate, justified, absenceUserIDFK) values('684ddd9f-c546-4a2c-9b16-ab2b58c71467', 'Emergencia en el hogar (fugas, incendios, etc.)', '27/07/27', '27/07/28', 1, '022e390a-5abf-4441-8e4f-bb1f4e16a0c7'); 
INSERT INTO absence(absenceID, reason, startDate, endDate, justified, absenceUserIDFK) values('bff4c78f-7c3e-41dd-9723-b0268bfd032b', 'Consulta médica', '29/01/15', '29/01/16', 1, '453fd7df-901b-47d3-b20c-59b66e22d7aa'); 
INSERT INTO absence(absenceID, reason, startDate, endDate, justified, absenceUserIDFK) values('eee47b9a-0fd4-4124-bb9a-1720590be8e8', 'Consulta médica', '27/01/09', '27/01/10', 1, '2f56843d-f9c0-47e8-98b5-ec4418e9ba9b'); 
INSERT INTO absence(absenceID, reason, startDate, endDate, justified, absenceUserIDFK) values('657d4d15-a3d8-42a6-83d4-f069c3d4e45d', 'Trámites administrativos o legales', '30/05/29', '30/05/30', 1, '8c55cf63-fd6a-4323-a562-d89d807089b4'); 
INSERT INTO absence(absenceID, reason, startDate, endDate, justified, absenceUserIDFK) values('08f3581f-14b2-4afc-9ab1-22c4169f112b', 'Capacitación o curso obligatorio', '33/08/15', '33/08/16', 0, '1ef459cb-ac2e-4558-9211-4f192f35cf5d'); 
INSERT INTO absence(absenceID, reason, startDate, endDate, justified, absenceUserIDFK) values('e8ed12d8-56d5-4d3a-b291-f3f099e649b8', 'Trámites administrativos o legales', '33/01/27', '33/01/28', 1, '7488f429-6e47-4437-8f51-8f5b4b6ae390'); 
INSERT INTO absence(absenceID, reason, startDate, endDate, justified, absenceUserIDFK) values('f6959318-59aa-476a-95f9-5413e24125ba', 'Capacitación o curso obligatorio', '33/09/18', '33/09/19', 1, '203b2cec-4f4c-4b99-86f8-2a1b07556bca'); 
INSERT INTO absence(absenceID, reason, startDate, endDate, justified, absenceUserIDFK) values('d12cf8c4-1c91-4b65-89a5-602b9cf6bfb4', 'Emergencia en el hogar (fugas, incendios, etc.)', '31/07/06', '31/07/07', 1, 'bc5a5453-afe3-4991-8270-097fb42eb1e6'); 
INSERT INTO absence(absenceID, reason, startDate, endDate, justified, absenceUserIDFK) values('ba3e650e-5147-4f76-82e6-7069b79c627c', 'Condiciones climáticas extremas', '33/09/18', '33/09/19', 1, '4e3b5f8b-5e49-4c87-9373-132481283834'); 
INSERT INTO absence(absenceID, reason, startDate, endDate, justified, absenceUserIDFK) values('1e3dcc7f-6868-4527-9dc4-90897ecfee8c', 'Emergencia en el hogar (fugas, incendios, etc.)', '26/12/06', '26/12/07', 0, 'f3fa35c5-0d87-49c8-861d-502ec8c2d693'); 
INSERT INTO absence(absenceID, reason, startDate, endDate, justified, absenceUserIDFK) values('9738c107-a179-4403-b55d-f71c7b34e8fa', 'Emergencia en el hogar (fugas, incendios, etc.)', '32/03/29', '32/03/30', 1, '8f4f580a-39ac-43f5-9733-812fa01758e4'); 
INSERT INTO absence(absenceID, reason, startDate, endDate, justified, absenceUserIDFK) values('c46e3454-f7b2-43e5-bf44-1b1adb53dce2', 'Emergencia en el hogar (fugas, incendios, etc.)', '26/06/21', '26/06/22', 0, '11760bed-139c-49bf-9fb2-9968f98bebb1'); 
INSERT INTO absence(absenceID, reason, startDate, endDate, justified, absenceUserIDFK) values('f84ae3ef-665f-434e-99c0-9fc9840dfdd8', 'Problemas de movilidad o avería del vehículo', '27/04/18', '27/04/19', 0, '283a4a79-7330-4a46-8b43-3dd3c153e9ce'); 
INSERT INTO absence(absenceID, reason, startDate, endDate, justified, absenceUserIDFK) values('eaee4005-091b-49e5-bd4e-3a8446846736', 'Problemas de salud mental', '33/06/09', '33/06/10', 1, 'ad7da668-d2d1-44ee-9c34-53ad4c3dd13e'); 
INSERT INTO absence(absenceID, reason, startDate, endDate, justified, absenceUserIDFK) values('382019d8-e99d-45e6-b6ea-9572d484b2d9', 'Huelga de transporte', '28/05/24', '28/05/25', 1, '01f4a259-4ea3-437c-9e0f-a53e398b8b6e'); 
INSERT INTO absence(absenceID, reason, startDate, endDate, justified, absenceUserIDFK) values('72ca80ac-4ec7-40b6-bd1a-7c56529c702a', 'Accidente', '33/06/09', '33/06/10', 0, '283a4a79-7330-4a46-8b43-3dd3c153e9ce'); 
INSERT INTO absence(absenceID, reason, startDate, endDate, justified, absenceUserIDFK) values('6b83fa01-f5ce-45a7-a712-74da843f5a30', 'Problemas familiares', '25/01/03', '25/01/04', 1, '7f130bc0-9301-4148-8f51-d52afa52d7ff'); 
INSERT INTO absence(absenceID, reason, startDate, endDate, justified, absenceUserIDFK) values('431e7ac0-75cc-4ce5-b7e2-f2074d76014e', 'Problemas familiares', '27/07/27', '27/07/28', 1, '0d86c334-2126-4c19-aec6-b24ce82c0f7d'); 
INSERT INTO absence(absenceID, reason, startDate, endDate, justified, absenceUserIDFK) values('1376e587-5069-46ab-9954-ccf997eb7357', 'Viaje de emergencia', '32/09/15', '32/09/16', 1, '892b0b64-933f-425c-8995-6b3d4fd8e578'); 
INSERT INTO absence(absenceID, reason, startDate, endDate, justified, absenceUserIDFK) values('45379637-3ee3-4d3f-b219-0e052c84ebb3', 'Problemas de salud mental', '31/03/27', '31/03/28', 1, '4a72c633-08df-421c-9d1b-5e0a7c37a900'); 
INSERT INTO absence(absenceID, reason, startDate, endDate, justified, absenceUserIDFK) values('80eece4c-e765-475b-bd97-9b71dcd20714', 'Maternidad/Paternidad', '26/11/03', '26/11/04', 0, '7488f429-6e47-4437-8f51-8f5b4b6ae390'); 
INSERT INTO absence(absenceID, reason, startDate, endDate, justified, absenceUserIDFK) values('4f1cda5d-2206-410d-bab6-6134364f0283', 'Consulta médica', '26/04/15', '26/04/16', 0, '6ab95ffb-373f-4727-93f3-0a990e24d8e8'); 
INSERT INTO absence(absenceID, reason, startDate, endDate, justified, absenceUserIDFK) values('9224522d-952e-4f9c-820f-87045ea3debb', 'Accidente', '31/01/21', '31/01/22', 1, 'f3fa35c5-0d87-49c8-861d-502ec8c2d693'); 
INSERT INTO absence(absenceID, reason, startDate, endDate, justified, absenceUserIDFK) values('d29f5334-d389-43d5-8cba-3cc74c611979', 'Problemas familiares', '32/10/18', '32/10/19', 1, '321977c9-1719-4a03-81dd-3cd26d84a0ed'); 
INSERT INTO absence(absenceID, reason, startDate, endDate, justified, absenceUserIDFK) values('938a871a-8ee5-4d6c-a083-513d55f09089', 'Vacaciones programadas', '30/03/24', '30/03/25', 1, '2a9c7c77-bc65-4ce1-907f-95f18e342b80'); 
INSERT INTO absence(absenceID, reason, startDate, endDate, justified, absenceUserIDFK) values('9826c7d5-ed14-4606-8d2c-4d06bfd78dd9', 'Trámites administrativos o legales', '32/05/03', '32/05/04', 1, '5089a301-ee46-4c9c-bf3d-035b2e88139c'); 
INSERT INTO absence(absenceID, reason, startDate, endDate, justified, absenceUserIDFK) values('d2131a23-506f-44e0-b9d7-fa067020cd45', 'Emergencia en el hogar (fugas, incendios, etc.)', '33/09/18', '33/09/19', 0, 'b4e79b9e-9816-4c77-83c1-cafb036c04ff'); 
INSERT INTO absence(absenceID, reason, startDate, endDate, justified, absenceUserIDFK) values('136fa760-7567-4802-809d-75d76f89f193', 'Convocatoria a servicio militar o cívico', '27/01/09', '27/01/10', 0, '297e2037-63a6-4ea5-acac-c648a1cfd028'); 
INSERT INTO absence(absenceID, reason, startDate, endDate, justified, absenceUserIDFK) values('ba5a7eb4-60ee-442d-b3e1-0faef47e5654', 'Emergencia en el hogar (fugas, incendios, etc.)', '31/08/09', '31/08/10', 1, '20db838c-d6f8-48f3-befe-e1942eee4d4a'); 
INSERT INTO absence(absenceID, reason, startDate, endDate, justified, absenceUserIDFK) values('f5fd2a6b-d599-44c6-accd-27d38781523b', 'Problemas de salud mental', '28/11/09', '28/11/10', 1, '1f87a2ce-f7a9-4ada-8b99-209a75e823ed'); 
INSERT INTO absence(absenceID, reason, startDate, endDate, justified, absenceUserIDFK) values('0f74f01e-22e4-4c78-b98f-35c58433efef', 'Luto por fallecimiento de un familiar', '32/01/24', '32/01/25', 0, '4e3b5f8b-5e49-4c87-9373-132481283834'); 
INSERT INTO absence(absenceID, reason, startDate, endDate, justified, absenceUserIDFK) values('ceb5b1f6-8938-47db-b459-1b83688f7486', 'Convocatoria a servicio militar o cívico', '29/09/18', '29/09/19', 1, '9a88d711-685e-4549-8663-b4a7388d729b'); 
INSERT INTO absence(absenceID, reason, startDate, endDate, justified, absenceUserIDFK) values('2a91b160-5735-4346-a59b-cf086985b95f', 'Maternidad/Paternidad', '33/06/09', '33/06/10', 1, '40120092-6c6e-4832-bd3c-0a27fd926003'); 
INSERT INTO absence(absenceID, reason, startDate, endDate, justified, absenceUserIDFK) values('e9663004-e998-445d-9e46-b6407047f1d0', 'Emergencia en el hogar (fugas, incendios, etc.)', '27/08/29', '27/08/30', 0, 'e4a34910-e310-40b8-89fc-9ca84ddc569d'); 
INSERT INTO absence(absenceID, reason, startDate, endDate, justified, absenceUserIDFK) values('e54bfeb4-5468-490d-8747-ff9e3065ce35', 'Viaje de emergencia', '28/07/15', '28/07/16', 1, '38d5c931-6c70-4d3b-b512-6f79ea9c339b'); 
INSERT INTO absence(absenceID, reason, startDate, endDate, justified, absenceUserIDFK) values('ac840f62-c47f-4ab5-9048-dcb32d27b2e2', 'Donación de sangre', '30/07/03', '30/07/04', 1, '283a4a79-7330-4a46-8b43-3dd3c153e9ce'); 
INSERT INTO absence(absenceID, reason, startDate, endDate, justified, absenceUserIDFK) values('89e16388-8093-4e4e-883d-b591e939a04c', 'Licencia por matrimonio', '29/05/27', '29/05/28', 0, 'b4e79b9e-9816-4c77-83c1-cafb036c04ff'); 
INSERT INTO absence(absenceID, reason, startDate, endDate, justified, absenceUserIDFK) values('b3703e8f-236c-47d5-8e32-ef69bbd1cc44', 'Capacitación o curso obligatorio', '31/01/21', '31/01/22', 1, '4e3b5f8b-5e49-4c87-9373-132481283834'); 
INSERT INTO absence(absenceID, reason, startDate, endDate, justified, absenceUserIDFK) values('9f286f54-ba58-4e5a-a48c-7a9a3fead9cf', 'Problemas de movilidad o avería del vehículo', '31/03/27', '31/03/28', 1, '8d60b47b-05c8-4f84-8e0f-a5aabbc690c8'); 
INSERT INTO absence(absenceID, reason, startDate, endDate, justified, absenceUserIDFK) values('e393b8d3-fc74-44c9-b8f5-29ea945159e9', 'Citación judicial', '33/12/27', '33/12/28', 0, '38d5c931-6c70-4d3b-b512-6f79ea9c339b'); 
INSERT INTO absence(absenceID, reason, startDate, endDate, justified, absenceUserIDFK) values('665603e0-f042-4bc9-91d9-0e97bca1508f', 'Licencia por matrimonio', '28/11/09', '28/11/10', 1, 'df0212f3-f406-4dcb-99b7-e09da91a00c2'); 
INSERT INTO absence(absenceID, reason, startDate, endDate, justified, absenceUserIDFK) values('677c2890-66bd-41bf-a6ed-701d53c62033', 'Luto por fallecimiento de un familiar', '31/10/15', '31/10/16', 0, 'c312376e-9d6f-4e34-821a-190ea6d9716b'); 
INSERT INTO absence(absenceID, reason, startDate, endDate, justified, absenceUserIDFK) values('8074d78f-0b94-405b-a3ce-1f57359b7fc5', 'Capacitación o curso obligatorio', '32/12/24', '32/12/25', 1, '1f87a2ce-f7a9-4ada-8b99-209a75e823ed'); 
INSERT INTO absence(absenceID, reason, startDate, endDate, justified, absenceUserIDFK) values('c0e29431-ffe7-471f-9aae-82192ff6f0be', 'Convocatoria a servicio militar o cívico', '25/08/22', '25/08/23', 1, '067821bb-feaa-47ef-95b3-3fd243c64059'); 
INSERT INTO absence(absenceID, reason, startDate, endDate, justified, absenceUserIDFK) values('5da8bd7c-fff2-487e-b819-bb5fda9df30b', 'Citación judicial', '27/12/09', '27/12/10', 1, '176a2a66-ac51-485b-819a-2cad826024ed'); 
INSERT INTO absence(absenceID, reason, startDate, endDate, justified, absenceUserIDFK) values('bcf4b13e-0de0-44fe-9e36-828c932a490f', 'Citación judicial', '31/06/03', '31/06/04', 1, '40120092-6c6e-4832-bd3c-0a27fd926003'); 
INSERT INTO absence(absenceID, reason, startDate, endDate, justified, absenceUserIDFK) values('a8f44163-531b-4046-a69d-20285a14d998', 'Convocatoria a servicio militar o cívico', '29/09/06', '29/09/07', 1, '022e390a-5abf-4441-8e4f-bb1f4e16a0c7'); 

INSERT INTO absenceMedia(absenceMediaID, mediaLink, absenceIDFK) values('dff69cbc-610d-46d9-80e1-7bf5c36b0abb', 'https://www.nuevastecnologias.com/innovacion/digitalizacion', '5da8bd7c-fff2-487e-b819-bb5fda9df30b'); 
INSERT INTO absenceMedia(absenceMediaID, mediaLink, absenceIDFK) values('de8cb84e-50b7-4b75-9817-e171e0c0677c', 'https://www.redescomunicacion.com/tutoriales/redes-sociales', '94e2d8a2-3071-4685-ba0e-3778689b6655'); 
INSERT INTO absenceMedia(absenceMediaID, mediaLink, absenceIDFK) values('8a72a20a-541d-4017-880a-d25c22b0e8da', 'https://www.serviciosxyz.com/soluciones/internet-empresas', '48050770-455d-4501-b1f0-92dd2b4e2683'); 
INSERT INTO absenceMedia(absenceMediaID, mediaLink, absenceIDFK) values('9129aea9-408f-4a21-8f81-9dcb4a273dec', 'https://www.empresainnovadora.com/noticias/lanzamientos', '136fa760-7567-4802-809d-75d76f89f193'); 
INSERT INTO absenceMedia(absenceMediaID, mediaLink, absenceIDFK) values('0932a891-3c7a-4d5e-aad6-38280ec951bc', 'https://www.soluciones360.com/soporte/atencion-cliente', '110ebde8-74f6-48e5-896c-a4f9878fca2b'); 
INSERT INTO absenceMedia(absenceMediaID, mediaLink, absenceIDFK) values('4b8cb39a-0d50-4557-b8a3-43aa344cdcdd', 'https://www.tuempresa.com/contacto/soporte', '72ca80ac-4ec7-40b6-bd1a-7c56529c702a'); 
INSERT INTO absenceMedia(absenceMediaID, mediaLink, absenceIDFK) values('57cb7682-a1ae-4ab0-b7fc-6ce98eb87541', 'https://www.redescomunicacion.com/tutoriales/redes-sociales', '4f1cda5d-2206-410d-bab6-6134364f0283'); 
INSERT INTO absenceMedia(absenceMediaID, mediaLink, absenceIDFK) values('91b8da09-5b1d-438f-aa8f-6c48a7c4131d', 'https://www.smartsolutions.com/servicios/paginas-web', 'c0e29431-ffe7-471f-9aae-82192ff6f0be'); 
INSERT INTO absenceMedia(absenceMediaID, mediaLink, absenceIDFK) values('cbf06542-ecd1-4b7a-89a0-bbdc234d94fd', 'https://www.ecommerceplus.com/guias/venta-online', '72ca80ac-4ec7-40b6-bd1a-7c56529c702a'); 
INSERT INTO absenceMedia(absenceMediaID, mediaLink, absenceIDFK) values('1a0a7e84-99eb-4c41-afe0-5ef5952ae5fa', 'https://www.empresafuturo.com/servicios/desarrollo-tecnologico', 'd29f5334-d389-43d5-8cba-3cc74c611979'); 
INSERT INTO absenceMedia(absenceMediaID, mediaLink, absenceIDFK) values('cb984c55-3808-415b-95c5-58abb473b532', 'https://www.mundodigital.com/tutoriales/marketing-digital', '45379637-3ee3-4d3f-b219-0e052c84ebb3'); 
INSERT INTO absenceMedia(absenceMediaID, mediaLink, absenceIDFK) values('1dc490cc-a4ee-4139-98a7-338579fe1dc5', 'https://www.digitalinnovators.com/estrategias/marketing', 'ba5a7eb4-60ee-442d-b3e1-0faef47e5654'); 
INSERT INTO absenceMedia(absenceMediaID, mediaLink, absenceIDFK) values('cd84b122-4909-4efd-bc83-3074d24d3862', 'https://www.ecommerceplus.com/guias/venta-online', 'd2131a23-506f-44e0-b9d7-fa067020cd45'); 
INSERT INTO absenceMedia(absenceMediaID, mediaLink, absenceIDFK) values('51db1569-8248-4efb-860b-c19a618e1e12', 'https://www.empresainnovadora.com/noticias/lanzamientos', '45379637-3ee3-4d3f-b219-0e052c84ebb3'); 
INSERT INTO absenceMedia(absenceMediaID, mediaLink, absenceIDFK) values('1b7f6598-0295-4cd5-a344-37fd2088d835', 'https://www.serviciosxyz.com/soluciones/internet-empresas', '3bbc4958-d03e-457d-bf08-924f71373d67'); 
INSERT INTO absenceMedia(absenceMediaID, mediaLink, absenceIDFK) values('7de056c3-ec17-4d4d-a67c-5f57e47ad649', 'https://www.empresafuturo.com/servicios/desarrollo-tecnologico', 'd12cf8c4-1c91-4b65-89a5-602b9cf6bfb4'); 
INSERT INTO absenceMedia(absenceMediaID, mediaLink, absenceIDFK) values('df1eadc2-62e5-4f82-ad97-b75ff2344049', 'https://www.redescomunicacion.com/tutoriales/redes-sociales', '4f1cda5d-2206-410d-bab6-6134364f0283'); 
INSERT INTO absenceMedia(absenceMediaID, mediaLink, absenceIDFK) values('60557906-d1d8-4db5-9233-ff650cde83b9', 'https://www.serviciosxyz.com/soluciones/internet-empresas', 'e9663004-e998-445d-9e46-b6407047f1d0'); 
INSERT INTO absenceMedia(absenceMediaID, mediaLink, absenceIDFK) values('9e5f680c-f620-4be9-94ab-324cd792a250', 'https://www.smartsolutions.com/servicios/paginas-web', 'e393b8d3-fc74-44c9-b8f5-29ea945159e9'); 
INSERT INTO absenceMedia(absenceMediaID, mediaLink, absenceIDFK) values('28f6297b-2a28-4036-8663-efa6498e05b2', 'https://www.interactivewebs.com/proyectos/desarrollo-software', 'eee47b9a-0fd4-4124-bb9a-1720590be8e8'); 
INSERT INTO absenceMedia(absenceMediaID, mediaLink, absenceIDFK) values('d205e426-b116-4388-a915-d942880138b1', 'https://www.digitalinnovators.com/estrategias/marketing', 'a1c55323-abac-4cc2-a501-9f7f4e6ff0c7'); 
INSERT INTO absenceMedia(absenceMediaID, mediaLink, absenceIDFK) values('d95c98df-c088-4509-968a-bbb0868db56a', 'https://www.smartsolutions.com/servicios/paginas-web', 'f1ddb1ff-6e13-4290-a1b0-3438cf049e28'); 
INSERT INTO absenceMedia(absenceMediaID, mediaLink, absenceIDFK) values('8127ef2a-3cc8-4cc4-89a4-7646074fa29f', 'https://www.creacionsistemas.com/planificación/pymes', '69a5eef6-b49f-4c5c-a853-283f5685bc54'); 
INSERT INTO absenceMedia(absenceMediaID, mediaLink, absenceIDFK) values('27b46c3d-3f27-4dc5-b5a3-2f6909b090f8', 'https://www.mundodigital.com/tutoriales/marketing-digital', '4cd07179-e258-45b2-a864-7730f946a432'); 
INSERT INTO absenceMedia(absenceMediaID, mediaLink, absenceIDFK) values('c046908a-eb06-40f2-9672-9185d5b93941', 'https://www.empresainnovadora.com/noticias/lanzamientos', 'f5fd2a6b-d599-44c6-accd-27d38781523b'); 
INSERT INTO absenceMedia(absenceMediaID, mediaLink, absenceIDFK) values('68e43d1d-876d-4690-9d16-89f8e2493e73', 'https://www.nuevosproyectos.com/planificacion/estrategica', 'f5fd2a6b-d599-44c6-accd-27d38781523b'); 
INSERT INTO absenceMedia(absenceMediaID, mediaLink, absenceIDFK) values('79a31bcf-16ad-44eb-a68e-2c5c06944044', 'https://www.sistemasmodernos.com/tecnologia/innovacion', '4cd07179-e258-45b2-a864-7730f946a432'); 
INSERT INTO absenceMedia(absenceMediaID, mediaLink, absenceIDFK) values('b13858ce-4fe1-4631-aa05-a4fe2e1ea14a', 'https://www.expertositio.com/blog/diseño-web', 'eaee4005-091b-49e5-bd4e-3a8446846736'); 
INSERT INTO absenceMedia(absenceMediaID, mediaLink, absenceIDFK) values('f742a25d-d0ce-49d6-a3fa-1a15c1cb4d19', 'https://www.expertositio.com/blog/diseño-web', '0471e17b-a1da-4245-8cd1-e40672a95996'); 
INSERT INTO absenceMedia(absenceMediaID, mediaLink, absenceIDFK) values('fa60ce25-6572-4394-90c4-de7e7cd5c01e', 'https://www.empresainnovadora.com/noticias/lanzamientos', '16eb73b5-6ac1-455b-8977-a4057b15e6f6'); 
INSERT INTO absenceMedia(absenceMediaID, mediaLink, absenceIDFK) values('edeb6650-e581-45a7-8cb2-c0e64fbb471d', 'https://www.nuevosproyectos.com/planificacion/estrategica', 'f5fd2a6b-d599-44c6-accd-27d38781523b'); 
INSERT INTO absenceMedia(absenceMediaID, mediaLink, absenceIDFK) values('8f034020-c71e-4e43-b35e-6225ee4f1154', 'https://www.nuevosproyectos.com/planificacion/estrategica', '421ce90e-71de-4e87-81e2-cf8876b26119'); 
INSERT INTO absenceMedia(absenceMediaID, mediaLink, absenceIDFK) values('d5049d22-b65e-4805-994f-22f9fcb2fc3c', 'https://www.tutorialesweb.com/aprendizaje/codificacion', '938a871a-8ee5-4d6c-a083-513d55f09089'); 
INSERT INTO absenceMedia(absenceMediaID, mediaLink, absenceIDFK) values('5b70074e-ce69-44bc-b885-10577be65b19', 'https://www.tiendavirtual.com/blog/estrategias-marketing', '421ce90e-71de-4e87-81e2-cf8876b26119'); 
INSERT INTO absenceMedia(absenceMediaID, mediaLink, absenceIDFK) values('77101790-6039-495c-ab85-98bd48f32d4f', 'https://www.nuevastecnologias.com/innovacion/digitalizacion', 'c0e29431-ffe7-471f-9aae-82192ff6f0be'); 
INSERT INTO absenceMedia(absenceMediaID, mediaLink, absenceIDFK) values('b8b6b770-3bc8-47b6-ae22-cfb63446c64b', 'https://www.interactivewebs.com/proyectos/desarrollo-software', 'bcf4b13e-0de0-44fe-9e36-828c932a490f'); 
INSERT INTO absenceMedia(absenceMediaID, mediaLink, absenceIDFK) values('845f8270-e41b-4d2d-8e5b-7c505635060e', 'https://www.tutorialesweb.com/aprendizaje/codificacion', '4f1cda5d-2206-410d-bab6-6134364f0283'); 
INSERT INTO absenceMedia(absenceMediaID, mediaLink, absenceIDFK) values('d66df884-8fc7-4ac3-8e00-0ee4279344a9', 'https://www.ecommerceplus.com/guias/venta-online', 'ff3630df-6dc6-4227-b3d6-2d12e73bcfcf'); 
INSERT INTO absenceMedia(absenceMediaID, mediaLink, absenceIDFK) values('c43055d3-8bd2-43e2-872a-f0ac6bc61963', 'https://www.ejemplo.com/productos/calculadora-interes', '5da8bd7c-fff2-487e-b819-bb5fda9df30b'); 
INSERT INTO absenceMedia(absenceMediaID, mediaLink, absenceIDFK) values('2b846c39-847b-4dab-8e61-55118a1941df', 'https://www.ecommerceplus.com/guias/venta-online', 'bff4c78f-7c3e-41dd-9723-b0268bfd032b'); 
INSERT INTO absenceMedia(absenceMediaID, mediaLink, absenceIDFK) values('b110afb8-3a9f-45a5-a57e-09af27343394', 'https://www.sistemasmodernos.com/tecnologia/innovacion', '657d4d15-a3d8-42a6-83d4-f069c3d4e45d'); 
INSERT INTO absenceMedia(absenceMediaID, mediaLink, absenceIDFK) values('0f8a631d-ecb8-4e76-916f-55be3c07ceeb', 'https://www.digitalinnovators.com/estrategias/marketing', 'ba5a7eb4-60ee-442d-b3e1-0faef47e5654'); 
INSERT INTO absenceMedia(absenceMediaID, mediaLink, absenceIDFK) values('8a24adef-a3b6-4eca-aad1-5e57896de2ec', 'https://www.ejemplo.com/productos/calculadora-interes', 'ff3630df-6dc6-4227-b3d6-2d12e73bcfcf'); 
INSERT INTO absenceMedia(absenceMediaID, mediaLink, absenceIDFK) values('a4b84475-2899-4364-a001-506009da84b7', 'https://www.tutorialesweb.com/aprendizaje/codificacion', '1e3dcc7f-6868-4527-9dc4-90897ecfee8c'); 
INSERT INTO absenceMedia(absenceMediaID, mediaLink, absenceIDFK) values('6d68f258-3a50-4fc3-be91-af485f5301a3', 'https://www.expertositio.com/blog/diseño-web', '48050770-455d-4501-b1f0-92dd2b4e2683'); 
INSERT INTO absenceMedia(absenceMediaID, mediaLink, absenceIDFK) values('3dfc8ddd-fddd-4d07-b8c2-be82e92beadb', 'https://www.micompany.com/servicios/consultoria-web', 'f5fd2a6b-d599-44c6-accd-27d38781523b'); 
INSERT INTO absenceMedia(absenceMediaID, mediaLink, absenceIDFK) values('2c33e7ea-c496-4224-a933-c7b25c04aeea', 'https://www.redescomunicacion.com/tutoriales/redes-sociales', '94e2d8a2-3071-4685-ba0e-3778689b6655'); 
INSERT INTO absenceMedia(absenceMediaID, mediaLink, absenceIDFK) values('c71fb27f-e170-41cb-9cec-a61f10d252f8', 'https://www.interactivewebs.com/proyectos/desarrollo-software', '48050770-455d-4501-b1f0-92dd2b4e2683'); 
INSERT INTO absenceMedia(absenceMediaID, mediaLink, absenceIDFK) values('8eef3b78-2202-4a7f-87d8-69e983300836', 'https://www.expertositio.com/blog/diseño-web', 'd7bf990b-f768-4095-90dd-8d0fb156a789'); 
INSERT INTO absenceMedia(absenceMediaID, mediaLink, absenceIDFK) values('a6b1b542-9d5b-42ae-aeb4-a6eacb34d906', 'https://www.creacionsistemas.com/planificación/pymes', 'e393b8d3-fc74-44c9-b8f5-29ea945159e9'); 

INSERT INTO fault(faultID, doneDate, summary, faultUserIDFK) VALUES('d67b10ae-e4f9-4214-8168-c4eb0e76a051', '2025-05-14', 'El empleado no se presenta al trabajo sin avisar o sin una razón válida, afectando la continuidad de las labores del equipo.', '5089a301-ee46-4c9c-bf3d-035b2e88139c');
INSERT INTO fault(faultID, doneDate, summary, faultUserIDFK) VALUES('c12a6767-1433-4cee-b948-ea421f6552cd', '2025-03-30', 'Cometer fallos en el trabajo de forma repetitiva, a pesar de haber sido señalados previamente', '022e390a-5abf-4441-8e4f-bb1f4e16a0c7');
INSERT INTO fault(faultID, doneDate, summary, faultUserIDFK) VALUES('5d4d6722-3876-48d9-87ab-d57a6dffe1d4', '2025-05-16', 'No seguir las políticas o procedimientos establecidos por la empresa', '1ef459cb-ac2e-4558-9211-4f192f35cf5d');
INSERT INTO fault(faultID, doneDate, summary, faultUserIDFK) VALUES('014eb9eb-90d8-40e3-a599-2ea5f77b0c19', '2025-03-17', 'Incumplir con los plazos establecidos para la entrega de proyectos o tareas', '453fd7df-901b-47d3-b20c-59b66e22d7aa');
INSERT INTO fault(faultID, doneDate, summary, faultUserIDFK) VALUES('8d495c62-c3c9-41a5-9e74-b90e7607c761', '2025-03-17', 'Incumplir con los plazos establecidos para la entrega de proyectos o tareas', '01035dea-cd52-4f6b-9345-c328bc2226d9');
INSERT INTO fault(faultID, doneDate, summary, faultUserIDFK) VALUES('7b454ba9-ea42-45f6-9bd9-790c66c269c8', '2025-03-17', 'No informar oportunamente sobre dificultades o retrasos que puedan afectar el cumplimiento de las metas', 'd95295f1-00f7-4874-ab67-6fdc6628aad4');
INSERT INTO fault(faultID, doneDate, summary, faultUserIDFK) VALUES('2bd09de4-df13-4ca6-b584-4627ff8b72a8', '2025-05-14', 'Cometer fallos en el trabajo de forma repetitiva, a pesar de haber sido señalados previamente', '2f56843d-f9c0-47e8-98b5-ec4418e9ba9b');
INSERT INTO fault(faultID, doneDate, summary, faultUserIDFK) VALUES('6b10a6e4-1d0c-4786-942d-b8fd58899b3c', '2025-05-16', 'No seguir las políticas o procedimientos establecidos por la empresa', '11760bed-139c-49bf-9fb2-9968f98bebb1');
INSERT INTO fault(faultID, doneDate, summary, faultUserIDFK) VALUES('0e23ac54-4aab-4fbd-9454-7221c082c8a4', '2025-05-14', 'Cometer fallos en el trabajo de forma repetitiva, a pesar de haber sido señalados previamente', '5089a301-ee46-4c9c-bf3d-035b2e88139c');
INSERT INTO fault(faultID, doneDate, summary, faultUserIDFK) VALUES('25a978de-a6d0-4741-8dcf-f035dd13e232', '2025-05-14', 'Cometer fallos en el trabajo de forma repetitiva, a pesar de haber sido señalados previamente', '8e8efa5b-0540-4cf2-b925-5718fb4c9a64');
INSERT INTO fault(faultID, doneDate, summary, faultUserIDFK) VALUES('1be1668d-0326-4fcb-8aaf-9f16d4488eb2', '2025-03-17', 'No informar oportunamente sobre dificultades o retrasos que puedan afectar el cumplimiento de las metas', '2f56843d-f9c0-47e8-98b5-ec4418e9ba9b');
INSERT INTO fault(faultID, doneDate, summary, faultUserIDFK) VALUES('306ce820-a1c6-4483-b892-1109adf26f3a', '2025-05-14', 'No seguir las políticas o procedimientos establecidos por la empresa', 'd42f1825-840b-4854-872e-22719c1a9efc');
INSERT INTO fault(faultID, doneDate, summary, faultUserIDFK) VALUES('c060f860-76cd-4804-bf97-6399c8cf81e8', '2025-05-14', 'Llegar tarde de manera reiterada, lo cual puede generar problemas en la coordinación y en el flujo de trabajo.', '6ab95ffb-373f-4727-93f3-0a990e24d8e8');
INSERT INTO fault(faultID, doneDate, summary, faultUserIDFK) VALUES('f43fae05-495b-48b8-95ed-4edfaeaed70e', '2025-05-14', 'No informar oportunamente sobre dificultades o retrasos que puedan afectar el cumplimiento de las metas', '176a2a66-ac51-485b-819a-2cad826024ed');
INSERT INTO fault(faultID, doneDate, summary, faultUserIDFK) VALUES('28244e8c-bd16-4b3e-becc-861bc1c5c9c6', '2025-03-12', 'Cometer fallos en el trabajo de forma repetitiva, a pesar de haber sido señalados previamente', 'd4f8559f-1a4c-49e9-873d-dcd08801990a');
INSERT INTO fault(faultID, doneDate, summary, faultUserIDFK) VALUES('c7baac15-995a-4371-a8e7-151e0f396c9b', '2025-05-16', 'No informar oportunamente sobre dificultades o retrasos que puedan afectar el cumplimiento de las metas', 'eabd9902-4f11-4109-9c74-cdc134b5bddd');
INSERT INTO fault(faultID, doneDate, summary, faultUserIDFK) VALUES('3581c3bb-9c84-4065-8b8f-8a095645b56b', '2025-03-12', 'Cometer fallos en el trabajo de forma repetitiva, a pesar de haber sido señalados previamente', '283a4a79-7330-4a46-8b43-3dd3c153e9ce');
INSERT INTO fault(faultID, doneDate, summary, faultUserIDFK) VALUES('4f771565-9624-4e02-8095-85b7ca067a85', '2025-05-16', 'No seguir las políticas o procedimientos establecidos por la empresa', '0a13b17d-7cd9-48da-ae68-b7a58b32f789');
INSERT INTO fault(faultID, doneDate, summary, faultUserIDFK) VALUES('074a9492-53ea-4709-95b5-18830590986a', '2025-03-30', 'Llegar tarde de manera reiterada, lo cual puede generar problemas en la coordinación y en el flujo de trabajo.', 'd29d8fd0-a0de-420e-b6c6-d5d2da1ddfa7');
INSERT INTO fault(faultID, doneDate, summary, faultUserIDFK) VALUES('287d9dad-3467-43ae-ac55-adf25df786ef', '2025-05-14', 'No informar oportunamente sobre dificultades o retrasos que puedan afectar el cumplimiento de las metas', 'd2fe884f-4eef-4542-ad7a-b87edfe08f3d');
INSERT INTO fault(faultID, doneDate, summary, faultUserIDFK) VALUES('54c67b6c-4a80-4ce2-aa22-9ff34b1c90f8', '2025-03-12', 'No seguir las políticas o procedimientos establecidos por la empresa', '7a149d8b-f5a0-43cc-80c7-6049e052a49d');
INSERT INTO fault(faultID, doneDate, summary, faultUserIDFK) VALUES('ffe401ac-d65e-445d-8def-ce1343948faf', '2025-05-14', 'Incumplir con los plazos establecidos para la entrega de proyectos o tareas', 'e4a34910-e310-40b8-89fc-9ca84ddc569d');
INSERT INTO fault(faultID, doneDate, summary, faultUserIDFK) VALUES('c1face60-ed19-4d7d-92cd-75becc5abf79', '2025-05-14', 'Llegar tarde de manera reiterada, lo cual puede generar problemas en la coordinación y en el flujo de trabajo.', '5772d8e5-ac2b-47f4-b21a-c3e18338d855');
INSERT INTO fault(faultID, doneDate, summary, faultUserIDFK) VALUES('8d6b0c5b-7f4f-400e-bece-1daa8f1779f0', '2025-05-16', 'Cometer fallos en el trabajo de forma repetitiva, a pesar de haber sido señalados previamente', '01035dea-cd52-4f6b-9345-c328bc2226d9');
INSERT INTO fault(faultID, doneDate, summary, faultUserIDFK) VALUES('82a43af7-6207-4122-8082-409d0faba96b', '2025-05-16', 'Incumplir con los plazos establecidos para la entrega de proyectos o tareas', '9a88d711-685e-4549-8663-b4a7388d729b');
INSERT INTO fault(faultID, doneDate, summary, faultUserIDFK) VALUES('38f62956-a1b9-4d1a-a972-ac16f45150eb', '2025-05-14', 'Incumplir con los plazos establecidos para la entrega de proyectos o tareas', '6c546485-faa0-4771-9ee4-0a9daf3a537b');
INSERT INTO fault(faultID, doneDate, summary, faultUserIDFK) VALUES('d5d7bf15-74ce-411d-b9eb-1594240cbe7a', '2025-05-16', 'No seguir las políticas o procedimientos establecidos por la empresa', '297e2037-63a6-4ea5-acac-c648a1cfd028');
INSERT INTO fault(faultID, doneDate, summary, faultUserIDFK) VALUES('c7205973-364d-4486-b978-de764db53563', '2025-03-12', 'Llegar tarde de manera reiterada, lo cual puede generar problemas en la coordinación y en el flujo de trabajo.', 'c0d6ed70-1383-499e-b678-c69ec7f14270');
INSERT INTO fault(faultID, doneDate, summary, faultUserIDFK) VALUES('473d0f5d-d133-498f-ad16-0695dd26ee50', '2025-03-30', 'No seguir las políticas o procedimientos establecidos por la empresa', '1c845e89-92c9-4997-be9b-da5e80a6de96');
INSERT INTO fault(faultID, doneDate, summary, faultUserIDFK) VALUES('e3758dc1-ebda-4620-bda0-2361e8607145', '2025-03-30', 'Incumplir con los plazos establecidos para la entrega de proyectos o tareas', '0d86c334-2126-4c19-aec6-b24ce82c0f7d');
INSERT INTO fault(faultID, doneDate, summary, faultUserIDFK) VALUES('c152c4c8-e7a1-4ed5-b14b-11062e8693ef', '2025-05-16', 'Incumplir con los plazos establecidos para la entrega de proyectos o tareas', '5772d8e5-ac2b-47f4-b21a-c3e18338d855');
INSERT INTO fault(faultID, doneDate, summary, faultUserIDFK) VALUES('91ab06b5-0dee-457e-b347-22e10974a5d1', '2025-03-30', 'Cometer fallos en el trabajo de forma repetitiva, a pesar de haber sido señalados previamente', '567d110e-e1b7-4019-86f4-d3153285afe2');
INSERT INTO fault(faultID, doneDate, summary, faultUserIDFK) VALUES('31370a42-3e38-49d1-a73a-3f8dcceb9381', '2025-05-16', 'El empleado no se presenta al trabajo sin avisar o sin una razón válida, afectando la continuidad de las labores del equipo.', '61ba865d-d2b1-484d-860a-f4fb527224b9');
INSERT INTO fault(faultID, doneDate, summary, faultUserIDFK) VALUES('76b4de98-95e7-4d3a-b868-807799b782dc', '2025-03-12', 'No informar oportunamente sobre dificultades o retrasos que puedan afectar el cumplimiento de las metas', '4a79c11d-5ea3-41b5-aa1f-bc15799bdbe7');
INSERT INTO fault(faultID, doneDate, summary, faultUserIDFK) VALUES('c7e2df06-6fab-4102-ace9-83c35f37a1f8', '2025-03-30', 'Cometer fallos en el trabajo de forma repetitiva, a pesar de haber sido señalados previamente', '176a2a66-ac51-485b-819a-2cad826024ed');
INSERT INTO fault(faultID, doneDate, summary, faultUserIDFK) VALUES('06406d86-b707-4d39-a333-f488fad66700', '2025-03-30', 'Cometer fallos en el trabajo de forma repetitiva, a pesar de haber sido señalados previamente', '4a79c11d-5ea3-41b5-aa1f-bc15799bdbe7');
INSERT INTO fault(faultID, doneDate, summary, faultUserIDFK) VALUES('473fdbca-023b-41a3-b3cd-2b38d36ba559', '2025-03-17', 'No informar oportunamente sobre dificultades o retrasos que puedan afectar el cumplimiento de las metas', '13e35981-d163-49c0-88e0-d548c6c78452');
INSERT INTO fault(faultID, doneDate, summary, faultUserIDFK) VALUES('5c8fc950-17c3-467f-846b-92b6b2d1917c', '2025-03-12', 'Cometer fallos en el trabajo de forma repetitiva, a pesar de haber sido señalados previamente', '892b0b64-933f-425c-8995-6b3d4fd8e578');
INSERT INTO fault(faultID, doneDate, summary, faultUserIDFK) VALUES('77ff4aa3-371d-4edd-b631-890d8e19d6de', '2025-05-16', 'Cometer fallos en el trabajo de forma repetitiva, a pesar de haber sido señalados previamente', '40120092-6c6e-4832-bd3c-0a27fd926003');
INSERT INTO fault(faultID, doneDate, summary, faultUserIDFK) VALUES('af5e7041-1423-43a5-9fe7-721d5e716701', '2025-03-30', 'El empleado no se presenta al trabajo sin avisar o sin una razón válida, afectando la continuidad de las labores del equipo.', '5089a301-ee46-4c9c-bf3d-035b2e88139c');
INSERT INTO fault(faultID, doneDate, summary, faultUserIDFK) VALUES('86fb410f-08cf-48df-ae59-79b308d7234a', '2025-03-17', 'No seguir las políticas o procedimientos establecidos por la empresa', 'a0e285ec-3d35-41a0-8949-54a83ea5b955');
INSERT INTO fault(faultID, doneDate, summary, faultUserIDFK) VALUES('90e64402-03a2-446a-a41d-efb4a3ebf5b2', '2025-05-16', 'El empleado no se presenta al trabajo sin avisar o sin una razón válida, afectando la continuidad de las labores del equipo.', 'b4e79b9e-9816-4c77-83c1-cafb036c04ff');
INSERT INTO fault(faultID, doneDate, summary, faultUserIDFK) VALUES('d273344b-263c-4249-860d-90e39e7627a0', '2025-05-14', 'No seguir las políticas o procedimientos establecidos por la empresa', 'df0212f3-f406-4dcb-99b7-e09da91a00c2');
INSERT INTO fault(faultID, doneDate, summary, faultUserIDFK) VALUES('e36e31d3-22d4-4e17-87b1-dc62844f96cf', '2025-03-30', 'Incumplir con los plazos establecidos para la entrega de proyectos o tareas', '8ccc6771-4be9-4654-b073-a1059bfcb59c');
INSERT INTO fault(faultID, doneDate, summary, faultUserIDFK) VALUES('bf59ff4f-3c9d-4564-be3e-2e52219c84f4', '2025-03-17', 'Cometer fallos en el trabajo de forma repetitiva, a pesar de haber sido señalados previamente', '176a2a66-ac51-485b-819a-2cad826024ed');
INSERT INTO fault(faultID, doneDate, summary, faultUserIDFK) VALUES('d5df64b2-41e8-41d7-b777-aaa93603a985', '2025-03-17', 'El empleado no se presenta al trabajo sin avisar o sin una razón válida, afectando la continuidad de las labores del equipo.', '2af95714-d9b3-4ca8-9c8e-da580de290e2');
INSERT INTO fault(faultID, doneDate, summary, faultUserIDFK) VALUES('a38488d1-d7a9-4d5b-9e2b-b3500193b4b3', '2025-05-14', 'Incumplir con los plazos establecidos para la entrega de proyectos o tareas', '00980a92-d307-4dd1-9bda-58ea8434279d');
INSERT INTO fault(faultID, doneDate, summary, faultUserIDFK) VALUES('ac542b56-fd61-49a6-a698-ed303c71b80d', '2025-03-30', 'Incumplir con los plazos establecidos para la entrega de proyectos o tareas', 'fa45999f-a847-4f81-aada-4fe3cb2eee93');
INSERT INTO fault(faultID, doneDate, summary, faultUserIDFK) VALUES('a300a657-50a7-4a05-9abe-a10f6af53ac0', '2025-05-14', 'Cometer fallos en el trabajo de forma repetitiva, a pesar de haber sido señalados previamente', '948303e7-d2a8-46dd-b30b-0fb4d1af4985');
INSERT INTO fault(faultID, doneDate, summary, faultUserIDFK) VALUES('9982b286-b3ee-486b-bb40-cd76e4cd1d3b', '2025-05-14', 'Incumplir con los plazos establecidos para la entrega de proyectos o tareas', '297e2037-63a6-4ea5-acac-c648a1cfd028');

INSERT INTO faultMedia(faultMediaID, mediaLink, faultIDFK) values('25231fe3-c42e-4eba-a80e-ad04284687da', 'https://www.redescomunicacion.com/tutoriales/redes-sociales', '074a9492-53ea-4709-95b5-18830590986a'); 
INSERT INTO faultMedia(faultMediaID, mediaLink, faultIDFK) values('c8c5a5c3-0573-4ae9-8057-245e1b49813a', 'https://www.tuempresa.com/contacto/soporte', 'e36e31d3-22d4-4e17-87b1-dc62844f96cf'); 
INSERT INTO faultMedia(faultMediaID, mediaLink, faultIDFK) values('687b00d1-89ad-45b1-b35c-8bc09653853c', 'https://www.tuempresa.com/contacto/soporte', '8d6b0c5b-7f4f-400e-bece-1daa8f1779f0'); 
INSERT INTO faultMedia(faultMediaID, mediaLink, faultIDFK) values('af5174ef-a899-4ec3-a2cf-fe0f15668a15', 'https://www.expertositio.com/blog/diseño-web', 'c12a6767-1433-4cee-b948-ea421f6552cd'); 
INSERT INTO faultMedia(faultMediaID, mediaLink, faultIDFK) values('c20dc5b6-6951-4600-a4fc-3cbb87eb0cfb', 'https://www.empresainnovadora.com/noticias/lanzamientos', '90e64402-03a2-446a-a41d-efb4a3ebf5b2'); 
INSERT INTO faultMedia(faultMediaID, mediaLink, faultIDFK) values('94287877-f876-460d-9c11-231425e521ea', 'https://www.ejemplo.com/productos/calculadora-interes', 'd67b10ae-e4f9-4214-8168-c4eb0e76a051'); 
INSERT INTO faultMedia(faultMediaID, mediaLink, faultIDFK) values('3b128ae0-0ec6-4b95-b1a8-908c5c25b4d4', 'https://www.mundodigital.com/tutoriales/marketing-digital', '014eb9eb-90d8-40e3-a599-2ea5f77b0c19'); 
INSERT INTO faultMedia(faultMediaID, mediaLink, faultIDFK) values('4a22ba27-33dd-4b58-825c-435ee67e7071', 'https://www.ejemplo.com/productos/calculadora-interes', 'c7e2df06-6fab-4102-ace9-83c35f37a1f8'); 
INSERT INTO faultMedia(faultMediaID, mediaLink, faultIDFK) values('37fa13e9-a2a3-45fe-8829-d364d61d8790', 'https://www.smartsolutions.com/servicios/paginas-web', '5d4d6722-3876-48d9-87ab-d57a6dffe1d4'); 
INSERT INTO faultMedia(faultMediaID, mediaLink, faultIDFK) values('6d7f132f-db56-4dc2-94fd-33337b6a2d8e', 'https://www.creacionsistemas.com/planificación/pymes', 'c7e2df06-6fab-4102-ace9-83c35f37a1f8'); 
INSERT INTO faultMedia(faultMediaID, mediaLink, faultIDFK) values('32c8cdfa-f2a0-4fc8-bee6-5802a0c582b3', 'https://www.expertositio.com/blog/diseño-web', '287d9dad-3467-43ae-ac55-adf25df786ef'); 
INSERT INTO faultMedia(faultMediaID, mediaLink, faultIDFK) values('09821fde-7f52-41fb-bd3e-89100dbbd9da', 'https://www.sistemasmodernos.com/tecnologia/innovacion', 'd5d7bf15-74ce-411d-b9eb-1594240cbe7a'); 
INSERT INTO faultMedia(faultMediaID, mediaLink, faultIDFK) values('7b159339-fbeb-4b9b-b0bd-4fa41b58263a', 'https://www.expertositio.com/blog/diseño-web', '2bd09de4-df13-4ca6-b584-4627ff8b72a8'); 
INSERT INTO faultMedia(faultMediaID, mediaLink, faultIDFK) values('8d47a14a-852a-4a92-a633-6d9cfee8b191', 'https://www.mundodigital.com/tutoriales/marketing-digital', 'a38488d1-d7a9-4d5b-9e2b-b3500193b4b3'); 
INSERT INTO faultMedia(faultMediaID, mediaLink, faultIDFK) values('7c5c472c-1a96-4135-aff7-6f259dfc6d3e', 'https://www.empresainnovadora.com/noticias/lanzamientos', 'c7baac15-995a-4371-a8e7-151e0f396c9b'); 
INSERT INTO faultMedia(faultMediaID, mediaLink, faultIDFK) values('69a1854f-d4f2-4bd3-9a9c-64fb48e1578f', 'https://www.tutorialesweb.com/aprendizaje/codificacion', '8d495c62-c3c9-41a5-9e74-b90e7607c761'); 
INSERT INTO faultMedia(faultMediaID, mediaLink, faultIDFK) values('26dea615-d616-4a73-92a7-b2599a1bfa1f', 'https://www.micompany.com/servicios/consultoria-web', '287d9dad-3467-43ae-ac55-adf25df786ef'); 
INSERT INTO faultMedia(faultMediaID, mediaLink, faultIDFK) values('1155a1eb-f106-4639-a73d-c8f4afeed355', 'https://www.smartsolutions.com/servicios/paginas-web', 'c060f860-76cd-4804-bf97-6399c8cf81e8'); 
INSERT INTO faultMedia(faultMediaID, mediaLink, faultIDFK) values('6b3e1c7e-e5ce-477f-a9d1-9e539fafa841', 'https://www.sistemasmodernos.com/tecnologia/innovacion', '5c8fc950-17c3-467f-846b-92b6b2d1917c'); 
INSERT INTO faultMedia(faultMediaID, mediaLink, faultIDFK) values('4780d22e-be9b-426d-89f5-c28d9e2ecbbb', 'https://www.ecommerceplus.com/guias/venta-online', '28244e8c-bd16-4b3e-becc-861bc1c5c9c6'); 
INSERT INTO faultMedia(faultMediaID, mediaLink, faultIDFK) values('89833073-54ce-46f3-be6f-3418087b99db', 'https://www.nuevosproyectos.com/planificacion/estrategica', '473d0f5d-d133-498f-ad16-0695dd26ee50'); 
INSERT INTO faultMedia(faultMediaID, mediaLink, faultIDFK) values('76ccc4ff-c186-4c60-b457-1b6008a4e338', 'https://www.empresafuturo.com/servicios/desarrollo-tecnologico', '4f771565-9624-4e02-8095-85b7ca067a85'); 
INSERT INTO faultMedia(faultMediaID, mediaLink, faultIDFK) values('06de2b84-4d5f-4d55-9b36-30848da65051', 'https://www.digitalinnovators.com/estrategias/marketing', '9982b286-b3ee-486b-bb40-cd76e4cd1d3b'); 
INSERT INTO faultMedia(faultMediaID, mediaLink, faultIDFK) values('d732728c-8a8d-4c92-b1d0-ca4907d02732', 'https://www.mundodigital.com/tutoriales/marketing-digital', '473d0f5d-d133-498f-ad16-0695dd26ee50'); 
INSERT INTO faultMedia(faultMediaID, mediaLink, faultIDFK) values('92f2c96d-28fa-41b5-a042-064654dd79c6', 'https://www.redescomunicacion.com/tutoriales/redes-sociales', '5c8fc950-17c3-467f-846b-92b6b2d1917c'); 
INSERT INTO faultMedia(faultMediaID, mediaLink, faultIDFK) values('53569584-265f-4d2d-aff4-608468f27632', 'https://www.expertositio.com/blog/diseño-web', '306ce820-a1c6-4483-b892-1109adf26f3a'); 
INSERT INTO faultMedia(faultMediaID, mediaLink, faultIDFK) values('2c5053cc-9259-43e6-b78c-aca08ffff624', 'https://www.smartsolutions.com/servicios/paginas-web', '91ab06b5-0dee-457e-b347-22e10974a5d1'); 
INSERT INTO faultMedia(faultMediaID, mediaLink, faultIDFK) values('83514ab2-46aa-47ae-9cad-e0fb4c0c4b9f', 'https://www.empresainnovadora.com/noticias/lanzamientos', '1be1668d-0326-4fcb-8aaf-9f16d4488eb2'); 
INSERT INTO faultMedia(faultMediaID, mediaLink, faultIDFK) values('f9ecc430-7871-4007-b0c7-2bf4e3ae462d', 'https://www.smartsolutions.com/servicios/paginas-web', '7b454ba9-ea42-45f6-9bd9-790c66c269c8'); 
INSERT INTO faultMedia(faultMediaID, mediaLink, faultIDFK) values('d7973a73-451b-4e91-a7ba-30009829ec5c', 'https://www.empresainnovadora.com/noticias/lanzamientos', 'd5d7bf15-74ce-411d-b9eb-1594240cbe7a'); 
INSERT INTO faultMedia(faultMediaID, mediaLink, faultIDFK) values('cd2a6b3e-f196-42d4-8478-02a504d93c3f', 'https://www.nuevosproyectos.com/planificacion/estrategica', 'd5df64b2-41e8-41d7-b777-aaa93603a985'); 
INSERT INTO faultMedia(faultMediaID, mediaLink, faultIDFK) values('5abb1281-7543-420d-ac6e-6ac6d337f03e', 'https://www.sistemasmodernos.com/tecnologia/innovacion', '7b454ba9-ea42-45f6-9bd9-790c66c269c8'); 
INSERT INTO faultMedia(faultMediaID, mediaLink, faultIDFK) values('d5a8b519-20b7-4e25-91fb-64de7cbe998f', 'https://www.micompany.com/servicios/consultoria-web', '6b10a6e4-1d0c-4786-942d-b8fd58899b3c'); 
INSERT INTO faultMedia(faultMediaID, mediaLink, faultIDFK) values('d2c11c3e-3086-4403-bef4-4133d516db8b', 'https://www.tiendavirtual.com/blog/estrategias-marketing', '06406d86-b707-4d39-a333-f488fad66700'); 
INSERT INTO faultMedia(faultMediaID, mediaLink, faultIDFK) values('42ee21d3-e985-4166-834b-f5825ac74476', 'https://www.empresainnovadora.com/noticias/lanzamientos', '8d495c62-c3c9-41a5-9e74-b90e7607c761'); 
INSERT INTO faultMedia(faultMediaID, mediaLink, faultIDFK) values('fd0a77bb-feb8-4ed4-8fca-5fffc6a1ede7', 'https://www.empresainnovadora.com/noticias/lanzamientos', '306ce820-a1c6-4483-b892-1109adf26f3a'); 
INSERT INTO faultMedia(faultMediaID, mediaLink, faultIDFK) values('6c263daf-7132-41cb-b975-42fee93f0860', 'https://www.expertositio.com/blog/diseño-web', '38f62956-a1b9-4d1a-a972-ac16f45150eb'); 
INSERT INTO faultMedia(faultMediaID, mediaLink, faultIDFK) values('19e8dbe8-b23a-4778-9bd4-5f50abcb77e8', 'https://www.tiendavirtual.com/blog/estrategias-marketing', '28244e8c-bd16-4b3e-becc-861bc1c5c9c6'); 
INSERT INTO faultMedia(faultMediaID, mediaLink, faultIDFK) values('1aacb413-21f6-420b-b51a-6b2f218417fc', 'https://www.redescomunicacion.com/tutoriales/redes-sociales', 'c7e2df06-6fab-4102-ace9-83c35f37a1f8'); 
INSERT INTO faultMedia(faultMediaID, mediaLink, faultIDFK) values('36534212-28a2-42d3-add9-bce8c2d69476', 'https://www.tutorialesweb.com/aprendizaje/codificacion', 'd5d7bf15-74ce-411d-b9eb-1594240cbe7a'); 
INSERT INTO faultMedia(faultMediaID, mediaLink, faultIDFK) values('6cfcc0a1-162c-4038-b0e7-341db16b70f4', 'https://www.nuevastecnologias.com/innovacion/digitalizacion', '1be1668d-0326-4fcb-8aaf-9f16d4488eb2'); 
INSERT INTO faultMedia(faultMediaID, mediaLink, faultIDFK) values('96df6c03-b928-4b7b-be7f-f1e8355de4f5', 'https://www.serviciosxyz.com/soluciones/internet-empresas', 'e36e31d3-22d4-4e17-87b1-dc62844f96cf'); 
INSERT INTO faultMedia(faultMediaID, mediaLink, faultIDFK) values('21ce33d2-b567-4f67-925f-5b4ff8f12f64', 'https://www.interactivewebs.com/proyectos/desarrollo-software', '31370a42-3e38-49d1-a73a-3f8dcceb9381'); 
INSERT INTO faultMedia(faultMediaID, mediaLink, faultIDFK) values('8ce0638a-5f54-4394-b157-8aaf52ab7d85', 'https://www.serviciosxyz.com/soluciones/internet-empresas', 'a300a657-50a7-4a05-9abe-a10f6af53ac0'); 
INSERT INTO faultMedia(faultMediaID, mediaLink, faultIDFK) values('ed6c99bf-ccf4-4fc4-a53e-28da26b4ba89', 'https://www.tutorialesweb.com/aprendizaje/codificacion', '287d9dad-3467-43ae-ac55-adf25df786ef'); 
INSERT INTO faultMedia(faultMediaID, mediaLink, faultIDFK) values('ddb1ae8e-0938-4d5b-a3ba-e161eccecd86', 'https://www.nuevastecnologias.com/innovacion/digitalizacion', '77ff4aa3-371d-4edd-b631-890d8e19d6de'); 
INSERT INTO faultMedia(faultMediaID, mediaLink, faultIDFK) values('7a9c5d60-da85-4a00-b9f4-89780d6629bb', 'https://www.micompany.com/servicios/consultoria-web', 'ac542b56-fd61-49a6-a698-ed303c71b80d'); 
INSERT INTO faultMedia(faultMediaID, mediaLink, faultIDFK) values('f3318ed7-eb6f-48d8-bd05-5eca9fd867fc', 'https://www.creacionsistemas.com/planificación/pymes', '8d495c62-c3c9-41a5-9e74-b90e7607c761'); 
INSERT INTO faultMedia(faultMediaID, mediaLink, faultIDFK) values('827242bb-66cb-4374-b25d-2f268f23581d', 'https://www.nuevastecnologias.com/innovacion/digitalizacion', 'd273344b-263c-4249-860d-90e39e7627a0'); 
INSERT INTO faultMedia(faultMediaID, mediaLink, faultIDFK) values('8c321bc9-3779-44d6-92fb-d38a3c55fd7e', 'https://www.interactivewebs.com/proyectos/desarrollo-software', '1be1668d-0326-4fcb-8aaf-9f16d4488eb2'); 

