INSERT INTO templateHoliday(templateHolidayID, holidayDate, title) VALUES('46264399-a437-4925-9e45-e21c88cb6dc2', '2026-04-30', 'Aniversario empresa');
INSERT INTO templateHoliday(templateHolidayID, holidayDate, title) VALUES('02a3e8ee-d63a-41cc-b143-698fa4afb5e7', '2026-05-15', 'Día de la Virgen de Guadalupe');
INSERT INTO templateHoliday(templateHolidayID, holidayDate, title) VALUES('1f127f3d-5761-49e0-adc6-a28a53a42d3b', '2026-06-16', 'Aniversario empresa');
INSERT INTO templateHoliday(templateHolidayID, holidayDate, title) VALUES('7594cf67-d739-467b-a8ac-633105824384', '2026-08-28', 'Día de reyes');
INSERT INTO templateHoliday(templateHolidayID, holidayDate, title) VALUES('e6187a13-df1d-4d32-81cb-6d54cee3e89e', '2026-02-19', 'Día de reyes');
INSERT INTO templateHoliday(templateHolidayID, holidayDate, title) VALUES('d7403bbf-ec9e-40f2-a033-76dfce5cf748', '1886-05-01', 'Día del Policía');
INSERT INTO templateHoliday(templateHolidayID, holidayDate, title) VALUES('650d0827-d876-4ba6-9964-44a3231be35e', '2026-02-19', 'Revolución');
INSERT INTO templateHoliday(templateHolidayID, holidayDate, title) VALUES('fccbc21c-ff38-4bcd-95f3-1504c97b11d2', '2026-05-15', 'Día Mundial del Medio Ambiente');
INSERT INTO templateHoliday(templateHolidayID, holidayDate, title) VALUES('481d90a1-81d4-44a5-b027-03cbf70096b9', '2026-06-05', 'Día del Amor y la Amistad');
INSERT INTO templateHoliday(templateHolidayID, holidayDate, title) VALUES('f2186287-0b78-4bd4-b39d-a69586eeb216', '2026-06-16', 'Día de la Raza');
INSERT INTO templateHoliday(templateHolidayID, holidayDate, title) VALUES('ebd3d9db-fbdc-46f2-9c3c-acf9d29e1134', '2026-08-22', 'Día de Muertos');
INSERT INTO templateHoliday(templateHolidayID, holidayDate, title) VALUES('acb0f09f-4d97-44d4-85e7-ea151bd5e8f4', '2026-01-02', 'Día del Padre');
INSERT INTO templateHoliday(templateHolidayID, holidayDate, title) VALUES('d056d6ad-9382-4665-a0b7-9945d346f5c3', '2026-11-02', 'Día de la Raza');
INSERT INTO templateHoliday(templateHolidayID, holidayDate, title) VALUES('5a1a17e0-0101-451c-97dd-1087c1e0de97', '2026-04-07', 'Día de la Virgen de Guadalupe');
INSERT INTO templateHoliday(templateHolidayID, holidayDate, title) VALUES('1933d639-ea6f-4ebd-b573-819bb6dbb5cd', '2026-06-05', 'Día Internacional del Trabajo');
INSERT INTO templateHoliday(templateHolidayID, holidayDate, title) VALUES('cfb0d2a6-8ee2-4d4f-820b-e6507cff8352', '1934-02-24', 'Día del Trabajo');
INSERT INTO templateHoliday(templateHolidayID, holidayDate, title) VALUES('c2b62b77-29ac-42e0-88c7-ad437d7cf44f', '1920-09-15', 'Día del Amor y la Amistad');
INSERT INTO templateHoliday(templateHolidayID, holidayDate, title) VALUES('3150d1f4-5bb7-44d8-b6c7-2aee35eca461', '2026-10-12', 'Día Internacional de la Paz');
INSERT INTO templateHoliday(templateHolidayID, holidayDate, title) VALUES('0d76ad95-3e5b-49bb-97cd-0bfa4f3c4a20', '2026-06-05', 'Navidad');
INSERT INTO templateHoliday(templateHolidayID, holidayDate, title) VALUES('d7747d8d-3ca8-4b71-941f-d2f8ece06f9a', '2026-06-02', 'Día del Estudiante');

INSERT INTO usedHoliday(usedHolidayID, usedDate, usedTemplateHolidayIDFK) VALUES('f54e68cc-1b73-466a-b010-8ae0b6615533', '2026-06-16', 'f2186287-0b78-4bd4-b39d-a69586eeb216'); 
INSERT INTO usedHoliday(usedHolidayID, usedDate, usedTemplateHolidayIDFK) VALUES('db690270-88d5-4875-b5d7-0f2a840479ed', '1531-12-12', 'ebd3d9db-fbdc-46f2-9c3c-acf9d29e1134'); 
INSERT INTO usedHoliday(usedHolidayID, usedDate, usedTemplateHolidayIDFK) VALUES('6097ff10-a789-415d-ab46-91d9d76c43d9', '2026-08-22', '46264399-a437-4925-9e45-e21c88cb6dc2'); 
INSERT INTO usedHoliday(usedHolidayID, usedDate, usedTemplateHolidayIDFK) VALUES('ae454063-1c4f-4ea1-9307-8e249beebb9a', '2026-08-28', 'e6187a13-df1d-4d32-81cb-6d54cee3e89e'); 
INSERT INTO usedHoliday(usedHolidayID, usedDate, usedTemplateHolidayIDFK) VALUES('24f0c00f-3651-480d-bd2b-e69af795df37', '2026-10-01', 'acb0f09f-4d97-44d4-85e7-ea151bd5e8f4'); 
INSERT INTO usedHoliday(usedHolidayID, usedDate, usedTemplateHolidayIDFK) VALUES('87869cda-8d2a-4e29-99b9-c3181ce708dc', '2026-08-28', '481d90a1-81d4-44a5-b027-03cbf70096b9'); 
INSERT INTO usedHoliday(usedHolidayID, usedDate, usedTemplateHolidayIDFK) VALUES('2ddf4bea-0a31-4401-8663-39bf5fc045fb', '2026-10-01', '1f127f3d-5761-49e0-adc6-a28a53a42d3b'); 
INSERT INTO usedHoliday(usedHolidayID, usedDate, usedTemplateHolidayIDFK) VALUES('2699fc3f-52bf-476e-a75f-4a9d9d777ce8', '2026-11-02', '1933d639-ea6f-4ebd-b573-819bb6dbb5cd'); 
INSERT INTO usedHoliday(usedHolidayID, usedDate, usedTemplateHolidayIDFK) VALUES('19e688e0-4ac1-4fa9-81e4-a41cb7cab5b3', '2026-03-08', '0d76ad95-3e5b-49bb-97cd-0bfa4f3c4a20'); 
INSERT INTO usedHoliday(usedHolidayID, usedDate, usedTemplateHolidayIDFK) VALUES('7360761a-bfc0-475c-b834-449abb5e8043', '2026-11-02', '5a1a17e0-0101-451c-97dd-1087c1e0de97'); 
INSERT INTO usedHoliday(usedHolidayID, usedDate, usedTemplateHolidayIDFK) VALUES('05dd7386-c118-4279-a257-2cec5f9f4cd5', '2026-04-02', '650d0827-d876-4ba6-9964-44a3231be35e'); 
INSERT INTO usedHoliday(usedHolidayID, usedDate, usedTemplateHolidayIDFK) VALUES('957168cd-a5ad-4760-8be8-a349b2a82626', '2026-01-02', '3150d1f4-5bb7-44d8-b6c7-2aee35eca461'); 
INSERT INTO usedHoliday(usedHolidayID, usedDate, usedTemplateHolidayIDFK) VALUES('3ed16020-298d-4c88-ac59-5de665f257cd', '2026-08-28', '7594cf67-d739-467b-a8ac-633105824384'); 
INSERT INTO usedHoliday(usedHolidayID, usedDate, usedTemplateHolidayIDFK) VALUES('7a275c85-0fff-4ec2-a8f4-e8d7dc26a83c', '2026-02-14', '46264399-a437-4925-9e45-e21c88cb6dc2'); 
INSERT INTO usedHoliday(usedHolidayID, usedDate, usedTemplateHolidayIDFK) VALUES('c95359f6-acb6-4c11-a933-de692f59908b', '2026-06-16', '1f127f3d-5761-49e0-adc6-a28a53a42d3b'); 
INSERT INTO usedHoliday(usedHolidayID, usedDate, usedTemplateHolidayIDFK) VALUES('8aad6232-a14a-497d-b0b2-bab6838309dd', '1917-02-05', '1f127f3d-5761-49e0-adc6-a28a53a42d3b'); 
INSERT INTO usedHoliday(usedHolidayID, usedDate, usedTemplateHolidayIDFK) VALUES('9355c63c-88a5-45b7-be36-42dcd6cd8938', '2026-06-16', '02a3e8ee-d63a-41cc-b143-698fa4afb5e7'); 
INSERT INTO usedHoliday(usedHolidayID, usedDate, usedTemplateHolidayIDFK) VALUES('8209a8f2-bb62-483e-a6b2-1b5f67afb52e', '2026-03-08', 'cfb0d2a6-8ee2-4d4f-820b-e6507cff8352'); 
INSERT INTO usedHoliday(usedHolidayID, usedDate, usedTemplateHolidayIDFK) VALUES('d391f5d1-c737-4d9d-8437-d50462570d0a', '1910-11-20', '7594cf67-d739-467b-a8ac-633105824384'); 
INSERT INTO usedHoliday(usedHolidayID, usedDate, usedTemplateHolidayIDFK) VALUES('6df10653-a322-420b-9167-39bca50c4d9a', '2026-08-22', '3150d1f4-5bb7-44d8-b6c7-2aee35eca461'); 
INSERT INTO usedHoliday(usedHolidayID, usedDate, usedTemplateHolidayIDFK) VALUES('d18ab1d6-c186-4a23-9de7-2e26af9b18b5', '2026-02-14', 'd7403bbf-ec9e-40f2-a033-76dfce5cf748'); 
INSERT INTO usedHoliday(usedHolidayID, usedDate, usedTemplateHolidayIDFK) VALUES('d7a0c6a8-08ff-45ad-8bb2-47e8c7187378', '1886-05-01', '650d0827-d876-4ba6-9964-44a3231be35e'); 
INSERT INTO usedHoliday(usedHolidayID, usedDate, usedTemplateHolidayIDFK) VALUES('ffc858dc-af86-435e-a11b-140fd6ebaf9d', '2026-02-14', '1f127f3d-5761-49e0-adc6-a28a53a42d3b'); 
INSERT INTO usedHoliday(usedHolidayID, usedDate, usedTemplateHolidayIDFK) VALUES('9cf964a8-abab-4072-8403-ebb238ea7b90', '2000-01-07', '46264399-a437-4925-9e45-e21c88cb6dc2'); 
INSERT INTO usedHoliday(usedHolidayID, usedDate, usedTemplateHolidayIDFK) VALUES('16c98937-e49d-46bb-88f5-581cadf41511', '2026-10-01', '0d76ad95-3e5b-49bb-97cd-0bfa4f3c4a20'); 
INSERT INTO usedHoliday(usedHolidayID, usedDate, usedTemplateHolidayIDFK) VALUES('bd2d3381-301e-4368-88ae-f8cfd90e9862', '2026-04-30', 'e6187a13-df1d-4d32-81cb-6d54cee3e89e'); 
INSERT INTO usedHoliday(usedHolidayID, usedDate, usedTemplateHolidayIDFK) VALUES('ff8b3887-8190-442e-84b9-3f217afc4eae', '1806-03-21', '02a3e8ee-d63a-41cc-b143-698fa4afb5e7'); 
INSERT INTO usedHoliday(usedHolidayID, usedDate, usedTemplateHolidayIDFK) VALUES('ccb1e7d5-5fdf-4438-ae3c-9a33b999bff1', '1934-02-24', 'f2186287-0b78-4bd4-b39d-a69586eeb216'); 
INSERT INTO usedHoliday(usedHolidayID, usedDate, usedTemplateHolidayIDFK) VALUES('81c56e06-7ead-47f9-aa75-a727f373d8da', '2026-02-14', 'd7403bbf-ec9e-40f2-a033-76dfce5cf748'); 
INSERT INTO usedHoliday(usedHolidayID, usedDate, usedTemplateHolidayIDFK) VALUES('baec70a8-290b-4be2-a49a-d4c5da558a48', '2026-01-02', '481d90a1-81d4-44a5-b027-03cbf70096b9'); 
INSERT INTO usedHoliday(usedHolidayID, usedDate, usedTemplateHolidayIDFK) VALUES('f68202a0-f7a9-47eb-9ca0-c565d87f5148', '1531-12-12', 'cfb0d2a6-8ee2-4d4f-820b-e6507cff8352'); 
INSERT INTO usedHoliday(usedHolidayID, usedDate, usedTemplateHolidayIDFK) VALUES('53035df8-9d31-4d78-8648-c0e251b66453', '1920-09-15', 'acb0f09f-4d97-44d4-85e7-ea151bd5e8f4'); 
INSERT INTO usedHoliday(usedHolidayID, usedDate, usedTemplateHolidayIDFK) VALUES('fc1e4718-be0c-4d96-8ccf-deb34932b6a6', '2026-05-15', 'ebd3d9db-fbdc-46f2-9c3c-acf9d29e1134'); 
INSERT INTO usedHoliday(usedHolidayID, usedDate, usedTemplateHolidayIDFK) VALUES('d7e7cc5e-2f8c-4080-83a4-d39900cfb747', '2026-05-10', '1933d639-ea6f-4ebd-b573-819bb6dbb5cd'); 
INSERT INTO usedHoliday(usedHolidayID, usedDate, usedTemplateHolidayIDFK) VALUES('54650be0-34ea-437e-9c4a-24469efc2d6a', '2026-06-16', '481d90a1-81d4-44a5-b027-03cbf70096b9'); 
INSERT INTO usedHoliday(usedHolidayID, usedDate, usedTemplateHolidayIDFK) VALUES('f69add39-3eb1-433f-808a-866800dace0b', '1910-11-20', '650d0827-d876-4ba6-9964-44a3231be35e'); 
INSERT INTO usedHoliday(usedHolidayID, usedDate, usedTemplateHolidayIDFK) VALUES('f54e8011-98a5-4736-a185-a0fbe29695bf', '2026-10-12', '1f127f3d-5761-49e0-adc6-a28a53a42d3b'); 
INSERT INTO usedHoliday(usedHolidayID, usedDate, usedTemplateHolidayIDFK) VALUES('70a312f1-2d99-492d-b327-392e2a2e7caa', '2026-03-08', 'c2b62b77-29ac-42e0-88c7-ad437d7cf44f'); 
INSERT INTO usedHoliday(usedHolidayID, usedDate, usedTemplateHolidayIDFK) VALUES('4f974af0-1cea-4bfe-8080-be50542ef366', '2026-08-22', 'd056d6ad-9382-4665-a0b7-9945d346f5c3'); 
INSERT INTO usedHoliday(usedHolidayID, usedDate, usedTemplateHolidayIDFK) VALUES('ff794e73-a087-41ca-b61d-75f631c48d7b', '2026-04-30', 'fccbc21c-ff38-4bcd-95f3-1504c97b11d2'); 
INSERT INTO usedHoliday(usedHolidayID, usedDate, usedTemplateHolidayIDFK) VALUES('65a0a8e5-2166-4675-9529-dbb44adb2d99', '2026-04-02', 'f2186287-0b78-4bd4-b39d-a69586eeb216'); 
INSERT INTO usedHoliday(usedHolidayID, usedDate, usedTemplateHolidayIDFK) VALUES('20ef98d6-0c0d-4c3d-925a-b887041d27ac', '1920-09-15', '0d76ad95-3e5b-49bb-97cd-0bfa4f3c4a20'); 
INSERT INTO usedHoliday(usedHolidayID, usedDate, usedTemplateHolidayIDFK) VALUES('1338bda8-6299-4cac-b48a-45c25866b1f0', '2026-12-25', '650d0827-d876-4ba6-9964-44a3231be35e'); 
INSERT INTO usedHoliday(usedHolidayID, usedDate, usedTemplateHolidayIDFK) VALUES('fe09fad0-63b2-4767-8f7e-13d1c7260a84', '1806-03-21', 'd056d6ad-9382-4665-a0b7-9945d346f5c3'); 
INSERT INTO usedHoliday(usedHolidayID, usedDate, usedTemplateHolidayIDFK) VALUES('1d2b1891-b55e-430d-8404-fd00c1fb09bb', '2026-12-25', '1933d639-ea6f-4ebd-b573-819bb6dbb5cd'); 
INSERT INTO usedHoliday(usedHolidayID, usedDate, usedTemplateHolidayIDFK) VALUES('6d22d33c-a1e7-4e68-8d18-ecdc840a079c', '2026-12-25', '7594cf67-d739-467b-a8ac-633105824384'); 
INSERT INTO usedHoliday(usedHolidayID, usedDate, usedTemplateHolidayIDFK) VALUES('faefc9be-f3c6-4fb5-82c8-708d35deb008', '2026-08-22', 'acb0f09f-4d97-44d4-85e7-ea151bd5e8f4'); 
INSERT INTO usedHoliday(usedHolidayID, usedDate, usedTemplateHolidayIDFK) VALUES('ef28b9fd-40a5-49c4-afe0-614b9c5b3a65', '1806-03-21', '1933d639-ea6f-4ebd-b573-819bb6dbb5cd'); 
INSERT INTO usedHoliday(usedHolidayID, usedDate, usedTemplateHolidayIDFK) VALUES('2bd9e2ed-a153-4bd6-b12b-df4b7cce7435', '1531-12-12', '1f127f3d-5761-49e0-adc6-a28a53a42d3b'); 
INSERT INTO usedHoliday(usedHolidayID, usedDate, usedTemplateHolidayIDFK) VALUES('daa4798a-84da-4520-b50f-854f3cb1281f', '2026-12-25', '7594cf67-d739-467b-a8ac-633105824384'); 

INSERT INTO privilege(privilegeID, title, summary) values('9eca7219-a0a3-447f-aec0-4e62f51917d0', 'Colaborador consulta ausencias', 'Colaborador consulta ausencias'); 
INSERT INTO privilege(privilegeID, title, summary) values('be905a42-6a2f-439f-bee8-ef7a99179938', 'Colaborador consulta calendario', 'Colaborador consulta calendario'); 
INSERT INTO privilege(privilegeID, title, summary) values('e10b5182-ae96-419d-964f-ff4c69161c27', 'Colaborador consulta días feriados', 'Colaborador consulta días feriados'); 
INSERT INTO privilege(privilegeID, title, summary) values('a6766910-a5cc-40e3-b59f-5d4eb6f78698', 'Colaborador consulta falta administrativa', 'Colaborador consulta falta administrativa'); 
INSERT INTO privilege(privilegeID, title, summary) values('02d81ab1-6e1b-4ec4-ab4d-10d4642cfb0a', 'Colaborador consulta perfil', 'Colaborador consulta perfil'); 
INSERT INTO privilege(privilegeID, title, summary) values('a2641b47-31cb-4ae6-aa88-34207fbbb881', 'Colaborador consulta sesión del One-On-One', 'Colaborador consulta sesión del One-On-One'); 
INSERT INTO privilege(privilegeID, title, summary) values('93d23201-ee80-4559-8ed6-2d3202283ca5', 'Colaborador consulta solicitudes de vacaciones', 'Colaborador consulta solicitudes de vacaciones'); 
INSERT INTO privilege(privilegeID, title, summary) values('8c57ecbd-2217-438c-9fd8-ad1e93659f26', 'Colaborador elimina solicitud de vacaciones', 'Colaborador elimina solicitud de vacaciones'); 
INSERT INTO privilege(privilegeID, title, summary) values('38d22726-52ec-4f20-82ac-52c5d48f6a60', 'Colaborador modifica contraseña temporal', 'Colaborador modifica contraseña temporal'); 
INSERT INTO privilege(privilegeID, title, summary) values('e6561e09-6dc1-450c-9942-2a2ca8ca52e0', 'Colaborador modifica solicitud de vacaciones', 'Colaborador modifica solicitud de vacaciones'); 
INSERT INTO privilege(privilegeID, title, summary) values('9c7906ee-6685-4f28-b161-ed05f05765d7', 'Colaborador registra ausencia', 'Colaborador registra ausencia'); 
INSERT INTO privilege(privilegeID, title, summary) values('ae83e01b-4575-48de-b852-0b601c5d40b8', 'Colaborador registra inicio de sesión', 'Colaborador registra inicio de sesión'); 
INSERT INTO privilege(privilegeID, title, summary) values('d746a73d-cbb6-45fc-9753-0108aa66df58', 'Colaborador registra solicitud de vacaciones', 'Colaborador registra solicitud de vacaciones'); 
INSERT INTO privilege(privilegeID, title, summary) values('eabf742f-349c-4dec-ae18-4c0b768cc34d', 'Líder consulta ausencias de colaborador', 'Líder consulta ausencias de colaborador'); 
INSERT INTO privilege(privilegeID, title, summary) values('d26a8a9d-20ef-4938-829a-40ed011f45eb', 'Líder consulta colaboradores en su departamento', 'Líder consulta colaboradores en su departamento'); 
INSERT INTO privilege(privilegeID, title, summary) values('deb91a12-5527-4f44-804b-4fb6d81203aa', 'Líder consulta perfil de colaboradores', 'Líder consulta perfil de colaboradores'); 
INSERT INTO privilege(privilegeID, title, summary) values('7d8d489d-7ce1-45bf-bc15-ac7d34f16812', 'Líder consulta solicitudes de vacaciones de colaborador', 'Líder consulta solicitudes de vacaciones de colaborador'); 
INSERT INTO privilege(privilegeID, title, summary) values('ab822500-a924-44e9-af93-9f47a6a2f223', 'Líder registra respuesta hacia ausencia de colaborador', 'Líder registra respuesta hacia ausencia de colaborador'); 
INSERT INTO privilege(privilegeID, title, summary) values('2f3ac0ac-1b96-4b97-ab17-14e0087cf2b3', 'Líder registra respuesta hacia solicitud de vacaciones de colaborador', 'Líder registra respuesta hacia solicitud de vacaciones de colaborador'); 
INSERT INTO privilege(privilegeID, title, summary) values('fe17b4a8-3bf8-41ab-8c31-f232d3e45503', 'Superadmin consulta ausencias de empleado', 'Superadmin consulta ausencias de empleado'); 
INSERT INTO privilege(privilegeID, title, summary) values('1e15af3a-ab1a-4157-b1e6-37396229ed61', 'Superadmin consulta empleados', 'Superadmin consulta empleados'); 
INSERT INTO privilege(privilegeID, title, summary) values('41a1097c-999a-4725-8b1a-579ffeaca21d', 'Superadmin consulta sesión de One-On-One', 'Superadmin consulta sesión de One-On-One'); 
INSERT INTO privilege(privilegeID, title, summary) values('c251576d-6b28-449c-8efb-d57125c2d266', 'Superadmin consulta solicitudes de vacaciones de empleado', 'Superadmin consulta solicitudes de vacaciones de empleado'); 
INSERT INTO privilege(privilegeID, title, summary) values('63dbe2fd-750a-4241-a47a-e02226823fe8', 'Superadmin consultar reporte de rotación de empleos mensual', 'Superadmin consultar reporte de rotación de empleos mensual'); 
INSERT INTO privilege(privilegeID, title, summary) values('d396563e-bf1a-4acd-96af-3e3b7210a1d5', 'Superadmin elimina departamento', 'Superadmin elimina departamento'); 
INSERT INTO privilege(privilegeID, title, summary) values('eb83d261-8df5-42b1-af82-d49504137ed7', 'Superadmin elimina día feriado', 'Superadmin elimina día feriado'); 
INSERT INTO privilege(privilegeID, title, summary) values('aad41569-eeef-4604-9e75-3f1085e0e671', 'Superadmin elimina falta administrativa', 'Superadmin elimina falta administrativa'); 
INSERT INTO privilege(privilegeID, title, summary) values('64b8d2f1-ad74-431c-b677-b2fa8a30d134', 'Superadmin modifica datos de empleado', 'Superadmin modifica datos de empleado'); 
INSERT INTO privilege(privilegeID, title, summary) values('04e69df2-d5d4-4773-8936-84ce176a3f7b', 'Superadmin modifica departamento', 'Superadmin modifica departamento'); 
INSERT INTO privilege(privilegeID, title, summary) values('22116cd0-850f-4c7b-869e-7511ce4645d2', 'Superadmin modifica día feriado', 'Superadmin modifica día feriado'); 
INSERT INTO privilege(privilegeID, title, summary) values('2ce3c501-b7bc-4500-b2f9-ce09630e8485', 'Superadmin modifica falta administrativa', 'Superadmin modifica falta administrativa'); 
INSERT INTO privilege(privilegeID, title, summary) values('1ff155a5-0042-4087-a096-98afdcdd8109', 'Superadmin registra alta de empleado', 'Superadmin registra alta de empleado'); 
INSERT INTO privilege(privilegeID, title, summary) values('c0460a77-027f-47f5-b846-fedb54836173', 'Superadmin registra baja de empleado', 'Superadmin registra baja de empleado'); 
INSERT INTO privilege(privilegeID, title, summary) values('74b61874-f839-4bd9-8f93-88ab7109b431', 'Superadmin registra datos del One-On-One', 'Superadmin registra datos del One-On-One'); 
INSERT INTO privilege(privilegeID, title, summary) values('50bfa952-3e20-47b7-a646-92bac9f32e3d', 'Superadmin registra departamento', 'Superadmin registra departamento'); 
INSERT INTO privilege(privilegeID, title, summary) values('aa46b1a2-7fad-4b4e-8003-fab10daee35d', 'Superadmin registra día feriado', 'Superadmin registra día feriado'); 
INSERT INTO privilege(privilegeID, title, summary) values('6d8cafac-acf7-4313-bdf5-cd06e9fb4393', 'Superadmin registra falta administrativa', 'Superadmin registra falta administrativa'); 
INSERT INTO privilege(privilegeID, title, summary) values('42f435c1-a1b1-40e2-b40a-93c1b8761e26', 'Superadmin registra evidencia de falta', 'Superadmin registra evidencia de falta'); 
INSERT INTO privilege(privilegeID, title, summary) values('02ced2af-c535-4202-aa8f-08138b4ba6cd', 'Superadmin registra fecha prevista de One-On-One', 'Superadmin registra fecha prevista de One-On-One'); 
INSERT INTO privilege(privilegeID, title, summary) values('3fdc8ee1-8d9e-4341-a856-0361cd2187cf', 'Superadmin registra respuesta hacia ausencia de empleado', 'Superadmin registra respuesta hacia ausencia de empleado'); 
INSERT INTO privilege(privilegeID, title, summary) values('ef597eb4-8e40-46b8-90be-cc5b09722849', 'Superadmin registra respuesta hacia solicitud de vacaciones de empleado', 'Superadmin registra respuesta hacia solicitud de vacaciones de empleado'); 
INSERT INTO role(roleID, title) values('4eb62adb-55ed-4dfd-8320-5e1041e5e031', 'Colaborator'); 
INSERT INTO role(roleID, title) values('3e5ee5cc-9f9c-456f-9a51-ca64c3f2ad12', 'Department Leader'); 
INSERT INTO role(roleID, title) values('a8d7edfd-c40a-4b07-aa59-186c3ff89d7d', 'Human Resources'); 
INSERT INTO rolePrivilege(roleIDFK, privilegeIDFK) values('4eb62adb-55ed-4dfd-8320-5e1041e5e031', '9eca7219-a0a3-447f-aec0-4e62f51917d0'); 
INSERT INTO rolePrivilege(roleIDFK, privilegeIDFK) values('4eb62adb-55ed-4dfd-8320-5e1041e5e031', 'be905a42-6a2f-439f-bee8-ef7a99179938'); 
INSERT INTO rolePrivilege(roleIDFK, privilegeIDFK) values('4eb62adb-55ed-4dfd-8320-5e1041e5e031', 'e10b5182-ae96-419d-964f-ff4c69161c27'); 
INSERT INTO rolePrivilege(roleIDFK, privilegeIDFK) values('4eb62adb-55ed-4dfd-8320-5e1041e5e031', 'a6766910-a5cc-40e3-b59f-5d4eb6f78698'); 
INSERT INTO rolePrivilege(roleIDFK, privilegeIDFK) values('4eb62adb-55ed-4dfd-8320-5e1041e5e031', '02d81ab1-6e1b-4ec4-ab4d-10d4642cfb0a'); 
INSERT INTO rolePrivilege(roleIDFK, privilegeIDFK) values('4eb62adb-55ed-4dfd-8320-5e1041e5e031', 'a2641b47-31cb-4ae6-aa88-34207fbbb881'); 
INSERT INTO rolePrivilege(roleIDFK, privilegeIDFK) values('4eb62adb-55ed-4dfd-8320-5e1041e5e031', '93d23201-ee80-4559-8ed6-2d3202283ca5'); 
INSERT INTO rolePrivilege(roleIDFK, privilegeIDFK) values('4eb62adb-55ed-4dfd-8320-5e1041e5e031', '8c57ecbd-2217-438c-9fd8-ad1e93659f26'); 
INSERT INTO rolePrivilege(roleIDFK, privilegeIDFK) values('4eb62adb-55ed-4dfd-8320-5e1041e5e031', '38d22726-52ec-4f20-82ac-52c5d48f6a60'); 
INSERT INTO rolePrivilege(roleIDFK, privilegeIDFK) values('4eb62adb-55ed-4dfd-8320-5e1041e5e031', 'e6561e09-6dc1-450c-9942-2a2ca8ca52e0'); 
INSERT INTO rolePrivilege(roleIDFK, privilegeIDFK) values('4eb62adb-55ed-4dfd-8320-5e1041e5e031', '9c7906ee-6685-4f28-b161-ed05f05765d7'); 
INSERT INTO rolePrivilege(roleIDFK, privilegeIDFK) values('4eb62adb-55ed-4dfd-8320-5e1041e5e031', 'ae83e01b-4575-48de-b852-0b601c5d40b8'); 
INSERT INTO rolePrivilege(roleIDFK, privilegeIDFK) values('4eb62adb-55ed-4dfd-8320-5e1041e5e031', 'd746a73d-cbb6-45fc-9753-0108aa66df58'); 
INSERT INTO rolePrivilege(roleIDFK, privilegeIDFK) values('3e5ee5cc-9f9c-456f-9a51-ca64c3f2ad12', '9eca7219-a0a3-447f-aec0-4e62f51917d0'); 
INSERT INTO rolePrivilege(roleIDFK, privilegeIDFK) values('3e5ee5cc-9f9c-456f-9a51-ca64c3f2ad12', 'be905a42-6a2f-439f-bee8-ef7a99179938'); 
INSERT INTO rolePrivilege(roleIDFK, privilegeIDFK) values('3e5ee5cc-9f9c-456f-9a51-ca64c3f2ad12', 'e10b5182-ae96-419d-964f-ff4c69161c27'); 
INSERT INTO rolePrivilege(roleIDFK, privilegeIDFK) values('3e5ee5cc-9f9c-456f-9a51-ca64c3f2ad12', 'a6766910-a5cc-40e3-b59f-5d4eb6f78698'); 
INSERT INTO rolePrivilege(roleIDFK, privilegeIDFK) values('3e5ee5cc-9f9c-456f-9a51-ca64c3f2ad12', '02d81ab1-6e1b-4ec4-ab4d-10d4642cfb0a'); 
INSERT INTO rolePrivilege(roleIDFK, privilegeIDFK) values('3e5ee5cc-9f9c-456f-9a51-ca64c3f2ad12', 'a2641b47-31cb-4ae6-aa88-34207fbbb881'); 
INSERT INTO rolePrivilege(roleIDFK, privilegeIDFK) values('3e5ee5cc-9f9c-456f-9a51-ca64c3f2ad12', '93d23201-ee80-4559-8ed6-2d3202283ca5'); 
INSERT INTO rolePrivilege(roleIDFK, privilegeIDFK) values('3e5ee5cc-9f9c-456f-9a51-ca64c3f2ad12', '8c57ecbd-2217-438c-9fd8-ad1e93659f26'); 
INSERT INTO rolePrivilege(roleIDFK, privilegeIDFK) values('3e5ee5cc-9f9c-456f-9a51-ca64c3f2ad12', '38d22726-52ec-4f20-82ac-52c5d48f6a60'); 
INSERT INTO rolePrivilege(roleIDFK, privilegeIDFK) values('3e5ee5cc-9f9c-456f-9a51-ca64c3f2ad12', 'e6561e09-6dc1-450c-9942-2a2ca8ca52e0'); 
INSERT INTO rolePrivilege(roleIDFK, privilegeIDFK) values('3e5ee5cc-9f9c-456f-9a51-ca64c3f2ad12', '9c7906ee-6685-4f28-b161-ed05f05765d7'); 
INSERT INTO rolePrivilege(roleIDFK, privilegeIDFK) values('3e5ee5cc-9f9c-456f-9a51-ca64c3f2ad12', 'ae83e01b-4575-48de-b852-0b601c5d40b8'); 
INSERT INTO rolePrivilege(roleIDFK, privilegeIDFK) values('3e5ee5cc-9f9c-456f-9a51-ca64c3f2ad12', 'd746a73d-cbb6-45fc-9753-0108aa66df58'); 
INSERT INTO rolePrivilege(roleIDFK, privilegeIDFK) values('3e5ee5cc-9f9c-456f-9a51-ca64c3f2ad12', 'eabf742f-349c-4dec-ae18-4c0b768cc34d'); 
INSERT INTO rolePrivilege(roleIDFK, privilegeIDFK) values('3e5ee5cc-9f9c-456f-9a51-ca64c3f2ad12', 'd26a8a9d-20ef-4938-829a-40ed011f45eb'); 
INSERT INTO rolePrivilege(roleIDFK, privilegeIDFK) values('3e5ee5cc-9f9c-456f-9a51-ca64c3f2ad12', 'deb91a12-5527-4f44-804b-4fb6d81203aa'); 
INSERT INTO rolePrivilege(roleIDFK, privilegeIDFK) values('3e5ee5cc-9f9c-456f-9a51-ca64c3f2ad12', '7d8d489d-7ce1-45bf-bc15-ac7d34f16812'); 
INSERT INTO rolePrivilege(roleIDFK, privilegeIDFK) values('3e5ee5cc-9f9c-456f-9a51-ca64c3f2ad12', 'ab822500-a924-44e9-af93-9f47a6a2f223'); 
INSERT INTO rolePrivilege(roleIDFK, privilegeIDFK) values('3e5ee5cc-9f9c-456f-9a51-ca64c3f2ad12', '2f3ac0ac-1b96-4b97-ab17-14e0087cf2b3'); 
INSERT INTO rolePrivilege(roleIDFK, privilegeIDFK) values('a8d7edfd-c40a-4b07-aa59-186c3ff89d7d', '9eca7219-a0a3-447f-aec0-4e62f51917d0'); 
INSERT INTO rolePrivilege(roleIDFK, privilegeIDFK) values('a8d7edfd-c40a-4b07-aa59-186c3ff89d7d', 'be905a42-6a2f-439f-bee8-ef7a99179938'); 
INSERT INTO rolePrivilege(roleIDFK, privilegeIDFK) values('a8d7edfd-c40a-4b07-aa59-186c3ff89d7d', 'e10b5182-ae96-419d-964f-ff4c69161c27'); 
INSERT INTO rolePrivilege(roleIDFK, privilegeIDFK) values('a8d7edfd-c40a-4b07-aa59-186c3ff89d7d', 'a6766910-a5cc-40e3-b59f-5d4eb6f78698'); 
INSERT INTO rolePrivilege(roleIDFK, privilegeIDFK) values('a8d7edfd-c40a-4b07-aa59-186c3ff89d7d', '02d81ab1-6e1b-4ec4-ab4d-10d4642cfb0a'); 
INSERT INTO rolePrivilege(roleIDFK, privilegeIDFK) values('a8d7edfd-c40a-4b07-aa59-186c3ff89d7d', 'a2641b47-31cb-4ae6-aa88-34207fbbb881'); 
INSERT INTO rolePrivilege(roleIDFK, privilegeIDFK) values('a8d7edfd-c40a-4b07-aa59-186c3ff89d7d', '93d23201-ee80-4559-8ed6-2d3202283ca5'); 
INSERT INTO rolePrivilege(roleIDFK, privilegeIDFK) values('a8d7edfd-c40a-4b07-aa59-186c3ff89d7d', '8c57ecbd-2217-438c-9fd8-ad1e93659f26'); 
INSERT INTO rolePrivilege(roleIDFK, privilegeIDFK) values('a8d7edfd-c40a-4b07-aa59-186c3ff89d7d', '38d22726-52ec-4f20-82ac-52c5d48f6a60'); 
INSERT INTO rolePrivilege(roleIDFK, privilegeIDFK) values('a8d7edfd-c40a-4b07-aa59-186c3ff89d7d', 'e6561e09-6dc1-450c-9942-2a2ca8ca52e0'); 
INSERT INTO rolePrivilege(roleIDFK, privilegeIDFK) values('a8d7edfd-c40a-4b07-aa59-186c3ff89d7d', '9c7906ee-6685-4f28-b161-ed05f05765d7'); 
INSERT INTO rolePrivilege(roleIDFK, privilegeIDFK) values('a8d7edfd-c40a-4b07-aa59-186c3ff89d7d', 'ae83e01b-4575-48de-b852-0b601c5d40b8'); 
INSERT INTO rolePrivilege(roleIDFK, privilegeIDFK) values('a8d7edfd-c40a-4b07-aa59-186c3ff89d7d', 'd746a73d-cbb6-45fc-9753-0108aa66df58'); 
INSERT INTO rolePrivilege(roleIDFK, privilegeIDFK) values('a8d7edfd-c40a-4b07-aa59-186c3ff89d7d', 'eabf742f-349c-4dec-ae18-4c0b768cc34d'); 
INSERT INTO rolePrivilege(roleIDFK, privilegeIDFK) values('a8d7edfd-c40a-4b07-aa59-186c3ff89d7d', 'd26a8a9d-20ef-4938-829a-40ed011f45eb'); 
INSERT INTO rolePrivilege(roleIDFK, privilegeIDFK) values('a8d7edfd-c40a-4b07-aa59-186c3ff89d7d', 'deb91a12-5527-4f44-804b-4fb6d81203aa'); 
INSERT INTO rolePrivilege(roleIDFK, privilegeIDFK) values('a8d7edfd-c40a-4b07-aa59-186c3ff89d7d', '7d8d489d-7ce1-45bf-bc15-ac7d34f16812'); 
INSERT INTO rolePrivilege(roleIDFK, privilegeIDFK) values('a8d7edfd-c40a-4b07-aa59-186c3ff89d7d', 'ab822500-a924-44e9-af93-9f47a6a2f223'); 
INSERT INTO rolePrivilege(roleIDFK, privilegeIDFK) values('a8d7edfd-c40a-4b07-aa59-186c3ff89d7d', '2f3ac0ac-1b96-4b97-ab17-14e0087cf2b3'); 
INSERT INTO rolePrivilege(roleIDFK, privilegeIDFK) values('a8d7edfd-c40a-4b07-aa59-186c3ff89d7d', 'fe17b4a8-3bf8-41ab-8c31-f232d3e45503'); 
INSERT INTO rolePrivilege(roleIDFK, privilegeIDFK) values('a8d7edfd-c40a-4b07-aa59-186c3ff89d7d', '1e15af3a-ab1a-4157-b1e6-37396229ed61'); 
INSERT INTO rolePrivilege(roleIDFK, privilegeIDFK) values('a8d7edfd-c40a-4b07-aa59-186c3ff89d7d', '41a1097c-999a-4725-8b1a-579ffeaca21d'); 
INSERT INTO rolePrivilege(roleIDFK, privilegeIDFK) values('a8d7edfd-c40a-4b07-aa59-186c3ff89d7d', 'c251576d-6b28-449c-8efb-d57125c2d266'); 
INSERT INTO rolePrivilege(roleIDFK, privilegeIDFK) values('a8d7edfd-c40a-4b07-aa59-186c3ff89d7d', '63dbe2fd-750a-4241-a47a-e02226823fe8'); 
INSERT INTO rolePrivilege(roleIDFK, privilegeIDFK) values('a8d7edfd-c40a-4b07-aa59-186c3ff89d7d', 'd396563e-bf1a-4acd-96af-3e3b7210a1d5'); 
INSERT INTO rolePrivilege(roleIDFK, privilegeIDFK) values('a8d7edfd-c40a-4b07-aa59-186c3ff89d7d', 'eb83d261-8df5-42b1-af82-d49504137ed7'); 
INSERT INTO rolePrivilege(roleIDFK, privilegeIDFK) values('a8d7edfd-c40a-4b07-aa59-186c3ff89d7d', 'aad41569-eeef-4604-9e75-3f1085e0e671'); 
INSERT INTO rolePrivilege(roleIDFK, privilegeIDFK) values('a8d7edfd-c40a-4b07-aa59-186c3ff89d7d', '64b8d2f1-ad74-431c-b677-b2fa8a30d134'); 
INSERT INTO rolePrivilege(roleIDFK, privilegeIDFK) values('a8d7edfd-c40a-4b07-aa59-186c3ff89d7d', '04e69df2-d5d4-4773-8936-84ce176a3f7b'); 
INSERT INTO rolePrivilege(roleIDFK, privilegeIDFK) values('a8d7edfd-c40a-4b07-aa59-186c3ff89d7d', '22116cd0-850f-4c7b-869e-7511ce4645d2'); 
INSERT INTO rolePrivilege(roleIDFK, privilegeIDFK) values('a8d7edfd-c40a-4b07-aa59-186c3ff89d7d', '2ce3c501-b7bc-4500-b2f9-ce09630e8485'); 
INSERT INTO rolePrivilege(roleIDFK, privilegeIDFK) values('a8d7edfd-c40a-4b07-aa59-186c3ff89d7d', '1ff155a5-0042-4087-a096-98afdcdd8109'); 
INSERT INTO rolePrivilege(roleIDFK, privilegeIDFK) values('a8d7edfd-c40a-4b07-aa59-186c3ff89d7d', 'c0460a77-027f-47f5-b846-fedb54836173'); 
INSERT INTO rolePrivilege(roleIDFK, privilegeIDFK) values('a8d7edfd-c40a-4b07-aa59-186c3ff89d7d', '74b61874-f839-4bd9-8f93-88ab7109b431'); 
INSERT INTO rolePrivilege(roleIDFK, privilegeIDFK) values('a8d7edfd-c40a-4b07-aa59-186c3ff89d7d', '50bfa952-3e20-47b7-a646-92bac9f32e3d'); 
INSERT INTO rolePrivilege(roleIDFK, privilegeIDFK) values('a8d7edfd-c40a-4b07-aa59-186c3ff89d7d', 'aa46b1a2-7fad-4b4e-8003-fab10daee35d'); 
INSERT INTO rolePrivilege(roleIDFK, privilegeIDFK) values('a8d7edfd-c40a-4b07-aa59-186c3ff89d7d', '6d8cafac-acf7-4313-bdf5-cd06e9fb4393'); 
INSERT INTO rolePrivilege(roleIDFK, privilegeIDFK) values('a8d7edfd-c40a-4b07-aa59-186c3ff89d7d', '42f435c1-a1b1-40e2-b40a-93c1b8761e26'); 
INSERT INTO rolePrivilege(roleIDFK, privilegeIDFK) values('a8d7edfd-c40a-4b07-aa59-186c3ff89d7d', '02ced2af-c535-4202-aa8f-08138b4ba6cd'); 
INSERT INTO rolePrivilege(roleIDFK, privilegeIDFK) values('a8d7edfd-c40a-4b07-aa59-186c3ff89d7d', '3fdc8ee1-8d9e-4341-a856-0361cd2187cf'); 
INSERT INTO rolePrivilege(roleIDFK, privilegeIDFK) values('a8d7edfd-c40a-4b07-aa59-186c3ff89d7d', 'ef597eb4-8e40-46b8-90be-cc5b09722849'); 

INSERT INTO country(countryID, title) values('56824af5-1ecf-4479-a02e-dde3208af5c9', 'Mexico'); 
INSERT INTO country(countryID, title) values('61e3c625-edc1-4c18-9b44-845a3c21d793', 'United States'); 
INSERT INTO country(countryID, title) values('a32188c2-f0ed-4b10-9b18-f43ca2e90503', 'Colombia'); 
INSERT INTO country(countryID, title) values('cccb28ba-8d54-42a8-9956-02d577d9681a', 'Argentina'); 

INSERT INTO enterprise(enterpriseID, title) values('fbf1dceb-de17-4cf9-aff0-35d1d93ad4a6', 'Nuclea'); 
INSERT INTO enterprise(enterpriseID, title) values('06fc6093-5132-4bea-883d-bfff16281911', 'ZigZag'); 
INSERT INTO enterprise(enterpriseID, title) values('19f6fdf7-0df9-403d-a926-0ec260e36866', 'WePage'); 
INSERT INTO enterprise(enterpriseID, title) values('dfc8f930-fa34-4a82-b1da-8188029b991b', 'Maya'); 
INSERT INTO enterprise(enterpriseID, title) values('9196129e-8f02-4b78-a8ea-3b89cda3efac', 'Moca'); 
INSERT INTO enterprise(enterpriseID, title) values('6ce9dd66-1df7-498f-916a-17d305b0ee96', 'All'); 
INSERT INTO department(departmentID, enterpriseIDFK, title) values('470035d6-0310-4f2b-ba8a-b4c72da47499', 'fbf1dceb-de17-4cf9-aff0-35d1d93ad4a6', 'Backend'); 
INSERT INTO department(departmentID, enterpriseIDFK, title) values('8d5100aa-48e9-491a-9350-ed5901dcef48', 'fbf1dceb-de17-4cf9-aff0-35d1d93ad4a6', 'Frontend'); 
INSERT INTO department(departmentID, enterpriseIDFK, title) values('dc241edf-356d-4b2f-b7bf-f725636bbef0', 'fbf1dceb-de17-4cf9-aff0-35d1d93ad4a6', 'UX/UI'); 
INSERT INTO department(departmentID, enterpriseIDFK, title) values('bcbe9b04-a7d4-4efb-a50c-5426e8436ec4', 'fbf1dceb-de17-4cf9-aff0-35d1d93ad4a6', 'Design'); 
INSERT INTO department(departmentID, enterpriseIDFK, title) values('688ca49d-faaf-4cf1-aec3-16d22ed5c2ea', 'fbf1dceb-de17-4cf9-aff0-35d1d93ad4a6', 'BAM'); 
INSERT INTO department(departmentID, enterpriseIDFK, title) values('935def3b-320d-4657-998a-7d01cdebc635', 'fbf1dceb-de17-4cf9-aff0-35d1d93ad4a6', 'Robotics'); 
INSERT INTO department(departmentID, enterpriseIDFK, title) values('776ad271-199f-4387-a279-59914e1c7be2', '06fc6093-5132-4bea-883d-bfff16281911', 'Copywritting'); 
INSERT INTO department(departmentID, enterpriseIDFK, title) values('796a1dab-7853-4291-9d7f-93aa6a59e0e2', '06fc6093-5132-4bea-883d-bfff16281911', 'Design'); 
INSERT INTO department(departmentID, enterpriseIDFK, title) values('c3b253dc-51b6-43b4-b0bd-457ed9c06052', '06fc6093-5132-4bea-883d-bfff16281911', 'Motion Graphics'); 
INSERT INTO department(departmentID, enterpriseIDFK, title) values('2b7dfea3-d000-44ad-80c7-58ea2038cce3', '19f6fdf7-0df9-403d-a926-0ec260e36866', 'Customer Success'); 
INSERT INTO department(departmentID, enterpriseIDFK, title) values('ea20bf3c-d623-4006-a035-85b9f5e50b20', '19f6fdf7-0df9-403d-a926-0ec260e36866', 'Design'); 
INSERT INTO department(departmentID, enterpriseIDFK, title) values('6309c333-0af8-418a-bf39-74e07141c35b', '19f6fdf7-0df9-403d-a926-0ec260e36866', 'Sales'); 
INSERT INTO department(departmentID, enterpriseIDFK, title) values('61839737-a687-4e86-bcc3-3fb2a84ad20b', 'dfc8f930-fa34-4a82-b1da-8188029b991b', 'Devops'); 
INSERT INTO department(departmentID, enterpriseIDFK, title) values('54963f5e-8e20-484d-995c-2dca9df125fe', 'dfc8f930-fa34-4a82-b1da-8188029b991b', 'Backend'); 
INSERT INTO department(departmentID, enterpriseIDFK, title) values('74bd361a-4474-4001-b7df-b3df2985eb7d', 'dfc8f930-fa34-4a82-b1da-8188029b991b', 'Blockchain Dev'); 
INSERT INTO department(departmentID, enterpriseIDFK, title) values('1b2adba9-4ac3-47a3-a024-6dbd1592bc89', 'dfc8f930-fa34-4a82-b1da-8188029b991b', 'Comms'); 
INSERT INTO department(departmentID, enterpriseIDFK, title) values('4ff2a394-6643-459d-a248-7c4ccd67c9e9', '9196129e-8f02-4b78-a8ea-3b89cda3efac', 'QA'); 
INSERT INTO department(departmentID, enterpriseIDFK, title) values('91a592db-6889-4e88-aeeb-46c37e024dcd', '9196129e-8f02-4b78-a8ea-3b89cda3efac', 'Devops'); 
INSERT INTO department(departmentID, enterpriseIDFK, title) values('f4f0615a-34f6-4756-be73-a20cdb6cf56c', '9196129e-8f02-4b78-a8ea-3b89cda3efac', 'UX/UI'); 
INSERT INTO department(departmentID, enterpriseIDFK, title) values('11874879-11c6-42bf-b248-82304acffd3e', '9196129e-8f02-4b78-a8ea-3b89cda3efac', 'Backend'); 
INSERT INTO department(departmentID, enterpriseIDFK, title) values('c05f98f4-558f-4a94-82ed-a0dd59954a6a', '9196129e-8f02-4b78-a8ea-3b89cda3efac', 'Frontend'); 
INSERT INTO department(departmentID, enterpriseIDFK, title) values('1c92e32d-58e5-4c0a-ad6f-3a773e38b5fe', '9196129e-8f02-4b78-a8ea-3b89cda3efac', 'Comms'); 
INSERT INTO department(departmentID, enterpriseIDFK, title) values('974df2ec-dc3d-40df-aa20-bc83b506edd2', '6ce9dd66-1df7-498f-916a-17d305b0ee96', 'HR'); 
INSERT INTO department(departmentID, enterpriseIDFK, title) values('98d0fff1-b6ec-4be3-9b36-5b996e109805', '6ce9dd66-1df7-498f-916a-17d305b0ee96', 'Admin'); 
INSERT INTO department(departmentID, enterpriseIDFK, title) values('5e8af13a-c772-49f1-92d6-7448dc611a75', '6ce9dd66-1df7-498f-916a-17d305b0ee96', 'DS'); 
INSERT INTO user(userID, curp, rfc, birthName, surname, mail, passwd, passwdFlag, zipCode, houseNumber, streetName, colony, workModality, workStatus, userRoleIDFK, countryUserIDFK) VALUES('a717111d-dc92-456d-b465-2550da13be59', 'JIRJ2517HQTPIS30', 'JIRJ2517HQJ1', 'Juan', 'Jiménez Ruiz', 'krxhvixvpklre@nuclea.solutions', '$2b$12$c.Zj5/1PciYqJbFcH3VxKOLhAbozT4Zcvb6zq4ofNo5h9KBk1fO.y', FALSE, 80475, '741.A', 'Calle de los Pinos', 'Colonia del Sol', 2, TRUE, 'a8d7edfd-c40a-4b07-aa59-186c3ff89d7d', '61e3c625-edc1-4c18-9b44-845a3c21d793');
INSERT INTO user(userID, curp, rfc, birthName, surname, mail, passwd, passwdFlag, zipCode, houseNumber, streetName, colony, workModality, workStatus, userRoleIDFK, countryUserIDFK) VALUES('adfedd86-af39-4db9-adfd-980a94350e27', 'MATA3625MGTFHV73', 'MATA3625MGB4', 'Adrián', 'Martínez Torres', 'kuissytlfaab@outlook.com', '$2b$12$c.Zj5/1PciYqJbFcH3VxKOLhAbozT4Zcvb6zq4ofNo5h9KBk1fO.y', TRUE, 71708, '629.C', 'Avenida de la Juventud', 'Colonia Santa Fe', 2, FALSE, '3e5ee5cc-9f9c-456f-9a51-ca64c3f2ad12', '61e3c625-edc1-4c18-9b44-845a3c21d793');
INSERT INTO user(userID, curp, rfc, birthName, surname, mail, passwd, passwdFlag, zipCode, houseNumber, streetName, colony, workModality, workStatus, userRoleIDFK, countryUserIDFK) VALUES('9dea9ff8-270e-4f96-8043-1496e4db49c4', 'JIJD2728MOCGGQ39', 'JIJD2728MOI1', 'David', 'Jiménez Jiménez', 'qgcahswtbraj@gmail.com', '$2b$12$c.Zj5/1PciYqJbFcH3VxKOLhAbozT4Zcvb6zq4ofNo5h9KBk1fO.y', FALSE, 83309, '228.B', 'Avenida de los Arcos', 'Colonia Santa Fe', 1, FALSE, '4eb62adb-55ed-4dfd-8320-5e1041e5e031', 'a32188c2-f0ed-4b10-9b18-f43ca2e90503');
INSERT INTO user(userID, curp, rfc, birthName, surname, mail, passwd, passwdFlag, zipCode, houseNumber, streetName, colony, workModality, workStatus, userRoleIDFK, countryUserIDFK) VALUES('4d29e7ac-0dfa-4c96-977f-ab138bc56be7', 'MOHJ1626MBCWNJ89', 'MOHJ1626MBF6', 'Juan', 'Moreno Hernández', 'ucnvygqpciehm@outlook.com', '$2b$12$c.Zj5/1PciYqJbFcH3VxKOLhAbozT4Zcvb6zq4ofNo5h9KBk1fO.y', FALSE, 24516, '673.C', 'Calle de la Corregidora', 'Colonia Los Ángeles', 0, FALSE, 'a8d7edfd-c40a-4b07-aa59-186c3ff89d7d', 'cccb28ba-8d54-42a8-9956-02d577d9681a');
INSERT INTO user(userID, curp, rfc, birthName, surname, mail, passwd, passwdFlag, zipCode, houseNumber, streetName, colony, workModality, workStatus, userRoleIDFK, countryUserIDFK) VALUES('2ecaa4fa-2202-4cfa-8c52-5dda73a8285c', 'FEGM2022MYNCJV35', 'FEGM2022MYU8', 'María', 'Fernández González', 'vuxbfuk@nuclea.solutions', '$2b$12$c.Zj5/1PciYqJbFcH3VxKOLhAbozT4Zcvb6zq4ofNo5h9KBk1fO.y', FALSE, 59433, '624.C', 'Calle del Sol', 'Colonia Centro', 1, FALSE, '4eb62adb-55ed-4dfd-8320-5e1041e5e031', '56824af5-1ecf-4479-a02e-dde3208af5c9');
INSERT INTO user(userID, curp, rfc, birthName, surname, mail, passwd, passwdFlag, zipCode, houseNumber, streetName, colony, workModality, workStatus, userRoleIDFK, countryUserIDFK) VALUES('500b52e8-73d6-4483-835c-ba7a59176dbd', 'FEHM1810MGRLAK77', 'FEHM1810MGA9', 'María', 'Fernández Hernández', 'vhuftyy@gmail.com', '$2b$12$c.Zj5/1PciYqJbFcH3VxKOLhAbozT4Zcvb6zq4ofNo5h9KBk1fO.y', TRUE, 55616, '825.C', 'Calle de los Abetos', 'Colonia Centro', 2, FALSE, 'a8d7edfd-c40a-4b07-aa59-186c3ff89d7d', 'a32188c2-f0ed-4b10-9b18-f43ca2e90503');
INSERT INTO user(userID, curp, rfc, birthName, surname, mail, passwd, passwdFlag, zipCode, houseNumber, streetName, colony, workModality, workStatus, userRoleIDFK, countryUserIDFK) VALUES('534ed762-2425-4c4e-9c48-7d7e05117ccc', 'RUTL0614MOCKBA87', 'RUTL0614MOU8', 'Lucía', 'Ruiz Torres', 'kjfeyedprmdey@nuclea.solutions', '$2b$12$c.Zj5/1PciYqJbFcH3VxKOLhAbozT4Zcvb6zq4ofNo5h9KBk1fO.y', TRUE, 13638, '351.C', 'Calle del Sol', 'Colonia San Francisco', 2, FALSE, '3e5ee5cc-9f9c-456f-9a51-ca64c3f2ad12', '56824af5-1ecf-4479-a02e-dde3208af5c9');
INSERT INTO user(userID, curp, rfc, birthName, surname, mail, passwd, passwdFlag, zipCode, houseNumber, streetName, colony, workModality, workStatus, userRoleIDFK, countryUserIDFK) VALUES('89246377-3d90-499b-bdf8-46aa9a3e33a1', 'JIRA2729MDGTWK56', 'JIRA2729MDT1', 'Alberto', 'Jiménez Ruiz', 'sbirjeroiuyd@outlook.com', '$2b$12$c.Zj5/1PciYqJbFcH3VxKOLhAbozT4Zcvb6zq4ofNo5h9KBk1fO.y', TRUE, 47719, '612.C', 'Calle de los Abetos', 'Colonia Valle Verde', 1, TRUE, '4eb62adb-55ed-4dfd-8320-5e1041e5e031', '56824af5-1ecf-4479-a02e-dde3208af5c9');
INSERT INTO user(userID, curp, rfc, birthName, surname, mail, passwd, passwdFlag, zipCode, houseNumber, streetName, colony, workModality, workStatus, userRoleIDFK, countryUserIDFK) VALUES('575681bf-c7bd-456b-9be1-f75dd06da75b', 'HETJ4314MTLXUW12', 'HETJ4314MTJ3', 'Javier', 'Hernández Torres', 'kkaslwpfdspqb@yahoo.com', '$2b$12$c.Zj5/1PciYqJbFcH3VxKOLhAbozT4Zcvb6zq4ofNo5h9KBk1fO.y', FALSE, 13793, '956.B', 'Calle Allende', 'Colonia Santa Rosa', 1, FALSE, 'a8d7edfd-c40a-4b07-aa59-186c3ff89d7d', 'a32188c2-f0ed-4b10-9b18-f43ca2e90503');
INSERT INTO user(userID, curp, rfc, birthName, surname, mail, passwd, passwdFlag, zipCode, houseNumber, streetName, colony, workModality, workStatus, userRoleIDFK, countryUserIDFK) VALUES('d3f27c2d-ccfa-447e-bf68-bd37ef165536', 'JIRL2217MYNUJK53', 'JIRL2217MYO4', 'Lucía', 'Jiménez Rodríguez', 'hloikedb@outlook.com', '$2b$12$c.Zj5/1PciYqJbFcH3VxKOLhAbozT4Zcvb6zq4ofNo5h9KBk1fO.y', TRUE, 95070, '67.A', 'Avenida de la Libertad', 'Colonia San Francisco', 0, FALSE, '3e5ee5cc-9f9c-456f-9a51-ca64c3f2ad12', '61e3c625-edc1-4c18-9b44-845a3c21d793');
INSERT INTO user(userID, curp, rfc, birthName, surname, mail, passwd, passwdFlag, zipCode, houseNumber, streetName, colony, workModality, workStatus, userRoleIDFK, countryUserIDFK) VALUES('9d9813b9-3c8c-4b35-bc6a-bf60d80e839d', 'MAJI2613MPLHBQ15', 'MAJI2613MPA7', 'Isabel', 'Martínez Jiménez', 'ssbjeeu@gmail.com', '$2b$12$c.Zj5/1PciYqJbFcH3VxKOLhAbozT4Zcvb6zq4ofNo5h9KBk1fO.y', TRUE, 38226, '731.C', 'Calle de la Estación', 'Colonia Nuevo Milenio', 2, FALSE, 'a8d7edfd-c40a-4b07-aa59-186c3ff89d7d', 'a32188c2-f0ed-4b10-9b18-f43ca2e90503');
INSERT INTO user(userID, curp, rfc, birthName, surname, mail, passwd, passwdFlag, zipCode, houseNumber, streetName, colony, workModality, workStatus, userRoleIDFK, countryUserIDFK) VALUES('a7082f10-a0f9-460c-bdc5-74905722fc05', 'RURP31020MCMKER32', 'RURP31020MB0', 'Pedro', 'Ruiz Rodríguez', 'wtnxydoso@outlook.com', '$2b$12$c.Zj5/1PciYqJbFcH3VxKOLhAbozT4Zcvb6zq4ofNo5h9KBk1fO.y', FALSE, 18407, '183.B', 'Calle Benito Juárez', 'Colonia San José', 2, FALSE, '4eb62adb-55ed-4dfd-8320-5e1041e5e031', '61e3c625-edc1-4c18-9b44-845a3c21d793');
INSERT INTO user(userID, curp, rfc, birthName, surname, mail, passwd, passwdFlag, zipCode, houseNumber, streetName, colony, workModality, workStatus, userRoleIDFK, countryUserIDFK) VALUES('cd7cf005-42c5-437b-aa58-d78cb2a7ed40', 'GORM2213HCMICR31', 'GORM2213HCD5', 'Mercedes', 'González Rodríguez', 'krqsvkhv@gmail.com', '$2b$12$c.Zj5/1PciYqJbFcH3VxKOLhAbozT4Zcvb6zq4ofNo5h9KBk1fO.y', TRUE, 27957, '675.A', 'Avenida de los Arcos', 'Colonia Valle Verde', 0, TRUE, '4eb62adb-55ed-4dfd-8320-5e1041e5e031', '61e3c625-edc1-4c18-9b44-845a3c21d793');
INSERT INTO user(userID, curp, rfc, birthName, surname, mail, passwd, passwdFlag, zipCode, houseNumber, streetName, colony, workModality, workStatus, userRoleIDFK, countryUserIDFK) VALUES('ee5d2043-1ac0-4e64-9141-9ba335e37326', 'ROGE184HSLBGU58', 'ROGE184HSLA1', 'Enrique', 'Rodríguez González', 'ikissjbppyo@nuclea.solutions', '$2b$12$c.Zj5/1PciYqJbFcH3VxKOLhAbozT4Zcvb6zq4ofNo5h9KBk1fO.y', TRUE, 55563, '169.C', 'Calle de los Pinos', 'Colonia Lomas de Querétaro', 0, TRUE, '3e5ee5cc-9f9c-456f-9a51-ca64c3f2ad12', '56824af5-1ecf-4479-a02e-dde3208af5c9');
INSERT INTO user(userID, curp, rfc, birthName, surname, mail, passwd, passwdFlag, zipCode, houseNumber, streetName, colony, workModality, workStatus, userRoleIDFK, countryUserIDFK) VALUES('7848b744-2f1a-4156-97a2-b3f896361bcd', 'JIRL086HHGYMX63', 'JIRL086HHGH2', 'Laura', 'Jiménez Ruiz', 'fbrccgbe@gmail.com', '$2b$12$c.Zj5/1PciYqJbFcH3VxKOLhAbozT4Zcvb6zq4ofNo5h9KBk1fO.y', FALSE, 89569, '677.C', 'Calle de los Naranjos', 'Colonia Santa Rosa', 2, FALSE, '3e5ee5cc-9f9c-456f-9a51-ca64c3f2ad12', 'a32188c2-f0ed-4b10-9b18-f43ca2e90503');
INSERT INTO user(userID, curp, rfc, birthName, surname, mail, passwd, passwdFlag, zipCode, houseNumber, streetName, colony, workModality, workStatus, userRoleIDFK, countryUserIDFK) VALUES('9b453d8e-a366-4dcf-8d39-9ea186a210d9', 'GOJM2915HTLROS30', 'GOJM2915HTY3', 'María', 'González Jiménez', 'wkinfjwanhdp@outlook.com', '$2b$12$c.Zj5/1PciYqJbFcH3VxKOLhAbozT4Zcvb6zq4ofNo5h9KBk1fO.y', TRUE, 76419, '618.C', 'Calle del Carmen', 'Colonia La Pradera', 1, TRUE, 'a8d7edfd-c40a-4b07-aa59-186c3ff89d7d', '56824af5-1ecf-4479-a02e-dde3208af5c9');
INSERT INTO user(userID, curp, rfc, birthName, surname, mail, passwd, passwdFlag, zipCode, houseNumber, streetName, colony, workModality, workStatus, userRoleIDFK, countryUserIDFK) VALUES('2f4d67ac-2f76-49ea-b022-73f4fa303716', 'HERJ0811MCLAKD60', 'HERJ0811MCT0', 'Juan', 'Hernández Rodríguez', 'kbghixs@outlook.com', '$2b$12$c.Zj5/1PciYqJbFcH3VxKOLhAbozT4Zcvb6zq4ofNo5h9KBk1fO.y', TRUE, 84463, '106.C', 'Calle de los Pinos', 'Colonia San José', 0, TRUE, '4eb62adb-55ed-4dfd-8320-5e1041e5e031', '61e3c625-edc1-4c18-9b44-845a3c21d793');
INSERT INTO user(userID, curp, rfc, birthName, surname, mail, passwd, passwdFlag, zipCode, houseNumber, streetName, colony, workModality, workStatus, userRoleIDFK, countryUserIDFK) VALUES('2382f987-f762-459d-825a-87d69a273574', 'HEMD199HMSMDB73', 'HEMD199HMSB1', 'David', 'Hernández Martínez', 'xwsygmldh@yahoo.com', '$2b$12$c.Zj5/1PciYqJbFcH3VxKOLhAbozT4Zcvb6zq4ofNo5h9KBk1fO.y', FALSE, 60710, '142.A', 'Avenida de la Constitución', 'Colonia Las Águilas', 1, FALSE, 'a8d7edfd-c40a-4b07-aa59-186c3ff89d7d', 'a32188c2-f0ed-4b10-9b18-f43ca2e90503');
INSERT INTO user(userID, curp, rfc, birthName, surname, mail, passwd, passwdFlag, zipCode, houseNumber, streetName, colony, workModality, workStatus, userRoleIDFK, countryUserIDFK) VALUES('a16fa827-0f20-4324-b30d-4b2e850f8dca', 'TOHM259HHGWSU11', 'TOHM259HHGJ1', 'María', 'Torres Hernández', 'qthppcpbqajqf@outlook.com', '$2b$12$c.Zj5/1PciYqJbFcH3VxKOLhAbozT4Zcvb6zq4ofNo5h9KBk1fO.y', FALSE, 93622, '736.A', 'Calle de la Corregidora', 'Colonia Santa Fe', 2, FALSE, 'a8d7edfd-c40a-4b07-aa59-186c3ff89d7d', '56824af5-1ecf-4479-a02e-dde3208af5c9');
INSERT INTO user(userID, curp, rfc, birthName, surname, mail, passwd, passwdFlag, zipCode, houseNumber, streetName, colony, workModality, workStatus, userRoleIDFK, countryUserIDFK) VALUES('5e57c9c3-41a5-4e3b-8f64-17a15c7712c3', 'TOMM463MCLGLQ84', 'TOMM463MCLW1', 'Mercedes', 'Torres Martínez', 'bvewcsntrnvc@outlook.com', '$2b$12$c.Zj5/1PciYqJbFcH3VxKOLhAbozT4Zcvb6zq4ofNo5h9KBk1fO.y', TRUE, 17340, '392.C', 'Calle Hidalgo', 'Colonia Nuevo Milenio', 0, TRUE, '3e5ee5cc-9f9c-456f-9a51-ca64c3f2ad12', 'a32188c2-f0ed-4b10-9b18-f43ca2e90503');
INSERT INTO user(userID, curp, rfc, birthName, surname, mail, passwd, passwdFlag, zipCode, houseNumber, streetName, colony, workModality, workStatus, userRoleIDFK, countryUserIDFK) VALUES('209d2735-503e-44ec-86df-b3d54a366a25', 'ROFE3328HCSFPR26', 'ROFE3328HCW2', 'Elena', 'Rodríguez Fernández', 'cpxbupgvofdq@outlook.com', '$2b$12$c.Zj5/1PciYqJbFcH3VxKOLhAbozT4Zcvb6zq4ofNo5h9KBk1fO.y', TRUE, 34173, '431.A', 'Calle de la Merced', 'Colonia Emiliano Zapata', 2, TRUE, '3e5ee5cc-9f9c-456f-9a51-ca64c3f2ad12', 'a32188c2-f0ed-4b10-9b18-f43ca2e90503');
INSERT INTO user(userID, curp, rfc, birthName, surname, mail, passwd, passwdFlag, zipCode, houseNumber, streetName, colony, workModality, workStatus, userRoleIDFK, countryUserIDFK) VALUES('759256ba-153e-49ce-90fd-02df3e1414c7', 'JIJB1028HGRCOS28', 'JIJB1028HGT4', 'Beatriz', 'Jiménez Jiménez', 'vssmltbbsn@outlook.com', '$2b$12$c.Zj5/1PciYqJbFcH3VxKOLhAbozT4Zcvb6zq4ofNo5h9KBk1fO.y', TRUE, 95400, '34.B', 'Avenida Madero', 'Colonia Centro', 2, FALSE, 'a8d7edfd-c40a-4b07-aa59-186c3ff89d7d', '56824af5-1ecf-4479-a02e-dde3208af5c9');
INSERT INTO user(userID, curp, rfc, birthName, surname, mail, passwd, passwdFlag, zipCode, houseNumber, streetName, colony, workModality, workStatus, userRoleIDFK, countryUserIDFK) VALUES('b16a481a-627b-476f-b65f-2bbea9eb9875', 'JIFD0518MMCKHH92', 'JIFD0518MMT0', 'David', 'Jiménez Fernández', 'ircrxspf@nuclea.solutions', '$2b$12$c.Zj5/1PciYqJbFcH3VxKOLhAbozT4Zcvb6zq4ofNo5h9KBk1fO.y', FALSE, 62488, '568.A', 'Calle de la Paz', 'Colonia San José', 2, TRUE, 'a8d7edfd-c40a-4b07-aa59-186c3ff89d7d', '56824af5-1ecf-4479-a02e-dde3208af5c9');
INSERT INTO user(userID, curp, rfc, birthName, surname, mail, passwd, passwdFlag, zipCode, houseNumber, streetName, colony, workModality, workStatus, userRoleIDFK, countryUserIDFK) VALUES('2eeca58a-2f77-4323-830d-83f735fe8592', 'MARF3820MOCTIP11', 'MARF3820MOH6', 'Francisco', 'Martínez Ruiz', 'ecyklaqsweao@gmail.com', '$2b$12$c.Zj5/1PciYqJbFcH3VxKOLhAbozT4Zcvb6zq4ofNo5h9KBk1fO.y', FALSE, 96436, '907.A', 'Avenida de la Solidaridad', 'Colonia Centro', 2, FALSE, 'a8d7edfd-c40a-4b07-aa59-186c3ff89d7d', '61e3c625-edc1-4c18-9b44-845a3c21d793');
INSERT INTO user(userID, curp, rfc, birthName, surname, mail, passwd, passwdFlag, zipCode, houseNumber, streetName, colony, workModality, workStatus, userRoleIDFK, countryUserIDFK) VALUES('01d6f634-0771-4dac-9c01-954bd5e4e152', 'HEMM0029MNLJTU49', 'HEMM0029MNL8', 'María', 'Hernández Martínez', 'djprmsbgjfb@outlook.com', '$2b$12$c.Zj5/1PciYqJbFcH3VxKOLhAbozT4Zcvb6zq4ofNo5h9KBk1fO.y', TRUE, 45401, '15.C', 'Avenida Madero', 'Colonia Santa Rosa', 1, TRUE, '4eb62adb-55ed-4dfd-8320-5e1041e5e031', '56824af5-1ecf-4479-a02e-dde3208af5c9');
INSERT INTO user(userID, curp, rfc, birthName, surname, mail, passwd, passwdFlag, zipCode, houseNumber, streetName, colony, workModality, workStatus, userRoleIDFK, countryUserIDFK) VALUES('25429c7a-8f80-4f6f-84b0-7ff44f1287aa', 'RUTE471MCMYJV46', 'RUTE471MCMX8', 'Elena', 'Ruiz Torres', 'jwekbjnmywdvt@nuclea.solutions', '$2b$12$c.Zj5/1PciYqJbFcH3VxKOLhAbozT4Zcvb6zq4ofNo5h9KBk1fO.y', FALSE, 47052, '84.A', 'Calle de la Estación', 'Colonia Santa Rosa', 2, TRUE, '3e5ee5cc-9f9c-456f-9a51-ca64c3f2ad12', '56824af5-1ecf-4479-a02e-dde3208af5c9');
INSERT INTO user(userID, curp, rfc, birthName, surname, mail, passwd, passwdFlag, zipCode, houseNumber, streetName, colony, workModality, workStatus, userRoleIDFK, countryUserIDFK) VALUES('0e879bca-3577-4663-88f1-a29f560b8973', 'HEHC2413HQTHJE94', 'HEHC2413HQV7', 'Carlos', 'Hernández Hernández', 'wsteexle@gmail.com', '$2b$12$c.Zj5/1PciYqJbFcH3VxKOLhAbozT4Zcvb6zq4ofNo5h9KBk1fO.y', TRUE, 91307, '772.A', 'Avenida de la Juventud', 'Colonia El Cerrito', 2, FALSE, 'a8d7edfd-c40a-4b07-aa59-186c3ff89d7d', 'cccb28ba-8d54-42a8-9956-02d577d9681a');
INSERT INTO user(userID, curp, rfc, birthName, surname, mail, passwd, passwdFlag, zipCode, houseNumber, streetName, colony, workModality, workStatus, userRoleIDFK, countryUserIDFK) VALUES('c1d3f3d6-12b0-4dbd-bc5d-8fb2b29dfc10', 'RUHP066MCMTUD89', 'RUHP066MCML3', 'Pedro', 'Ruiz Hernández', 'oydamdhsxx@gmail.com', '$2b$12$c.Zj5/1PciYqJbFcH3VxKOLhAbozT4Zcvb6zq4ofNo5h9KBk1fO.y', TRUE, 34644, '71.A', 'Avenida de la Independencia', 'Colonia Reforma', 2, FALSE, '4eb62adb-55ed-4dfd-8320-5e1041e5e031', 'a32188c2-f0ed-4b10-9b18-f43ca2e90503');
INSERT INTO user(userID, curp, rfc, birthName, surname, mail, passwd, passwdFlag, zipCode, houseNumber, streetName, colony, workModality, workStatus, userRoleIDFK, countryUserIDFK) VALUES('06460a70-c067-4491-b385-99cc08e6e0f2', 'ROFC225MCLGYN19', 'ROFC225MCLV8', 'Carlos', 'Rodríguez Fernández', 'fliokpxtc@nuclea.solutions', '$2b$12$c.Zj5/1PciYqJbFcH3VxKOLhAbozT4Zcvb6zq4ofNo5h9KBk1fO.y', TRUE, 13049, '954.C', 'Calle de la Amistad', 'Colonia del Sol', 2, TRUE, '3e5ee5cc-9f9c-456f-9a51-ca64c3f2ad12', '56824af5-1ecf-4479-a02e-dde3208af5c9');
INSERT INTO user(userID, curp, rfc, birthName, surname, mail, passwd, passwdFlag, zipCode, houseNumber, streetName, colony, workModality, workStatus, userRoleIDFK, countryUserIDFK) VALUES('f8df6f96-7e20-481e-baef-73d526b9e301', 'RUTM0012MMCQFM60', 'RUTM0012MME6', 'María', 'Ruiz Torres', 'prcyqxidlmmaa@nuclea.solutions', '$2b$12$c.Zj5/1PciYqJbFcH3VxKOLhAbozT4Zcvb6zq4ofNo5h9KBk1fO.y', TRUE, 43179, '525.A', 'Calle de la Virgen', 'Colonia San José', 1, FALSE, '3e5ee5cc-9f9c-456f-9a51-ca64c3f2ad12', '56824af5-1ecf-4479-a02e-dde3208af5c9');
INSERT INTO user(userID, curp, rfc, birthName, surname, mail, passwd, passwdFlag, zipCode, houseNumber, streetName, colony, workModality, workStatus, userRoleIDFK, countryUserIDFK) VALUES('3026d48c-98d3-4b0b-936c-8d66a76a5928', 'JIMJ4211MVZDTQ38', 'JIMJ4211MVN7', 'José', 'Jiménez Moreno', 'cwbjxjprhp@outlook.com', '$2b$12$c.Zj5/1PciYqJbFcH3VxKOLhAbozT4Zcvb6zq4ofNo5h9KBk1fO.y', FALSE, 75025, '923.B', 'Calle del Sol', 'Colonia El Campanario', 1, TRUE, '3e5ee5cc-9f9c-456f-9a51-ca64c3f2ad12', 'cccb28ba-8d54-42a8-9956-02d577d9681a');
INSERT INTO user(userID, curp, rfc, birthName, surname, mail, passwd, passwdFlag, zipCode, houseNumber, streetName, colony, workModality, workStatus, userRoleIDFK, countryUserIDFK) VALUES('6366f21e-d9e5-40b7-b00b-27103de053eb', 'MOJE3428MGTQGE48', 'MOJE3428MGF2', 'Enrique', 'Moreno Jiménez', 'xyagegeged@gmail.com', '$2b$12$c.Zj5/1PciYqJbFcH3VxKOLhAbozT4Zcvb6zq4ofNo5h9KBk1fO.y', FALSE, 70899, '816.C', 'Calle Juárez', 'Colonia Santa Rosa', 1, TRUE, '3e5ee5cc-9f9c-456f-9a51-ca64c3f2ad12', 'cccb28ba-8d54-42a8-9956-02d577d9681a');
INSERT INTO user(userID, curp, rfc, birthName, surname, mail, passwd, passwdFlag, zipCode, houseNumber, streetName, colony, workModality, workStatus, userRoleIDFK, countryUserIDFK) VALUES('48924b63-ca02-4612-b7c8-add681a1d4a4', 'MOJA1415MTLYGL51', 'MOJA1415MTC0', 'Ana', 'Moreno Jiménez', 'oqfrbhxomxm@yahoo.com', '$2b$12$c.Zj5/1PciYqJbFcH3VxKOLhAbozT4Zcvb6zq4ofNo5h9KBk1fO.y', FALSE, 43378, '955.B', 'Avenida de los Insurgentes', 'Colonia Las Águilas', 1, FALSE, '4eb62adb-55ed-4dfd-8320-5e1041e5e031', '56824af5-1ecf-4479-a02e-dde3208af5c9');
INSERT INTO user(userID, curp, rfc, birthName, surname, mail, passwd, passwdFlag, zipCode, houseNumber, streetName, colony, workModality, workStatus, userRoleIDFK, countryUserIDFK) VALUES('1206d361-21e9-42de-93a6-cc25e57d4ca8', 'HEHL3911MMNRWP53', 'HEHL3911MMK6', 'Lucía', 'Hernández Hernández', 'bhmvdexf@yahoo.com', '$2b$12$c.Zj5/1PciYqJbFcH3VxKOLhAbozT4Zcvb6zq4ofNo5h9KBk1fO.y', FALSE, 76331, '367.B', 'Calle Juárez', 'Colonia San Francisco', 1, FALSE, 'a8d7edfd-c40a-4b07-aa59-186c3ff89d7d', '56824af5-1ecf-4479-a02e-dde3208af5c9');
INSERT INTO user(userID, curp, rfc, birthName, surname, mail, passwd, passwdFlag, zipCode, houseNumber, streetName, colony, workModality, workStatus, userRoleIDFK, countryUserIDFK) VALUES('84c7a957-9923-4f50-9b93-b03957657746', 'TOTA180HSLTLO89', 'TOTA180HSLY6', 'Ana', 'Torres Torres', 'lglsmta@yahoo.com', '$2b$12$c.Zj5/1PciYqJbFcH3VxKOLhAbozT4Zcvb6zq4ofNo5h9KBk1fO.y', FALSE, 60047, '154.A', 'Calle de la Santa Cruz', 'Colonia El Mirador', 0, FALSE, '3e5ee5cc-9f9c-456f-9a51-ca64c3f2ad12', 'cccb28ba-8d54-42a8-9956-02d577d9681a');
INSERT INTO user(userID, curp, rfc, birthName, surname, mail, passwd, passwdFlag, zipCode, houseNumber, streetName, colony, workModality, workStatus, userRoleIDFK, countryUserIDFK) VALUES('ed616b64-690e-4a91-836a-47ad9f10e755', 'RUJA31023HCLMXF96', 'RUJA31023HM7', 'Alberto', 'Ruiz Jiménez', 'vptnudqboedf@nuclea.solutions', '$2b$12$c.Zj5/1PciYqJbFcH3VxKOLhAbozT4Zcvb6zq4ofNo5h9KBk1fO.y', TRUE, 15657, '12.B', 'Avenida de la Luz', 'Colonia Santa Fe', 2, FALSE, '4eb62adb-55ed-4dfd-8320-5e1041e5e031', 'a32188c2-f0ed-4b10-9b18-f43ca2e90503');
INSERT INTO user(userID, curp, rfc, birthName, surname, mail, passwd, passwdFlag, zipCode, houseNumber, streetName, colony, workModality, workStatus, userRoleIDFK, countryUserIDFK) VALUES('c42bda56-17c2-4814-910f-7f19cba65ee8', 'GOTM118HCMTII11', 'GOTM118HCMH0', 'María', 'González Torres', 'yuvsgeaqbak@outlook.com', '$2b$12$c.Zj5/1PciYqJbFcH3VxKOLhAbozT4Zcvb6zq4ofNo5h9KBk1fO.y', FALSE, 91777, '743.A', 'Calle de la Amistad', 'Colonia Lomas de Querétaro', 2, FALSE, '3e5ee5cc-9f9c-456f-9a51-ca64c3f2ad12', 'cccb28ba-8d54-42a8-9956-02d577d9681a');
INSERT INTO user(userID, curp, rfc, birthName, surname, mail, passwd, passwdFlag, zipCode, houseNumber, streetName, colony, workModality, workStatus, userRoleIDFK, countryUserIDFK) VALUES('e555916c-f77b-4cab-8a49-7a7ef388de9b', 'MORJ31026MTCRCL40', 'MORJ31026MB8', 'Javier', 'Moreno Rodríguez', 'pcoawwtss@gmail.com', '$2b$12$c.Zj5/1PciYqJbFcH3VxKOLhAbozT4Zcvb6zq4ofNo5h9KBk1fO.y', FALSE, 66834, '288.B', 'Calle Benito Juárez', 'Colonia Reforma', 1, FALSE, '3e5ee5cc-9f9c-456f-9a51-ca64c3f2ad12', '61e3c625-edc1-4c18-9b44-845a3c21d793');
INSERT INTO user(userID, curp, rfc, birthName, surname, mail, passwd, passwdFlag, zipCode, houseNumber, streetName, colony, workModality, workStatus, userRoleIDFK, countryUserIDFK) VALUES('0b10ca46-64b3-4133-85d7-5990d0321a32', 'MOMP148HCMPKE25', 'MOMP148HCMF1', 'Patricia', 'Moreno Martínez', 'xkqagdgptumag@nuclea.solutions', '$2b$12$c.Zj5/1PciYqJbFcH3VxKOLhAbozT4Zcvb6zq4ofNo5h9KBk1fO.y', FALSE, 66848, '547.C', 'Calle del Carmen', 'Colonia Santa Fe', 2, FALSE, '4eb62adb-55ed-4dfd-8320-5e1041e5e031', 'a32188c2-f0ed-4b10-9b18-f43ca2e90503');
INSERT INTO user(userID, curp, rfc, birthName, surname, mail, passwd, passwdFlag, zipCode, houseNumber, streetName, colony, workModality, workStatus, userRoleIDFK, countryUserIDFK) VALUES('9c901d70-6e52-4711-9ed7-443b6a924a0e', 'TORA2108HZSTJL62', 'TORA2108HZJ1', 'Antonio', 'Torres Rodríguez', 'qxhqrse@nuclea.solutions', '$2b$12$c.Zj5/1PciYqJbFcH3VxKOLhAbozT4Zcvb6zq4ofNo5h9KBk1fO.y', FALSE, 29427, '202.C', 'Calle Juárez', 'Colonia del Sol', 2, FALSE, 'a8d7edfd-c40a-4b07-aa59-186c3ff89d7d', '56824af5-1ecf-4479-a02e-dde3208af5c9');
INSERT INTO user(userID, curp, rfc, birthName, surname, mail, passwd, passwdFlag, zipCode, houseNumber, streetName, colony, workModality, workStatus, userRoleIDFK, countryUserIDFK) VALUES('d908fe26-6993-46a6-b413-8c67a848112f', 'MAMA449HSLJLD37', 'MAMA449HSLB8', 'Antonio', 'Martínez Martínez', 'ldpwfqgvdogd@nuclea.solutions', '$2b$12$c.Zj5/1PciYqJbFcH3VxKOLhAbozT4Zcvb6zq4ofNo5h9KBk1fO.y', FALSE, 99493, '692.A', 'Calle del Sol', 'Colonia San José', 1, FALSE, '4eb62adb-55ed-4dfd-8320-5e1041e5e031', 'a32188c2-f0ed-4b10-9b18-f43ca2e90503');
INSERT INTO user(userID, curp, rfc, birthName, surname, mail, passwd, passwdFlag, zipCode, houseNumber, streetName, colony, workModality, workStatus, userRoleIDFK, countryUserIDFK) VALUES('681e6f75-e603-4bbf-8795-dc4fe364921c', 'GOJA3119MSLKOG31', 'GOJA3119MSV1', 'Alberto', 'González Jiménez', 'rikaukjrit@nuclea.solutions', '$2b$12$c.Zj5/1PciYqJbFcH3VxKOLhAbozT4Zcvb6zq4ofNo5h9KBk1fO.y', FALSE, 27400, '681.A', 'Avenida de los Insurgentes', 'Colonia Los Ángeles', 1, TRUE, '4eb62adb-55ed-4dfd-8320-5e1041e5e031', 'a32188c2-f0ed-4b10-9b18-f43ca2e90503');
INSERT INTO user(userID, curp, rfc, birthName, surname, mail, passwd, passwdFlag, zipCode, houseNumber, streetName, colony, workModality, workStatus, userRoleIDFK, countryUserIDFK) VALUES('d71fef5c-8fbb-47b7-aa55-34b22d11e3eb', 'JIFF3109MSRBGG62', 'JIFF3109MSP0', 'Francisco', 'Jiménez Fernández', 'arkpxanpkjy@gmail.com', '$2b$12$c.Zj5/1PciYqJbFcH3VxKOLhAbozT4Zcvb6zq4ofNo5h9KBk1fO.y', TRUE, 19482, '27.C', 'Avenida de la Independencia', 'Colonia El Laurel', 1, TRUE, 'a8d7edfd-c40a-4b07-aa59-186c3ff89d7d', '56824af5-1ecf-4479-a02e-dde3208af5c9');
INSERT INTO user(userID, curp, rfc, birthName, surname, mail, passwd, passwdFlag, zipCode, houseNumber, streetName, colony, workModality, workStatus, userRoleIDFK, countryUserIDFK) VALUES('b2ee742d-34d7-42ce-ae2a-9616e64af49c', 'HERC3821HBSNCQ85', 'HERC3821HBG6', 'Carlos', 'Hernández Ruiz', 'yvnsjrjo@yahoo.com', '$2b$12$c.Zj5/1PciYqJbFcH3VxKOLhAbozT4Zcvb6zq4ofNo5h9KBk1fO.y', FALSE, 31799, '435.A', 'Calle de la Reforma', 'Colonia Valle Verde', 0, TRUE, '4eb62adb-55ed-4dfd-8320-5e1041e5e031', 'a32188c2-f0ed-4b10-9b18-f43ca2e90503');
INSERT INTO user(userID, curp, rfc, birthName, surname, mail, passwd, passwdFlag, zipCode, houseNumber, streetName, colony, workModality, workStatus, userRoleIDFK, countryUserIDFK) VALUES('8f770c89-aea2-43c0-a082-96ec1506346d', 'HEFM4910MBCSUY14', 'HEFM4910MBV8', 'María', 'Hernández Fernández', 'xhuhkbcejs@yahoo.com', '$2b$12$c.Zj5/1PciYqJbFcH3VxKOLhAbozT4Zcvb6zq4ofNo5h9KBk1fO.y', FALSE, 62602, '166.C', 'Calle Vicente Guerrero', 'Colonia El Cerrito', 2, FALSE, 'a8d7edfd-c40a-4b07-aa59-186c3ff89d7d', 'a32188c2-f0ed-4b10-9b18-f43ca2e90503');
INSERT INTO user(userID, curp, rfc, birthName, surname, mail, passwd, passwdFlag, zipCode, houseNumber, streetName, colony, workModality, workStatus, userRoleIDFK, countryUserIDFK) VALUES('cb96ae55-047c-45f0-ab3c-d67345c9d927', 'TOGM1108MBSWTK64', 'TOGM1108MBJ4', 'María', 'Torres González', 'bwvvsnsipi@nuclea.solutions', '$2b$12$c.Zj5/1PciYqJbFcH3VxKOLhAbozT4Zcvb6zq4ofNo5h9KBk1fO.y', TRUE, 36426, '888.A', 'Calle Hidalgo', 'Colonia El Mirador', 2, FALSE, '3e5ee5cc-9f9c-456f-9a51-ca64c3f2ad12', 'a32188c2-f0ed-4b10-9b18-f43ca2e90503');
INSERT INTO user(userID, curp, rfc, birthName, surname, mail, passwd, passwdFlag, zipCode, houseNumber, streetName, colony, workModality, workStatus, userRoleIDFK, countryUserIDFK) VALUES('cc8d3838-6b7b-4a27-a7c6-027f01063001', 'RORJ1913HPLYAB66', 'RORJ1913HPU7', 'Juan', 'Rodríguez Ruiz', 'yhuqrumervhl@gmail.com', '$2b$12$c.Zj5/1PciYqJbFcH3VxKOLhAbozT4Zcvb6zq4ofNo5h9KBk1fO.y', TRUE, 58632, '899.C', 'Calle Benito Juárez', 'Colonia Jardines de Querétaro', 1, TRUE, '4eb62adb-55ed-4dfd-8320-5e1041e5e031', 'a32188c2-f0ed-4b10-9b18-f43ca2e90503');
INSERT INTO user(userID, curp, rfc, birthName, surname, mail, passwd, passwdFlag, zipCode, houseNumber, streetName, colony, workModality, workStatus, userRoleIDFK, countryUserIDFK) VALUES('a2cd9ed8-d7fb-4ee2-9e74-ee6829e020d1', 'MOFA2221HCLONI99', 'MOFA2221HCJ2', 'Ana', 'Moreno Fernández', 'knauakyv@outlook.com', '$2b$12$c.Zj5/1PciYqJbFcH3VxKOLhAbozT4Zcvb6zq4ofNo5h9KBk1fO.y', TRUE, 87414, '635.A', 'Avenida de los Insurgentes', 'Colonia Nuevo Milenio', 1, TRUE, '3e5ee5cc-9f9c-456f-9a51-ca64c3f2ad12', 'cccb28ba-8d54-42a8-9956-02d577d9681a');
INSERT INTO user(userID, curp, rfc, birthName, surname, mail, passwd, passwdFlag, zipCode, houseNumber, streetName, colony, workModality, workStatus, userRoleIDFK, countryUserIDFK) VALUES('482a8d61-54b3-435f-bab6-9a8ee33e9c38', 'FEME073MCSIOE22', 'FEME073MCSH9', 'Enrique', 'Fernández Moreno', 'uiofwuxmeuq@nuclea.solutions', '$2b$12$c.Zj5/1PciYqJbFcH3VxKOLhAbozT4Zcvb6zq4ofNo5h9KBk1fO.y', FALSE, 23538, '387.C', 'Calle Juárez', 'Colonia Nuevo Milenio', 1, FALSE, '3e5ee5cc-9f9c-456f-9a51-ca64c3f2ad12', 'cccb28ba-8d54-42a8-9956-02d577d9681a');
INSERT INTO user(userID, curp, rfc, birthName, surname, mail, passwd, passwdFlag, zipCode, houseNumber, streetName, colony, workModality, workStatus, userRoleIDFK, countryUserIDFK) VALUES('a01d35b0-a12a-4811-b13d-26ebc6302c9e', 'FEGP373MGRQGQ55', 'FEGP373MGRB4', 'Pedro', 'Fernández González', 'wacxguoingt@outlook.com', '$2b$12$c.Zj5/1PciYqJbFcH3VxKOLhAbozT4Zcvb6zq4ofNo5h9KBk1fO.y', FALSE, 43171, '388.A', 'Calle de la Virgen', 'Colonia Las Águilas', 1, FALSE, '3e5ee5cc-9f9c-456f-9a51-ca64c3f2ad12', 'a32188c2-f0ed-4b10-9b18-f43ca2e90503');
INSERT INTO user(userID, curp, rfc, birthName, surname, mail, passwd, passwdFlag, zipCode, houseNumber, streetName, colony, workModality, workStatus, userRoleIDFK, countryUserIDFK) VALUES('0605f51c-cf58-43c6-9969-0990e982220c', 'ROGJ449MJCKFJ24', 'ROGJ449MJCN5', 'Juan', 'Rodríguez González', 'xcadlnyienl@outlook.com', '$2b$12$c.Zj5/1PciYqJbFcH3VxKOLhAbozT4Zcvb6zq4ofNo5h9KBk1fO.y', TRUE, 65242, '420.A', 'Calle Juárez', 'Colonia El Cerrito', 0, FALSE, '3e5ee5cc-9f9c-456f-9a51-ca64c3f2ad12', 'a32188c2-f0ed-4b10-9b18-f43ca2e90503');
INSERT INTO user(userID, curp, rfc, birthName, surname, mail, passwd, passwdFlag, zipCode, houseNumber, streetName, colony, workModality, workStatus, userRoleIDFK, countryUserIDFK) VALUES('9044fb3a-0d0d-47f8-abaa-371bdcadb8f9', 'MAHF0129HTLVCY48', 'MAHF0129HTG8', 'Fernando', 'Martínez Hernández', 'verkxrrpl@outlook.com', '$2b$12$c.Zj5/1PciYqJbFcH3VxKOLhAbozT4Zcvb6zq4ofNo5h9KBk1fO.y', FALSE, 36203, '573.A', 'Avenida de la Libertad', 'Colonia San Francisco', 2, FALSE, 'a8d7edfd-c40a-4b07-aa59-186c3ff89d7d', '61e3c625-edc1-4c18-9b44-845a3c21d793');
INSERT INTO user(userID, curp, rfc, birthName, surname, mail, passwd, passwdFlag, zipCode, houseNumber, streetName, colony, workModality, workStatus, userRoleIDFK, countryUserIDFK) VALUES('d6c07c75-5235-4dde-bbba-a21152183f3b', 'RUJL1121MSLWON71', 'RUJL1121MSY7', 'Lucía', 'Ruiz Jiménez', 'tnejdjhnkpti@yahoo.com', '$2b$12$c.Zj5/1PciYqJbFcH3VxKOLhAbozT4Zcvb6zq4ofNo5h9KBk1fO.y', FALSE, 43711, '320.C', 'Calle Vicente Guerrero', 'Colonia Centro', 1, TRUE, '3e5ee5cc-9f9c-456f-9a51-ca64c3f2ad12', '56824af5-1ecf-4479-a02e-dde3208af5c9');
INSERT INTO user(userID, curp, rfc, birthName, surname, mail, passwd, passwdFlag, zipCode, houseNumber, streetName, colony, workModality, workStatus, userRoleIDFK, countryUserIDFK) VALUES('6a3ed44f-b12f-4360-83ee-b32bb39bd61d', 'HEJI0621MMNKTP26', 'HEJI0621MMB8', 'Isabel', 'Hernández Jiménez', 'pdtvttdl@yahoo.com', '$2b$12$c.Zj5/1PciYqJbFcH3VxKOLhAbozT4Zcvb6zq4ofNo5h9KBk1fO.y', TRUE, 56916, '274.C', 'Avenida de la Juventud', 'Colonia Lomas de Querétaro', 2, TRUE, '4eb62adb-55ed-4dfd-8320-5e1041e5e031', '56824af5-1ecf-4479-a02e-dde3208af5c9');
INSERT INTO user(userID, curp, rfc, birthName, surname, mail, passwd, passwdFlag, zipCode, houseNumber, streetName, colony, workModality, workStatus, userRoleIDFK, countryUserIDFK) VALUES('142a14b4-02fe-46c5-9366-9f534982d48a', 'MAHF2621MPLWKY76', 'MAHF2621MPE5', 'Fernando', 'Martínez Hernández', 'esdwpkoivr@gmail.com', '$2b$12$c.Zj5/1PciYqJbFcH3VxKOLhAbozT4Zcvb6zq4ofNo5h9KBk1fO.y', TRUE, 39209, '684.B', 'Calle de la Paz', 'Colonia del Sol', 2, FALSE, 'a8d7edfd-c40a-4b07-aa59-186c3ff89d7d', 'cccb28ba-8d54-42a8-9956-02d577d9681a');
INSERT INTO user(userID, curp, rfc, birthName, surname, mail, passwd, passwdFlag, zipCode, houseNumber, streetName, colony, workModality, workStatus, userRoleIDFK, countryUserIDFK) VALUES('810f0d53-4747-4f68-a760-f9c1a4a10397', 'GORA2216MASHPC23', 'GORA2216MAT2', 'Alberto', 'González Ruiz', 'jncmiehfexlpu@nuclea.solutions', '$2b$12$c.Zj5/1PciYqJbFcH3VxKOLhAbozT4Zcvb6zq4ofNo5h9KBk1fO.y', FALSE, 46248, '575.B', 'Avenida Revolución', 'Colonia Centro', 2, FALSE, 'a8d7edfd-c40a-4b07-aa59-186c3ff89d7d', 'cccb28ba-8d54-42a8-9956-02d577d9681a');
INSERT INTO user(userID, curp, rfc, birthName, surname, mail, passwd, passwdFlag, zipCode, houseNumber, streetName, colony, workModality, workStatus, userRoleIDFK, countryUserIDFK) VALUES('b6e23aeb-1909-4bc6-bb4d-c8b03afd6472', 'RUTR0512MCHJMW40', 'RUTR0512MCC5', 'Rafael', 'Ruiz Torres', 'jowbeduugy@nuclea.solutions', '$2b$12$c.Zj5/1PciYqJbFcH3VxKOLhAbozT4Zcvb6zq4ofNo5h9KBk1fO.y', FALSE, 89375, '101.B', 'Calle Zaragoza', 'Colonia Lomas de Querétaro', 1, FALSE, '3e5ee5cc-9f9c-456f-9a51-ca64c3f2ad12', 'cccb28ba-8d54-42a8-9956-02d577d9681a');
INSERT INTO user(userID, curp, rfc, birthName, surname, mail, passwd, passwdFlag, zipCode, houseNumber, streetName, colony, workModality, workStatus, userRoleIDFK, countryUserIDFK) VALUES('608b1715-76cd-48c5-b54e-62e972f13200', 'ROHF463MCHAYH84', 'ROHF463MCHI8', 'Fernando', 'Rodríguez Hernández', 'fojhpqotwdnr@nuclea.solutions', '$2b$12$c.Zj5/1PciYqJbFcH3VxKOLhAbozT4Zcvb6zq4ofNo5h9KBk1fO.y', FALSE, 29142, '619.C', 'Calle de la Paz', 'Colonia Santa Fe', 0, TRUE, 'a8d7edfd-c40a-4b07-aa59-186c3ff89d7d', 'cccb28ba-8d54-42a8-9956-02d577d9681a');
INSERT INTO user(userID, curp, rfc, birthName, surname, mail, passwd, passwdFlag, zipCode, houseNumber, streetName, colony, workModality, workStatus, userRoleIDFK, countryUserIDFK) VALUES('ca6dd6ac-a0ff-44e0-9bd0-3b2bcb7bbc67', 'MORP084MTCUJR75', 'MORP084MTCQ6', 'Patricia', 'Moreno Ruiz', 'ivdcyhrxdtn@yahoo.com', '$2b$12$c.Zj5/1PciYqJbFcH3VxKOLhAbozT4Zcvb6zq4ofNo5h9KBk1fO.y', TRUE, 68656, '609.B', 'Calle de la Merced', 'Colonia del Sol', 0, TRUE, '3e5ee5cc-9f9c-456f-9a51-ca64c3f2ad12', 'a32188c2-f0ed-4b10-9b18-f43ca2e90503');
INSERT INTO user(userID, curp, rfc, birthName, surname, mail, passwd, passwdFlag, zipCode, houseNumber, streetName, colony, workModality, workStatus, userRoleIDFK, countryUserIDFK) VALUES('3bfd9e5e-bf70-4cfc-bfa2-4610ed1aff35', 'TOGE014HCLQSF68', 'TOGE014HCLE2', 'Elena', 'Torres González', 'mrefaowslw@outlook.com', '$2b$12$c.Zj5/1PciYqJbFcH3VxKOLhAbozT4Zcvb6zq4ofNo5h9KBk1fO.y', TRUE, 57758, '747.C', 'Calle Juárez', 'Colonia Santa Fe', 0, TRUE, 'a8d7edfd-c40a-4b07-aa59-186c3ff89d7d', 'cccb28ba-8d54-42a8-9956-02d577d9681a');
INSERT INTO user(userID, curp, rfc, birthName, surname, mail, passwd, passwdFlag, zipCode, houseNumber, streetName, colony, workModality, workStatus, userRoleIDFK, countryUserIDFK) VALUES('9d59c9cb-dd43-4333-b253-8d81a1b592d7', 'RUJP088HDGQQA19', 'RUJP088HDGO1', 'Pedro', 'Ruiz Jiménez', 'mccoabfdocbyx@yahoo.com', '$2b$12$c.Zj5/1PciYqJbFcH3VxKOLhAbozT4Zcvb6zq4ofNo5h9KBk1fO.y', FALSE, 32900, '362.A', 'Avenida de la Luz', 'Colonia Los Ángeles', 0, TRUE, 'a8d7edfd-c40a-4b07-aa59-186c3ff89d7d', '56824af5-1ecf-4479-a02e-dde3208af5c9');
INSERT INTO user(userID, curp, rfc, birthName, surname, mail, passwd, passwdFlag, zipCode, houseNumber, streetName, colony, workModality, workStatus, userRoleIDFK, countryUserIDFK) VALUES('8f52f6e5-8705-4d5e-8928-0d08a4989d19', 'TOJF2518MBCLUH12', 'TOJF2518MBQ9', 'Francisco', 'Torres Jiménez', 'gfmtavthtl@nuclea.solutions', '$2b$12$c.Zj5/1PciYqJbFcH3VxKOLhAbozT4Zcvb6zq4ofNo5h9KBk1fO.y', TRUE, 80280, '819.C', 'Avenida Revolución', 'Colonia El Campanario', 0, FALSE, '4eb62adb-55ed-4dfd-8320-5e1041e5e031', 'cccb28ba-8d54-42a8-9956-02d577d9681a');
INSERT INTO user(userID, curp, rfc, birthName, surname, mail, passwd, passwdFlag, zipCode, houseNumber, streetName, colony, workModality, workStatus, userRoleIDFK, countryUserIDFK) VALUES('91a6b5c8-8225-4669-b467-0fadaa99b97f', 'ROTA1327HBCUSS47', 'ROTA1327HBX7', 'Alberto', 'Rodríguez Torres', 'puckxjvvibq@outlook.com', '$2b$12$c.Zj5/1PciYqJbFcH3VxKOLhAbozT4Zcvb6zq4ofNo5h9KBk1fO.y', TRUE, 78432, '959.C', 'Avenida de la Solidaridad', 'Colonia San Francisco', 1, TRUE, 'a8d7edfd-c40a-4b07-aa59-186c3ff89d7d', '61e3c625-edc1-4c18-9b44-845a3c21d793');
INSERT INTO user(userID, curp, rfc, birthName, surname, mail, passwd, passwdFlag, zipCode, houseNumber, streetName, colony, workModality, workStatus, userRoleIDFK, countryUserIDFK) VALUES('527d66c8-9f7a-4e1f-ab4c-39a789d77471', 'RUMM2020HCLPRO10', 'RUMM2020HCO1', 'María', 'Ruiz Martínez', 'ayoacbhtsiwp@gmail.com', '$2b$12$c.Zj5/1PciYqJbFcH3VxKOLhAbozT4Zcvb6zq4ofNo5h9KBk1fO.y', FALSE, 44380, '774.A', 'Calle Juárez', 'Colonia Emiliano Zapata', 0, TRUE, '4eb62adb-55ed-4dfd-8320-5e1041e5e031', '56824af5-1ecf-4479-a02e-dde3208af5c9');
INSERT INTO user(userID, curp, rfc, birthName, surname, mail, passwd, passwdFlag, zipCode, houseNumber, streetName, colony, workModality, workStatus, userRoleIDFK, countryUserIDFK) VALUES('f39c1a3c-177f-4d68-9850-edb72b68a9c9', 'MAHR075HTCIFD75', 'MAHR075HTCM3', 'Roberto', 'Martínez Hernández', 'moqsspnvky@nuclea.solutions', '$2b$12$c.Zj5/1PciYqJbFcH3VxKOLhAbozT4Zcvb6zq4ofNo5h9KBk1fO.y', TRUE, 52833, '389.A', 'Calle de la Corregidora', 'Colonia Emiliano Zapata', 1, FALSE, 'a8d7edfd-c40a-4b07-aa59-186c3ff89d7d', 'a32188c2-f0ed-4b10-9b18-f43ca2e90503');
INSERT INTO user(userID, curp, rfc, birthName, surname, mail, passwd, passwdFlag, zipCode, houseNumber, streetName, colony, workModality, workStatus, userRoleIDFK, countryUserIDFK) VALUES('b1cad324-9827-40e8-973f-6b9503c81be0', 'TOJA259MTLCSS27', 'TOJA259MTLM4', 'Adrián', 'Torres Jiménez', 'tkrcugflgl@nuclea.solutions', '$2b$12$c.Zj5/1PciYqJbFcH3VxKOLhAbozT4Zcvb6zq4ofNo5h9KBk1fO.y', TRUE, 45964, '748.A', 'Calle de la Paz', 'Colonia El Campanario', 1, FALSE, 'a8d7edfd-c40a-4b07-aa59-186c3ff89d7d', 'cccb28ba-8d54-42a8-9956-02d577d9681a');
INSERT INTO user(userID, curp, rfc, birthName, surname, mail, passwd, passwdFlag, zipCode, houseNumber, streetName, colony, workModality, workStatus, userRoleIDFK, countryUserIDFK) VALUES('99e71b98-c6f3-4c85-9500-c0f330adf512', 'RUFC200HCMIGD29', 'RUFC200HCMR5', 'Carlos', 'Ruiz Fernández', 'fdpeorbhn@yahoo.com', '$2b$12$c.Zj5/1PciYqJbFcH3VxKOLhAbozT4Zcvb6zq4ofNo5h9KBk1fO.y', TRUE, 85799, '614.A', 'Calle de la Corregidora', 'Colonia Santa Fe', 2, TRUE, 'a8d7edfd-c40a-4b07-aa59-186c3ff89d7d', 'cccb28ba-8d54-42a8-9956-02d577d9681a');
INSERT INTO user(userID, curp, rfc, birthName, surname, mail, passwd, passwdFlag, zipCode, houseNumber, streetName, colony, workModality, workStatus, userRoleIDFK, countryUserIDFK) VALUES('dbe68c0d-e4a6-4e51-abb1-9ee926385837', 'FEMF0424HMCQME27', 'FEMF0424HMH4', 'Fernando', 'Fernández Moreno', 'ecxihbfkfaej@yahoo.com', '$2b$12$c.Zj5/1PciYqJbFcH3VxKOLhAbozT4Zcvb6zq4ofNo5h9KBk1fO.y', FALSE, 10565, '368.B', 'Calle de los Abetos', 'Colonia Morelos', 0, FALSE, 'a8d7edfd-c40a-4b07-aa59-186c3ff89d7d', 'cccb28ba-8d54-42a8-9956-02d577d9681a');
INSERT INTO user(userID, curp, rfc, birthName, surname, mail, passwd, passwdFlag, zipCode, houseNumber, streetName, colony, workModality, workStatus, userRoleIDFK, countryUserIDFK) VALUES('64527e29-506e-4183-ad6d-cd3ef0b3d8be', 'MOJF422MGTMRD71', 'MOJF422MGTB8', 'Fernando', 'Moreno Jiménez', 'foubiwwmxqua@nuclea.solutions', '$2b$12$c.Zj5/1PciYqJbFcH3VxKOLhAbozT4Zcvb6zq4ofNo5h9KBk1fO.y', FALSE, 48918, '235.A', 'Avenida de la Juventud', 'Colonia Santa Rosa', 0, TRUE, '3e5ee5cc-9f9c-456f-9a51-ca64c3f2ad12', '61e3c625-edc1-4c18-9b44-845a3c21d793');
INSERT INTO user(userID, curp, rfc, birthName, surname, mail, passwd, passwdFlag, zipCode, houseNumber, streetName, colony, workModality, workStatus, userRoleIDFK, countryUserIDFK) VALUES('9669e974-67da-40d8-b622-4d712a126778', 'MOTI250HNLJFT68', 'MOTI250HNLY5', 'Isabel', 'Moreno Torres', 'scodviksxmo@outlook.com', '$2b$12$c.Zj5/1PciYqJbFcH3VxKOLhAbozT4Zcvb6zq4ofNo5h9KBk1fO.y', FALSE, 96984, '166.C', 'Calle Juárez', 'Colonia San Francisco', 0, TRUE, '3e5ee5cc-9f9c-456f-9a51-ca64c3f2ad12', 'cccb28ba-8d54-42a8-9956-02d577d9681a');
INSERT INTO user(userID, curp, rfc, birthName, surname, mail, passwd, passwdFlag, zipCode, houseNumber, streetName, colony, workModality, workStatus, userRoleIDFK, countryUserIDFK) VALUES('1e117e79-5560-4601-ba65-b75507703c55', 'RURP41125HPLMYC85', 'RURP41125HY1', 'Pedro', 'Ruiz Rodríguez', 'dhkbhkfh@gmail.com', '$2b$12$c.Zj5/1PciYqJbFcH3VxKOLhAbozT4Zcvb6zq4ofNo5h9KBk1fO.y', TRUE, 34900, '937.C', 'Calle de la Luna', 'Colonia Los Ángeles', 0, TRUE, '3e5ee5cc-9f9c-456f-9a51-ca64c3f2ad12', '61e3c625-edc1-4c18-9b44-845a3c21d793');
INSERT INTO user(userID, curp, rfc, birthName, surname, mail, passwd, passwdFlag, zipCode, houseNumber, streetName, colony, workModality, workStatus, userRoleIDFK, countryUserIDFK) VALUES('c40fe86b-6d6c-4d20-8166-498fb885e521', 'JIGR11023MASHWF90', 'JIGR11023MQ9', 'Rafael', 'Jiménez González', 'xuwlrar@outlook.com', '$2b$12$c.Zj5/1PciYqJbFcH3VxKOLhAbozT4Zcvb6zq4ofNo5h9KBk1fO.y', TRUE, 83107, '729.B', 'Calle de la Corregidora', 'Colonia San Francisco', 2, FALSE, 'a8d7edfd-c40a-4b07-aa59-186c3ff89d7d', '61e3c625-edc1-4c18-9b44-845a3c21d793');
INSERT INTO user(userID, curp, rfc, birthName, surname, mail, passwd, passwdFlag, zipCode, houseNumber, streetName, colony, workModality, workStatus, userRoleIDFK, countryUserIDFK) VALUES('65c95bab-b7bd-4a2b-84c9-1fe82a8294e2', 'GORD01124HCSBLL44', 'GORD01124HH5', 'David', 'González Rodríguez', 'rxqdrfmvv@nuclea.solutions', '$2b$12$c.Zj5/1PciYqJbFcH3VxKOLhAbozT4Zcvb6zq4ofNo5h9KBk1fO.y', FALSE, 59634, '740.A', 'Calle Allende', 'Colonia El Mirador', 2, TRUE, 'a8d7edfd-c40a-4b07-aa59-186c3ff89d7d', '56824af5-1ecf-4479-a02e-dde3208af5c9');
INSERT INTO user(userID, curp, rfc, birthName, surname, mail, passwd, passwdFlag, zipCode, houseNumber, streetName, colony, workModality, workStatus, userRoleIDFK, countryUserIDFK) VALUES('0f428e05-8e72-40bc-8ee1-f8887b54eae5', 'MAHB2114MNLHLV35', 'MAHB2114MNV6', 'Beatriz', 'Martínez Hernández', 'wdqjbihelgjl@nuclea.solutions', '$2b$12$c.Zj5/1PciYqJbFcH3VxKOLhAbozT4Zcvb6zq4ofNo5h9KBk1fO.y', FALSE, 11606, '7.A', 'Calle de los Cedros', 'Colonia El Campanario', 1, FALSE, 'a8d7edfd-c40a-4b07-aa59-186c3ff89d7d', 'cccb28ba-8d54-42a8-9956-02d577d9681a');
INSERT INTO user(userID, curp, rfc, birthName, surname, mail, passwd, passwdFlag, zipCode, houseNumber, streetName, colony, workModality, workStatus, userRoleIDFK, countryUserIDFK) VALUES('8048b924-5526-4a59-9bab-b2fa92af3d3a', 'JIHF282MZSJKH54', 'JIHF282MZSP8', 'Francisco', 'Jiménez Hernández', 'dgsnsavx@outlook.com', '$2b$12$c.Zj5/1PciYqJbFcH3VxKOLhAbozT4Zcvb6zq4ofNo5h9KBk1fO.y', TRUE, 44420, '491.A', 'Calle de la Luna', 'Colonia El Mirador', 2, FALSE, 'a8d7edfd-c40a-4b07-aa59-186c3ff89d7d', '56824af5-1ecf-4479-a02e-dde3208af5c9');
INSERT INTO user(userID, curp, rfc, birthName, surname, mail, passwd, passwdFlag, zipCode, houseNumber, streetName, colony, workModality, workStatus, userRoleIDFK, countryUserIDFK) VALUES('75fc32dd-fd0d-4ec1-b36a-a51a51147c90', 'JIFD4828MCHLSP58', 'JIFD4828MCV2', 'David', 'Jiménez Fernández', 'kycndqmpht@gmail.com', '$2b$12$c.Zj5/1PciYqJbFcH3VxKOLhAbozT4Zcvb6zq4ofNo5h9KBk1fO.y', FALSE, 37994, '909.A', 'Calle de la Corregidora', 'Colonia Las Águilas', 2, TRUE, '4eb62adb-55ed-4dfd-8320-5e1041e5e031', 'a32188c2-f0ed-4b10-9b18-f43ca2e90503');
INSERT INTO user(userID, curp, rfc, birthName, surname, mail, passwd, passwdFlag, zipCode, houseNumber, streetName, colony, workModality, workStatus, userRoleIDFK, countryUserIDFK) VALUES('d33619c8-7103-42c7-bf10-990a4ecbb5c7', 'GOMA2811HCLHQV29', 'GOMA2811HCY3', 'Alberto', 'González Moreno', 'xfdwottujl@outlook.com', '$2b$12$c.Zj5/1PciYqJbFcH3VxKOLhAbozT4Zcvb6zq4ofNo5h9KBk1fO.y', FALSE, 58570, '952.A', 'Calle Juárez', 'Colonia Las Águilas', 0, FALSE, '4eb62adb-55ed-4dfd-8320-5e1041e5e031', 'a32188c2-f0ed-4b10-9b18-f43ca2e90503');
INSERT INTO user(userID, curp, rfc, birthName, surname, mail, passwd, passwdFlag, zipCode, houseNumber, streetName, colony, workModality, workStatus, userRoleIDFK, countryUserIDFK) VALUES('3ef9fb8c-f825-4fbe-a956-841b2b4d69b8', 'HEJF0114MTLVOJ76', 'HEJF0114MTQ9', 'Francisco', 'Hernández Jiménez', 'ousmldijiyhpy@nuclea.solutions', '$2b$12$c.Zj5/1PciYqJbFcH3VxKOLhAbozT4Zcvb6zq4ofNo5h9KBk1fO.y', FALSE, 69951, '310.B', 'Calle Juárez', 'Colonia Centro', 2, FALSE, 'a8d7edfd-c40a-4b07-aa59-186c3ff89d7d', 'a32188c2-f0ed-4b10-9b18-f43ca2e90503');
INSERT INTO user(userID, curp, rfc, birthName, surname, mail, passwd, passwdFlag, zipCode, houseNumber, streetName, colony, workModality, workStatus, userRoleIDFK, countryUserIDFK) VALUES('6c6ad6ad-53b0-4ca5-82d7-b2828c6fbb50', 'JIFA4516MQRHEF43', 'JIFA4516MQM8', 'Antonio', 'Jiménez Fernández', 'dbhicbkvui@outlook.com', '$2b$12$c.Zj5/1PciYqJbFcH3VxKOLhAbozT4Zcvb6zq4ofNo5h9KBk1fO.y', FALSE, 81705, '430.C', 'Avenida de los Insurgentes', 'Colonia Valle Verde', 2, TRUE, 'a8d7edfd-c40a-4b07-aa59-186c3ff89d7d', 'cccb28ba-8d54-42a8-9956-02d577d9681a');
INSERT INTO user(userID, curp, rfc, birthName, surname, mail, passwd, passwdFlag, zipCode, houseNumber, streetName, colony, workModality, workStatus, userRoleIDFK, countryUserIDFK) VALUES('43e12f5a-3d59-4d08-bff0-1aeafc100fea', 'ROHD1925MZSKWE94', 'ROHD1925MZL0', 'David', 'Rodríguez Hernández', 'ugavtcb@outlook.com', '$2b$12$c.Zj5/1PciYqJbFcH3VxKOLhAbozT4Zcvb6zq4ofNo5h9KBk1fO.y', FALSE, 21555, '18.A', 'Calle Benito Juárez', 'Colonia Nuevo Milenio', 0, TRUE, '3e5ee5cc-9f9c-456f-9a51-ca64c3f2ad12', '56824af5-1ecf-4479-a02e-dde3208af5c9');
INSERT INTO user(userID, curp, rfc, birthName, surname, mail, passwd, passwdFlag, zipCode, houseNumber, streetName, colony, workModality, workStatus, userRoleIDFK, countryUserIDFK) VALUES('f9ff5308-857d-47f5-b9eb-2447959e50aa', 'TOFR2723HASFOD46', 'TOFR2723HAF5', 'Rafael', 'Torres Fernández', 'jpedmbkcjo@nuclea.solutions', '$2b$12$c.Zj5/1PciYqJbFcH3VxKOLhAbozT4Zcvb6zq4ofNo5h9KBk1fO.y', TRUE, 65254, '701.B', 'Avenida de la Libertad', 'Colonia Las Águilas', 2, TRUE, 'a8d7edfd-c40a-4b07-aa59-186c3ff89d7d', '61e3c625-edc1-4c18-9b44-845a3c21d793');
INSERT INTO user(userID, curp, rfc, birthName, surname, mail, passwd, passwdFlag, zipCode, houseNumber, streetName, colony, workModality, workStatus, userRoleIDFK, countryUserIDFK) VALUES('493982f9-4a04-41f0-a538-4113d2efd6bf', 'GORE1222MSLOPL21', 'GORE1222MSO3', 'Elena', 'González Rodríguez', 'ywhvvec@nuclea.solutions', '$2b$12$c.Zj5/1PciYqJbFcH3VxKOLhAbozT4Zcvb6zq4ofNo5h9KBk1fO.y', FALSE, 70471, '577.C', 'Avenida de la Solidaridad', 'Colonia Santa Fe', 1, FALSE, 'a8d7edfd-c40a-4b07-aa59-186c3ff89d7d', '61e3c625-edc1-4c18-9b44-845a3c21d793');
INSERT INTO user(userID, curp, rfc, birthName, surname, mail, passwd, passwdFlag, zipCode, houseNumber, streetName, colony, workModality, workStatus, userRoleIDFK, countryUserIDFK) VALUES('65b352cc-fcbf-4439-9bbf-89fb57015a1f', 'GOHM178MYNVMN13', 'GOHM178MYNE0', 'Mercedes', 'González Hernández', 'hurbpdjhyo@yahoo.com', '$2b$12$c.Zj5/1PciYqJbFcH3VxKOLhAbozT4Zcvb6zq4ofNo5h9KBk1fO.y', TRUE, 34446, '639.B', 'Avenida de la Luz', 'Colonia La Pradera', 1, FALSE, '4eb62adb-55ed-4dfd-8320-5e1041e5e031', '61e3c625-edc1-4c18-9b44-845a3c21d793');
INSERT INTO user(userID, curp, rfc, birthName, surname, mail, passwd, passwdFlag, zipCode, houseNumber, streetName, colony, workModality, workStatus, userRoleIDFK, countryUserIDFK) VALUES('376154a5-0bee-4ed4-bcd2-fd68763c5769', 'MOHF4118HASUPD21', 'MOHF4118HAS6', 'Francisco', 'Moreno Hernández', 'isirxabs@nuclea.solutions', '$2b$12$c.Zj5/1PciYqJbFcH3VxKOLhAbozT4Zcvb6zq4ofNo5h9KBk1fO.y', FALSE, 30510, '509.B', 'Calle 5 de Febrero', 'Colonia El Campanario', 1, TRUE, '4eb62adb-55ed-4dfd-8320-5e1041e5e031', '61e3c625-edc1-4c18-9b44-845a3c21d793');
INSERT INTO user(userID, curp, rfc, birthName, surname, mail, passwd, passwdFlag, zipCode, houseNumber, streetName, colony, workModality, workStatus, userRoleIDFK, countryUserIDFK) VALUES('159c52ee-0151-4d2c-95d8-87f7ec8b25be', 'JIRA199MGRSFM55', 'JIRA199MGRE5', 'Antonio', 'Jiménez Ruiz', 'cmehlagafmey@nuclea.solutions', '$2b$12$c.Zj5/1PciYqJbFcH3VxKOLhAbozT4Zcvb6zq4ofNo5h9KBk1fO.y', FALSE, 89377, '668.C', 'Calle de la Reforma', 'Colonia Lomas de Querétaro', 1, TRUE, 'a8d7edfd-c40a-4b07-aa59-186c3ff89d7d', '61e3c625-edc1-4c18-9b44-845a3c21d793');
INSERT INTO user(userID, curp, rfc, birthName, surname, mail, passwd, passwdFlag, zipCode, houseNumber, streetName, colony, workModality, workStatus, userRoleIDFK, countryUserIDFK) VALUES('5ae3ae40-6cd7-4cd1-86b2-a61e0b480964', 'RUML3017HMNPLK15', 'RUML3017HMC4', 'Laura', 'Ruiz Martínez', 'rnadjqkusrckp@outlook.com', '$2b$12$c.Zj5/1PciYqJbFcH3VxKOLhAbozT4Zcvb6zq4ofNo5h9KBk1fO.y', FALSE, 96691, '101.C', 'Calle Juárez', 'Colonia del Sol', 1, FALSE, '3e5ee5cc-9f9c-456f-9a51-ca64c3f2ad12', 'cccb28ba-8d54-42a8-9956-02d577d9681a');
INSERT INTO user(userID, curp, rfc, birthName, surname, mail, passwd, passwdFlag, zipCode, houseNumber, streetName, colony, workModality, workStatus, userRoleIDFK, countryUserIDFK) VALUES('9f1bf6d9-f53e-4371-86b4-c9524b1dcf7c', 'FEMR3720MCHCGP61', 'FEMR3720MCM8', 'Rafael', 'Fernández Moreno', 'msicynnkbhx@nuclea.solutions', '$2b$12$c.Zj5/1PciYqJbFcH3VxKOLhAbozT4Zcvb6zq4ofNo5h9KBk1fO.y', TRUE, 27637, '111.C', 'Avenida de la Libertad', 'Colonia San Francisco', 1, TRUE, '4eb62adb-55ed-4dfd-8320-5e1041e5e031', '56824af5-1ecf-4479-a02e-dde3208af5c9');
INSERT INTO user(userID, curp, rfc, birthName, surname, mail, passwd, passwdFlag, zipCode, houseNumber, streetName, colony, workModality, workStatus, userRoleIDFK, countryUserIDFK) VALUES('8c999a17-1df0-415d-84e8-95c1fb6cf498', 'TORJ1510MNTMBR96', 'TORJ1510MNE3', 'José', 'Torres Ruiz', 'fypfjekhlkhc@yahoo.com', '$2b$12$c.Zj5/1PciYqJbFcH3VxKOLhAbozT4Zcvb6zq4ofNo5h9KBk1fO.y', TRUE, 62547, '927.A', 'Avenida de la Juventud', 'Colonia El Campanario', 0, FALSE, '3e5ee5cc-9f9c-456f-9a51-ca64c3f2ad12', '56824af5-1ecf-4479-a02e-dde3208af5c9');
INSERT INTO user(userID, curp, rfc, birthName, surname, mail, passwd, passwdFlag, zipCode, houseNumber, streetName, colony, workModality, workStatus, userRoleIDFK, countryUserIDFK) VALUES('69f72bc7-aa10-4e01-9188-c2f85db996ca', 'JIRJ246HCSHYI90', 'JIRJ246HCSI7', 'Javier', 'Jiménez Rodríguez', 'ciihqpdjvvkkf@nuclea.solutions', '$2b$12$c.Zj5/1PciYqJbFcH3VxKOLhAbozT4Zcvb6zq4ofNo5h9KBk1fO.y', FALSE, 53115, '606.C', 'Calle de la Corregidora', 'Colonia Las Águilas', 0, FALSE, '3e5ee5cc-9f9c-456f-9a51-ca64c3f2ad12', 'cccb28ba-8d54-42a8-9956-02d577d9681a');
INSERT INTO user(userID, curp, rfc, birthName, surname, mail, passwd, passwdFlag, zipCode, houseNumber, streetName, colony, workModality, workStatus, userRoleIDFK, countryUserIDFK) VALUES('724864df-df2d-4370-9dfd-37defd0e444b', 'ROMA1810HCMBKA55', 'ROMA1810HCE3', 'Alberto', 'Rodríguez Moreno', 'lfkpsyanf@gmail.com', '$2b$12$c.Zj5/1PciYqJbFcH3VxKOLhAbozT4Zcvb6zq4ofNo5h9KBk1fO.y', FALSE, 67209, '64.B', 'Calle del Carmen', 'Colonia Emiliano Zapata', 2, FALSE, '4eb62adb-55ed-4dfd-8320-5e1041e5e031', '61e3c625-edc1-4c18-9b44-845a3c21d793');
INSERT INTO user(userID, curp, rfc, birthName, surname, mail, passwd, passwdFlag, zipCode, houseNumber, streetName, colony, workModality, workStatus, userRoleIDFK, countryUserIDFK) VALUES('9e6f3508-b08b-45db-a4f3-cd46aa52afdd', 'GOHR443MBCINV68', 'GOHR443MBCH2', 'Rafael', 'González Hernández', 'qxbuagxh@outlook.com', '$2b$12$c.Zj5/1PciYqJbFcH3VxKOLhAbozT4Zcvb6zq4ofNo5h9KBk1fO.y', FALSE, 80538, '418.A', 'Calle Benito Juárez', 'Colonia Los Ángeles', 2, TRUE, '3e5ee5cc-9f9c-456f-9a51-ca64c3f2ad12', 'cccb28ba-8d54-42a8-9956-02d577d9681a');
INSERT INTO user(userID, curp, rfc, birthName, surname, mail, passwd, passwdFlag, zipCode, houseNumber, streetName, colony, workModality, workStatus, userRoleIDFK, countryUserIDFK) VALUES('9e00d001-ea63-4e27-a5f9-8a0dd3ac68f3', 'TOGF4229MSLMBX47', 'TOGF4229MSC9', 'Fernando', 'Torres González', 'srqoujkl@nuclea.solutions', '$2b$12$c.Zj5/1PciYqJbFcH3VxKOLhAbozT4Zcvb6zq4ofNo5h9KBk1fO.y', FALSE, 99852, '79.C', 'Calle de los Cedros', 'Colonia del Sol', 0, TRUE, '3e5ee5cc-9f9c-456f-9a51-ca64c3f2ad12', 'cccb28ba-8d54-42a8-9956-02d577d9681a');
INSERT INTO user(userID, curp, rfc, birthName, surname, mail, passwd, passwdFlag, zipCode, houseNumber, streetName, colony, workModality, workStatus, userRoleIDFK, countryUserIDFK) VALUES('16470a70-0d53-43f5-913c-d0c6ab5ce773', 'MOGM042HSLATO85', 'MOGM042HSLY9', 'Mercedes', 'Moreno González', 'lirhfcaxmtpb@outlook.com', '$2b$12$c.Zj5/1PciYqJbFcH3VxKOLhAbozT4Zcvb6zq4ofNo5h9KBk1fO.y', FALSE, 30457, '441.A', 'Calle de la Reforma', 'Colonia Lomas de Querétaro', 1, TRUE, 'a8d7edfd-c40a-4b07-aa59-186c3ff89d7d', '56824af5-1ecf-4479-a02e-dde3208af5c9');
INSERT INTO user(userID, curp, rfc, birthName, surname, mail, passwd, passwdFlag, zipCode, houseNumber, streetName, colony, workModality, workStatus, userRoleIDFK, countryUserIDFK) VALUES('8dcd26cb-0d68-44a9-9010-b61ae1587866', 'FEHR21112MBCTQG15', 'FEHR21112MD3', 'Raquel', 'Fernández Hernández', 'jluatsvobl@yahoo.com', '$2b$12$c.Zj5/1PciYqJbFcH3VxKOLhAbozT4Zcvb6zq4ofNo5h9KBk1fO.y', TRUE, 49392, '978.A', 'Calle de la Luna', 'Colonia El Laurel', 0, FALSE, 'a8d7edfd-c40a-4b07-aa59-186c3ff89d7d', 'a32188c2-f0ed-4b10-9b18-f43ca2e90503');
INSERT INTO user(userID, curp, rfc, birthName, surname, mail, passwd, passwdFlag, zipCode, houseNumber, streetName, colony, workModality, workStatus, userRoleIDFK, countryUserIDFK) VALUES('29b95eab-4c2e-433f-9257-3e99da4ccd7a', 'TOMR306HOCLIQ90', 'TOMR306HOCG5', 'Rafael', 'Torres Martínez', 'tsunjvqvikpxo@gmail.com', '$2b$12$c.Zj5/1PciYqJbFcH3VxKOLhAbozT4Zcvb6zq4ofNo5h9KBk1fO.y', FALSE, 72860, '997.B', 'Calle Hidalgo', 'Colonia Nuevo Milenio', 1, TRUE, '3e5ee5cc-9f9c-456f-9a51-ca64c3f2ad12', 'cccb28ba-8d54-42a8-9956-02d577d9681a');
INSERT INTO user(userID, curp, rfc, birthName, surname, mail, passwd, passwdFlag, zipCode, houseNumber, streetName, colony, workModality, workStatus, userRoleIDFK, countryUserIDFK) VALUES('67d1fb25-1be7-4168-9051-38e7e6a9b65c', 'MOJP3214MQTLMS68', 'MOJP3214MQM5', 'Patricia', 'Moreno Jiménez', 'whfrxdmdpcrva@outlook.com', '$2b$12$c.Zj5/1PciYqJbFcH3VxKOLhAbozT4Zcvb6zq4ofNo5h9KBk1fO.y', FALSE, 44782, '426.A', 'Avenida Revolución', 'Colonia Jardines de Querétaro', 0, FALSE, '4eb62adb-55ed-4dfd-8320-5e1041e5e031', '56824af5-1ecf-4479-a02e-dde3208af5c9');
INSERT INTO user(userID, curp, rfc, birthName, surname, mail, passwd, passwdFlag, zipCode, houseNumber, streetName, colony, workModality, workStatus, userRoleIDFK, countryUserIDFK) VALUES('aecf9bd5-4cdf-467f-bfa7-6ef9997b8bd6', 'ROTL0020HCHYOV94', 'ROTL0020HCH5', 'Lucía', 'Rodríguez Torres', 'xhkoiyh@yahoo.com', '$2b$12$c.Zj5/1PciYqJbFcH3VxKOLhAbozT4Zcvb6zq4ofNo5h9KBk1fO.y', FALSE, 95137, '244.A', 'Calle de la Reforma', 'Colonia Reforma', 0, TRUE, '3e5ee5cc-9f9c-456f-9a51-ca64c3f2ad12', '61e3c625-edc1-4c18-9b44-845a3c21d793');
INSERT INTO user(userID, curp, rfc, birthName, surname, mail, passwd, passwdFlag, zipCode, houseNumber, streetName, colony, workModality, workStatus, userRoleIDFK, countryUserIDFK) VALUES('fff53948-896e-4b63-9acb-50544f8750ca', 'TOTJ0517HMSAMP30', 'TOTJ0517HME9', 'Javier', 'Torres Torres', 'agmmlxcrwdux@outlook.com', '$2b$12$c.Zj5/1PciYqJbFcH3VxKOLhAbozT4Zcvb6zq4ofNo5h9KBk1fO.y', FALSE, 33032, '859.C', 'Avenida Revolución', 'Colonia El Campanario', 0, TRUE, '4eb62adb-55ed-4dfd-8320-5e1041e5e031', 'cccb28ba-8d54-42a8-9956-02d577d9681a');
INSERT INTO user(userID, curp, rfc, birthName, surname, mail, passwd, passwdFlag, zipCode, houseNumber, streetName, colony, workModality, workStatus, userRoleIDFK, countryUserIDFK) VALUES('61174018-65fb-4a70-8375-ba71c8f778a2', 'RUHR2512MSRNHB99', 'RUHR2512MSF0', 'Rafael', 'Ruiz Hernández', 'drxsvqugqyjw@nuclea.solutions', '$2b$12$c.Zj5/1PciYqJbFcH3VxKOLhAbozT4Zcvb6zq4ofNo5h9KBk1fO.y', FALSE, 39559, '683.A', 'Calle de los Abetos', 'Colonia Valle Verde', 2, TRUE, '3e5ee5cc-9f9c-456f-9a51-ca64c3f2ad12', '61e3c625-edc1-4c18-9b44-845a3c21d793');
INSERT INTO user(userID, curp, rfc, birthName, surname, mail, passwd, passwdFlag, zipCode, houseNumber, streetName, colony, workModality, workStatus, userRoleIDFK, countryUserIDFK) VALUES('ffe93340-6e2b-43a8-b08f-d397b0f38265', 'MOHM0120HTLEIC51', 'MOHM0120HTN7', 'Mercedes', 'Moreno Hernández', 'jpkkmrxdk@outlook.com', '$2b$12$c.Zj5/1PciYqJbFcH3VxKOLhAbozT4Zcvb6zq4ofNo5h9KBk1fO.y', FALSE, 96419, '723.C', 'Calle del Carmen', 'Colonia El Cerrito', 2, FALSE, 'a8d7edfd-c40a-4b07-aa59-186c3ff89d7d', 'cccb28ba-8d54-42a8-9956-02d577d9681a');

UPDATE user SET prioritaryDepartmentIDFK = '688ca49d-faaf-4cf1-aec3-16d22ed5c2ea' WHERE userID = 'a717111d-dc92-456d-b465-2550da13be59'; 
UPDATE user SET prioritaryDepartmentIDFK = '11874879-11c6-42bf-b248-82304acffd3e' WHERE userID = 'adfedd86-af39-4db9-adfd-980a94350e27'; 
UPDATE user SET prioritaryDepartmentIDFK = '91a592db-6889-4e88-aeeb-46c37e024dcd' WHERE userID = '9dea9ff8-270e-4f96-8043-1496e4db49c4'; 
UPDATE user SET prioritaryDepartmentIDFK = 'dc241edf-356d-4b2f-b7bf-f725636bbef0' WHERE userID = '4d29e7ac-0dfa-4c96-977f-ab138bc56be7'; 
UPDATE user SET prioritaryDepartmentIDFK = 'bcbe9b04-a7d4-4efb-a50c-5426e8436ec4' WHERE userID = '2ecaa4fa-2202-4cfa-8c52-5dda73a8285c'; 
UPDATE user SET prioritaryDepartmentIDFK = '2b7dfea3-d000-44ad-80c7-58ea2038cce3' WHERE userID = '500b52e8-73d6-4483-835c-ba7a59176dbd'; 
UPDATE user SET prioritaryDepartmentIDFK = '74bd361a-4474-4001-b7df-b3df2985eb7d' WHERE userID = '534ed762-2425-4c4e-9c48-7d7e05117ccc'; 
UPDATE user SET prioritaryDepartmentIDFK = '74bd361a-4474-4001-b7df-b3df2985eb7d' WHERE userID = '89246377-3d90-499b-bdf8-46aa9a3e33a1'; 
UPDATE user SET prioritaryDepartmentIDFK = '974df2ec-dc3d-40df-aa20-bc83b506edd2' WHERE userID = '575681bf-c7bd-456b-9be1-f75dd06da75b'; 
UPDATE user SET prioritaryDepartmentIDFK = '796a1dab-7853-4291-9d7f-93aa6a59e0e2' WHERE userID = 'd3f27c2d-ccfa-447e-bf68-bd37ef165536'; 
UPDATE user SET prioritaryDepartmentIDFK = '61839737-a687-4e86-bcc3-3fb2a84ad20b' WHERE userID = '9d9813b9-3c8c-4b35-bc6a-bf60d80e839d'; 
UPDATE user SET prioritaryDepartmentIDFK = 'dc241edf-356d-4b2f-b7bf-f725636bbef0' WHERE userID = 'a7082f10-a0f9-460c-bdc5-74905722fc05'; 
UPDATE user SET prioritaryDepartmentIDFK = '11874879-11c6-42bf-b248-82304acffd3e' WHERE userID = 'cd7cf005-42c5-437b-aa58-d78cb2a7ed40'; 
UPDATE user SET prioritaryDepartmentIDFK = '2b7dfea3-d000-44ad-80c7-58ea2038cce3' WHERE userID = 'ee5d2043-1ac0-4e64-9141-9ba335e37326'; 
UPDATE user SET prioritaryDepartmentIDFK = 'f4f0615a-34f6-4756-be73-a20cdb6cf56c' WHERE userID = '7848b744-2f1a-4156-97a2-b3f896361bcd'; 
UPDATE user SET prioritaryDepartmentIDFK = 'c3b253dc-51b6-43b4-b0bd-457ed9c06052' WHERE userID = '9b453d8e-a366-4dcf-8d39-9ea186a210d9'; 
UPDATE user SET prioritaryDepartmentIDFK = '796a1dab-7853-4291-9d7f-93aa6a59e0e2' WHERE userID = '2f4d67ac-2f76-49ea-b022-73f4fa303716'; 
UPDATE user SET prioritaryDepartmentIDFK = '74bd361a-4474-4001-b7df-b3df2985eb7d' WHERE userID = '2382f987-f762-459d-825a-87d69a273574'; 
UPDATE user SET prioritaryDepartmentIDFK = '1c92e32d-58e5-4c0a-ad6f-3a773e38b5fe' WHERE userID = 'a16fa827-0f20-4324-b30d-4b2e850f8dca'; 
UPDATE user SET prioritaryDepartmentIDFK = '98d0fff1-b6ec-4be3-9b36-5b996e109805' WHERE userID = '5e57c9c3-41a5-4e3b-8f64-17a15c7712c3'; 
UPDATE user SET prioritaryDepartmentIDFK = 'ea20bf3c-d623-4006-a035-85b9f5e50b20' WHERE userID = '209d2735-503e-44ec-86df-b3d54a366a25'; 
UPDATE user SET prioritaryDepartmentIDFK = '8d5100aa-48e9-491a-9350-ed5901dcef48' WHERE userID = '759256ba-153e-49ce-90fd-02df3e1414c7'; 
UPDATE user SET prioritaryDepartmentIDFK = '1b2adba9-4ac3-47a3-a024-6dbd1592bc89' WHERE userID = 'b16a481a-627b-476f-b65f-2bbea9eb9875'; 
UPDATE user SET prioritaryDepartmentIDFK = '2b7dfea3-d000-44ad-80c7-58ea2038cce3' WHERE userID = '2eeca58a-2f77-4323-830d-83f735fe8592'; 
UPDATE user SET prioritaryDepartmentIDFK = 'f4f0615a-34f6-4756-be73-a20cdb6cf56c' WHERE userID = '01d6f634-0771-4dac-9c01-954bd5e4e152'; 
UPDATE user SET prioritaryDepartmentIDFK = 'ea20bf3c-d623-4006-a035-85b9f5e50b20' WHERE userID = '25429c7a-8f80-4f6f-84b0-7ff44f1287aa'; 
UPDATE user SET prioritaryDepartmentIDFK = '776ad271-199f-4387-a279-59914e1c7be2' WHERE userID = '0e879bca-3577-4663-88f1-a29f560b8973'; 
UPDATE user SET prioritaryDepartmentIDFK = '6309c333-0af8-418a-bf39-74e07141c35b' WHERE userID = 'c1d3f3d6-12b0-4dbd-bc5d-8fb2b29dfc10'; 
UPDATE user SET prioritaryDepartmentIDFK = 'bcbe9b04-a7d4-4efb-a50c-5426e8436ec4' WHERE userID = '06460a70-c067-4491-b385-99cc08e6e0f2'; 
UPDATE user SET prioritaryDepartmentIDFK = '1c92e32d-58e5-4c0a-ad6f-3a773e38b5fe' WHERE userID = 'f8df6f96-7e20-481e-baef-73d526b9e301'; 
UPDATE user SET prioritaryDepartmentIDFK = '470035d6-0310-4f2b-ba8a-b4c72da47499' WHERE userID = '3026d48c-98d3-4b0b-936c-8d66a76a5928'; 
UPDATE user SET prioritaryDepartmentIDFK = '2b7dfea3-d000-44ad-80c7-58ea2038cce3' WHERE userID = '6366f21e-d9e5-40b7-b00b-27103de053eb'; 
UPDATE user SET prioritaryDepartmentIDFK = '1b2adba9-4ac3-47a3-a024-6dbd1592bc89' WHERE userID = '48924b63-ca02-4612-b7c8-add681a1d4a4'; 
UPDATE user SET prioritaryDepartmentIDFK = 'f4f0615a-34f6-4756-be73-a20cdb6cf56c' WHERE userID = '1206d361-21e9-42de-93a6-cc25e57d4ca8'; 
UPDATE user SET prioritaryDepartmentIDFK = '6309c333-0af8-418a-bf39-74e07141c35b' WHERE userID = '84c7a957-9923-4f50-9b93-b03957657746'; 
UPDATE user SET prioritaryDepartmentIDFK = '11874879-11c6-42bf-b248-82304acffd3e' WHERE userID = 'ed616b64-690e-4a91-836a-47ad9f10e755'; 
UPDATE user SET prioritaryDepartmentIDFK = '688ca49d-faaf-4cf1-aec3-16d22ed5c2ea' WHERE userID = 'c42bda56-17c2-4814-910f-7f19cba65ee8'; 
UPDATE user SET prioritaryDepartmentIDFK = '8d5100aa-48e9-491a-9350-ed5901dcef48' WHERE userID = 'e555916c-f77b-4cab-8a49-7a7ef388de9b'; 
UPDATE user SET prioritaryDepartmentIDFK = 'ea20bf3c-d623-4006-a035-85b9f5e50b20' WHERE userID = '0b10ca46-64b3-4133-85d7-5990d0321a32'; 
UPDATE user SET prioritaryDepartmentIDFK = 'bcbe9b04-a7d4-4efb-a50c-5426e8436ec4' WHERE userID = '9c901d70-6e52-4711-9ed7-443b6a924a0e'; 
UPDATE user SET prioritaryDepartmentIDFK = 'ea20bf3c-d623-4006-a035-85b9f5e50b20' WHERE userID = 'd908fe26-6993-46a6-b413-8c67a848112f'; 
UPDATE user SET prioritaryDepartmentIDFK = '974df2ec-dc3d-40df-aa20-bc83b506edd2' WHERE userID = '681e6f75-e603-4bbf-8795-dc4fe364921c'; 
UPDATE user SET prioritaryDepartmentIDFK = '776ad271-199f-4387-a279-59914e1c7be2' WHERE userID = 'd71fef5c-8fbb-47b7-aa55-34b22d11e3eb'; 
UPDATE user SET prioritaryDepartmentIDFK = '688ca49d-faaf-4cf1-aec3-16d22ed5c2ea' WHERE userID = 'b2ee742d-34d7-42ce-ae2a-9616e64af49c'; 
UPDATE user SET prioritaryDepartmentIDFK = '2b7dfea3-d000-44ad-80c7-58ea2038cce3' WHERE userID = '8f770c89-aea2-43c0-a082-96ec1506346d'; 
UPDATE user SET prioritaryDepartmentIDFK = '8d5100aa-48e9-491a-9350-ed5901dcef48' WHERE userID = 'cb96ae55-047c-45f0-ab3c-d67345c9d927'; 
UPDATE user SET prioritaryDepartmentIDFK = '74bd361a-4474-4001-b7df-b3df2985eb7d' WHERE userID = 'cc8d3838-6b7b-4a27-a7c6-027f01063001'; 
UPDATE user SET prioritaryDepartmentIDFK = '4ff2a394-6643-459d-a248-7c4ccd67c9e9' WHERE userID = 'a2cd9ed8-d7fb-4ee2-9e74-ee6829e020d1'; 
UPDATE user SET prioritaryDepartmentIDFK = '1b2adba9-4ac3-47a3-a024-6dbd1592bc89' WHERE userID = '482a8d61-54b3-435f-bab6-9a8ee33e9c38'; 
UPDATE user SET prioritaryDepartmentIDFK = '61839737-a687-4e86-bcc3-3fb2a84ad20b' WHERE userID = 'a01d35b0-a12a-4811-b13d-26ebc6302c9e'; 
UPDATE user SET prioritaryDepartmentIDFK = '4ff2a394-6643-459d-a248-7c4ccd67c9e9' WHERE userID = '0605f51c-cf58-43c6-9969-0990e982220c'; 
UPDATE user SET prioritaryDepartmentIDFK = '470035d6-0310-4f2b-ba8a-b4c72da47499' WHERE userID = '9044fb3a-0d0d-47f8-abaa-371bdcadb8f9'; 
UPDATE user SET prioritaryDepartmentIDFK = '54963f5e-8e20-484d-995c-2dca9df125fe' WHERE userID = 'd6c07c75-5235-4dde-bbba-a21152183f3b'; 
UPDATE user SET prioritaryDepartmentIDFK = '796a1dab-7853-4291-9d7f-93aa6a59e0e2' WHERE userID = '6a3ed44f-b12f-4360-83ee-b32bb39bd61d'; 
UPDATE user SET prioritaryDepartmentIDFK = 'ea20bf3c-d623-4006-a035-85b9f5e50b20' WHERE userID = '142a14b4-02fe-46c5-9366-9f534982d48a'; 
UPDATE user SET prioritaryDepartmentIDFK = 'c3b253dc-51b6-43b4-b0bd-457ed9c06052' WHERE userID = '810f0d53-4747-4f68-a760-f9c1a4a10397'; 
UPDATE user SET prioritaryDepartmentIDFK = '11874879-11c6-42bf-b248-82304acffd3e' WHERE userID = 'b6e23aeb-1909-4bc6-bb4d-c8b03afd6472'; 
UPDATE user SET prioritaryDepartmentIDFK = 'f4f0615a-34f6-4756-be73-a20cdb6cf56c' WHERE userID = '608b1715-76cd-48c5-b54e-62e972f13200'; 
UPDATE user SET prioritaryDepartmentIDFK = '1c92e32d-58e5-4c0a-ad6f-3a773e38b5fe' WHERE userID = 'ca6dd6ac-a0ff-44e0-9bd0-3b2bcb7bbc67'; 
UPDATE user SET prioritaryDepartmentIDFK = '974df2ec-dc3d-40df-aa20-bc83b506edd2' WHERE userID = '3bfd9e5e-bf70-4cfc-bfa2-4610ed1aff35'; 
UPDATE user SET prioritaryDepartmentIDFK = '74bd361a-4474-4001-b7df-b3df2985eb7d' WHERE userID = '9d59c9cb-dd43-4333-b253-8d81a1b592d7'; 
UPDATE user SET prioritaryDepartmentIDFK = '5e8af13a-c772-49f1-92d6-7448dc611a75' WHERE userID = '8f52f6e5-8705-4d5e-8928-0d08a4989d19'; 
UPDATE user SET prioritaryDepartmentIDFK = '796a1dab-7853-4291-9d7f-93aa6a59e0e2' WHERE userID = '91a6b5c8-8225-4669-b467-0fadaa99b97f'; 
UPDATE user SET prioritaryDepartmentIDFK = '796a1dab-7853-4291-9d7f-93aa6a59e0e2' WHERE userID = '527d66c8-9f7a-4e1f-ab4c-39a789d77471'; 
UPDATE user SET prioritaryDepartmentIDFK = '11874879-11c6-42bf-b248-82304acffd3e' WHERE userID = 'f39c1a3c-177f-4d68-9850-edb72b68a9c9'; 
UPDATE user SET prioritaryDepartmentIDFK = 'f4f0615a-34f6-4756-be73-a20cdb6cf56c' WHERE userID = 'b1cad324-9827-40e8-973f-6b9503c81be0'; 
UPDATE user SET prioritaryDepartmentIDFK = '8d5100aa-48e9-491a-9350-ed5901dcef48' WHERE userID = '99e71b98-c6f3-4c85-9500-c0f330adf512'; 
UPDATE user SET prioritaryDepartmentIDFK = '98d0fff1-b6ec-4be3-9b36-5b996e109805' WHERE userID = 'dbe68c0d-e4a6-4e51-abb1-9ee926385837'; 
UPDATE user SET prioritaryDepartmentIDFK = '1c92e32d-58e5-4c0a-ad6f-3a773e38b5fe' WHERE userID = '64527e29-506e-4183-ad6d-cd3ef0b3d8be'; 
UPDATE user SET prioritaryDepartmentIDFK = '6309c333-0af8-418a-bf39-74e07141c35b' WHERE userID = '9669e974-67da-40d8-b622-4d712a126778'; 
UPDATE user SET prioritaryDepartmentIDFK = 'dc241edf-356d-4b2f-b7bf-f725636bbef0' WHERE userID = '1e117e79-5560-4601-ba65-b75507703c55'; 
UPDATE user SET prioritaryDepartmentIDFK = '776ad271-199f-4387-a279-59914e1c7be2' WHERE userID = 'c40fe86b-6d6c-4d20-8166-498fb885e521'; 
UPDATE user SET prioritaryDepartmentIDFK = 'ea20bf3c-d623-4006-a035-85b9f5e50b20' WHERE userID = '65c95bab-b7bd-4a2b-84c9-1fe82a8294e2'; 
UPDATE user SET prioritaryDepartmentIDFK = 'c3b253dc-51b6-43b4-b0bd-457ed9c06052' WHERE userID = '0f428e05-8e72-40bc-8ee1-f8887b54eae5'; 
UPDATE user SET prioritaryDepartmentIDFK = '54963f5e-8e20-484d-995c-2dca9df125fe' WHERE userID = '8048b924-5526-4a59-9bab-b2fa92af3d3a'; 
UPDATE user SET prioritaryDepartmentIDFK = '1c92e32d-58e5-4c0a-ad6f-3a773e38b5fe' WHERE userID = '75fc32dd-fd0d-4ec1-b36a-a51a51147c90'; 
UPDATE user SET prioritaryDepartmentIDFK = '6309c333-0af8-418a-bf39-74e07141c35b' WHERE userID = 'd33619c8-7103-42c7-bf10-990a4ecbb5c7'; 
UPDATE user SET prioritaryDepartmentIDFK = 'dc241edf-356d-4b2f-b7bf-f725636bbef0' WHERE userID = '3ef9fb8c-f825-4fbe-a956-841b2b4d69b8'; 
UPDATE user SET prioritaryDepartmentIDFK = '54963f5e-8e20-484d-995c-2dca9df125fe' WHERE userID = '6c6ad6ad-53b0-4ca5-82d7-b2828c6fbb50'; 
UPDATE user SET prioritaryDepartmentIDFK = '8d5100aa-48e9-491a-9350-ed5901dcef48' WHERE userID = '43e12f5a-3d59-4d08-bff0-1aeafc100fea'; 
UPDATE user SET prioritaryDepartmentIDFK = '1b2adba9-4ac3-47a3-a024-6dbd1592bc89' WHERE userID = 'f9ff5308-857d-47f5-b9eb-2447959e50aa'; 
UPDATE user SET prioritaryDepartmentIDFK = '776ad271-199f-4387-a279-59914e1c7be2' WHERE userID = '493982f9-4a04-41f0-a538-4113d2efd6bf'; 
UPDATE user SET prioritaryDepartmentIDFK = 'bcbe9b04-a7d4-4efb-a50c-5426e8436ec4' WHERE userID = '65b352cc-fcbf-4439-9bbf-89fb57015a1f'; 
UPDATE user SET prioritaryDepartmentIDFK = '935def3b-320d-4657-998a-7d01cdebc635' WHERE userID = '376154a5-0bee-4ed4-bcd2-fd68763c5769'; 
UPDATE user SET prioritaryDepartmentIDFK = '54963f5e-8e20-484d-995c-2dca9df125fe' WHERE userID = '159c52ee-0151-4d2c-95d8-87f7ec8b25be'; 
UPDATE user SET prioritaryDepartmentIDFK = '1b2adba9-4ac3-47a3-a024-6dbd1592bc89' WHERE userID = '5ae3ae40-6cd7-4cd1-86b2-a61e0b480964'; 
UPDATE user SET prioritaryDepartmentIDFK = '4ff2a394-6643-459d-a248-7c4ccd67c9e9' WHERE userID = '9f1bf6d9-f53e-4371-86b4-c9524b1dcf7c'; 
UPDATE user SET prioritaryDepartmentIDFK = '796a1dab-7853-4291-9d7f-93aa6a59e0e2' WHERE userID = '8c999a17-1df0-415d-84e8-95c1fb6cf498'; 
UPDATE user SET prioritaryDepartmentIDFK = '2b7dfea3-d000-44ad-80c7-58ea2038cce3' WHERE userID = '69f72bc7-aa10-4e01-9188-c2f85db996ca'; 
UPDATE user SET prioritaryDepartmentIDFK = '61839737-a687-4e86-bcc3-3fb2a84ad20b' WHERE userID = '724864df-df2d-4370-9dfd-37defd0e444b'; 
UPDATE user SET prioritaryDepartmentIDFK = '796a1dab-7853-4291-9d7f-93aa6a59e0e2' WHERE userID = '9e6f3508-b08b-45db-a4f3-cd46aa52afdd'; 
UPDATE user SET prioritaryDepartmentIDFK = '470035d6-0310-4f2b-ba8a-b4c72da47499' WHERE userID = '9e00d001-ea63-4e27-a5f9-8a0dd3ac68f3'; 
UPDATE user SET prioritaryDepartmentIDFK = '6309c333-0af8-418a-bf39-74e07141c35b' WHERE userID = '16470a70-0d53-43f5-913c-d0c6ab5ce773'; 
UPDATE user SET prioritaryDepartmentIDFK = '74bd361a-4474-4001-b7df-b3df2985eb7d' WHERE userID = '8dcd26cb-0d68-44a9-9010-b61ae1587866'; 
UPDATE user SET prioritaryDepartmentIDFK = '796a1dab-7853-4291-9d7f-93aa6a59e0e2' WHERE userID = '29b95eab-4c2e-433f-9257-3e99da4ccd7a'; 
UPDATE user SET prioritaryDepartmentIDFK = '935def3b-320d-4657-998a-7d01cdebc635' WHERE userID = '67d1fb25-1be7-4168-9051-38e7e6a9b65c'; 
UPDATE user SET prioritaryDepartmentIDFK = '2b7dfea3-d000-44ad-80c7-58ea2038cce3' WHERE userID = 'aecf9bd5-4cdf-467f-bfa7-6ef9997b8bd6'; 
UPDATE user SET prioritaryDepartmentIDFK = 'ea20bf3c-d623-4006-a035-85b9f5e50b20' WHERE userID = 'fff53948-896e-4b63-9acb-50544f8750ca'; 
UPDATE user SET prioritaryDepartmentIDFK = '776ad271-199f-4387-a279-59914e1c7be2' WHERE userID = '61174018-65fb-4a70-8375-ba71c8f778a2'; 
UPDATE user SET prioritaryDepartmentIDFK = '776ad271-199f-4387-a279-59914e1c7be2' WHERE userID = 'ffe93340-6e2b-43a8-b08f-d397b0f38265'; 
INSERT INTO workStatus(workStatusID, startDate,endDate, userStatusIDFK) VALUES('e0e0095b-7790-4ca0-87e4-6749256f4779', '1531-12-12', '2026-05-10', 'ca6dd6ac-a0ff-44e0-9bd0-3b2bcb7bbc67'); 
INSERT INTO workStatus(workStatusID, startDate,endDate, userStatusIDFK) VALUES('4823f8ab-5b10-4518-87eb-458ccb259526', '2026-01-02', '2026-02-14', 'cd7cf005-42c5-437b-aa58-d78cb2a7ed40'); 
INSERT INTO workStatus(workStatusID, startDate,endDate, userStatusIDFK) VALUES('3ded57a4-367c-437d-b57f-11d9c735d272', '2026-09-21', '2026-10-01', '608b1715-76cd-48c5-b54e-62e972f13200'); 
INSERT INTO workStatus(workStatusID, startDate,endDate, userStatusIDFK) VALUES('a9aaa2ee-366d-43cc-93b0-f206eddf5d91', '2026-09-21', '2026-10-01', 'f39c1a3c-177f-4d68-9850-edb72b68a9c9'); 
INSERT INTO workStatus(workStatusID, startDate,endDate, userStatusIDFK) VALUES('93cf23a5-a9ea-4a7b-9c6a-5d131307b501', '1917-02-05', '1920-09-15', '0b10ca46-64b3-4133-85d7-5990d0321a32'); 
INSERT INTO workStatus(workStatusID, startDate,endDate, userStatusIDFK) VALUES('0ab6c5fc-bcb3-4b1a-84f1-f4e985c30c2a', '1806-03-21', '2026-10-12', '9e6f3508-b08b-45db-a4f3-cd46aa52afdd'); 
INSERT INTO workStatus(workStatusID, startDate,endDate, userStatusIDFK) VALUES('e7536e45-6782-4c1c-838a-3f9894f55e90', '2026-05-10', '1886-05-01', '69f72bc7-aa10-4e01-9188-c2f85db996ca'); 
INSERT INTO workStatus(workStatusID, startDate,endDate, userStatusIDFK) VALUES('cb555dbf-3ee2-434b-8cef-4210d7957f1c', '1917-02-05', '1806-03-21', '2382f987-f762-459d-825a-87d69a273574'); 
INSERT INTO workStatus(workStatusID, startDate,endDate, userStatusIDFK) VALUES('1984f358-1d87-4d7b-98fe-8c84cae1e189', '2026-02-14', '2026-04-30', '8f770c89-aea2-43c0-a082-96ec1506346d'); 
INSERT INTO workStatus(workStatusID, startDate,endDate, userStatusIDFK) VALUES('6bd0fcad-e1d3-4260-af3f-615758e54ab0', '2026-08-22', '2026-05-10', '2f4d67ac-2f76-49ea-b022-73f4fa303716'); 
INSERT INTO workStatus(workStatusID, startDate,endDate, userStatusIDFK) VALUES('7deafb09-6ec5-4b4f-8f0b-135b76e45723', '1910-11-20', '1934-02-24', '99e71b98-c6f3-4c85-9500-c0f330adf512'); 
INSERT INTO workStatus(workStatusID, startDate,endDate, userStatusIDFK) VALUES('2519a486-71fc-4bbb-ac6e-8da9eb77a5f5', '2026-04-30', '2026-04-02', '0f428e05-8e72-40bc-8ee1-f8887b54eae5'); 
INSERT INTO workStatus(workStatusID, startDate,endDate, userStatusIDFK) VALUES('35b9eb48-1561-4c6c-84f1-97e916b08e9c', '1917-02-05', '2026-10-12', '5ae3ae40-6cd7-4cd1-86b2-a61e0b480964'); 
INSERT INTO workStatus(workStatusID, startDate,endDate, userStatusIDFK) VALUES('dd37766a-e061-4285-96c7-f036fca92145', '2026-05-15', '1934-02-24', '2382f987-f762-459d-825a-87d69a273574'); 
INSERT INTO workStatus(workStatusID, startDate,endDate, userStatusIDFK) VALUES('2b0663c2-f079-427e-9694-081e713f94db', '2026-06-16', '1934-02-24', '0605f51c-cf58-43c6-9969-0990e982220c'); 
INSERT INTO workStatus(workStatusID, startDate,endDate, userStatusIDFK) VALUES('a54c8595-8281-4fa4-86fd-2638282d9bea', '2026-06-05', '1531-12-12', 'd6c07c75-5235-4dde-bbba-a21152183f3b'); 
INSERT INTO workStatus(workStatusID, startDate,endDate, userStatusIDFK) VALUES('9b2af1a3-4862-43dc-bd03-d2fba81e803e', '2026-06-16', '2026-02-14', '3ef9fb8c-f825-4fbe-a956-841b2b4d69b8'); 
INSERT INTO workStatus(workStatusID, startDate,endDate, userStatusIDFK) VALUES('44c87a6b-00a3-489b-8db5-afea50dadbf3', '2026-06-02', '2026-04-30', '8f770c89-aea2-43c0-a082-96ec1506346d'); 
INSERT INTO workStatus(workStatusID, startDate,endDate, userStatusIDFK) VALUES('ff7bd9d1-7682-4ff6-808f-f73dd4bfb73f', '2026-10-01', '2026-04-30', '534ed762-2425-4c4e-9c48-7d7e05117ccc'); 
INSERT INTO workStatus(workStatusID, startDate,endDate, userStatusIDFK) VALUES('5ae88c0a-d2dc-44ae-8f06-eba605667fd6', '1886-05-01', '2026-04-02', 'a7082f10-a0f9-460c-bdc5-74905722fc05'); 
INSERT INTO workStatus(workStatusID, startDate,endDate, userStatusIDFK) VALUES('d2c155ca-fe29-49b6-a849-103fa3f8cbad', '1910-11-20', '1806-03-21', 'd33619c8-7103-42c7-bf10-990a4ecbb5c7'); 
INSERT INTO workStatus(workStatusID, startDate,endDate, userStatusIDFK) VALUES('79769864-1c9d-4b9c-b4a7-9d397a5f8e44', '2026-04-30', '2026-03-08', '9c901d70-6e52-4711-9ed7-443b6a924a0e'); 
INSERT INTO workStatus(workStatusID, startDate,endDate, userStatusIDFK) VALUES('131f1624-5eba-4c29-a7e7-d0f9604791c5', '2026-06-05', '2000-01-07', 'adfedd86-af39-4db9-adfd-980a94350e27'); 
INSERT INTO workStatus(workStatusID, startDate,endDate, userStatusIDFK) VALUES('ffa2379d-dcb1-4c6a-b559-22c36d41d991', '1917-02-05', '2026-05-23', '43e12f5a-3d59-4d08-bff0-1aeafc100fea'); 
INSERT INTO workStatus(workStatusID, startDate,endDate, userStatusIDFK) VALUES('c9fb959a-f4f5-4185-ba44-b34a445682e1', '1910-11-20', '2026-11-02', '69f72bc7-aa10-4e01-9188-c2f85db996ca'); 
INSERT INTO workStatus(workStatusID, startDate,endDate, userStatusIDFK) VALUES('9c2936be-eca3-40c5-b4a0-59e269547703', '1531-12-12', '2026-04-07', '65b352cc-fcbf-4439-9bbf-89fb57015a1f'); 
INSERT INTO workStatus(workStatusID, startDate,endDate, userStatusIDFK) VALUES('cd272980-716d-46f3-8e08-272ba5506163', '2026-05-15', '2026-12-25', '2f4d67ac-2f76-49ea-b022-73f4fa303716'); 
INSERT INTO workStatus(workStatusID, startDate,endDate, userStatusIDFK) VALUES('0139035a-1b6d-4e92-b0f6-ff55c3267e44', '1886-05-01', '1531-12-12', '48924b63-ca02-4612-b7c8-add681a1d4a4'); 
INSERT INTO workStatus(workStatusID, startDate,endDate, userStatusIDFK) VALUES('8b3923b2-64c8-42c5-ab3e-ca8f3f04929a', '1920-09-15', '2026-08-28', '9c901d70-6e52-4711-9ed7-443b6a924a0e'); 
INSERT INTO workStatus(workStatusID, startDate,endDate, userStatusIDFK) VALUES('b2703fb1-c502-4743-866e-2e61f96784ab', '1917-02-05', '2026-11-02', '9c901d70-6e52-4711-9ed7-443b6a924a0e'); 
INSERT INTO workStatus(workStatusID, startDate,endDate, userStatusIDFK) VALUES('9077eb5b-062b-4f99-857e-980d30084ce1', '2026-06-02', '2026-01-02', '9e00d001-ea63-4e27-a5f9-8a0dd3ac68f3'); 
INSERT INTO workStatus(workStatusID, startDate,endDate, userStatusIDFK) VALUES('1095273e-f620-457a-8c70-c679013e655c', '2026-08-22', '2000-01-07', '0f428e05-8e72-40bc-8ee1-f8887b54eae5'); 
INSERT INTO workStatus(workStatusID, startDate,endDate, userStatusIDFK) VALUES('dd553976-626a-4eaf-8b4c-fe045c932b9b', '2026-03-08', '2026-01-02', '2ecaa4fa-2202-4cfa-8c52-5dda73a8285c'); 
INSERT INTO workStatus(workStatusID, startDate,endDate, userStatusIDFK) VALUES('0417b1cb-91b2-49f6-8e4d-86c92bdb02a1', '2026-01-02', '2026-04-07', '0605f51c-cf58-43c6-9969-0990e982220c'); 
INSERT INTO workStatus(workStatusID, startDate,endDate, userStatusIDFK) VALUES('ecb86bea-bcc8-4ee7-a308-32a30c4a54d7', '2000-01-07', '2026-08-22', '6a3ed44f-b12f-4360-83ee-b32bb39bd61d'); 
INSERT INTO workStatus(workStatusID, startDate,endDate, userStatusIDFK) VALUES('d1142e57-dd59-42e0-ba6f-4c195c048546', '1917-02-05', '2026-05-23', '9044fb3a-0d0d-47f8-abaa-371bdcadb8f9'); 
INSERT INTO workStatus(workStatusID, startDate,endDate, userStatusIDFK) VALUES('a7b0ccda-53d9-44a8-b0ff-ae91d0c3bf27', '2026-05-10', '1806-03-21', '482a8d61-54b3-435f-bab6-9a8ee33e9c38'); 
INSERT INTO workStatus(workStatusID, startDate,endDate, userStatusIDFK) VALUES('8012c8cd-2b24-41b0-ab92-fd2f39adfc13', '1910-11-20', '2026-02-14', '9d59c9cb-dd43-4333-b253-8d81a1b592d7'); 
INSERT INTO workStatus(workStatusID, startDate,endDate, userStatusIDFK) VALUES('a9853657-1606-4ad5-adbb-ed863bff4f08', '2026-11-02', '2026-06-02', '724864df-df2d-4370-9dfd-37defd0e444b'); 
INSERT INTO workStatus(workStatusID, startDate,endDate, userStatusIDFK) VALUES('dbde6cd9-0ea5-460a-b987-dff030642788', '2026-04-02', '2026-03-08', 'ffe93340-6e2b-43a8-b08f-d397b0f38265'); 
INSERT INTO workStatus(workStatusID, startDate,endDate, userStatusIDFK) VALUES('505b5d3e-e199-4d30-a168-a47b4482e71d', '1920-09-15', '1806-03-21', '9b453d8e-a366-4dcf-8d39-9ea186a210d9'); 
INSERT INTO workStatus(workStatusID, startDate,endDate, userStatusIDFK) VALUES('9a462b79-365b-4e5d-a359-8b86a9e6e3e7', '2026-04-07', '1910-11-20', 'f9ff5308-857d-47f5-b9eb-2447959e50aa'); 
INSERT INTO workStatus(workStatusID, startDate,endDate, userStatusIDFK) VALUES('f81e8d9c-99d1-4e81-aeaf-0e924954bdc3', '2026-06-05', '2026-05-15', '8c999a17-1df0-415d-84e8-95c1fb6cf498'); 
INSERT INTO workStatus(workStatusID, startDate,endDate, userStatusIDFK) VALUES('e8fcfa73-82a3-4965-8b20-e2b018003db4', '1806-03-21', '2026-12-25', '91a6b5c8-8225-4669-b467-0fadaa99b97f'); 
INSERT INTO workStatus(workStatusID, startDate,endDate, userStatusIDFK) VALUES('1afd8228-8fcb-4c4c-8e07-652fef612962', '2026-04-07', '2026-09-21', 'e555916c-f77b-4cab-8a49-7a7ef388de9b'); 
INSERT INTO workStatus(workStatusID, startDate,endDate, userStatusIDFK) VALUES('4858db2a-08f4-4a45-a8c4-547bde52fd07', '2000-01-07', '2026-04-30', 'c40fe86b-6d6c-4d20-8166-498fb885e521'); 
INSERT INTO workStatus(workStatusID, startDate,endDate, userStatusIDFK) VALUES('2e578a93-8779-44b0-9bd7-7d961fd5724a', '2026-09-21', '2026-06-16', '6a3ed44f-b12f-4360-83ee-b32bb39bd61d'); 
INSERT INTO workStatus(workStatusID, startDate,endDate, userStatusIDFK) VALUES('230e3877-8a17-4987-9eab-50a1d9a82c6c', '2026-05-15', '1920-09-15', '8f52f6e5-8705-4d5e-8928-0d08a4989d19'); 
INSERT INTO workStatus(workStatusID, startDate,endDate, userStatusIDFK) VALUES('df81375d-1756-4289-a010-ef1533fe4daa', '2026-12-25', '2026-06-16', '9e00d001-ea63-4e27-a5f9-8a0dd3ac68f3'); 
INSERT INTO workStatus(workStatusID, startDate,endDate, userStatusIDFK) VALUES('0f821f60-24f8-4850-a437-f5c41676fb73', '1917-02-05', '2026-05-10', '575681bf-c7bd-456b-9be1-f75dd06da75b'); 
INSERT INTO workStatus(workStatusID, startDate,endDate, userStatusIDFK) VALUES('17f2b607-07e9-4554-938d-b9079c3b26fc', '2026-04-02', '2026-06-02', '8048b924-5526-4a59-9bab-b2fa92af3d3a'); 
INSERT INTO workStatus(workStatusID, startDate,endDate, userStatusIDFK) VALUES('af823ba5-4652-4b41-85a9-936bc18521c8', '2026-08-22', '2026-10-12', '9e00d001-ea63-4e27-a5f9-8a0dd3ac68f3'); 
INSERT INTO workStatus(workStatusID, startDate,endDate, userStatusIDFK) VALUES('e09e5a99-a5f6-45cc-b334-eaf7e46d3389', '2026-06-05', '2026-05-23', '65c95bab-b7bd-4a2b-84c9-1fe82a8294e2'); 
INSERT INTO workStatus(workStatusID, startDate,endDate, userStatusIDFK) VALUES('f54a4e88-b60f-4dd7-9799-e2a47980fe13', '2026-12-25', '2026-04-30', '89246377-3d90-499b-bdf8-46aa9a3e33a1'); 
INSERT INTO workStatus(workStatusID, startDate,endDate, userStatusIDFK) VALUES('f1e71cdc-df00-4912-89fc-972ef1e17c79', '2026-08-22', '2026-12-25', '2382f987-f762-459d-825a-87d69a273574'); 
INSERT INTO workStatus(workStatusID, startDate,endDate, userStatusIDFK) VALUES('6f621f51-0699-4104-acf6-f894e8e0b0c4', '1934-02-24', '1886-05-01', '3bfd9e5e-bf70-4cfc-bfa2-4610ed1aff35'); 
INSERT INTO workStatus(workStatusID, startDate,endDate, userStatusIDFK) VALUES('d13a0968-68fb-49e4-b4e1-6ffb50d11aa1', '2026-06-02', '2026-04-30', '9e00d001-ea63-4e27-a5f9-8a0dd3ac68f3'); 
INSERT INTO workStatus(workStatusID, startDate,endDate, userStatusIDFK) VALUES('db5f68d4-f350-44a4-9473-5521448f2bac', '1920-09-15', '2026-04-07', '9e00d001-ea63-4e27-a5f9-8a0dd3ac68f3'); 
INSERT INTO workStatus(workStatusID, startDate,endDate, userStatusIDFK) VALUES('dc9ad64c-9526-4db0-87f5-6339d0c3a2a4', '2026-06-16', '2026-02-19', '575681bf-c7bd-456b-9be1-f75dd06da75b'); 
INSERT INTO workStatus(workStatusID, startDate,endDate, userStatusIDFK) VALUES('5a07cbaf-280f-4f53-bb37-79b11314875f', '1917-02-05', '2026-02-19', '99e71b98-c6f3-4c85-9500-c0f330adf512'); 

INSERT INTO oneOnOneQuestion(questionID, question) VALUES('ae7d5975-72bd-4f42-8051-e736433f914a', '¿Tuviste alguna situación complicada en tu semana que afectara en tu trabajo?'); 
INSERT INTO oneOnOneQuestion(questionID, question) VALUES('40731a7f-c6d6-4640-87ca-540e29fdbca6', '¿Tuviste alguna situación complicada en tu semana que afectara en tu trabajo?'); 
INSERT INTO oneOnOneQuestion(questionID, question) VALUES('321814e1-5b94-4242-8a75-815bc08c9c33', '¿El trabajo y las entregas van en el tiempo planeado?'); 
INSERT INTO oneOnOneQuestion(questionID, question) VALUES('1bf97dd2-3904-4c8d-92c5-8bcf6ce20184', '¿A quién quiero reconocer en la semana?'); 

INSERT INTO oneOnOneMeasurable(measurableID, summary) VALUES('e2df8a14-2154-49a3-b049-2f4c7cd66776', 'Carga de trabajo: El colaborador siente que su carga es poco manejable'); 
INSERT INTO oneOnOneMeasurable(measurableID, summary) VALUES('39af57d5-3d6a-4bc8-b907-aa3a8ba01c6b', 'Reconocimiento: El colaborador se siente poco valorado por sus compañeros'); 
INSERT INTO oneOnOneMeasurable(measurableID, summary) VALUES('308c7eb9-2f2e-435f-ba7f-35e2f5891ba5', 'Carga de trabajo: El colaborador siente que su carga es poco manejable'); 
INSERT INTO oneOnOneMeasurable(measurableID, summary) VALUES('f1e24a8c-aa83-4354-bd1e-f4d9891e0916', 'Reconocimiento: El colaborador no se siente valorado por sus compañeros'); 
INSERT INTO oneOnOneMeasurable(measurableID, summary) VALUES('c345cbc6-a445-45da-a73b-6343e04334c2', 'Salud emocional: El colaborador se siente regular emocionalmente y con emociones poco positivas'); 

INSERT INTO oneOnOne(oneOnOneID, expectedTime, meetingDate, meetingLink, oneOnOneUserIDFK) VALUES('1153c0cf-71b4-48fb-92b2-116e7556393b', 15, '2025-03-05 09:15:00', 'https://meet.google.com/abc-defg-hij', '61174018-65fb-4a70-8375-ba71c8f778a2');
INSERT INTO oneOnOne(oneOnOneID, expectedTime, meetingDate, meetingLink, oneOnOneUserIDFK) VALUES('d5a6bb38-e99b-4b1d-9d09-ddc91b3089ea', 15, '2025-05-12 14:45:00', 'https://meet.google.com/abc-defg-hij', '75fc32dd-fd0d-4ec1-b36a-a51a51147c90');
INSERT INTO oneOnOne(oneOnOneID, expectedTime, meetingDate, meetingLink, oneOnOneUserIDFK) VALUES('9d0f44ae-7eb9-44b7-b4ff-3675d4dd300c', 15, '2025-05-12 14:15:00', 'https://meet.google.com/abc-defg-hij', '99e71b98-c6f3-4c85-9500-c0f330adf512');
INSERT INTO oneOnOne(oneOnOneID, expectedTime, meetingDate, meetingLink, oneOnOneUserIDFK) VALUES('e42991c1-f3ac-427c-9694-ba2931c96ddf', 15, '2025-05-07 14:45:00', 'https://meet.google.com/abc-defg-hij', '0e879bca-3577-4663-88f1-a29f560b8973');
INSERT INTO oneOnOne(oneOnOneID, expectedTime, meetingDate, meetingLink, oneOnOneUserIDFK) VALUES('ff1be335-90b7-42c1-84d9-8d4cbdb6dd7e', 15, '2025-03-21 16:15:00', 'https://meet.google.com/abc-defg-hij', '75fc32dd-fd0d-4ec1-b36a-a51a51147c90');
INSERT INTO oneOnOne(oneOnOneID, expectedTime, meetingDate, meetingLink, oneOnOneUserIDFK) VALUES('262004e0-4935-49b7-94f1-def8f0f9db25', 15, '2025-05-07 14:15:00', 'https://meet.google.com/abc-defg-hij', '0f428e05-8e72-40bc-8ee1-f8887b54eae5');
INSERT INTO oneOnOne(oneOnOneID, expectedTime, meetingDate, meetingLink, oneOnOneUserIDFK) VALUES('4b5611d8-a2ce-4e80-8c38-0abd5e2ac13e', 15, '2025-03-05 09:45:00', 'https://meet.google.com/abc-defg-hij', '0e879bca-3577-4663-88f1-a29f560b8973');
INSERT INTO oneOnOne(oneOnOneID, expectedTime, meetingDate, meetingLink, oneOnOneUserIDFK) VALUES('2b0bd809-03c8-42de-ae8c-7126d7c737af', 15, '2025-03-21 16:15:00', 'https://meet.google.com/abc-defg-hij', '69f72bc7-aa10-4e01-9188-c2f85db996ca');
INSERT INTO oneOnOne(oneOnOneID, expectedTime, meetingDate, meetingLink, oneOnOneUserIDFK) VALUES('ea5176f4-0ed4-4ed0-9292-c7f9bdd2d2c6', 15, '2025-03-20 13:45:00', 'https://meet.google.com/abc-defg-hij', '9e6f3508-b08b-45db-a4f3-cd46aa52afdd');
INSERT INTO oneOnOne(oneOnOneID, expectedTime, meetingDate, meetingLink, oneOnOneUserIDFK) VALUES('b4885525-ae2d-4de5-9c57-ea1a413c9035', 15, '2025-05-07 14:15:00', 'https://meet.google.com/abc-defg-hij', '534ed762-2425-4c4e-9c48-7d7e05117ccc');
INSERT INTO oneOnOne(oneOnOneID, expectedTime, meetingDate, meetingLink, oneOnOneUserIDFK) VALUES('1a76e6e1-70a3-4442-aa8a-dc333e658864', 15, '2025-03-20 13:30:00', 'https://meet.google.com/abc-defg-hij', '534ed762-2425-4c4e-9c48-7d7e05117ccc');
INSERT INTO oneOnOne(oneOnOneID, expectedTime, meetingDate, meetingLink, oneOnOneUserIDFK) VALUES('f992a8e3-ace9-4f3d-9e6a-a17184185766', 15, '2025-03-20 13:45:00', 'https://meet.google.com/abc-defg-hij', 'a2cd9ed8-d7fb-4ee2-9e74-ee6829e020d1');
INSERT INTO oneOnOne(oneOnOneID, expectedTime, meetingDate, meetingLink, oneOnOneUserIDFK) VALUES('ca65a4a6-98e2-4b20-861f-d69718683ffb', 15, '2025-05-07 14:30:00', 'https://meet.google.com/abc-defg-hij', 'f9ff5308-857d-47f5-b9eb-2447959e50aa');
INSERT INTO oneOnOne(oneOnOneID, expectedTime, meetingDate, meetingLink, oneOnOneUserIDFK) VALUES('514685f3-b809-4b0f-af93-0a895d6f2d03', 15, '2025-05-07 07:30:00', 'https://meet.google.com/abc-defg-hij', '48924b63-ca02-4612-b7c8-add681a1d4a4');
INSERT INTO oneOnOne(oneOnOneID, expectedTime, meetingDate, meetingLink, oneOnOneUserIDFK) VALUES('28562efe-ee46-462d-817a-565ccc9ce1bf', 15, '2025-03-05 09:15:00', 'https://meet.google.com/abc-defg-hij', '4d29e7ac-0dfa-4c96-977f-ab138bc56be7');
INSERT INTO oneOnOne(oneOnOneID, expectedTime, meetingDate, meetingLink, oneOnOneUserIDFK) VALUES('645a5d6e-e4ba-4e11-bde5-21cc0d78fa0b', 15, '2025-05-07 14:30:00', 'https://meet.google.com/abc-defg-hij', 'd908fe26-6993-46a6-b413-8c67a848112f');
INSERT INTO oneOnOne(oneOnOneID, expectedTime, meetingDate, meetingLink, oneOnOneUserIDFK) VALUES('9382ece9-deb8-46c0-b7da-ab413e059ead', 15, '2025-03-05 09:15:00', 'https://meet.google.com/abc-defg-hij', '1e117e79-5560-4601-ba65-b75507703c55');
INSERT INTO oneOnOne(oneOnOneID, expectedTime, meetingDate, meetingLink, oneOnOneUserIDFK) VALUES('fb15701c-e27e-44dc-89fa-1dfb8e9fe777', 15, '2025-05-07 07:30:00', 'https://meet.google.com/abc-defg-hij', '3ef9fb8c-f825-4fbe-a956-841b2b4d69b8');
INSERT INTO oneOnOne(oneOnOneID, expectedTime, meetingDate, meetingLink, oneOnOneUserIDFK) VALUES('3d16d8e8-5716-4ef5-83d7-4d4ed262bfef', 15, '2025-05-12 14:45:00', 'https://meet.google.com/abc-defg-hij', 'adfedd86-af39-4db9-adfd-980a94350e27');
INSERT INTO oneOnOne(oneOnOneID, expectedTime, meetingDate, meetingLink, oneOnOneUserIDFK) VALUES('21c67e3e-c10c-4da8-835a-4781985d5980', 15, '2025-05-12 14:15:00', 'https://meet.google.com/abc-defg-hij', 'd908fe26-6993-46a6-b413-8c67a848112f');
INSERT INTO oneOnOne(oneOnOneID, expectedTime, meetingDate, meetingLink, oneOnOneUserIDFK) VALUES('a93346f6-8118-4940-879d-7d8bbe4409fc', 15, '2025-05-12 14:45:00', 'https://meet.google.com/abc-defg-hij', 'b6e23aeb-1909-4bc6-bb4d-c8b03afd6472');
INSERT INTO oneOnOne(oneOnOneID, expectedTime, meetingDate, meetingLink, oneOnOneUserIDFK) VALUES('ae9834f5-19cc-4372-8c07-e2bbb11501a7', 15, '2025-03-20 13:45:00', 'https://meet.google.com/abc-defg-hij', '2382f987-f762-459d-825a-87d69a273574');
INSERT INTO oneOnOne(oneOnOneID, expectedTime, meetingDate, meetingLink, oneOnOneUserIDFK) VALUES('d7219e54-ac5c-48b5-999e-ca324c626641', 15, '2025-05-07 07:00:00', 'https://meet.google.com/abc-defg-hij', '91a6b5c8-8225-4669-b467-0fadaa99b97f');
INSERT INTO oneOnOne(oneOnOneID, expectedTime, meetingDate, meetingLink, oneOnOneUserIDFK) VALUES('ee7f9cd0-3a4d-453b-b47c-54f5537593a7', 15, '2025-03-05 09:45:00', 'https://meet.google.com/abc-defg-hij', '9d59c9cb-dd43-4333-b253-8d81a1b592d7');
INSERT INTO oneOnOne(oneOnOneID, expectedTime, meetingDate, meetingLink, oneOnOneUserIDFK) VALUES('d648dea0-7b2a-43e1-ab7f-14006d939c3e', 15, '2025-05-12 14:45:00', 'https://meet.google.com/abc-defg-hij', 'fff53948-896e-4b63-9acb-50544f8750ca');
INSERT INTO oneOnOne(oneOnOneID, expectedTime, meetingDate, meetingLink, oneOnOneUserIDFK) VALUES('08dd9f5c-d2f2-4265-9af3-55daca9db86a', 15, '2025-05-07 07:00:00', 'https://meet.google.com/abc-defg-hij', '608b1715-76cd-48c5-b54e-62e972f13200');
INSERT INTO oneOnOne(oneOnOneID, expectedTime, meetingDate, meetingLink, oneOnOneUserIDFK) VALUES('fa4dec0e-4d5a-41e9-986e-d2bb76b05bd2', 15, '2025-03-05 09:45:00', 'https://meet.google.com/abc-defg-hij', 'aecf9bd5-4cdf-467f-bfa7-6ef9997b8bd6');
INSERT INTO oneOnOne(oneOnOneID, expectedTime, meetingDate, meetingLink, oneOnOneUserIDFK) VALUES('e8e7983d-c162-4a79-8cf3-5b3aeda926fb', 15, '2025-05-12 14:15:00', 'https://meet.google.com/abc-defg-hij', '9d9813b9-3c8c-4b35-bc6a-bf60d80e839d');
INSERT INTO oneOnOne(oneOnOneID, expectedTime, meetingDate, meetingLink, oneOnOneUserIDFK) VALUES('e0180ab2-d480-422f-92e5-7cf7cd648f0a', 15, '2025-03-05 09:15:00', 'https://meet.google.com/abc-defg-hij', '0605f51c-cf58-43c6-9969-0990e982220c');
INSERT INTO oneOnOne(oneOnOneID, expectedTime, meetingDate, meetingLink, oneOnOneUserIDFK) VALUES('9fbdd7fa-f7c4-431e-bf9a-9e5b7ab7652c', 15, '2025-03-05 09:30:00', 'https://meet.google.com/abc-defg-hij', 'cb96ae55-047c-45f0-ab3c-d67345c9d927');
INSERT INTO oneOnOne(oneOnOneID, expectedTime, meetingDate, meetingLink, oneOnOneUserIDFK) VALUES('ba387436-2f41-4abe-8bc0-af2f5f6c0759', 15, '2025-03-20 13:45:00', 'https://meet.google.com/abc-defg-hij', '810f0d53-4747-4f68-a760-f9c1a4a10397');
INSERT INTO oneOnOne(oneOnOneID, expectedTime, meetingDate, meetingLink, oneOnOneUserIDFK) VALUES('828b9720-e611-474c-bd62-31cc1c694053', 15, '2025-05-07 14:30:00', 'https://meet.google.com/abc-defg-hij', '209d2735-503e-44ec-86df-b3d54a366a25');
INSERT INTO oneOnOne(oneOnOneID, expectedTime, meetingDate, meetingLink, oneOnOneUserIDFK) VALUES('56ccad05-fc0c-4203-a6d6-ce635859fa78', 15, '2025-03-05 09:30:00', 'https://meet.google.com/abc-defg-hij', '482a8d61-54b3-435f-bab6-9a8ee33e9c38');
INSERT INTO oneOnOne(oneOnOneID, expectedTime, meetingDate, meetingLink, oneOnOneUserIDFK) VALUES('8c48b2bd-15cf-4755-a2bf-d70f16a3bd1b', 15, '2025-05-07 14:30:00', 'https://meet.google.com/abc-defg-hij', '209d2735-503e-44ec-86df-b3d54a366a25');
INSERT INTO oneOnOne(oneOnOneID, expectedTime, meetingDate, meetingLink, oneOnOneUserIDFK) VALUES('a22f6371-92bb-4a8c-b40a-978496e03654', 15, '2025-05-07 07:00:00', 'https://meet.google.com/abc-defg-hij', '3bfd9e5e-bf70-4cfc-bfa2-4610ed1aff35');
INSERT INTO oneOnOne(oneOnOneID, expectedTime, meetingDate, meetingLink, oneOnOneUserIDFK) VALUES('4a273a21-3750-45f4-ac64-bdf907ed5d78', 15, '2025-03-20 13:45:00', 'https://meet.google.com/abc-defg-hij', 'ee5d2043-1ac0-4e64-9141-9ba335e37326');
INSERT INTO oneOnOne(oneOnOneID, expectedTime, meetingDate, meetingLink, oneOnOneUserIDFK) VALUES('0c4c4da3-d0e3-4307-b778-0cb2c334ede4', 15, '2025-05-07 07:30:00', 'https://meet.google.com/abc-defg-hij', '3bfd9e5e-bf70-4cfc-bfa2-4610ed1aff35');
INSERT INTO oneOnOne(oneOnOneID, expectedTime, meetingDate, meetingLink, oneOnOneUserIDFK) VALUES('5fa90e1c-a315-4900-8d89-18cf95651c38', 15, '2025-05-12 14:15:00', 'https://meet.google.com/abc-defg-hij', '9c901d70-6e52-4711-9ed7-443b6a924a0e');
INSERT INTO oneOnOne(oneOnOneID, expectedTime, meetingDate, meetingLink, oneOnOneUserIDFK) VALUES('3c373449-eaf7-4dd7-9ce8-148547be9363', 15, '2025-03-05 09:15:00', 'https://meet.google.com/abc-defg-hij', 'a01d35b0-a12a-4811-b13d-26ebc6302c9e');
INSERT INTO oneOnOne(oneOnOneID, expectedTime, meetingDate, meetingLink, oneOnOneUserIDFK) VALUES('6135f679-058b-4e21-8314-217f5059b499', 15, '2025-05-07 07:30:00', 'https://meet.google.com/abc-defg-hij', 'd3f27c2d-ccfa-447e-bf68-bd37ef165536');
INSERT INTO oneOnOne(oneOnOneID, expectedTime, meetingDate, meetingLink, oneOnOneUserIDFK) VALUES('1a87fe2e-0d45-4ca0-a94d-4916ae7e0c28', 15, '2025-05-07 14:30:00', 'https://meet.google.com/abc-defg-hij', 'ed616b64-690e-4a91-836a-47ad9f10e755');
INSERT INTO oneOnOne(oneOnOneID, expectedTime, meetingDate, meetingLink, oneOnOneUserIDFK) VALUES('a55a1ac6-da6b-4f8e-8462-391b7cc119ab', 15, '2025-03-21 16:15:00', 'https://meet.google.com/abc-defg-hij', '4d29e7ac-0dfa-4c96-977f-ab138bc56be7');
INSERT INTO oneOnOne(oneOnOneID, expectedTime, meetingDate, meetingLink, oneOnOneUserIDFK) VALUES('6e08e5b7-1e93-462a-bbb9-c1c25e1bdc25', 15, '2025-05-12 14:45:00', 'https://meet.google.com/abc-defg-hij', '7848b744-2f1a-4156-97a2-b3f896361bcd');
INSERT INTO oneOnOne(oneOnOneID, expectedTime, meetingDate, meetingLink, oneOnOneUserIDFK) VALUES('834ca7bd-6723-4e80-8e4c-df66bae74b72', 15, '2025-03-21 16:15:00', 'https://meet.google.com/abc-defg-hij', '8dcd26cb-0d68-44a9-9010-b61ae1587866');
INSERT INTO oneOnOne(oneOnOneID, expectedTime, meetingDate, meetingLink, oneOnOneUserIDFK) VALUES('2f9a61f0-5cc0-4c38-a501-802985ccd042', 15, '2025-05-12 14:30:00', 'https://meet.google.com/abc-defg-hij', '608b1715-76cd-48c5-b54e-62e972f13200');
INSERT INTO oneOnOne(oneOnOneID, expectedTime, meetingDate, meetingLink, oneOnOneUserIDFK) VALUES('b3c20c93-28c6-4a73-b880-52e0afec42a0', 15, '2025-03-20 13:30:00', 'https://meet.google.com/abc-defg-hij', 'ed616b64-690e-4a91-836a-47ad9f10e755');
INSERT INTO oneOnOne(oneOnOneID, expectedTime, meetingDate, meetingLink, oneOnOneUserIDFK) VALUES('80e7ad00-1032-4ce1-b4ff-d534b3974046', 15, '2025-03-05 09:45:00', 'https://meet.google.com/abc-defg-hij', 'aecf9bd5-4cdf-467f-bfa7-6ef9997b8bd6');
INSERT INTO oneOnOne(oneOnOneID, expectedTime, meetingDate, meetingLink, oneOnOneUserIDFK) VALUES('333f4085-20f0-4162-90b9-643c3a4be93a', 15, '2025-03-21 16:15:00', 'https://meet.google.com/abc-defg-hij', '9d59c9cb-dd43-4333-b253-8d81a1b592d7');
INSERT INTO oneOnOne(oneOnOneID, expectedTime, meetingDate, meetingLink, oneOnOneUserIDFK) VALUES('3c900611-c5b9-4905-bf69-0cc09c4c0022', 15, '2025-05-07 14:45:00', 'https://meet.google.com/abc-defg-hij', 'a7082f10-a0f9-460c-bdc5-74905722fc05');
INSERT INTO oneOnOne(oneOnOneID, expectedTime, meetingDate, meetingLink, oneOnOneUserIDFK) VALUES('ce804d32-bc87-4da6-81d8-c2c81552cf26', 15, '2025-03-05 09:15:00', 'https://meet.google.com/abc-defg-hij', 'd908fe26-6993-46a6-b413-8c67a848112f');
INSERT INTO oneOnOne(oneOnOneID, expectedTime, meetingDate, meetingLink, oneOnOneUserIDFK) VALUES('1d883829-48d5-4548-b7e1-398aafb9d7e1', 15, '2025-05-07 07:30:00', 'https://meet.google.com/abc-defg-hij', '9c901d70-6e52-4711-9ed7-443b6a924a0e');
INSERT INTO oneOnOne(oneOnOneID, expectedTime, meetingDate, meetingLink, oneOnOneUserIDFK) VALUES('1c2037de-e84c-40b7-b248-404265c87a8e', 15, '2025-05-12 14:30:00', 'https://meet.google.com/abc-defg-hij', '0605f51c-cf58-43c6-9969-0990e982220c');
INSERT INTO oneOnOne(oneOnOneID, expectedTime, meetingDate, meetingLink, oneOnOneUserIDFK) VALUES('5846e591-d195-4ba8-b6c1-07d5dd270cbb', 15, '2025-05-12 14:45:00', 'https://meet.google.com/abc-defg-hij', '2f4d67ac-2f76-49ea-b022-73f4fa303716');
INSERT INTO oneOnOne(oneOnOneID, expectedTime, meetingDate, meetingLink, oneOnOneUserIDFK) VALUES('c7ca3307-0c98-4f87-a7df-d62b371d10c9', 15, '2025-05-07 07:30:00', 'https://meet.google.com/abc-defg-hij', 'dbe68c0d-e4a6-4e51-abb1-9ee926385837');
INSERT INTO oneOnOne(oneOnOneID, expectedTime, meetingDate, meetingLink, oneOnOneUserIDFK) VALUES('961cd59d-f1b2-44fd-add4-55589b1f8ca2', 15, '2025-03-20 13:45:00', 'https://meet.google.com/abc-defg-hij', '1e117e79-5560-4601-ba65-b75507703c55');
INSERT INTO oneOnOne(oneOnOneID, expectedTime, meetingDate, meetingLink, oneOnOneUserIDFK) VALUES('b34b5089-7687-4687-9094-2c642b4839c8', 15, '2025-03-20 13:30:00', 'https://meet.google.com/abc-defg-hij', '2f4d67ac-2f76-49ea-b022-73f4fa303716');
INSERT INTO oneOnOne(oneOnOneID, expectedTime, meetingDate, meetingLink, oneOnOneUserIDFK) VALUES('3658618b-b1fc-4b3d-9ed7-610f8aad5f13', 15, '2025-05-07 14:30:00', 'https://meet.google.com/abc-defg-hij', 'd3f27c2d-ccfa-447e-bf68-bd37ef165536');
INSERT INTO oneOnOne(oneOnOneID, expectedTime, meetingDate, meetingLink, oneOnOneUserIDFK) VALUES('aa374ed7-9b79-4fd5-8259-c0cf8f19301b', 15, '2025-03-21 16:00:00', 'https://meet.google.com/abc-defg-hij', 'ffe93340-6e2b-43a8-b08f-d397b0f38265');
INSERT INTO oneOnOne(oneOnOneID, expectedTime, meetingDate, meetingLink, oneOnOneUserIDFK) VALUES('07ca9d68-d927-4538-ba39-1ef4e35543ba', 15, '2025-05-07 14:45:00', 'https://meet.google.com/abc-defg-hij', '3026d48c-98d3-4b0b-936c-8d66a76a5928');
INSERT INTO oneOnOne(oneOnOneID, expectedTime, meetingDate, meetingLink, oneOnOneUserIDFK) VALUES('c6fe3386-cdc2-4ffd-9d69-29a370f340d9', 15, '2025-05-07 14:45:00', 'https://meet.google.com/abc-defg-hij', '493982f9-4a04-41f0-a538-4113d2efd6bf');
INSERT INTO oneOnOne(oneOnOneID, expectedTime, meetingDate, meetingLink, oneOnOneUserIDFK) VALUES('04a22723-960b-48d9-8569-969f2f94d2b6', 15, '2025-03-21 16:15:00', 'https://meet.google.com/abc-defg-hij', 'd908fe26-6993-46a6-b413-8c67a848112f');
INSERT INTO oneOnOne(oneOnOneID, expectedTime, meetingDate, meetingLink, oneOnOneUserIDFK) VALUES('5f72bf89-162f-4c56-8849-bef74d601e70', 15, '2025-03-20 13:45:00', 'https://meet.google.com/abc-defg-hij', '9e6f3508-b08b-45db-a4f3-cd46aa52afdd');
INSERT INTO oneOnOne(oneOnOneID, expectedTime, meetingDate, meetingLink, oneOnOneUserIDFK) VALUES('d0ef5266-8e82-4a61-b85c-f68dbc684c45', 15, '2025-05-07 07:00:00', 'https://meet.google.com/abc-defg-hij', '142a14b4-02fe-46c5-9366-9f534982d48a');
INSERT INTO oneOnOne(oneOnOneID, expectedTime, meetingDate, meetingLink, oneOnOneUserIDFK) VALUES('d5840a93-7b58-439a-88e9-c3b1b9b2041f', 15, '2025-05-07 14:45:00', 'https://meet.google.com/abc-defg-hij', '9d9813b9-3c8c-4b35-bc6a-bf60d80e839d');
INSERT INTO oneOnOne(oneOnOneID, expectedTime, meetingDate, meetingLink, oneOnOneUserIDFK) VALUES('a2be7698-4b32-4098-b77f-1439549843e7', 15, '2025-03-21 16:00:00', 'https://meet.google.com/abc-defg-hij', 'cb96ae55-047c-45f0-ab3c-d67345c9d927');
INSERT INTO oneOnOne(oneOnOneID, expectedTime, meetingDate, meetingLink, oneOnOneUserIDFK) VALUES('ae64c371-157d-4419-9c65-9fb6075d2d9f', 15, '2025-05-07 14:30:00', 'https://meet.google.com/abc-defg-hij', '65c95bab-b7bd-4a2b-84c9-1fe82a8294e2');
INSERT INTO oneOnOne(oneOnOneID, expectedTime, meetingDate, meetingLink, oneOnOneUserIDFK) VALUES('41d71e55-1072-4d53-9901-ef33af53f721', 15, '2025-05-12 14:45:00', 'https://meet.google.com/abc-defg-hij', 'd3f27c2d-ccfa-447e-bf68-bd37ef165536');
INSERT INTO oneOnOne(oneOnOneID, expectedTime, meetingDate, meetingLink, oneOnOneUserIDFK) VALUES('8210aa21-c7b1-4ff4-9028-53ef692a0ebe', 15, '2025-03-20 13:30:00', 'https://meet.google.com/abc-defg-hij', '69f72bc7-aa10-4e01-9188-c2f85db996ca');
INSERT INTO oneOnOne(oneOnOneID, expectedTime, meetingDate, meetingLink, oneOnOneUserIDFK) VALUES('8edaad7d-0d5c-4004-bd38-78c2ba896cdc', 15, '2025-03-05 09:15:00', 'https://meet.google.com/abc-defg-hij', '9d9813b9-3c8c-4b35-bc6a-bf60d80e839d');
INSERT INTO oneOnOne(oneOnOneID, expectedTime, meetingDate, meetingLink, oneOnOneUserIDFK) VALUES('446d8397-5dec-426b-aafc-eb558ac50207', 15, '2025-05-12 14:15:00', 'https://meet.google.com/abc-defg-hij', '48924b63-ca02-4612-b7c8-add681a1d4a4');

INSERT INTO oneOnOneAnswer(answer, answerOneOnOneIDFK, questionIDFK) VALUES('Me siento orgulloso de haber cumplido mis objetivos en el proyecto X, lo que me permitió crecer profesionalmente.', 'b3c20c93-28c6-4a73-b880-52e0afec42a0', '1bf97dd2-3904-4c8d-92c5-8bcf6ce20184');
INSERT INTO oneOnOneAnswer(answer, answerOneOnOneIDFK, questionIDFK) VALUES('En general tengo lo necesario, aunque en algunas áreas podría beneficiarme de recursos adicionales para acelerar ciertos procesos.', '41d71e55-1072-4d53-9901-ef33af53f721', '1bf97dd2-3904-4c8d-92c5-8bcf6ce20184');
INSERT INTO oneOnOneAnswer(answer, answerOneOnOneIDFK, questionIDFK) VALUES('Por el momento, estamos cumpliendo los plazos establecidos y el progreso es consistente.', '262004e0-4935-49b7-94f1-def8f0f9db25', 'ae7d5975-72bd-4f42-8051-e736433f914a');
INSERT INTO oneOnOneAnswer(answer, answerOneOnOneIDFK, questionIDFK) VALUES('Actualmente estoy enfocado en el desarrollo del proyecto Y, colaborando estrechamente con mi equipo para alcanzar los objetivos.', '446d8397-5dec-426b-aafc-eb558ac50207', '40731a7f-c6d6-4640-87ca-540e29fdbca6');
INSERT INTO oneOnOneAnswer(answer, answerOneOnOneIDFK, questionIDFK) VALUES('Estoy satisfecho por haber superado varios desafíos y mejorar mi organización y gestión del tiempo.', '828b9720-e611-474c-bd62-31cc1c694053', '40731a7f-c6d6-4640-87ca-540e29fdbca6');
INSERT INTO oneOnOneAnswer(answer, answerOneOnOneIDFK, questionIDFK) VALUES('Mi meta es finalizar el proyecto pendiente y comenzar a implementar nuevas estrategias para mejorar la productividad.', 'd0ef5266-8e82-4a61-b85c-f68dbc684c45', '40731a7f-c6d6-4640-87ca-540e29fdbca6');
INSERT INTO oneOnOneAnswer(answer, answerOneOnOneIDFK, questionIDFK) VALUES('La mayoría de las entregas están en línea con el cronograma, aunque se requieren pequeños ajustes en algunas tareas.', '2b0bd809-03c8-42de-ae8c-7126d7c737af', 'ae7d5975-72bd-4f42-8051-e736433f914a');
INSERT INTO oneOnOneAnswer(answer, answerOneOnOneIDFK, questionIDFK) VALUES('Me siento orgulloso de haber cumplido mis objetivos en el proyecto X, lo que me permitió crecer profesionalmente.', '28562efe-ee46-462d-817a-565ccc9ce1bf', '321814e1-5b94-4242-8a75-815bc08c9c33');
INSERT INTO oneOnOneAnswer(answer, answerOneOnOneIDFK, questionIDFK) VALUES('Planeamos definir un plan de acción detallado, distribuir responsabilidades claramente y realizar seguimientos semanales para ajustar el rumbo si es necesario.', '3c900611-c5b9-4905-bf69-0cc09c4c0022', '1bf97dd2-3904-4c8d-92c5-8bcf6ce20184');
INSERT INTO oneOnOneAnswer(answer, answerOneOnOneIDFK, questionIDFK) VALUES('Sí, cuento con las herramientas y el apoyo necesario, lo que me permite avanzar sin mayores inconvenientes.', '514685f3-b809-4b0f-af93-0a895d6f2d03', '40731a7f-c6d6-4640-87ca-540e29fdbca6');
INSERT INTO oneOnOneAnswer(answer, answerOneOnOneIDFK, questionIDFK) VALUES('Mi meta es finalizar el proyecto pendiente y comenzar a implementar nuevas estrategias para mejorar la productividad.', '80e7ad00-1032-4ce1-b4ff-d534b3974046', '40731a7f-c6d6-4640-87ca-540e29fdbca6');
INSERT INTO oneOnOneAnswer(answer, answerOneOnOneIDFK, questionIDFK) VALUES('Estoy satisfecho por haber superado varios desafíos y mejorar mi organización y gestión del tiempo.', 'ea5176f4-0ed4-4ed0-9292-c7f9bdd2d2c6', 'ae7d5975-72bd-4f42-8051-e736433f914a');
INSERT INTO oneOnOneAnswer(answer, answerOneOnOneIDFK, questionIDFK) VALUES('Estoy satisfecho por haber superado varios desafíos y mejorar mi organización y gestión del tiempo.', 'd7219e54-ac5c-48b5-999e-ca324c626641', 'ae7d5975-72bd-4f42-8051-e736433f914a');
INSERT INTO oneOnOneAnswer(answer, answerOneOnOneIDFK, questionIDFK) VALUES('Mi meta es finalizar el proyecto pendiente y comenzar a implementar nuevas estrategias para mejorar la productividad.', 'a55a1ac6-da6b-4f8e-8462-391b7cc119ab', '1bf97dd2-3904-4c8d-92c5-8bcf6ce20184');
INSERT INTO oneOnOneAnswer(answer, answerOneOnOneIDFK, questionIDFK) VALUES('La mayoría de las entregas están en línea con el cronograma, aunque se requieren pequeños ajustes en algunas tareas.', 'ba387436-2f41-4abe-8bc0-af2f5f6c0759', '40731a7f-c6d6-4640-87ca-540e29fdbca6');
INSERT INTO oneOnOneAnswer(answer, answerOneOnOneIDFK, questionIDFK) VALUES('La mayoría de las entregas están en línea con el cronograma, aunque se requieren pequeños ajustes en algunas tareas.', 'b34b5089-7687-4687-9094-2c642b4839c8', '1bf97dd2-3904-4c8d-92c5-8bcf6ce20184');
INSERT INTO oneOnOneAnswer(answer, answerOneOnOneIDFK, questionIDFK) VALUES('En su mayoría la semana fue fluida, aunque surgió una situación que requirió reordenar prioridades, lo cual se solucionó rápidamente.', '514685f3-b809-4b0f-af93-0a895d6f2d03', '1bf97dd2-3904-4c8d-92c5-8bcf6ce20184');
INSERT INTO oneOnOneAnswer(answer, answerOneOnOneIDFK, questionIDFK) VALUES('En general tengo lo necesario, aunque en algunas áreas podría beneficiarme de recursos adicionales para acelerar ciertos procesos.', '1a87fe2e-0d45-4ca0-a94d-4916ae7e0c28', 'ae7d5975-72bd-4f42-8051-e736433f914a');
INSERT INTO oneOnOneAnswer(answer, answerOneOnOneIDFK, questionIDFK) VALUES('La mayoría de las entregas están en línea con el cronograma, aunque se requieren pequeños ajustes en algunas tareas.', '5fa90e1c-a315-4900-8d89-18cf95651c38', '321814e1-5b94-4242-8a75-815bc08c9c33');
INSERT INTO oneOnOneAnswer(answer, answerOneOnOneIDFK, questionIDFK) VALUES('En general tengo lo necesario, aunque en algunas áreas podría beneficiarme de recursos adicionales para acelerar ciertos procesos.', 'a2be7698-4b32-4098-b77f-1439549843e7', '321814e1-5b94-4242-8a75-815bc08c9c33');
INSERT INTO oneOnOneAnswer(answer, answerOneOnOneIDFK, questionIDFK) VALUES('Actualmente estoy enfocado en el desarrollo del proyecto Y, colaborando estrechamente con mi equipo para alcanzar los objetivos.', '262004e0-4935-49b7-94f1-def8f0f9db25', '40731a7f-c6d6-4640-87ca-540e29fdbca6');
INSERT INTO oneOnOneAnswer(answer, answerOneOnOneIDFK, questionIDFK) VALUES('En general, me siento tranquilo, aunque reconozco que en algunas situaciones se presenta algo de estrés que manejo con calma.', '2f9a61f0-5cc0-4c38-a501-802985ccd042', '321814e1-5b94-4242-8a75-815bc08c9c33');
INSERT INTO oneOnOneAnswer(answer, answerOneOnOneIDFK, questionIDFK) VALUES('Planeamos definir un plan de acción detallado, distribuir responsabilidades claramente y realizar seguimientos semanales para ajustar el rumbo si es necesario.', '80e7ad00-1032-4ce1-b4ff-d534b3974046', 'ae7d5975-72bd-4f42-8051-e736433f914a');
INSERT INTO oneOnOneAnswer(answer, answerOneOnOneIDFK, questionIDFK) VALUES('En general tengo lo necesario, aunque en algunas áreas podría beneficiarme de recursos adicionales para acelerar ciertos procesos.', '262004e0-4935-49b7-94f1-def8f0f9db25', '40731a7f-c6d6-4640-87ca-540e29fdbca6');
INSERT INTO oneOnOneAnswer(answer, answerOneOnOneIDFK, questionIDFK) VALUES('En general, me siento tranquilo, aunque reconozco que en algunas situaciones se presenta algo de estrés que manejo con calma.', '6135f679-058b-4e21-8314-217f5059b499', '321814e1-5b94-4242-8a75-815bc08c9c33');
INSERT INTO oneOnOneAnswer(answer, answerOneOnOneIDFK, questionIDFK) VALUES('Me encuentro trabajando en la optimización de procesos internos y en la implementación de mejoras para el próximo trimestre.', '56ccad05-fc0c-4203-a6d6-ce635859fa78', '1bf97dd2-3904-4c8d-92c5-8bcf6ce20184');
INSERT INTO oneOnOneAnswer(answer, answerOneOnOneIDFK, questionIDFK) VALUES('Sí, hubo un imprevisto en la coordinación del equipo, pero logramos resolverlo a tiempo con la colaboración de todos.', 'ce804d32-bc87-4da6-81d8-c2c81552cf26', '1bf97dd2-3904-4c8d-92c5-8bcf6ce20184');
INSERT INTO oneOnOneAnswer(answer, answerOneOnOneIDFK, questionIDFK) VALUES('Estoy satisfecho por haber superado varios desafíos y mejorar mi organización y gestión del tiempo.', 'b34b5089-7687-4687-9094-2c642b4839c8', '1bf97dd2-3904-4c8d-92c5-8bcf6ce20184');
INSERT INTO oneOnOneAnswer(answer, answerOneOnOneIDFK, questionIDFK) VALUES('Quiero concentrarme en perfeccionar mis habilidades técnicas y cumplir con los plazos establecidos en mis tareas.', '6e08e5b7-1e93-462a-bbb9-c1c25e1bdc25', '40731a7f-c6d6-4640-87ca-540e29fdbca6');
INSERT INTO oneOnOneAnswer(answer, answerOneOnOneIDFK, questionIDFK) VALUES('Me siento orgulloso de haber cumplido mis objetivos en el proyecto X, lo que me permitió crecer profesionalmente.', '0c4c4da3-d0e3-4307-b778-0cb2c334ede4', '40731a7f-c6d6-4640-87ca-540e29fdbca6');
INSERT INTO oneOnOneAnswer(answer, answerOneOnOneIDFK, questionIDFK) VALUES('Mi meta es finalizar el proyecto pendiente y comenzar a implementar nuevas estrategias para mejorar la productividad.', '21c67e3e-c10c-4da8-835a-4781985d5980', 'ae7d5975-72bd-4f42-8051-e736433f914a');
INSERT INTO oneOnOneAnswer(answer, answerOneOnOneIDFK, questionIDFK) VALUES('Estoy satisfecho por haber superado varios desafíos y mejorar mi organización y gestión del tiempo.', '04a22723-960b-48d9-8569-969f2f94d2b6', '321814e1-5b94-4242-8a75-815bc08c9c33');
INSERT INTO oneOnOneAnswer(answer, answerOneOnOneIDFK, questionIDFK) VALUES('Mi meta es finalizar el proyecto pendiente y comenzar a implementar nuevas estrategias para mejorar la productividad.', '9d0f44ae-7eb9-44b7-b4ff-3675d4dd300c', '321814e1-5b94-4242-8a75-815bc08c9c33');
INSERT INTO oneOnOneAnswer(answer, answerOneOnOneIDFK, questionIDFK) VALUES('Vamos a fomentar la comunicación continua y a utilizar herramientas de gestión que nos ayuden a monitorear el progreso.', 'ff1be335-90b7-42c1-84d9-8d4cbdb6dd7e', 'ae7d5975-72bd-4f42-8051-e736433f914a');
INSERT INTO oneOnOneAnswer(answer, answerOneOnOneIDFK, questionIDFK) VALUES('Quiero concentrarme en perfeccionar mis habilidades técnicas y cumplir con los plazos establecidos en mis tareas.', '3d16d8e8-5716-4ef5-83d7-4d4ed262bfef', '40731a7f-c6d6-4640-87ca-540e29fdbca6');
INSERT INTO oneOnOneAnswer(answer, answerOneOnOneIDFK, questionIDFK) VALUES('Vamos a fomentar la comunicación continua y a utilizar herramientas de gestión que nos ayuden a monitorear el progreso.', '1c2037de-e84c-40b7-b248-404265c87a8e', '321814e1-5b94-4242-8a75-815bc08c9c33');
INSERT INTO oneOnOneAnswer(answer, answerOneOnOneIDFK, questionIDFK) VALUES('Me encuentro trabajando en la optimización de procesos internos y en la implementación de mejoras para el próximo trimestre.', '6135f679-058b-4e21-8314-217f5059b499', 'ae7d5975-72bd-4f42-8051-e736433f914a');
INSERT INTO oneOnOneAnswer(answer, answerOneOnOneIDFK, questionIDFK) VALUES('Me siento orgulloso de haber cumplido mis objetivos en el proyecto X, lo que me permitió crecer profesionalmente.', '07ca9d68-d927-4538-ba39-1ef4e35543ba', 'ae7d5975-72bd-4f42-8051-e736433f914a');
INSERT INTO oneOnOneAnswer(answer, answerOneOnOneIDFK, questionIDFK) VALUES('Me encuentro trabajando en la optimización de procesos internos y en la implementación de mejoras para el próximo trimestre.', '2b0bd809-03c8-42de-ae8c-7126d7c737af', '1bf97dd2-3904-4c8d-92c5-8bcf6ce20184');
INSERT INTO oneOnOneAnswer(answer, answerOneOnOneIDFK, questionIDFK) VALUES('Estoy satisfecho por haber superado varios desafíos y mejorar mi organización y gestión del tiempo.', '1d883829-48d5-4548-b7e1-398aafb9d7e1', '321814e1-5b94-4242-8a75-815bc08c9c33');
INSERT INTO oneOnOneAnswer(answer, answerOneOnOneIDFK, questionIDFK) VALUES('Me siento orgulloso de haber cumplido mis objetivos en el proyecto X, lo que me permitió crecer profesionalmente.', 'fa4dec0e-4d5a-41e9-986e-d2bb76b05bd2', '40731a7f-c6d6-4640-87ca-540e29fdbca6');
INSERT INTO oneOnOneAnswer(answer, answerOneOnOneIDFK, questionIDFK) VALUES('Vamos a fomentar la comunicación continua y a utilizar herramientas de gestión que nos ayuden a monitorear el progreso.', 'a55a1ac6-da6b-4f8e-8462-391b7cc119ab', '40731a7f-c6d6-4640-87ca-540e29fdbca6');
INSERT INTO oneOnOneAnswer(answer, answerOneOnOneIDFK, questionIDFK) VALUES('Si bien hubo momentos de presión, no me siento decepcionado y estoy enfocado en encontrar soluciones.', '834ca7bd-6723-4e80-8e4c-df66bae74b72', 'ae7d5975-72bd-4f42-8051-e736433f914a');
INSERT INTO oneOnOneAnswer(answer, answerOneOnOneIDFK, questionIDFK) VALUES('Me siento orgulloso de haber cumplido mis objetivos en el proyecto X, lo que me permitió crecer profesionalmente.', '8edaad7d-0d5c-4004-bd38-78c2ba896cdc', '40731a7f-c6d6-4640-87ca-540e29fdbca6');
INSERT INTO oneOnOneAnswer(answer, answerOneOnOneIDFK, questionIDFK) VALUES('Por el momento, estamos cumpliendo los plazos establecidos y el progreso es consistente.', 'e42991c1-f3ac-427c-9694-ba2931c96ddf', '1bf97dd2-3904-4c8d-92c5-8bcf6ce20184');
INSERT INTO oneOnOneAnswer(answer, answerOneOnOneIDFK, questionIDFK) VALUES('Me siento orgulloso de haber cumplido mis objetivos en el proyecto X, lo que me permitió crecer profesionalmente.', '56ccad05-fc0c-4203-a6d6-ce635859fa78', '40731a7f-c6d6-4640-87ca-540e29fdbca6');
INSERT INTO oneOnOneAnswer(answer, answerOneOnOneIDFK, questionIDFK) VALUES('Me siento orgulloso de haber cumplido mis objetivos en el proyecto X, lo que me permitió crecer profesionalmente.', '1a76e6e1-70a3-4442-aa8a-dc333e658864', 'ae7d5975-72bd-4f42-8051-e736433f914a');
INSERT INTO oneOnOneAnswer(answer, answerOneOnOneIDFK, questionIDFK) VALUES('Quiero concentrarme en perfeccionar mis habilidades técnicas y cumplir con los plazos establecidos en mis tareas.', 'd7219e54-ac5c-48b5-999e-ca324c626641', '40731a7f-c6d6-4640-87ca-540e29fdbca6');
INSERT INTO oneOnOneAnswer(answer, answerOneOnOneIDFK, questionIDFK) VALUES('Me siento orgulloso de haber cumplido mis objetivos en el proyecto X, lo que me permitió crecer profesionalmente.', '3c373449-eaf7-4dd7-9ce8-148547be9363', 'ae7d5975-72bd-4f42-8051-e736433f914a');
INSERT INTO oneOnOneAnswer(answer, answerOneOnOneIDFK, questionIDFK) VALUES('En general, me siento tranquilo, aunque reconozco que en algunas situaciones se presenta algo de estrés que manejo con calma.', '04a22723-960b-48d9-8569-969f2f94d2b6', '321814e1-5b94-4242-8a75-815bc08c9c33');
INSERT INTO oneOnOneAnswer(answer, answerOneOnOneIDFK, questionIDFK) VALUES('Sí, hubo un imprevisto en la coordinación del equipo, pero logramos resolverlo a tiempo con la colaboración de todos.', 'c6fe3386-cdc2-4ffd-9d69-29a370f340d9', '1bf97dd2-3904-4c8d-92c5-8bcf6ce20184');
INSERT INTO oneOnOneAnswer(answer, answerOneOnOneIDFK, questionIDFK) VALUES('Vamos a fomentar la comunicación continua y a utilizar herramientas de gestión que nos ayuden a monitorear el progreso.', 'a2be7698-4b32-4098-b77f-1439549843e7', 'ae7d5975-72bd-4f42-8051-e736433f914a');
INSERT INTO oneOnOneAnswer(answer, answerOneOnOneIDFK, questionIDFK) VALUES('Sí, hubo un imprevisto en la coordinación del equipo, pero logramos resolverlo a tiempo con la colaboración de todos.', '3c373449-eaf7-4dd7-9ce8-148547be9363', '321814e1-5b94-4242-8a75-815bc08c9c33');
INSERT INTO oneOnOneAnswer(answer, answerOneOnOneIDFK, questionIDFK) VALUES('Actualmente estoy enfocado en el desarrollo del proyecto Y, colaborando estrechamente con mi equipo para alcanzar los objetivos.', '6135f679-058b-4e21-8314-217f5059b499', '1bf97dd2-3904-4c8d-92c5-8bcf6ce20184');
INSERT INTO oneOnOneAnswer(answer, answerOneOnOneIDFK, questionIDFK) VALUES('Sí, cuento con las herramientas y el apoyo necesario, lo que me permite avanzar sin mayores inconvenientes.', 'e42991c1-f3ac-427c-9694-ba2931c96ddf', 'ae7d5975-72bd-4f42-8051-e736433f914a');
INSERT INTO oneOnOneAnswer(answer, answerOneOnOneIDFK, questionIDFK) VALUES('En general, me siento tranquilo, aunque reconozco que en algunas situaciones se presenta algo de estrés que manejo con calma.', 'd0ef5266-8e82-4a61-b85c-f68dbc684c45', '1bf97dd2-3904-4c8d-92c5-8bcf6ce20184');
INSERT INTO oneOnOneAnswer(answer, answerOneOnOneIDFK, questionIDFK) VALUES('Si bien hubo momentos de presión, no me siento decepcionado y estoy enfocado en encontrar soluciones.', '28562efe-ee46-462d-817a-565ccc9ce1bf', 'ae7d5975-72bd-4f42-8051-e736433f914a');
INSERT INTO oneOnOneAnswer(answer, answerOneOnOneIDFK, questionIDFK) VALUES('En su mayoría la semana fue fluida, aunque surgió una situación que requirió reordenar prioridades, lo cual se solucionó rápidamente.', '9382ece9-deb8-46c0-b7da-ab413e059ead', '40731a7f-c6d6-4640-87ca-540e29fdbca6');
INSERT INTO oneOnOneAnswer(answer, answerOneOnOneIDFK, questionIDFK) VALUES('Planeamos definir un plan de acción detallado, distribuir responsabilidades claramente y realizar seguimientos semanales para ajustar el rumbo si es necesario.', 'e0180ab2-d480-422f-92e5-7cf7cd648f0a', '1bf97dd2-3904-4c8d-92c5-8bcf6ce20184');
INSERT INTO oneOnOneAnswer(answer, answerOneOnOneIDFK, questionIDFK) VALUES('En general, me siento tranquilo, aunque reconozco que en algunas situaciones se presenta algo de estrés que manejo con calma.', '07ca9d68-d927-4538-ba39-1ef4e35543ba', '40731a7f-c6d6-4640-87ca-540e29fdbca6');
INSERT INTO oneOnOneAnswer(answer, answerOneOnOneIDFK, questionIDFK) VALUES('Estoy satisfecho por haber superado varios desafíos y mejorar mi organización y gestión del tiempo.', '1d883829-48d5-4548-b7e1-398aafb9d7e1', '321814e1-5b94-4242-8a75-815bc08c9c33');
INSERT INTO oneOnOneAnswer(answer, answerOneOnOneIDFK, questionIDFK) VALUES('Si bien hubo momentos de presión, no me siento decepcionado y estoy enfocado en encontrar soluciones.', '07ca9d68-d927-4538-ba39-1ef4e35543ba', '40731a7f-c6d6-4640-87ca-540e29fdbca6');
INSERT INTO oneOnOneAnswer(answer, answerOneOnOneIDFK, questionIDFK) VALUES('En general, me siento tranquilo, aunque reconozco que en algunas situaciones se presenta algo de estrés que manejo con calma.', '3c900611-c5b9-4905-bf69-0cc09c4c0022', '40731a7f-c6d6-4640-87ca-540e29fdbca6');
INSERT INTO oneOnOneAnswer(answer, answerOneOnOneIDFK, questionIDFK) VALUES('Sí, hubo un imprevisto en la coordinación del equipo, pero logramos resolverlo a tiempo con la colaboración de todos.', '0c4c4da3-d0e3-4307-b778-0cb2c334ede4', 'ae7d5975-72bd-4f42-8051-e736433f914a');
INSERT INTO oneOnOneAnswer(answer, answerOneOnOneIDFK, questionIDFK) VALUES('En general tengo lo necesario, aunque en algunas áreas podría beneficiarme de recursos adicionales para acelerar ciertos procesos.', '3c900611-c5b9-4905-bf69-0cc09c4c0022', 'ae7d5975-72bd-4f42-8051-e736433f914a');
INSERT INTO oneOnOneAnswer(answer, answerOneOnOneIDFK, questionIDFK) VALUES('Vamos a fomentar la comunicación continua y a utilizar herramientas de gestión que nos ayuden a monitorear el progreso.', '1a76e6e1-70a3-4442-aa8a-dc333e658864', '40731a7f-c6d6-4640-87ca-540e29fdbca6');
INSERT INTO oneOnOneAnswer(answer, answerOneOnOneIDFK, questionIDFK) VALUES('Quiero destacar el esfuerzo y la colaboración de todo el equipo, que ha sido fundamental para alcanzar los objetivos planteados.', '961cd59d-f1b2-44fd-add4-55589b1f8ca2', '321814e1-5b94-4242-8a75-815bc08c9c33');
INSERT INTO oneOnOneAnswer(answer, answerOneOnOneIDFK, questionIDFK) VALUES('Actualmente estoy enfocado en el desarrollo del proyecto Y, colaborando estrechamente con mi equipo para alcanzar los objetivos.', 'ae9834f5-19cc-4372-8c07-e2bbb11501a7', '1bf97dd2-3904-4c8d-92c5-8bcf6ce20184');
INSERT INTO oneOnOneAnswer(answer, answerOneOnOneIDFK, questionIDFK) VALUES('Planeamos definir un plan de acción detallado, distribuir responsabilidades claramente y realizar seguimientos semanales para ajustar el rumbo si es necesario.', '5846e591-d195-4ba8-b6c1-07d5dd270cbb', '40731a7f-c6d6-4640-87ca-540e29fdbca6');
INSERT INTO oneOnOneAnswer(answer, answerOneOnOneIDFK, questionIDFK) VALUES('La mayoría de las entregas están en línea con el cronograma, aunque se requieren pequeños ajustes en algunas tareas.', '04a22723-960b-48d9-8569-969f2f94d2b6', '1bf97dd2-3904-4c8d-92c5-8bcf6ce20184');
INSERT INTO oneOnOneAnswer(answer, answerOneOnOneIDFK, questionIDFK) VALUES('Sí, hubo un imprevisto en la coordinación del equipo, pero logramos resolverlo a tiempo con la colaboración de todos.', '04a22723-960b-48d9-8569-969f2f94d2b6', '1bf97dd2-3904-4c8d-92c5-8bcf6ce20184');
INSERT INTO oneOnOneAnswer(answer, answerOneOnOneIDFK, questionIDFK) VALUES('Sí, hubo un imprevisto en la coordinación del equipo, pero logramos resolverlo a tiempo con la colaboración de todos.', 'b4885525-ae2d-4de5-9c57-ea1a413c9035', '321814e1-5b94-4242-8a75-815bc08c9c33');
INSERT INTO oneOnOneAnswer(answer, answerOneOnOneIDFK, questionIDFK) VALUES('Quiero concentrarme en perfeccionar mis habilidades técnicas y cumplir con los plazos establecidos en mis tareas.', '4b5611d8-a2ce-4e80-8c38-0abd5e2ac13e', '321814e1-5b94-4242-8a75-815bc08c9c33');
INSERT INTO oneOnOneAnswer(answer, answerOneOnOneIDFK, questionIDFK) VALUES('Sí, cuento con las herramientas y el apoyo necesario, lo que me permite avanzar sin mayores inconvenientes.', '3c900611-c5b9-4905-bf69-0cc09c4c0022', '321814e1-5b94-4242-8a75-815bc08c9c33');
INSERT INTO oneOnOneAnswer(answer, answerOneOnOneIDFK, questionIDFK) VALUES('Quiero destacar el esfuerzo y la colaboración de todo el equipo, que ha sido fundamental para alcanzar los objetivos planteados.', 'a2be7698-4b32-4098-b77f-1439549843e7', '1bf97dd2-3904-4c8d-92c5-8bcf6ce20184');
INSERT INTO oneOnOneAnswer(answer, answerOneOnOneIDFK, questionIDFK) VALUES('Planeamos definir un plan de acción detallado, distribuir responsabilidades claramente y realizar seguimientos semanales para ajustar el rumbo si es necesario.', 'aa374ed7-9b79-4fd5-8259-c0cf8f19301b', '321814e1-5b94-4242-8a75-815bc08c9c33');
INSERT INTO oneOnOneAnswer(answer, answerOneOnOneIDFK, questionIDFK) VALUES('En general tengo lo necesario, aunque en algunas áreas podría beneficiarme de recursos adicionales para acelerar ciertos procesos.', 'd5a6bb38-e99b-4b1d-9d09-ddc91b3089ea', '321814e1-5b94-4242-8a75-815bc08c9c33');
INSERT INTO oneOnOneAnswer(answer, answerOneOnOneIDFK, questionIDFK) VALUES('La mayoría de las entregas están en línea con el cronograma, aunque se requieren pequeños ajustes en algunas tareas.', '4a273a21-3750-45f4-ac64-bdf907ed5d78', '40731a7f-c6d6-4640-87ca-540e29fdbca6');
INSERT INTO oneOnOneAnswer(answer, answerOneOnOneIDFK, questionIDFK) VALUES('Si bien hubo momentos de presión, no me siento decepcionado y estoy enfocado en encontrar soluciones.', 'a2be7698-4b32-4098-b77f-1439549843e7', 'ae7d5975-72bd-4f42-8051-e736433f914a');
INSERT INTO oneOnOneAnswer(answer, answerOneOnOneIDFK, questionIDFK) VALUES('Actualmente estoy enfocado en el desarrollo del proyecto Y, colaborando estrechamente con mi equipo para alcanzar los objetivos.', '07ca9d68-d927-4538-ba39-1ef4e35543ba', '1bf97dd2-3904-4c8d-92c5-8bcf6ce20184');
INSERT INTO oneOnOneAnswer(answer, answerOneOnOneIDFK, questionIDFK) VALUES('Si bien hubo momentos de presión, no me siento decepcionado y estoy enfocado en encontrar soluciones.', 'fb15701c-e27e-44dc-89fa-1dfb8e9fe777', '40731a7f-c6d6-4640-87ca-540e29fdbca6');
INSERT INTO oneOnOneAnswer(answer, answerOneOnOneIDFK, questionIDFK) VALUES('Sí, hubo un imprevisto en la coordinación del equipo, pero logramos resolverlo a tiempo con la colaboración de todos.', '9d0f44ae-7eb9-44b7-b4ff-3675d4dd300c', 'ae7d5975-72bd-4f42-8051-e736433f914a');
INSERT INTO oneOnOneAnswer(answer, answerOneOnOneIDFK, questionIDFK) VALUES('Planeamos definir un plan de acción detallado, distribuir responsabilidades claramente y realizar seguimientos semanales para ajustar el rumbo si es necesario.', '4b5611d8-a2ce-4e80-8c38-0abd5e2ac13e', '321814e1-5b94-4242-8a75-815bc08c9c33');
INSERT INTO oneOnOneAnswer(answer, answerOneOnOneIDFK, questionIDFK) VALUES('Me siento orgulloso de haber cumplido mis objetivos en el proyecto X, lo que me permitió crecer profesionalmente.', 'd7219e54-ac5c-48b5-999e-ca324c626641', 'ae7d5975-72bd-4f42-8051-e736433f914a');
INSERT INTO oneOnOneAnswer(answer, answerOneOnOneIDFK, questionIDFK) VALUES('En general tengo lo necesario, aunque en algunas áreas podría beneficiarme de recursos adicionales para acelerar ciertos procesos.', '2b0bd809-03c8-42de-ae8c-7126d7c737af', '321814e1-5b94-4242-8a75-815bc08c9c33');
INSERT INTO oneOnOneAnswer(answer, answerOneOnOneIDFK, questionIDFK) VALUES('En su mayoría la semana fue fluida, aunque surgió una situación que requirió reordenar prioridades, lo cual se solucionó rápidamente.', '4a273a21-3750-45f4-ac64-bdf907ed5d78', 'ae7d5975-72bd-4f42-8051-e736433f914a');
INSERT INTO oneOnOneAnswer(answer, answerOneOnOneIDFK, questionIDFK) VALUES('Sí, hubo un imprevisto en la coordinación del equipo, pero logramos resolverlo a tiempo con la colaboración de todos.', 'a2be7698-4b32-4098-b77f-1439549843e7', '1bf97dd2-3904-4c8d-92c5-8bcf6ce20184');
INSERT INTO oneOnOneAnswer(answer, answerOneOnOneIDFK, questionIDFK) VALUES('La mayoría de las entregas están en línea con el cronograma, aunque se requieren pequeños ajustes en algunas tareas.', '514685f3-b809-4b0f-af93-0a895d6f2d03', '40731a7f-c6d6-4640-87ca-540e29fdbca6');
INSERT INTO oneOnOneAnswer(answer, answerOneOnOneIDFK, questionIDFK) VALUES('Si bien hubo momentos de presión, no me siento decepcionado y estoy enfocado en encontrar soluciones.', '5846e591-d195-4ba8-b6c1-07d5dd270cbb', '40731a7f-c6d6-4640-87ca-540e29fdbca6');
INSERT INTO oneOnOneAnswer(answer, answerOneOnOneIDFK, questionIDFK) VALUES('La mayoría de las entregas están en línea con el cronograma, aunque se requieren pequeños ajustes en algunas tareas.', 'b4885525-ae2d-4de5-9c57-ea1a413c9035', '321814e1-5b94-4242-8a75-815bc08c9c33');
INSERT INTO oneOnOneAnswer(answer, answerOneOnOneIDFK, questionIDFK) VALUES('En general, me siento tranquilo, aunque reconozco que en algunas situaciones se presenta algo de estrés que manejo con calma.', '9d0f44ae-7eb9-44b7-b4ff-3675d4dd300c', 'ae7d5975-72bd-4f42-8051-e736433f914a');
INSERT INTO oneOnOneAnswer(answer, answerOneOnOneIDFK, questionIDFK) VALUES('Planeamos definir un plan de acción detallado, distribuir responsabilidades claramente y realizar seguimientos semanales para ajustar el rumbo si es necesario.', '4a273a21-3750-45f4-ac64-bdf907ed5d78', '1bf97dd2-3904-4c8d-92c5-8bcf6ce20184');
INSERT INTO oneOnOneAnswer(answer, answerOneOnOneIDFK, questionIDFK) VALUES('Sí, hubo un imprevisto en la coordinación del equipo, pero logramos resolverlo a tiempo con la colaboración de todos.', '514685f3-b809-4b0f-af93-0a895d6f2d03', '321814e1-5b94-4242-8a75-815bc08c9c33');
INSERT INTO oneOnOneAnswer(answer, answerOneOnOneIDFK, questionIDFK) VALUES('Estoy satisfecho por haber superado varios desafíos y mejorar mi organización y gestión del tiempo.', 'b4885525-ae2d-4de5-9c57-ea1a413c9035', 'ae7d5975-72bd-4f42-8051-e736433f914a');
INSERT INTO oneOnOneAnswer(answer, answerOneOnOneIDFK, questionIDFK) VALUES('Estoy satisfecho por haber superado varios desafíos y mejorar mi organización y gestión del tiempo.', 'c6fe3386-cdc2-4ffd-9d69-29a370f340d9', 'ae7d5975-72bd-4f42-8051-e736433f914a');
INSERT INTO oneOnOneAnswer(answer, answerOneOnOneIDFK, questionIDFK) VALUES('En general tengo lo necesario, aunque en algunas áreas podría beneficiarme de recursos adicionales para acelerar ciertos procesos.', 'c6fe3386-cdc2-4ffd-9d69-29a370f340d9', '321814e1-5b94-4242-8a75-815bc08c9c33');
INSERT INTO oneOnOneAnswer(answer, answerOneOnOneIDFK, questionIDFK) VALUES('Por el momento, estamos cumpliendo los plazos establecidos y el progreso es consistente.', '3658618b-b1fc-4b3d-9ed7-610f8aad5f13', 'ae7d5975-72bd-4f42-8051-e736433f914a');
INSERT INTO oneOnOneAnswer(answer, answerOneOnOneIDFK, questionIDFK) VALUES('Si bien hubo momentos de presión, no me siento decepcionado y estoy enfocado en encontrar soluciones.', 'd7219e54-ac5c-48b5-999e-ca324c626641', 'ae7d5975-72bd-4f42-8051-e736433f914a');
INSERT INTO oneOnOneAnswer(answer, answerOneOnOneIDFK, questionIDFK) VALUES('Me siento orgulloso de haber cumplido mis objetivos en el proyecto X, lo que me permitió crecer profesionalmente.', 'd5a6bb38-e99b-4b1d-9d09-ddc91b3089ea', 'ae7d5975-72bd-4f42-8051-e736433f914a');
INSERT INTO oneOnOneAnswer(answer, answerOneOnOneIDFK, questionIDFK) VALUES('Actualmente estoy enfocado en el desarrollo del proyecto Y, colaborando estrechamente con mi equipo para alcanzar los objetivos.', '4a273a21-3750-45f4-ac64-bdf907ed5d78', '1bf97dd2-3904-4c8d-92c5-8bcf6ce20184');
INSERT INTO oneOnOneAnswer(answer, answerOneOnOneIDFK, questionIDFK) VALUES('Mi meta es finalizar el proyecto pendiente y comenzar a implementar nuevas estrategias para mejorar la productividad.', '8edaad7d-0d5c-4004-bd38-78c2ba896cdc', 'ae7d5975-72bd-4f42-8051-e736433f914a');
INSERT INTO oneOnOneAnswer(answer, answerOneOnOneIDFK, questionIDFK) VALUES('La mayoría de las entregas están en línea con el cronograma, aunque se requieren pequeños ajustes en algunas tareas.', '21c67e3e-c10c-4da8-835a-4781985d5980', '1bf97dd2-3904-4c8d-92c5-8bcf6ce20184');
INSERT INTO oneOnOneAnswer(answer, answerOneOnOneIDFK, questionIDFK) VALUES('Planeamos definir un plan de acción detallado, distribuir responsabilidades claramente y realizar seguimientos semanales para ajustar el rumbo si es necesario.', '5fa90e1c-a315-4900-8d89-18cf95651c38', '40731a7f-c6d6-4640-87ca-540e29fdbca6');
INSERT INTO oneOnOneAnswer(answer, answerOneOnOneIDFK, questionIDFK) VALUES('Vamos a fomentar la comunicación continua y a utilizar herramientas de gestión que nos ayuden a monitorear el progreso.', '514685f3-b809-4b0f-af93-0a895d6f2d03', '321814e1-5b94-4242-8a75-815bc08c9c33');
INSERT INTO oneOnOneAnswer(answer, answerOneOnOneIDFK, questionIDFK) VALUES('Actualmente estoy enfocado en el desarrollo del proyecto Y, colaborando estrechamente con mi equipo para alcanzar los objetivos.', 'c7ca3307-0c98-4f87-a7df-d62b371d10c9', '321814e1-5b94-4242-8a75-815bc08c9c33');
INSERT INTO oneOnOneAnswer(answer, answerOneOnOneIDFK, questionIDFK) VALUES('Vamos a fomentar la comunicación continua y a utilizar herramientas de gestión que nos ayuden a monitorear el progreso.', '0c4c4da3-d0e3-4307-b778-0cb2c334ede4', '321814e1-5b94-4242-8a75-815bc08c9c33');
INSERT INTO oneOnOneAnswer(answer, answerOneOnOneIDFK, questionIDFK) VALUES('Me siento orgulloso de haber cumplido mis objetivos en el proyecto X, lo que me permitió crecer profesionalmente.', '4b5611d8-a2ce-4e80-8c38-0abd5e2ac13e', 'ae7d5975-72bd-4f42-8051-e736433f914a');
INSERT INTO oneOnOneAnswer(answer, answerOneOnOneIDFK, questionIDFK) VALUES('Me encuentro trabajando en la optimización de procesos internos y en la implementación de mejoras para el próximo trimestre.', '04a22723-960b-48d9-8569-969f2f94d2b6', '40731a7f-c6d6-4640-87ca-540e29fdbca6');
INSERT INTO oneOnOneAnswer(answer, answerOneOnOneIDFK, questionIDFK) VALUES('Por el momento, estamos cumpliendo los plazos establecidos y el progreso es consistente.', 'f992a8e3-ace9-4f3d-9e6a-a17184185766', 'ae7d5975-72bd-4f42-8051-e736433f914a');
INSERT INTO oneOnOneAnswer(answer, answerOneOnOneIDFK, questionIDFK) VALUES('Mi meta es finalizar el proyecto pendiente y comenzar a implementar nuevas estrategias para mejorar la productividad.', 'ff1be335-90b7-42c1-84d9-8d4cbdb6dd7e', '40731a7f-c6d6-4640-87ca-540e29fdbca6');
INSERT INTO oneOnOneAnswer(answer, answerOneOnOneIDFK, questionIDFK) VALUES('Me siento orgulloso de haber cumplido mis objetivos en el proyecto X, lo que me permitió crecer profesionalmente.', 'c7ca3307-0c98-4f87-a7df-d62b371d10c9', 'ae7d5975-72bd-4f42-8051-e736433f914a');
INSERT INTO oneOnOneAnswer(answer, answerOneOnOneIDFK, questionIDFK) VALUES('Estoy satisfecho por haber superado varios desafíos y mejorar mi organización y gestión del tiempo.', 'd7219e54-ac5c-48b5-999e-ca324c626641', '40731a7f-c6d6-4640-87ca-540e29fdbca6');
INSERT INTO oneOnOneAnswer(answer, answerOneOnOneIDFK, questionIDFK) VALUES('Sí, hubo un imprevisto en la coordinación del equipo, pero logramos resolverlo a tiempo con la colaboración de todos.', 'ae64c371-157d-4419-9c65-9fb6075d2d9f', '40731a7f-c6d6-4640-87ca-540e29fdbca6');
INSERT INTO oneOnOneAnswer(answer, answerOneOnOneIDFK, questionIDFK) VALUES('En general, me siento tranquilo, aunque reconozco que en algunas situaciones se presenta algo de estrés que manejo con calma.', '5f72bf89-162f-4c56-8849-bef74d601e70', '321814e1-5b94-4242-8a75-815bc08c9c33');
INSERT INTO oneOnOneAnswer(answer, answerOneOnOneIDFK, questionIDFK) VALUES('Sí, hubo un imprevisto en la coordinación del equipo, pero logramos resolverlo a tiempo con la colaboración de todos.', 'a93346f6-8118-4940-879d-7d8bbe4409fc', 'ae7d5975-72bd-4f42-8051-e736433f914a');
INSERT INTO oneOnOneAnswer(answer, answerOneOnOneIDFK, questionIDFK) VALUES('Por el momento, estamos cumpliendo los plazos establecidos y el progreso es consistente.', '961cd59d-f1b2-44fd-add4-55589b1f8ca2', '40731a7f-c6d6-4640-87ca-540e29fdbca6');
INSERT INTO oneOnOneAnswer(answer, answerOneOnOneIDFK, questionIDFK) VALUES('Quiero destacar el esfuerzo y la colaboración de todo el equipo, que ha sido fundamental para alcanzar los objetivos planteados.', '0c4c4da3-d0e3-4307-b778-0cb2c334ede4', '40731a7f-c6d6-4640-87ca-540e29fdbca6');
INSERT INTO oneOnOneAnswer(answer, answerOneOnOneIDFK, questionIDFK) VALUES('Planeamos definir un plan de acción detallado, distribuir responsabilidades claramente y realizar seguimientos semanales para ajustar el rumbo si es necesario.', '961cd59d-f1b2-44fd-add4-55589b1f8ca2', 'ae7d5975-72bd-4f42-8051-e736433f914a');
INSERT INTO oneOnOneAnswer(answer, answerOneOnOneIDFK, questionIDFK) VALUES('Mi meta es finalizar el proyecto pendiente y comenzar a implementar nuevas estrategias para mejorar la productividad.', '3c373449-eaf7-4dd7-9ce8-148547be9363', '1bf97dd2-3904-4c8d-92c5-8bcf6ce20184');
INSERT INTO oneOnOneAnswer(answer, answerOneOnOneIDFK, questionIDFK) VALUES('Por el momento, estamos cumpliendo los plazos establecidos y el progreso es consistente.', '6e08e5b7-1e93-462a-bbb9-c1c25e1bdc25', 'ae7d5975-72bd-4f42-8051-e736433f914a');
INSERT INTO oneOnOneAnswer(answer, answerOneOnOneIDFK, questionIDFK) VALUES('En general, me siento tranquilo, aunque reconozco que en algunas situaciones se presenta algo de estrés que manejo con calma.', 'e0180ab2-d480-422f-92e5-7cf7cd648f0a', 'ae7d5975-72bd-4f42-8051-e736433f914a');
INSERT INTO oneOnOneAnswer(answer, answerOneOnOneIDFK, questionIDFK) VALUES('Planeamos definir un plan de acción detallado, distribuir responsabilidades claramente y realizar seguimientos semanales para ajustar el rumbo si es necesario.', 'aa374ed7-9b79-4fd5-8259-c0cf8f19301b', 'ae7d5975-72bd-4f42-8051-e736433f914a');
INSERT INTO oneOnOneAnswer(answer, answerOneOnOneIDFK, questionIDFK) VALUES('Me encuentro trabajando en la optimización de procesos internos y en la implementación de mejoras para el próximo trimestre.', '3c900611-c5b9-4905-bf69-0cc09c4c0022', '1bf97dd2-3904-4c8d-92c5-8bcf6ce20184');
INSERT INTO oneOnOneAnswer(answer, answerOneOnOneIDFK, questionIDFK) VALUES('En general tengo lo necesario, aunque en algunas áreas podría beneficiarme de recursos adicionales para acelerar ciertos procesos.', '9d0f44ae-7eb9-44b7-b4ff-3675d4dd300c', '1bf97dd2-3904-4c8d-92c5-8bcf6ce20184');
INSERT INTO oneOnOneAnswer(answer, answerOneOnOneIDFK, questionIDFK) VALUES('La mayoría de las entregas están en línea con el cronograma, aunque se requieren pequeños ajustes en algunas tareas.', 'd7219e54-ac5c-48b5-999e-ca324c626641', '40731a7f-c6d6-4640-87ca-540e29fdbca6');
INSERT INTO oneOnOneAnswer(answer, answerOneOnOneIDFK, questionIDFK) VALUES('Si bien hubo momentos de presión, no me siento decepcionado y estoy enfocado en encontrar soluciones.', 'e8e7983d-c162-4a79-8cf3-5b3aeda926fb', '40731a7f-c6d6-4640-87ca-540e29fdbca6');
INSERT INTO oneOnOneAnswer(answer, answerOneOnOneIDFK, questionIDFK) VALUES('Sí, hubo un imprevisto en la coordinación del equipo, pero logramos resolverlo a tiempo con la colaboración de todos.', '4b5611d8-a2ce-4e80-8c38-0abd5e2ac13e', 'ae7d5975-72bd-4f42-8051-e736433f914a');
INSERT INTO oneOnOneAnswer(answer, answerOneOnOneIDFK, questionIDFK) VALUES('Por el momento, estamos cumpliendo los plazos establecidos y el progreso es consistente.', 'a55a1ac6-da6b-4f8e-8462-391b7cc119ab', 'ae7d5975-72bd-4f42-8051-e736433f914a');
INSERT INTO oneOnOneAnswer(answer, answerOneOnOneIDFK, questionIDFK) VALUES('Estoy satisfecho por haber superado varios desafíos y mejorar mi organización y gestión del tiempo.', '07ca9d68-d927-4538-ba39-1ef4e35543ba', '40731a7f-c6d6-4640-87ca-540e29fdbca6');
INSERT INTO oneOnOneAnswer(answer, answerOneOnOneIDFK, questionIDFK) VALUES('Por el momento, estamos cumpliendo los plazos establecidos y el progreso es consistente.', '28562efe-ee46-462d-817a-565ccc9ce1bf', '321814e1-5b94-4242-8a75-815bc08c9c33');
INSERT INTO oneOnOneAnswer(answer, answerOneOnOneIDFK, questionIDFK) VALUES('Mi meta es finalizar el proyecto pendiente y comenzar a implementar nuevas estrategias para mejorar la productividad.', '28562efe-ee46-462d-817a-565ccc9ce1bf', 'ae7d5975-72bd-4f42-8051-e736433f914a');
INSERT INTO oneOnOneAnswer(answer, answerOneOnOneIDFK, questionIDFK) VALUES('Quiero destacar el esfuerzo y la colaboración de todo el equipo, que ha sido fundamental para alcanzar los objetivos planteados.', '3658618b-b1fc-4b3d-9ed7-610f8aad5f13', '1bf97dd2-3904-4c8d-92c5-8bcf6ce20184');
INSERT INTO oneOnOneAnswer(answer, answerOneOnOneIDFK, questionIDFK) VALUES('Me siento orgulloso de haber cumplido mis objetivos en el proyecto X, lo que me permitió crecer profesionalmente.', '21c67e3e-c10c-4da8-835a-4781985d5980', '321814e1-5b94-4242-8a75-815bc08c9c33');
INSERT INTO oneOnOneAnswer(answer, answerOneOnOneIDFK, questionIDFK) VALUES('Planeamos definir un plan de acción detallado, distribuir responsabilidades claramente y realizar seguimientos semanales para ajustar el rumbo si es necesario.', '4a273a21-3750-45f4-ac64-bdf907ed5d78', '1bf97dd2-3904-4c8d-92c5-8bcf6ce20184');
INSERT INTO oneOnOneAnswer(answer, answerOneOnOneIDFK, questionIDFK) VALUES('La mayoría de las entregas están en línea con el cronograma, aunque se requieren pequeños ajustes en algunas tareas.', 'd7219e54-ac5c-48b5-999e-ca324c626641', '1bf97dd2-3904-4c8d-92c5-8bcf6ce20184');
INSERT INTO oneOnOneAnswer(answer, answerOneOnOneIDFK, questionIDFK) VALUES('Planeamos definir un plan de acción detallado, distribuir responsabilidades claramente y realizar seguimientos semanales para ajustar el rumbo si es necesario.', 'c6fe3386-cdc2-4ffd-9d69-29a370f340d9', '40731a7f-c6d6-4640-87ca-540e29fdbca6');
INSERT INTO oneOnOneAnswer(answer, answerOneOnOneIDFK, questionIDFK) VALUES('En general tengo lo necesario, aunque en algunas áreas podría beneficiarme de recursos adicionales para acelerar ciertos procesos.', 'ba387436-2f41-4abe-8bc0-af2f5f6c0759', '1bf97dd2-3904-4c8d-92c5-8bcf6ce20184');
INSERT INTO oneOnOneAnswer(answer, answerOneOnOneIDFK, questionIDFK) VALUES('Sí, cuento con las herramientas y el apoyo necesario, lo que me permite avanzar sin mayores inconvenientes.', 'd7219e54-ac5c-48b5-999e-ca324c626641', '321814e1-5b94-4242-8a75-815bc08c9c33');
INSERT INTO oneOnOneAnswer(answer, answerOneOnOneIDFK, questionIDFK) VALUES('Estoy satisfecho por haber superado varios desafíos y mejorar mi organización y gestión del tiempo.', '6135f679-058b-4e21-8314-217f5059b499', '1bf97dd2-3904-4c8d-92c5-8bcf6ce20184');
INSERT INTO oneOnOneAnswer(answer, answerOneOnOneIDFK, questionIDFK) VALUES('Me encuentro trabajando en la optimización de procesos internos y en la implementación de mejoras para el próximo trimestre.', 'a22f6371-92bb-4a8c-b40a-978496e03654', '1bf97dd2-3904-4c8d-92c5-8bcf6ce20184');
INSERT INTO oneOnOneAnswer(answer, answerOneOnOneIDFK, questionIDFK) VALUES('Estoy satisfecho por haber superado varios desafíos y mejorar mi organización y gestión del tiempo.', '8edaad7d-0d5c-4004-bd38-78c2ba896cdc', '321814e1-5b94-4242-8a75-815bc08c9c33');
INSERT INTO oneOnOneAnswer(answer, answerOneOnOneIDFK, questionIDFK) VALUES('Vamos a fomentar la comunicación continua y a utilizar herramientas de gestión que nos ayuden a monitorear el progreso.', '8edaad7d-0d5c-4004-bd38-78c2ba896cdc', '321814e1-5b94-4242-8a75-815bc08c9c33');
INSERT INTO oneOnOneAnswer(answer, answerOneOnOneIDFK, questionIDFK) VALUES('Sí, hubo un imprevisto en la coordinación del equipo, pero logramos resolverlo a tiempo con la colaboración de todos.', '41d71e55-1072-4d53-9901-ef33af53f721', '321814e1-5b94-4242-8a75-815bc08c9c33');
INSERT INTO oneOnOneAnswer(answer, answerOneOnOneIDFK, questionIDFK) VALUES('Quiero destacar el esfuerzo y la colaboración de todo el equipo, que ha sido fundamental para alcanzar los objetivos planteados.', 'c6fe3386-cdc2-4ffd-9d69-29a370f340d9', '40731a7f-c6d6-4640-87ca-540e29fdbca6');
INSERT INTO oneOnOneAnswer(answer, answerOneOnOneIDFK, questionIDFK) VALUES('Si bien hubo momentos de presión, no me siento decepcionado y estoy enfocado en encontrar soluciones.', '3c373449-eaf7-4dd7-9ce8-148547be9363', '1bf97dd2-3904-4c8d-92c5-8bcf6ce20184');
INSERT INTO oneOnOneAnswer(answer, answerOneOnOneIDFK, questionIDFK) VALUES('Mi meta es finalizar el proyecto pendiente y comenzar a implementar nuevas estrategias para mejorar la productividad.', '4a273a21-3750-45f4-ac64-bdf907ed5d78', '321814e1-5b94-4242-8a75-815bc08c9c33');
INSERT INTO oneOnOneAnswer(answer, answerOneOnOneIDFK, questionIDFK) VALUES('La mayoría de las entregas están en línea con el cronograma, aunque se requieren pequeños ajustes en algunas tareas.', '4a273a21-3750-45f4-ac64-bdf907ed5d78', '40731a7f-c6d6-4640-87ca-540e29fdbca6');
INSERT INTO oneOnOneAnswer(answer, answerOneOnOneIDFK, questionIDFK) VALUES('Si bien hubo momentos de presión, no me siento decepcionado y estoy enfocado en encontrar soluciones.', 'e42991c1-f3ac-427c-9694-ba2931c96ddf', '1bf97dd2-3904-4c8d-92c5-8bcf6ce20184');
INSERT INTO oneOnOneAnswer(answer, answerOneOnOneIDFK, questionIDFK) VALUES('En su mayoría la semana fue fluida, aunque surgió una situación que requirió reordenar prioridades, lo cual se solucionó rápidamente.', '2b0bd809-03c8-42de-ae8c-7126d7c737af', 'ae7d5975-72bd-4f42-8051-e736433f914a');
INSERT INTO oneOnOneAnswer(answer, answerOneOnOneIDFK, questionIDFK) VALUES('En general tengo lo necesario, aunque en algunas áreas podría beneficiarme de recursos adicionales para acelerar ciertos procesos.', '28562efe-ee46-462d-817a-565ccc9ce1bf', 'ae7d5975-72bd-4f42-8051-e736433f914a');

INSERT INTO oneOnOneMeasure(evaluation, measureOneOnOneIDFK, measurableIDFK) VALUES('5', 'ea5176f4-0ed4-4ed0-9292-c7f9bdd2d2c6', '39af57d5-3d6a-4bc8-b907-aa3a8ba01c6b');
INSERT INTO oneOnOneMeasure(evaluation, measureOneOnOneIDFK, measurableIDFK) VALUES('3', '4b5611d8-a2ce-4e80-8c38-0abd5e2ac13e', 'c345cbc6-a445-45da-a73b-6343e04334c2');
INSERT INTO oneOnOneMeasure(evaluation, measureOneOnOneIDFK, measurableIDFK) VALUES('1', '21c67e3e-c10c-4da8-835a-4781985d5980', 'c345cbc6-a445-45da-a73b-6343e04334c2');
INSERT INTO oneOnOneMeasure(evaluation, measureOneOnOneIDFK, measurableIDFK) VALUES('3', 'ca65a4a6-98e2-4b20-861f-d69718683ffb', 'c345cbc6-a445-45da-a73b-6343e04334c2');
INSERT INTO oneOnOneMeasure(evaluation, measureOneOnOneIDFK, measurableIDFK) VALUES('3', 'ee7f9cd0-3a4d-453b-b47c-54f5537593a7', 'e2df8a14-2154-49a3-b049-2f4c7cd66776');
INSERT INTO oneOnOneMeasure(evaluation, measureOneOnOneIDFK, measurableIDFK) VALUES('4', '1c2037de-e84c-40b7-b248-404265c87a8e', '39af57d5-3d6a-4bc8-b907-aa3a8ba01c6b');
INSERT INTO oneOnOneMeasure(evaluation, measureOneOnOneIDFK, measurableIDFK) VALUES('4', '21c67e3e-c10c-4da8-835a-4781985d5980', 'e2df8a14-2154-49a3-b049-2f4c7cd66776');
INSERT INTO oneOnOneMeasure(evaluation, measureOneOnOneIDFK, measurableIDFK) VALUES('4', '04a22723-960b-48d9-8569-969f2f94d2b6', 'e2df8a14-2154-49a3-b049-2f4c7cd66776');
INSERT INTO oneOnOneMeasure(evaluation, measureOneOnOneIDFK, measurableIDFK) VALUES('3', '21c67e3e-c10c-4da8-835a-4781985d5980', 'e2df8a14-2154-49a3-b049-2f4c7cd66776');
INSERT INTO oneOnOneMeasure(evaluation, measureOneOnOneIDFK, measurableIDFK) VALUES('4', '4a273a21-3750-45f4-ac64-bdf907ed5d78', '308c7eb9-2f2e-435f-ba7f-35e2f5891ba5');
INSERT INTO oneOnOneMeasure(evaluation, measureOneOnOneIDFK, measurableIDFK) VALUES('3', 'a55a1ac6-da6b-4f8e-8462-391b7cc119ab', '308c7eb9-2f2e-435f-ba7f-35e2f5891ba5');
INSERT INTO oneOnOneMeasure(evaluation, measureOneOnOneIDFK, measurableIDFK) VALUES('4', '262004e0-4935-49b7-94f1-def8f0f9db25', '39af57d5-3d6a-4bc8-b907-aa3a8ba01c6b');
INSERT INTO oneOnOneMeasure(evaluation, measureOneOnOneIDFK, measurableIDFK) VALUES('3', 'b34b5089-7687-4687-9094-2c642b4839c8', 'e2df8a14-2154-49a3-b049-2f4c7cd66776');
INSERT INTO oneOnOneMeasure(evaluation, measureOneOnOneIDFK, measurableIDFK) VALUES('2', 'f992a8e3-ace9-4f3d-9e6a-a17184185766', '39af57d5-3d6a-4bc8-b907-aa3a8ba01c6b');
INSERT INTO oneOnOneMeasure(evaluation, measureOneOnOneIDFK, measurableIDFK) VALUES('1', '3c900611-c5b9-4905-bf69-0cc09c4c0022', 'e2df8a14-2154-49a3-b049-2f4c7cd66776');
INSERT INTO oneOnOneMeasure(evaluation, measureOneOnOneIDFK, measurableIDFK) VALUES('2', '1d883829-48d5-4548-b7e1-398aafb9d7e1', '308c7eb9-2f2e-435f-ba7f-35e2f5891ba5');
INSERT INTO oneOnOneMeasure(evaluation, measureOneOnOneIDFK, measurableIDFK) VALUES('3', 'fb15701c-e27e-44dc-89fa-1dfb8e9fe777', 'e2df8a14-2154-49a3-b049-2f4c7cd66776');
INSERT INTO oneOnOneMeasure(evaluation, measureOneOnOneIDFK, measurableIDFK) VALUES('4', 'ce804d32-bc87-4da6-81d8-c2c81552cf26', 'e2df8a14-2154-49a3-b049-2f4c7cd66776');
INSERT INTO oneOnOneMeasure(evaluation, measureOneOnOneIDFK, measurableIDFK) VALUES('5', 'ba387436-2f41-4abe-8bc0-af2f5f6c0759', 'c345cbc6-a445-45da-a73b-6343e04334c2');
INSERT INTO oneOnOneMeasure(evaluation, measureOneOnOneIDFK, measurableIDFK) VALUES('2', 'a22f6371-92bb-4a8c-b40a-978496e03654', 'f1e24a8c-aa83-4354-bd1e-f4d9891e0916');
INSERT INTO oneOnOneMeasure(evaluation, measureOneOnOneIDFK, measurableIDFK) VALUES('5', 'd5a6bb38-e99b-4b1d-9d09-ddc91b3089ea', '308c7eb9-2f2e-435f-ba7f-35e2f5891ba5');
INSERT INTO oneOnOneMeasure(evaluation, measureOneOnOneIDFK, measurableIDFK) VALUES('5', '514685f3-b809-4b0f-af93-0a895d6f2d03', 'c345cbc6-a445-45da-a73b-6343e04334c2');
INSERT INTO oneOnOneMeasure(evaluation, measureOneOnOneIDFK, measurableIDFK) VALUES('2', 'ea5176f4-0ed4-4ed0-9292-c7f9bdd2d2c6', 'c345cbc6-a445-45da-a73b-6343e04334c2');
INSERT INTO oneOnOneMeasure(evaluation, measureOneOnOneIDFK, measurableIDFK) VALUES('5', '41d71e55-1072-4d53-9901-ef33af53f721', '308c7eb9-2f2e-435f-ba7f-35e2f5891ba5');
INSERT INTO oneOnOneMeasure(evaluation, measureOneOnOneIDFK, measurableIDFK) VALUES('1', '0c4c4da3-d0e3-4307-b778-0cb2c334ede4', 'f1e24a8c-aa83-4354-bd1e-f4d9891e0916');
INSERT INTO oneOnOneMeasure(evaluation, measureOneOnOneIDFK, measurableIDFK) VALUES('3', '6135f679-058b-4e21-8314-217f5059b499', 'e2df8a14-2154-49a3-b049-2f4c7cd66776');
INSERT INTO oneOnOneMeasure(evaluation, measureOneOnOneIDFK, measurableIDFK) VALUES('2', '6135f679-058b-4e21-8314-217f5059b499', 'c345cbc6-a445-45da-a73b-6343e04334c2');
INSERT INTO oneOnOneMeasure(evaluation, measureOneOnOneIDFK, measurableIDFK) VALUES('1', '645a5d6e-e4ba-4e11-bde5-21cc0d78fa0b', '39af57d5-3d6a-4bc8-b907-aa3a8ba01c6b');
INSERT INTO oneOnOneMeasure(evaluation, measureOneOnOneIDFK, measurableIDFK) VALUES('3', '1c2037de-e84c-40b7-b248-404265c87a8e', '39af57d5-3d6a-4bc8-b907-aa3a8ba01c6b');
INSERT INTO oneOnOneMeasure(evaluation, measureOneOnOneIDFK, measurableIDFK) VALUES('2', '28562efe-ee46-462d-817a-565ccc9ce1bf', 'e2df8a14-2154-49a3-b049-2f4c7cd66776');
INSERT INTO oneOnOneMeasure(evaluation, measureOneOnOneIDFK, measurableIDFK) VALUES('4', '514685f3-b809-4b0f-af93-0a895d6f2d03', '39af57d5-3d6a-4bc8-b907-aa3a8ba01c6b');
INSERT INTO oneOnOneMeasure(evaluation, measureOneOnOneIDFK, measurableIDFK) VALUES('4', '2f9a61f0-5cc0-4c38-a501-802985ccd042', 'e2df8a14-2154-49a3-b049-2f4c7cd66776');
INSERT INTO oneOnOneMeasure(evaluation, measureOneOnOneIDFK, measurableIDFK) VALUES('2', '2f9a61f0-5cc0-4c38-a501-802985ccd042', '308c7eb9-2f2e-435f-ba7f-35e2f5891ba5');
INSERT INTO oneOnOneMeasure(evaluation, measureOneOnOneIDFK, measurableIDFK) VALUES('1', '828b9720-e611-474c-bd62-31cc1c694053', 'e2df8a14-2154-49a3-b049-2f4c7cd66776');
INSERT INTO oneOnOneMeasure(evaluation, measureOneOnOneIDFK, measurableIDFK) VALUES('2', 'a55a1ac6-da6b-4f8e-8462-391b7cc119ab', '308c7eb9-2f2e-435f-ba7f-35e2f5891ba5');
INSERT INTO oneOnOneMeasure(evaluation, measureOneOnOneIDFK, measurableIDFK) VALUES('1', '9fbdd7fa-f7c4-431e-bf9a-9e5b7ab7652c', 'c345cbc6-a445-45da-a73b-6343e04334c2');
INSERT INTO oneOnOneMeasure(evaluation, measureOneOnOneIDFK, measurableIDFK) VALUES('3', '8c48b2bd-15cf-4755-a2bf-d70f16a3bd1b', '39af57d5-3d6a-4bc8-b907-aa3a8ba01c6b');
INSERT INTO oneOnOneMeasure(evaluation, measureOneOnOneIDFK, measurableIDFK) VALUES('5', '28562efe-ee46-462d-817a-565ccc9ce1bf', '308c7eb9-2f2e-435f-ba7f-35e2f5891ba5');
INSERT INTO oneOnOneMeasure(evaluation, measureOneOnOneIDFK, measurableIDFK) VALUES('1', '80e7ad00-1032-4ce1-b4ff-d534b3974046', 'c345cbc6-a445-45da-a73b-6343e04334c2');
INSERT INTO oneOnOneMeasure(evaluation, measureOneOnOneIDFK, measurableIDFK) VALUES('2', '3d16d8e8-5716-4ef5-83d7-4d4ed262bfef', '308c7eb9-2f2e-435f-ba7f-35e2f5891ba5');
INSERT INTO oneOnOneMeasure(evaluation, measureOneOnOneIDFK, measurableIDFK) VALUES('3', '5fa90e1c-a315-4900-8d89-18cf95651c38', 'e2df8a14-2154-49a3-b049-2f4c7cd66776');
INSERT INTO oneOnOneMeasure(evaluation, measureOneOnOneIDFK, measurableIDFK) VALUES('2', '28562efe-ee46-462d-817a-565ccc9ce1bf', 'e2df8a14-2154-49a3-b049-2f4c7cd66776');
INSERT INTO oneOnOneMeasure(evaluation, measureOneOnOneIDFK, measurableIDFK) VALUES('1', '3c373449-eaf7-4dd7-9ce8-148547be9363', 'f1e24a8c-aa83-4354-bd1e-f4d9891e0916');
INSERT INTO oneOnOneMeasure(evaluation, measureOneOnOneIDFK, measurableIDFK) VALUES('4', '0c4c4da3-d0e3-4307-b778-0cb2c334ede4', '308c7eb9-2f2e-435f-ba7f-35e2f5891ba5');
INSERT INTO oneOnOneMeasure(evaluation, measureOneOnOneIDFK, measurableIDFK) VALUES('3', '3d16d8e8-5716-4ef5-83d7-4d4ed262bfef', '308c7eb9-2f2e-435f-ba7f-35e2f5891ba5');
INSERT INTO oneOnOneMeasure(evaluation, measureOneOnOneIDFK, measurableIDFK) VALUES('2', 'aa374ed7-9b79-4fd5-8259-c0cf8f19301b', 'f1e24a8c-aa83-4354-bd1e-f4d9891e0916');
INSERT INTO oneOnOneMeasure(evaluation, measureOneOnOneIDFK, measurableIDFK) VALUES('5', '262004e0-4935-49b7-94f1-def8f0f9db25', '39af57d5-3d6a-4bc8-b907-aa3a8ba01c6b');
INSERT INTO oneOnOneMeasure(evaluation, measureOneOnOneIDFK, measurableIDFK) VALUES('1', '2b0bd809-03c8-42de-ae8c-7126d7c737af', 'f1e24a8c-aa83-4354-bd1e-f4d9891e0916');
INSERT INTO oneOnOneMeasure(evaluation, measureOneOnOneIDFK, measurableIDFK) VALUES('2', '41d71e55-1072-4d53-9901-ef33af53f721', '308c7eb9-2f2e-435f-ba7f-35e2f5891ba5');
INSERT INTO oneOnOneMeasure(evaluation, measureOneOnOneIDFK, measurableIDFK) VALUES('3', '645a5d6e-e4ba-4e11-bde5-21cc0d78fa0b', 'c345cbc6-a445-45da-a73b-6343e04334c2');
INSERT INTO oneOnOneMeasure(evaluation, measureOneOnOneIDFK, measurableIDFK) VALUES('5', '9382ece9-deb8-46c0-b7da-ab413e059ead', '308c7eb9-2f2e-435f-ba7f-35e2f5891ba5');
INSERT INTO oneOnOneMeasure(evaluation, measureOneOnOneIDFK, measurableIDFK) VALUES('4', 'ee7f9cd0-3a4d-453b-b47c-54f5537593a7', '39af57d5-3d6a-4bc8-b907-aa3a8ba01c6b');
INSERT INTO oneOnOneMeasure(evaluation, measureOneOnOneIDFK, measurableIDFK) VALUES('5', 'e8e7983d-c162-4a79-8cf3-5b3aeda926fb', 'f1e24a8c-aa83-4354-bd1e-f4d9891e0916');
INSERT INTO oneOnOneMeasure(evaluation, measureOneOnOneIDFK, measurableIDFK) VALUES('1', 'd5a6bb38-e99b-4b1d-9d09-ddc91b3089ea', 'e2df8a14-2154-49a3-b049-2f4c7cd66776');
INSERT INTO oneOnOneMeasure(evaluation, measureOneOnOneIDFK, measurableIDFK) VALUES('4', '07ca9d68-d927-4538-ba39-1ef4e35543ba', 'c345cbc6-a445-45da-a73b-6343e04334c2');
INSERT INTO oneOnOneMeasure(evaluation, measureOneOnOneIDFK, measurableIDFK) VALUES('3', '3c900611-c5b9-4905-bf69-0cc09c4c0022', 'f1e24a8c-aa83-4354-bd1e-f4d9891e0916');
INSERT INTO oneOnOneMeasure(evaluation, measureOneOnOneIDFK, measurableIDFK) VALUES('3', 'f992a8e3-ace9-4f3d-9e6a-a17184185766', 'c345cbc6-a445-45da-a73b-6343e04334c2');
INSERT INTO oneOnOneMeasure(evaluation, measureOneOnOneIDFK, measurableIDFK) VALUES('2', '2f9a61f0-5cc0-4c38-a501-802985ccd042', 'e2df8a14-2154-49a3-b049-2f4c7cd66776');
INSERT INTO oneOnOneMeasure(evaluation, measureOneOnOneIDFK, measurableIDFK) VALUES('3', '07ca9d68-d927-4538-ba39-1ef4e35543ba', 'e2df8a14-2154-49a3-b049-2f4c7cd66776');
INSERT INTO oneOnOneMeasure(evaluation, measureOneOnOneIDFK, measurableIDFK) VALUES('1', 'a22f6371-92bb-4a8c-b40a-978496e03654', '308c7eb9-2f2e-435f-ba7f-35e2f5891ba5');
INSERT INTO oneOnOneMeasure(evaluation, measureOneOnOneIDFK, measurableIDFK) VALUES('4', '446d8397-5dec-426b-aafc-eb558ac50207', '39af57d5-3d6a-4bc8-b907-aa3a8ba01c6b');
INSERT INTO oneOnOneMeasure(evaluation, measureOneOnOneIDFK, measurableIDFK) VALUES('2', '4a273a21-3750-45f4-ac64-bdf907ed5d78', 'e2df8a14-2154-49a3-b049-2f4c7cd66776');
INSERT INTO oneOnOneMeasure(evaluation, measureOneOnOneIDFK, measurableIDFK) VALUES('4', '04a22723-960b-48d9-8569-969f2f94d2b6', 'e2df8a14-2154-49a3-b049-2f4c7cd66776');
INSERT INTO oneOnOneMeasure(evaluation, measureOneOnOneIDFK, measurableIDFK) VALUES('2', '0c4c4da3-d0e3-4307-b778-0cb2c334ede4', 'c345cbc6-a445-45da-a73b-6343e04334c2');
INSERT INTO oneOnOneMeasure(evaluation, measureOneOnOneIDFK, measurableIDFK) VALUES('2', 'fb15701c-e27e-44dc-89fa-1dfb8e9fe777', 'c345cbc6-a445-45da-a73b-6343e04334c2');
INSERT INTO oneOnOneMeasure(evaluation, measureOneOnOneIDFK, measurableIDFK) VALUES('3', 'b3c20c93-28c6-4a73-b880-52e0afec42a0', 'c345cbc6-a445-45da-a73b-6343e04334c2');
INSERT INTO oneOnOneMeasure(evaluation, measureOneOnOneIDFK, measurableIDFK) VALUES('4', 'b4885525-ae2d-4de5-9c57-ea1a413c9035', 'f1e24a8c-aa83-4354-bd1e-f4d9891e0916');
INSERT INTO oneOnOneMeasure(evaluation, measureOneOnOneIDFK, measurableIDFK) VALUES('1', 'd648dea0-7b2a-43e1-ab7f-14006d939c3e', 'e2df8a14-2154-49a3-b049-2f4c7cd66776');
INSERT INTO oneOnOneMeasure(evaluation, measureOneOnOneIDFK, measurableIDFK) VALUES('1', '80e7ad00-1032-4ce1-b4ff-d534b3974046', 'f1e24a8c-aa83-4354-bd1e-f4d9891e0916');
INSERT INTO oneOnOneMeasure(evaluation, measureOneOnOneIDFK, measurableIDFK) VALUES('3', '1a87fe2e-0d45-4ca0-a94d-4916ae7e0c28', 'f1e24a8c-aa83-4354-bd1e-f4d9891e0916');
INSERT INTO oneOnOneMeasure(evaluation, measureOneOnOneIDFK, measurableIDFK) VALUES('2', '0c4c4da3-d0e3-4307-b778-0cb2c334ede4', 'f1e24a8c-aa83-4354-bd1e-f4d9891e0916');
INSERT INTO oneOnOneMeasure(evaluation, measureOneOnOneIDFK, measurableIDFK) VALUES('4', 'd5a6bb38-e99b-4b1d-9d09-ddc91b3089ea', '39af57d5-3d6a-4bc8-b907-aa3a8ba01c6b');
INSERT INTO oneOnOneMeasure(evaluation, measureOneOnOneIDFK, measurableIDFK) VALUES('2', '2f9a61f0-5cc0-4c38-a501-802985ccd042', '308c7eb9-2f2e-435f-ba7f-35e2f5891ba5');
INSERT INTO oneOnOneMeasure(evaluation, measureOneOnOneIDFK, measurableIDFK) VALUES('3', '1d883829-48d5-4548-b7e1-398aafb9d7e1', 'f1e24a8c-aa83-4354-bd1e-f4d9891e0916');
INSERT INTO oneOnOneMeasure(evaluation, measureOneOnOneIDFK, measurableIDFK) VALUES('5', 'b3c20c93-28c6-4a73-b880-52e0afec42a0', 'c345cbc6-a445-45da-a73b-6343e04334c2');
INSERT INTO oneOnOneMeasure(evaluation, measureOneOnOneIDFK, measurableIDFK) VALUES('2', 'f992a8e3-ace9-4f3d-9e6a-a17184185766', '39af57d5-3d6a-4bc8-b907-aa3a8ba01c6b');
INSERT INTO oneOnOneMeasure(evaluation, measureOneOnOneIDFK, measurableIDFK) VALUES('3', 'ae64c371-157d-4419-9c65-9fb6075d2d9f', 'f1e24a8c-aa83-4354-bd1e-f4d9891e0916');
INSERT INTO oneOnOneMeasure(evaluation, measureOneOnOneIDFK, measurableIDFK) VALUES('4', 'ca65a4a6-98e2-4b20-861f-d69718683ffb', 'f1e24a8c-aa83-4354-bd1e-f4d9891e0916');
INSERT INTO oneOnOneMeasure(evaluation, measureOneOnOneIDFK, measurableIDFK) VALUES('5', 'd5a6bb38-e99b-4b1d-9d09-ddc91b3089ea', 'f1e24a8c-aa83-4354-bd1e-f4d9891e0916');
INSERT INTO oneOnOneMeasure(evaluation, measureOneOnOneIDFK, measurableIDFK) VALUES('1', '1c2037de-e84c-40b7-b248-404265c87a8e', 'c345cbc6-a445-45da-a73b-6343e04334c2');
INSERT INTO oneOnOneMeasure(evaluation, measureOneOnOneIDFK, measurableIDFK) VALUES('2', '28562efe-ee46-462d-817a-565ccc9ce1bf', '39af57d5-3d6a-4bc8-b907-aa3a8ba01c6b');
INSERT INTO oneOnOneMeasure(evaluation, measureOneOnOneIDFK, measurableIDFK) VALUES('1', 'ca65a4a6-98e2-4b20-861f-d69718683ffb', 'c345cbc6-a445-45da-a73b-6343e04334c2');
INSERT INTO oneOnOneMeasure(evaluation, measureOneOnOneIDFK, measurableIDFK) VALUES('5', '2f9a61f0-5cc0-4c38-a501-802985ccd042', 'c345cbc6-a445-45da-a73b-6343e04334c2');
INSERT INTO oneOnOneMeasure(evaluation, measureOneOnOneIDFK, measurableIDFK) VALUES('2', 'a22f6371-92bb-4a8c-b40a-978496e03654', 'e2df8a14-2154-49a3-b049-2f4c7cd66776');
INSERT INTO oneOnOneMeasure(evaluation, measureOneOnOneIDFK, measurableIDFK) VALUES('4', '9fbdd7fa-f7c4-431e-bf9a-9e5b7ab7652c', '308c7eb9-2f2e-435f-ba7f-35e2f5891ba5');
INSERT INTO oneOnOneMeasure(evaluation, measureOneOnOneIDFK, measurableIDFK) VALUES('1', '5846e591-d195-4ba8-b6c1-07d5dd270cbb', 'f1e24a8c-aa83-4354-bd1e-f4d9891e0916');
INSERT INTO oneOnOneMeasure(evaluation, measureOneOnOneIDFK, measurableIDFK) VALUES('3', 'ca65a4a6-98e2-4b20-861f-d69718683ffb', '39af57d5-3d6a-4bc8-b907-aa3a8ba01c6b');
INSERT INTO oneOnOneMeasure(evaluation, measureOneOnOneIDFK, measurableIDFK) VALUES('2', '04a22723-960b-48d9-8569-969f2f94d2b6', 'f1e24a8c-aa83-4354-bd1e-f4d9891e0916');
INSERT INTO oneOnOneMeasure(evaluation, measureOneOnOneIDFK, measurableIDFK) VALUES('5', '3658618b-b1fc-4b3d-9ed7-610f8aad5f13', '39af57d5-3d6a-4bc8-b907-aa3a8ba01c6b');
INSERT INTO oneOnOneMeasure(evaluation, measureOneOnOneIDFK, measurableIDFK) VALUES('1', 'b3c20c93-28c6-4a73-b880-52e0afec42a0', 'f1e24a8c-aa83-4354-bd1e-f4d9891e0916');
INSERT INTO oneOnOneMeasure(evaluation, measureOneOnOneIDFK, measurableIDFK) VALUES('5', 'e0180ab2-d480-422f-92e5-7cf7cd648f0a', 'f1e24a8c-aa83-4354-bd1e-f4d9891e0916');
INSERT INTO oneOnOneMeasure(evaluation, measureOneOnOneIDFK, measurableIDFK) VALUES('2', 'ff1be335-90b7-42c1-84d9-8d4cbdb6dd7e', '39af57d5-3d6a-4bc8-b907-aa3a8ba01c6b');
INSERT INTO oneOnOneMeasure(evaluation, measureOneOnOneIDFK, measurableIDFK) VALUES('4', 'ea5176f4-0ed4-4ed0-9292-c7f9bdd2d2c6', '39af57d5-3d6a-4bc8-b907-aa3a8ba01c6b');
INSERT INTO oneOnOneMeasure(evaluation, measureOneOnOneIDFK, measurableIDFK) VALUES('3', '2f9a61f0-5cc0-4c38-a501-802985ccd042', '308c7eb9-2f2e-435f-ba7f-35e2f5891ba5');
INSERT INTO oneOnOneMeasure(evaluation, measureOneOnOneIDFK, measurableIDFK) VALUES('4', '3d16d8e8-5716-4ef5-83d7-4d4ed262bfef', 'c345cbc6-a445-45da-a73b-6343e04334c2');
INSERT INTO oneOnOneMeasure(evaluation, measureOneOnOneIDFK, measurableIDFK) VALUES('1', '21c67e3e-c10c-4da8-835a-4781985d5980', '308c7eb9-2f2e-435f-ba7f-35e2f5891ba5');
INSERT INTO oneOnOneMeasure(evaluation, measureOneOnOneIDFK, measurableIDFK) VALUES('3', 'a93346f6-8118-4940-879d-7d8bbe4409fc', 'c345cbc6-a445-45da-a73b-6343e04334c2');
INSERT INTO oneOnOneMeasure(evaluation, measureOneOnOneIDFK, measurableIDFK) VALUES('1', '2f9a61f0-5cc0-4c38-a501-802985ccd042', '39af57d5-3d6a-4bc8-b907-aa3a8ba01c6b');
INSERT INTO oneOnOneMeasure(evaluation, measureOneOnOneIDFK, measurableIDFK) VALUES('2', '8210aa21-c7b1-4ff4-9028-53ef692a0ebe', 'e2df8a14-2154-49a3-b049-2f4c7cd66776');
INSERT INTO oneOnOneMeasure(evaluation, measureOneOnOneIDFK, measurableIDFK) VALUES('2', 'b34b5089-7687-4687-9094-2c642b4839c8', 'c345cbc6-a445-45da-a73b-6343e04334c2');
INSERT INTO oneOnOneMeasure(evaluation, measureOneOnOneIDFK, measurableIDFK) VALUES('2', '3c900611-c5b9-4905-bf69-0cc09c4c0022', 'e2df8a14-2154-49a3-b049-2f4c7cd66776');
INSERT INTO oneOnOneMeasure(evaluation, measureOneOnOneIDFK, measurableIDFK) VALUES('1', '5fa90e1c-a315-4900-8d89-18cf95651c38', '39af57d5-3d6a-4bc8-b907-aa3a8ba01c6b');
INSERT INTO oneOnOneMeasure(evaluation, measureOneOnOneIDFK, measurableIDFK) VALUES('1', '8edaad7d-0d5c-4004-bd38-78c2ba896cdc', 'e2df8a14-2154-49a3-b049-2f4c7cd66776');
INSERT INTO oneOnOneMeasure(evaluation, measureOneOnOneIDFK, measurableIDFK) VALUES('5', '514685f3-b809-4b0f-af93-0a895d6f2d03', 'e2df8a14-2154-49a3-b049-2f4c7cd66776');
INSERT INTO oneOnOneMeasure(evaluation, measureOneOnOneIDFK, measurableIDFK) VALUES('1', 'ce804d32-bc87-4da6-81d8-c2c81552cf26', '308c7eb9-2f2e-435f-ba7f-35e2f5891ba5');
INSERT INTO oneOnOneMeasure(evaluation, measureOneOnOneIDFK, measurableIDFK) VALUES('5', 'ee7f9cd0-3a4d-453b-b47c-54f5537593a7', '39af57d5-3d6a-4bc8-b907-aa3a8ba01c6b');
INSERT INTO oneOnOneMeasure(evaluation, measureOneOnOneIDFK, measurableIDFK) VALUES('5', '3d16d8e8-5716-4ef5-83d7-4d4ed262bfef', 'f1e24a8c-aa83-4354-bd1e-f4d9891e0916');
INSERT INTO oneOnOneMeasure(evaluation, measureOneOnOneIDFK, measurableIDFK) VALUES('1', '1c2037de-e84c-40b7-b248-404265c87a8e', 'f1e24a8c-aa83-4354-bd1e-f4d9891e0916');
INSERT INTO oneOnOneMeasure(evaluation, measureOneOnOneIDFK, measurableIDFK) VALUES('4', '41d71e55-1072-4d53-9901-ef33af53f721', 'f1e24a8c-aa83-4354-bd1e-f4d9891e0916');
INSERT INTO oneOnOneMeasure(evaluation, measureOneOnOneIDFK, measurableIDFK) VALUES('1', '4b5611d8-a2ce-4e80-8c38-0abd5e2ac13e', 'c345cbc6-a445-45da-a73b-6343e04334c2');
INSERT INTO oneOnOneMeasure(evaluation, measureOneOnOneIDFK, measurableIDFK) VALUES('2', 'e42991c1-f3ac-427c-9694-ba2931c96ddf', '308c7eb9-2f2e-435f-ba7f-35e2f5891ba5');
INSERT INTO oneOnOneMeasure(evaluation, measureOneOnOneIDFK, measurableIDFK) VALUES('4', 'd5a6bb38-e99b-4b1d-9d09-ddc91b3089ea', 'e2df8a14-2154-49a3-b049-2f4c7cd66776');
INSERT INTO oneOnOneMeasure(evaluation, measureOneOnOneIDFK, measurableIDFK) VALUES('4', 'd5a6bb38-e99b-4b1d-9d09-ddc91b3089ea', '308c7eb9-2f2e-435f-ba7f-35e2f5891ba5');
INSERT INTO oneOnOneMeasure(evaluation, measureOneOnOneIDFK, measurableIDFK) VALUES('2', 'd5a6bb38-e99b-4b1d-9d09-ddc91b3089ea', '308c7eb9-2f2e-435f-ba7f-35e2f5891ba5');
INSERT INTO oneOnOneMeasure(evaluation, measureOneOnOneIDFK, measurableIDFK) VALUES('3', '0c4c4da3-d0e3-4307-b778-0cb2c334ede4', 'c345cbc6-a445-45da-a73b-6343e04334c2');
INSERT INTO oneOnOneMeasure(evaluation, measureOneOnOneIDFK, measurableIDFK) VALUES('2', 'a2be7698-4b32-4098-b77f-1439549843e7', 'c345cbc6-a445-45da-a73b-6343e04334c2');
INSERT INTO oneOnOneMeasure(evaluation, measureOneOnOneIDFK, measurableIDFK) VALUES('5', '8210aa21-c7b1-4ff4-9028-53ef692a0ebe', 'f1e24a8c-aa83-4354-bd1e-f4d9891e0916');
INSERT INTO oneOnOneMeasure(evaluation, measureOneOnOneIDFK, measurableIDFK) VALUES('3', '1153c0cf-71b4-48fb-92b2-116e7556393b', 'c345cbc6-a445-45da-a73b-6343e04334c2');
INSERT INTO oneOnOneMeasure(evaluation, measureOneOnOneIDFK, measurableIDFK) VALUES('5', '262004e0-4935-49b7-94f1-def8f0f9db25', 'e2df8a14-2154-49a3-b049-2f4c7cd66776');
INSERT INTO oneOnOneMeasure(evaluation, measureOneOnOneIDFK, measurableIDFK) VALUES('3', '2f9a61f0-5cc0-4c38-a501-802985ccd042', 'e2df8a14-2154-49a3-b049-2f4c7cd66776');
INSERT INTO oneOnOneMeasure(evaluation, measureOneOnOneIDFK, measurableIDFK) VALUES('1', '07ca9d68-d927-4538-ba39-1ef4e35543ba', 'e2df8a14-2154-49a3-b049-2f4c7cd66776');
INSERT INTO oneOnOneMeasure(evaluation, measureOneOnOneIDFK, measurableIDFK) VALUES('2', 'd5840a93-7b58-439a-88e9-c3b1b9b2041f', '39af57d5-3d6a-4bc8-b907-aa3a8ba01c6b');
INSERT INTO oneOnOneMeasure(evaluation, measureOneOnOneIDFK, measurableIDFK) VALUES('1', '262004e0-4935-49b7-94f1-def8f0f9db25', '39af57d5-3d6a-4bc8-b907-aa3a8ba01c6b');
INSERT INTO oneOnOneMeasure(evaluation, measureOneOnOneIDFK, measurableIDFK) VALUES('4', '8c48b2bd-15cf-4755-a2bf-d70f16a3bd1b', 'e2df8a14-2154-49a3-b049-2f4c7cd66776');
INSERT INTO oneOnOneMeasure(evaluation, measureOneOnOneIDFK, measurableIDFK) VALUES('5', 'ff1be335-90b7-42c1-84d9-8d4cbdb6dd7e', 'f1e24a8c-aa83-4354-bd1e-f4d9891e0916');
INSERT INTO oneOnOneMeasure(evaluation, measureOneOnOneIDFK, measurableIDFK) VALUES('4', 'c7ca3307-0c98-4f87-a7df-d62b371d10c9', '39af57d5-3d6a-4bc8-b907-aa3a8ba01c6b');
INSERT INTO oneOnOneMeasure(evaluation, measureOneOnOneIDFK, measurableIDFK) VALUES('4', '514685f3-b809-4b0f-af93-0a895d6f2d03', '308c7eb9-2f2e-435f-ba7f-35e2f5891ba5');
INSERT INTO oneOnOneMeasure(evaluation, measureOneOnOneIDFK, measurableIDFK) VALUES('1', '2f9a61f0-5cc0-4c38-a501-802985ccd042', 'f1e24a8c-aa83-4354-bd1e-f4d9891e0916');
INSERT INTO oneOnOneMeasure(evaluation, measureOneOnOneIDFK, measurableIDFK) VALUES('2', '1c2037de-e84c-40b7-b248-404265c87a8e', 'e2df8a14-2154-49a3-b049-2f4c7cd66776');
INSERT INTO oneOnOneMeasure(evaluation, measureOneOnOneIDFK, measurableIDFK) VALUES('3', '828b9720-e611-474c-bd62-31cc1c694053', 'c345cbc6-a445-45da-a73b-6343e04334c2');
INSERT INTO oneOnOneMeasure(evaluation, measureOneOnOneIDFK, measurableIDFK) VALUES('2', 'a2be7698-4b32-4098-b77f-1439549843e7', 'f1e24a8c-aa83-4354-bd1e-f4d9891e0916');
INSERT INTO oneOnOneMeasure(evaluation, measureOneOnOneIDFK, measurableIDFK) VALUES('2', 'aa374ed7-9b79-4fd5-8259-c0cf8f19301b', 'e2df8a14-2154-49a3-b049-2f4c7cd66776');
INSERT INTO oneOnOneMeasure(evaluation, measureOneOnOneIDFK, measurableIDFK) VALUES('3', 'ce804d32-bc87-4da6-81d8-c2c81552cf26', '308c7eb9-2f2e-435f-ba7f-35e2f5891ba5');
INSERT INTO oneOnOneMeasure(evaluation, measureOneOnOneIDFK, measurableIDFK) VALUES('3', '5f72bf89-162f-4c56-8849-bef74d601e70', 'c345cbc6-a445-45da-a73b-6343e04334c2');
INSERT INTO oneOnOneMeasure(evaluation, measureOneOnOneIDFK, measurableIDFK) VALUES('4', 'd648dea0-7b2a-43e1-ab7f-14006d939c3e', '308c7eb9-2f2e-435f-ba7f-35e2f5891ba5');
INSERT INTO oneOnOneMeasure(evaluation, measureOneOnOneIDFK, measurableIDFK) VALUES('2', '1153c0cf-71b4-48fb-92b2-116e7556393b', '308c7eb9-2f2e-435f-ba7f-35e2f5891ba5');
INSERT INTO oneOnOneMeasure(evaluation, measureOneOnOneIDFK, measurableIDFK) VALUES('2', 'ca65a4a6-98e2-4b20-861f-d69718683ffb', '308c7eb9-2f2e-435f-ba7f-35e2f5891ba5');
INSERT INTO oneOnOneMeasure(evaluation, measureOneOnOneIDFK, measurableIDFK) VALUES('1', 'a93346f6-8118-4940-879d-7d8bbe4409fc', '308c7eb9-2f2e-435f-ba7f-35e2f5891ba5');
INSERT INTO oneOnOneMeasure(evaluation, measureOneOnOneIDFK, measurableIDFK) VALUES('5', '4b5611d8-a2ce-4e80-8c38-0abd5e2ac13e', 'f1e24a8c-aa83-4354-bd1e-f4d9891e0916');
INSERT INTO oneOnOneMeasure(evaluation, measureOneOnOneIDFK, measurableIDFK) VALUES('3', '333f4085-20f0-4162-90b9-643c3a4be93a', '39af57d5-3d6a-4bc8-b907-aa3a8ba01c6b');
INSERT INTO oneOnOneMeasure(evaluation, measureOneOnOneIDFK, measurableIDFK) VALUES('2', 'f992a8e3-ace9-4f3d-9e6a-a17184185766', 'f1e24a8c-aa83-4354-bd1e-f4d9891e0916');
INSERT INTO oneOnOneMeasure(evaluation, measureOneOnOneIDFK, measurableIDFK) VALUES('2', '1c2037de-e84c-40b7-b248-404265c87a8e', '39af57d5-3d6a-4bc8-b907-aa3a8ba01c6b');
INSERT INTO oneOnOneMeasure(evaluation, measureOneOnOneIDFK, measurableIDFK) VALUES('3', 'ba387436-2f41-4abe-8bc0-af2f5f6c0759', 'f1e24a8c-aa83-4354-bd1e-f4d9891e0916');
INSERT INTO oneOnOneMeasure(evaluation, measureOneOnOneIDFK, measurableIDFK) VALUES('4', '828b9720-e611-474c-bd62-31cc1c694053', '308c7eb9-2f2e-435f-ba7f-35e2f5891ba5');
INSERT INTO oneOnOneMeasure(evaluation, measureOneOnOneIDFK, measurableIDFK) VALUES('3', '2f9a61f0-5cc0-4c38-a501-802985ccd042', '39af57d5-3d6a-4bc8-b907-aa3a8ba01c6b');
INSERT INTO oneOnOneMeasure(evaluation, measureOneOnOneIDFK, measurableIDFK) VALUES('4', '07ca9d68-d927-4538-ba39-1ef4e35543ba', 'c345cbc6-a445-45da-a73b-6343e04334c2');
INSERT INTO oneOnOneMeasure(evaluation, measureOneOnOneIDFK, measurableIDFK) VALUES('3', '8210aa21-c7b1-4ff4-9028-53ef692a0ebe', 'e2df8a14-2154-49a3-b049-2f4c7cd66776');
INSERT INTO oneOnOneMeasure(evaluation, measureOneOnOneIDFK, measurableIDFK) VALUES('1', '1153c0cf-71b4-48fb-92b2-116e7556393b', 'f1e24a8c-aa83-4354-bd1e-f4d9891e0916');
INSERT INTO oneOnOneMeasure(evaluation, measureOneOnOneIDFK, measurableIDFK) VALUES('4', 'ea5176f4-0ed4-4ed0-9292-c7f9bdd2d2c6', 'e2df8a14-2154-49a3-b049-2f4c7cd66776');
INSERT INTO oneOnOneMeasure(evaluation, measureOneOnOneIDFK, measurableIDFK) VALUES('3', '6135f679-058b-4e21-8314-217f5059b499', 'c345cbc6-a445-45da-a73b-6343e04334c2');

INSERT INTO vacation(vacationID, startDate, endDate, reason, leaderStatus, hrStatus, vacationUserIDFK) VALUES('f4579212-a5fa-458b-afd4-49357b077bf7', '29/04/24', '29/04/25', 'Pasar tiempo con la familia', 0, 2, '9d9813b9-3c8c-4b35-bc6a-bf60d80e839d');
INSERT INTO vacation(vacationID, startDate, endDate, reason, leaderStatus, hrStatus, vacationUserIDFK) VALUES('64031af1-b2a1-48b8-add1-21a128b4b3ce', '32/11/21', '32/11/22', 'Explorar diferentes culturas', 1, 2, '9669e974-67da-40d8-b622-4d712a126778');
INSERT INTO vacation(vacationID, startDate, endDate, reason, leaderStatus, hrStatus, vacationUserIDFK) VALUES('aca29327-a90e-4e43-b34d-aa9850c48902', '29/03/21', '29/03/22', 'Aprovechar promociones de viaje', 1, 1, '8c999a17-1df0-415d-84e8-95c1fb6cf498');
INSERT INTO vacation(vacationID, startDate, endDate, reason, leaderStatus, hrStatus, vacationUserIDFK) VALUES('43dcb46b-9067-493e-bf92-9ceb342f12dd', '29/11/12', '29/11/13', 'Conocer nuevos lugares', 2, 2, 'b1cad324-9827-40e8-973f-6b9503c81be0');
INSERT INTO vacation(vacationID, startDate, endDate, reason, leaderStatus, hrStatus, vacationUserIDFK) VALUES('7dcb09cd-8f92-40f5-848a-084766bcb2f6', '25/10/27', '25/10/28', 'Desconectarse de la rutina', 2, 2, '5e57c9c3-41a5-4e3b-8f64-17a15c7712c3');
INSERT INTO vacation(vacationID, startDate, endDate, reason, leaderStatus, hrStatus, vacationUserIDFK) VALUES('7ed14db3-015f-403e-8fb1-af0c7cb8da0c', '25/10/27', '25/10/28', 'Desconectarse de la rutina', 2, 0, '5e57c9c3-41a5-4e3b-8f64-17a15c7712c3');
INSERT INTO vacation(vacationID, startDate, endDate, reason, leaderStatus, hrStatus, vacationUserIDFK) VALUES('340a969b-c648-41ea-b4c6-4cb3989a6699', '29/05/27', '29/05/28', 'Desconectarse de la rutina', 0, 2, '6c6ad6ad-53b0-4ca5-82d7-b2828c6fbb50');
INSERT INTO vacation(vacationID, startDate, endDate, reason, leaderStatus, hrStatus, vacationUserIDFK) VALUES('a8879524-3f6f-408a-9932-d94e3c6fe902', '25/07/19', '25/07/20', 'Celebrar un aniversario', 2, 0, '5ae3ae40-6cd7-4cd1-86b2-a61e0b480964');
INSERT INTO vacation(vacationID, startDate, endDate, reason, leaderStatus, hrStatus, vacationUserIDFK) VALUES('41399fd9-d305-42cc-bc49-55a4d0ebc810', '29/05/27', '29/05/28', 'Aprender un nuevo idioma', 1, 2, '6a3ed44f-b12f-4360-83ee-b32bb39bd61d');
INSERT INTO vacation(vacationID, startDate, endDate, reason, leaderStatus, hrStatus, vacationUserIDFK) VALUES('2b74c267-e3ab-499b-a556-88668f273f62', '30/05/29', '30/05/30', 'Cumplir un sueño personal', 1, 0, '6c6ad6ad-53b0-4ca5-82d7-b2828c6fbb50');
INSERT INTO vacation(vacationID, startDate, endDate, reason, leaderStatus, hrStatus, vacationUserIDFK) VALUES('fb84cdcb-6f95-4bc9-8e76-3db9eaff20cd', '25/10/27', '25/10/28', 'Conocer nuevos lugares', 2, 0, 'a01d35b0-a12a-4811-b13d-26ebc6302c9e');
INSERT INTO vacation(vacationID, startDate, endDate, reason, leaderStatus, hrStatus, vacationUserIDFK) VALUES('e0f1366f-1876-4145-a7ff-6e22833beef2', '25/05/14', '25/05/15', 'Pasar tiempo con la familia', 0, 1, '8c999a17-1df0-415d-84e8-95c1fb6cf498');
INSERT INTO vacation(vacationID, startDate, endDate, reason, leaderStatus, hrStatus, vacationUserIDFK) VALUES('3ff91929-f939-47a3-8360-73a351aa1269', '31/12/21', '31/12/22', 'Descansar del trabajo', 1, 1, '9f1bf6d9-f53e-4371-86b4-c9524b1dcf7c');
INSERT INTO vacation(vacationID, startDate, endDate, reason, leaderStatus, hrStatus, vacationUserIDFK) VALUES('e31d6a66-5958-492a-a115-89610ea28a07', '30/05/29', '30/05/30', 'Tomar fotos y crear recuerdos', 2, 1, 'c42bda56-17c2-4814-910f-7f19cba65ee8');
INSERT INTO vacation(vacationID, startDate, endDate, reason, leaderStatus, hrStatus, vacationUserIDFK) VALUES('e11e4332-c855-4ce8-b94b-301c689a82c1', '25/06/17', '25/06/18', 'Celebrar un aniversario', 2, 1, 'cc8d3838-6b7b-4a27-a7c6-027f01063001');
INSERT INTO vacation(vacationID, startDate, endDate, reason, leaderStatus, hrStatus, vacationUserIDFK) VALUES('f07574ff-17ff-46f3-80b1-9362d0d69498', '31/11/24', '31/11/25', 'Explorar diferentes culturas', 0, 2, '810f0d53-4747-4f68-a760-f9c1a4a10397');
INSERT INTO vacation(vacationID, startDate, endDate, reason, leaderStatus, hrStatus, vacationUserIDFK) VALUES('7bb180e4-4b03-453d-9e91-50cf06c5ce1d', '33/09/18', '33/09/19', 'Pasar tiempo con la familia', 0, 0, '69f72bc7-aa10-4e01-9188-c2f85db996ca');
INSERT INTO vacation(vacationID, startDate, endDate, reason, leaderStatus, hrStatus, vacationUserIDFK) VALUES('86a4a656-7a3b-4ea5-ab6f-0ae7208acb6b', '31/11/24', '31/11/25', 'Pasar tiempo con la familia', 2, 0, 'a16fa827-0f20-4324-b30d-4b2e850f8dca');
INSERT INTO vacation(vacationID, startDate, endDate, reason, leaderStatus, hrStatus, vacationUserIDFK) VALUES('01f93b07-be09-4582-9d36-c663da6db954', '31/12/21', '31/12/22', 'Festejar un cumpleaños', 0, 0, 'c42bda56-17c2-4814-910f-7f19cba65ee8');
INSERT INTO vacation(vacationID, startDate, endDate, reason, leaderStatus, hrStatus, vacationUserIDFK) VALUES('1703fa38-8ec5-431b-b64c-873745c23f03', '26/12/06', '26/12/07', 'Reducir el estrés', 1, 1, '527d66c8-9f7a-4e1f-ab4c-39a789d77471');
INSERT INTO vacation(vacationID, startDate, endDate, reason, leaderStatus, hrStatus, vacationUserIDFK) VALUES('9a4b0c74-b8c6-4860-aec1-7485c56ebd53', '30/09/09', '30/09/10', 'Realizar actividades al aire libre', 2, 1, '0b10ca46-64b3-4133-85d7-5990d0321a32');
INSERT INTO vacation(vacationID, startDate, endDate, reason, leaderStatus, hrStatus, vacationUserIDFK) VALUES('adf6a1f2-b8e0-4584-847a-2ddec539527e', '32/12/27', '32/12/28', 'Cumplir un sueño personal', 2, 2, '500b52e8-73d6-4483-835c-ba7a59176dbd');
INSERT INTO vacation(vacationID, startDate, endDate, reason, leaderStatus, hrStatus, vacationUserIDFK) VALUES('dc52f3a1-c1b0-44f5-9162-5fbe5800b011', '32/01/24', '32/01/25', 'Mejorar la salud mental', 1, 0, '9044fb3a-0d0d-47f8-abaa-371bdcadb8f9');
INSERT INTO vacation(vacationID, startDate, endDate, reason, leaderStatus, hrStatus, vacationUserIDFK) VALUES('1fc204e5-fb56-43fb-b141-684d945bee55', '25/09/25', '25/09/26', 'Desconectarse de la rutina', 0, 1, 'ed616b64-690e-4a91-836a-47ad9f10e755');
INSERT INTO vacation(vacationID, startDate, endDate, reason, leaderStatus, hrStatus, vacationUserIDFK) VALUES('44a9dc9d-a98c-4e8a-b243-b05105b43600', '30/05/29', '30/05/30', 'Mejorar la salud mental', 1, 2, '84c7a957-9923-4f50-9b93-b03957657746');
INSERT INTO vacation(vacationID, startDate, endDate, reason, leaderStatus, hrStatus, vacationUserIDFK) VALUES('db64c86f-bfb6-44cb-980e-e9ddb7c57a60', '27/10/03', '27/10/04', 'Practicar deportes extremos', 1, 0, '142a14b4-02fe-46c5-9366-9f534982d48a');
INSERT INTO vacation(vacationID, startDate, endDate, reason, leaderStatus, hrStatus, vacationUserIDFK) VALUES('6b9bd570-4f0b-4059-a56c-d580d09def8f', '28/05/24', '28/05/25', 'Celebrar un aniversario', 2, 1, '16470a70-0d53-43f5-913c-d0c6ab5ce773');
INSERT INTO vacation(vacationID, startDate, endDate, reason, leaderStatus, hrStatus, vacationUserIDFK) VALUES('c144c978-0943-485a-abc3-ded65eb346ad', '28/07/29', '28/07/30', 'Probar nuevas comidas', 1, 2, '9e6f3508-b08b-45db-a4f3-cd46aa52afdd');
INSERT INTO vacation(vacationID, startDate, endDate, reason, leaderStatus, hrStatus, vacationUserIDFK) VALUES('23dce3f3-79d2-42cd-85dd-ba462183be2a', '32/05/03', '32/05/04', 'Probar nuevas comidas', 2, 1, 'b2ee742d-34d7-42ce-ae2a-9616e64af49c');
INSERT INTO vacation(vacationID, startDate, endDate, reason, leaderStatus, hrStatus, vacationUserIDFK) VALUES('5a6309b9-164f-46d4-866d-3829491b1cc3', '28/11/09', '28/11/10', 'Pasar tiempo con la familia', 2, 0, '1e117e79-5560-4601-ba65-b75507703c55');
INSERT INTO vacation(vacationID, startDate, endDate, reason, leaderStatus, hrStatus, vacationUserIDFK) VALUES('7c4aba9e-ce78-4895-8f4d-c76ab0d023c6', '26/06/21', '26/06/22', 'Aprender un nuevo idioma', 2, 1, '8f770c89-aea2-43c0-a082-96ec1506346d');
INSERT INTO vacation(vacationID, startDate, endDate, reason, leaderStatus, hrStatus, vacationUserIDFK) VALUES('f7d35040-ee6c-43dc-8b94-5088de0a26ac', '32/03/29', '32/03/30', 'Celebrar un aniversario', 1, 2, '6a3ed44f-b12f-4360-83ee-b32bb39bd61d');
INSERT INTO vacation(vacationID, startDate, endDate, reason, leaderStatus, hrStatus, vacationUserIDFK) VALUES('3c09fcec-d91f-43f9-a84e-209f2170e00f', '31/11/24', '31/11/25', 'Pasar tiempo con la familia', 1, 1, '9e00d001-ea63-4e27-a5f9-8a0dd3ac68f3');
INSERT INTO vacation(vacationID, startDate, endDate, reason, leaderStatus, hrStatus, vacationUserIDFK) VALUES('773c7056-4696-42c8-8444-5ac04d56ad26', '31/07/06', '31/07/07', 'Festejar un cumpleaños', 1, 2, '376154a5-0bee-4ed4-bcd2-fd68763c5769');
INSERT INTO vacation(vacationID, startDate, endDate, reason, leaderStatus, hrStatus, vacationUserIDFK) VALUES('ae40bdcf-b09d-4e8c-81ca-74f806e44e4c', '31/07/06', '31/07/07', 'Aprender un nuevo idioma', 2, 0, 'a16fa827-0f20-4324-b30d-4b2e850f8dca');
INSERT INTO vacation(vacationID, startDate, endDate, reason, leaderStatus, hrStatus, vacationUserIDFK) VALUES('956fbfe2-c66c-483b-8c28-597a68174918', '27/11/06', '27/11/07', 'Pasar tiempo con la familia', 2, 0, 'a7082f10-a0f9-460c-bdc5-74905722fc05');
INSERT INTO vacation(vacationID, startDate, endDate, reason, leaderStatus, hrStatus, vacationUserIDFK) VALUES('f2192ef9-fe7c-4578-8d5a-7762ca374490', '27/08/29', '27/08/30', 'Desconectarse de la rutina', 0, 0, '142a14b4-02fe-46c5-9366-9f534982d48a');
INSERT INTO vacation(vacationID, startDate, endDate, reason, leaderStatus, hrStatus, vacationUserIDFK) VALUES('7525eade-3c34-46f0-9c9b-264eb55447b3', '32/05/03', '32/05/04', 'Practicar deportes extremos', 2, 2, '482a8d61-54b3-435f-bab6-9a8ee33e9c38');
INSERT INTO vacation(vacationID, startDate, endDate, reason, leaderStatus, hrStatus, vacationUserIDFK) VALUES('e7a300b1-da45-417d-920d-ed0732d8e56e', '26/05/09', '26/05/10', 'Practicar deportes extremos', 0, 2, '482a8d61-54b3-435f-bab6-9a8ee33e9c38');
INSERT INTO vacation(vacationID, startDate, endDate, reason, leaderStatus, hrStatus, vacationUserIDFK) VALUES('7784b62c-d8fe-4fa9-8b0b-4772ae472488', '32/01/24', '32/01/25', 'Fortalecer la relación de pareja', 1, 2, '89246377-3d90-499b-bdf8-46aa9a3e33a1');
INSERT INTO vacation(vacationID, startDate, endDate, reason, leaderStatus, hrStatus, vacationUserIDFK) VALUES('72f326a4-cb0b-42d7-a771-3f5ff5f58bce', '31/04/29', '31/04/30', 'Aprovechar promociones de viaje', 1, 0, '0e879bca-3577-4663-88f1-a29f560b8973');
INSERT INTO vacation(vacationID, startDate, endDate, reason, leaderStatus, hrStatus, vacationUserIDFK) VALUES('76bef124-0515-4c92-bab1-b0eda4d6916f', '29/04/24', '29/04/25', 'Celebrar un aniversario', 2, 2, 'fff53948-896e-4b63-9acb-50544f8750ca');
INSERT INTO vacation(vacationID, startDate, endDate, reason, leaderStatus, hrStatus, vacationUserIDFK) VALUES('1585280a-7bb4-486e-9f4f-ed950ddeb913', '25/03/06', '25/03/07', 'Fortalecer la relación de pareja', 1, 0, 'cc8d3838-6b7b-4a27-a7c6-027f01063001');
INSERT INTO vacation(vacationID, startDate, endDate, reason, leaderStatus, hrStatus, vacationUserIDFK) VALUES('16555abb-2cec-4a0e-9071-d7a5f600af71', '26/12/06', '26/12/07', 'Reducir el estrés', 0, 1, 'cd7cf005-42c5-437b-aa58-d78cb2a7ed40');
INSERT INTO vacation(vacationID, startDate, endDate, reason, leaderStatus, hrStatus, vacationUserIDFK) VALUES('d7cd68e5-ab21-489e-869d-0b9cf266571e', '29/05/27', '29/05/28', 'Festejar un cumpleaños', 1, 2, '1206d361-21e9-42de-93a6-cc25e57d4ca8');
INSERT INTO vacation(vacationID, startDate, endDate, reason, leaderStatus, hrStatus, vacationUserIDFK) VALUES('f30487e9-0436-4bb8-be3b-8b9608f37bb3', '30/11/15', '30/11/16', 'Disfrutar de la naturaleza', 1, 0, '8dcd26cb-0d68-44a9-9010-b61ae1587866');
INSERT INTO vacation(vacationID, startDate, endDate, reason, leaderStatus, hrStatus, vacationUserIDFK) VALUES('105c3602-c28e-4114-904d-f603517dec55', '33/09/18', '33/09/19', 'Aprovechar promociones de viaje', 1, 2, '209d2735-503e-44ec-86df-b3d54a366a25');
INSERT INTO vacation(vacationID, startDate, endDate, reason, leaderStatus, hrStatus, vacationUserIDFK) VALUES('8298088a-8b83-4d9f-b68e-3906eb7009ad', '32/12/27', '32/12/28', 'Aprovechar promociones de viaje', 2, 0, '0f428e05-8e72-40bc-8ee1-f8887b54eae5');
INSERT INTO vacation(vacationID, startDate, endDate, reason, leaderStatus, hrStatus, vacationUserIDFK) VALUES('77b811c9-36fd-4eea-852c-5cc7c4655250', '32/08/12', '32/08/13', 'Conocer nuevos lugares', 1, 0, '527d66c8-9f7a-4e1f-ab4c-39a789d77471');
INSERT INTO vacation(vacationID, startDate, endDate, reason, leaderStatus, hrStatus, vacationUserIDFK) VALUES('1e29e509-99ee-4697-9878-a59031b65967', '32/11/21', '32/11/22', 'Explorar diferentes culturas', 0, 1, '575681bf-c7bd-456b-9be1-f75dd06da75b');
INSERT INTO vacation(vacationID, startDate, endDate, reason, leaderStatus, hrStatus, vacationUserIDFK) VALUES('a3adc068-1212-48fb-a1a7-dabfd0bfc869', '33/11/24', '33/11/25', 'Pasar tiempo con la familia', 0, 0, '724864df-df2d-4370-9dfd-37defd0e444b');
INSERT INTO vacation(vacationID, startDate, endDate, reason, leaderStatus, hrStatus, vacationUserIDFK) VALUES('f7a55628-5baf-4f0f-a7e0-07ca8ec732a0', '29/09/06', '29/09/07', 'Recargar energía y motivación', 0, 0, '6a3ed44f-b12f-4360-83ee-b32bb39bd61d');
INSERT INTO vacation(vacationID, startDate, endDate, reason, leaderStatus, hrStatus, vacationUserIDFK) VALUES('92753a62-3503-4ce3-82cc-a9797200a2cd', '31/01/21', '31/01/22', 'Explorar diferentes culturas', 2, 2, 'ee5d2043-1ac0-4e64-9141-9ba335e37326');
INSERT INTO vacation(vacationID, startDate, endDate, reason, leaderStatus, hrStatus, vacationUserIDFK) VALUES('12e4a1a0-abd3-4085-bedc-0050513ab286', '33/07/12', '33/07/13', 'Recargar energía y motivación', 1, 1, 'd908fe26-6993-46a6-b413-8c67a848112f');
INSERT INTO vacation(vacationID, startDate, endDate, reason, leaderStatus, hrStatus, vacationUserIDFK) VALUES('4b1339bd-13db-4ac2-8c67-991e4b3abef6', '31/07/06', '31/07/07', 'Pasar tiempo con la familia', 0, 1, '724864df-df2d-4370-9dfd-37defd0e444b');
INSERT INTO vacation(vacationID, startDate, endDate, reason, leaderStatus, hrStatus, vacationUserIDFK) VALUES('db7b1b2c-b6ce-43f3-8c1c-b3972fec5442', '33/09/18', '33/09/19', 'Practicar deportes extremos', 2, 0, 'a717111d-dc92-456d-b465-2550da13be59');
INSERT INTO vacation(vacationID, startDate, endDate, reason, leaderStatus, hrStatus, vacationUserIDFK) VALUES('469ef291-d8b0-47e5-af03-b18a7eccb734', '30/10/21', '30/10/22', 'Aprovechar promociones de viaje', 0, 2, 'cc8d3838-6b7b-4a27-a7c6-027f01063001');
INSERT INTO vacation(vacationID, startDate, endDate, reason, leaderStatus, hrStatus, vacationUserIDFK) VALUES('86db7eb6-c7d3-488e-b2fd-61f89b538973', '33/12/27', '33/12/28', 'Festejar un cumpleaños', 1, 2, '1206d361-21e9-42de-93a6-cc25e57d4ca8');
INSERT INTO vacation(vacationID, startDate, endDate, reason, leaderStatus, hrStatus, vacationUserIDFK) VALUES('130a3e92-d6f5-4671-9fee-58e5c9d69b90', '30/11/15', '30/11/16', 'Realizar actividades al aire libre', 1, 2, '9e6f3508-b08b-45db-a4f3-cd46aa52afdd');
INSERT INTO vacation(vacationID, startDate, endDate, reason, leaderStatus, hrStatus, vacationUserIDFK) VALUES('9180532d-d3dc-40d7-adf9-8b0003c992da', '29/04/24', '29/04/25', 'Mejorar la salud mental', 1, 2, '681e6f75-e603-4bbf-8795-dc4fe364921c');

INSERT INTO absence(absenceID, reason, startDate, endDate, leaderStatus, hrStatus, absenceUserIDFK) values('df654cae-bb68-4e8a-a30f-7d0f51eebfd2', 'Capacitación o curso obligatorio', '31/04/29', '31/04/30', 0, 2, '89246377-3d90-499b-bdf8-46aa9a3e33a1'); 
INSERT INTO absence(absenceID, reason, startDate, endDate, leaderStatus, hrStatus, absenceUserIDFK) values('2291e7af-4ddd-4897-9230-49440fae90bd', 'Viaje de emergencia', '33/10/21', '33/10/22', 1, 2, 'ffe93340-6e2b-43a8-b08f-d397b0f38265'); 
INSERT INTO absence(absenceID, reason, startDate, endDate, leaderStatus, hrStatus, absenceUserIDFK) values('f41c5a71-2bab-4feb-be90-4be5b2dccd62', 'Luto por fallecimiento de un familiar', '28/10/06', '28/10/07', 0, 2, 'b1cad324-9827-40e8-973f-6b9503c81be0'); 
INSERT INTO absence(absenceID, reason, startDate, endDate, leaderStatus, hrStatus, absenceUserIDFK) values('c1bd6a0b-0179-4992-b623-8b8117a7dc88', 'Problemas de movilidad o avería del vehículo', '30/08/06', '30/08/07', 1, 2, '9c901d70-6e52-4711-9ed7-443b6a924a0e'); 
INSERT INTO absence(absenceID, reason, startDate, endDate, leaderStatus, hrStatus, absenceUserIDFK) values('bd057708-eb29-45b8-8b0f-62c6d01f30db', 'Emergencia en el hogar (fugas, incendios, etc.)', '31/04/29', '31/04/30', 2, 2, 'e555916c-f77b-4cab-8a49-7a7ef388de9b'); 
INSERT INTO absence(absenceID, reason, startDate, endDate, leaderStatus, hrStatus, absenceUserIDFK) values('b3e0b83e-62cf-453e-97b7-c53e75cbb57d', 'Trámites administrativos o legales', '33/07/12', '33/07/13', 1, 2, '69f72bc7-aa10-4e01-9188-c2f85db996ca'); 
INSERT INTO absence(absenceID, reason, startDate, endDate, leaderStatus, hrStatus, absenceUserIDFK) values('6e6a71d0-3042-4060-9d11-0ab2c4eb6a02', 'Problemas de movilidad o avería del vehículo', '30/07/03', '30/07/04', 1, 2, '4d29e7ac-0dfa-4c96-977f-ab138bc56be7'); 
INSERT INTO absence(absenceID, reason, startDate, endDate, leaderStatus, hrStatus, absenceUserIDFK) values('8b909e50-ce13-4b83-91d1-62f33fcc6510', 'Emergencia en el hogar (fugas, incendios, etc.)', '26/08/26', '26/08/27', 1, 2, '9dea9ff8-270e-4f96-8043-1496e4db49c4'); 
INSERT INTO absence(absenceID, reason, startDate, endDate, leaderStatus, hrStatus, absenceUserIDFK) values('5cc41167-77d5-42e1-979f-1bbe2aab5c7a', 'Problemas de salud mental', '26/05/09', '26/05/10', 2, 2, 'ffe93340-6e2b-43a8-b08f-d397b0f38265'); 
INSERT INTO absence(absenceID, reason, startDate, endDate, leaderStatus, hrStatus, absenceUserIDFK) values('fd01675f-f4a7-4b59-b727-00b784c5c8eb', 'Problemas de movilidad o avería del vehículo', '29/01/15', '29/01/16', 2, 2, '376154a5-0bee-4ed4-bcd2-fd68763c5769'); 
INSERT INTO absence(absenceID, reason, startDate, endDate, leaderStatus, hrStatus, absenceUserIDFK) values('1d74dc38-3206-448e-805e-fe165bff7ebb', 'Consulta médica', '25/08/22', '25/08/23', 0, 2, '575681bf-c7bd-456b-9be1-f75dd06da75b'); 
INSERT INTO absence(absenceID, reason, startDate, endDate, leaderStatus, hrStatus, absenceUserIDFK) values('4ddc0e4e-9392-435b-bd4f-f8ba6c6c96a5', 'Citación judicial', '26/06/21', '26/06/22', 2, 2, '25429c7a-8f80-4f6f-84b0-7ff44f1287aa'); 
INSERT INTO absence(absenceID, reason, startDate, endDate, leaderStatus, hrStatus, absenceUserIDFK) values('2c1ce72b-3342-4ab1-bd1e-d6e46cb2f2ba', 'Donación de sangre', '30/10/21', '30/10/22', 1, 2, '67d1fb25-1be7-4168-9051-38e7e6a9b65c'); 
INSERT INTO absence(absenceID, reason, startDate, endDate, leaderStatus, hrStatus, absenceUserIDFK) values('a0011c98-bb88-4451-ada2-edb6ce099df9', 'Trámites administrativos o legales', '28/11/09', '28/11/10', 0, 2, '9e00d001-ea63-4e27-a5f9-8a0dd3ac68f3'); 
INSERT INTO absence(absenceID, reason, startDate, endDate, leaderStatus, hrStatus, absenceUserIDFK) values('eddd42c3-c1ae-45b3-a8ba-37355a3851f2', 'Condiciones climáticas extremas', '29/06/29', '29/06/30', 2, 2, '2eeca58a-2f77-4323-830d-83f735fe8592'); 
INSERT INTO absence(absenceID, reason, startDate, endDate, leaderStatus, hrStatus, absenceUserIDFK) values('44079831-be67-4b5b-a077-3b846519c728', 'Maternidad/Paternidad', '30/10/21', '30/10/22', 1, 2, '8c999a17-1df0-415d-84e8-95c1fb6cf498'); 
INSERT INTO absence(absenceID, reason, startDate, endDate, leaderStatus, hrStatus, absenceUserIDFK) values('8ede58c5-13b3-4e65-a5f1-3f9c36463467', 'Maternidad/Paternidad', '28/01/12', '28/01/13', 1, 2, '810f0d53-4747-4f68-a760-f9c1a4a10397'); 
INSERT INTO absence(absenceID, reason, startDate, endDate, leaderStatus, hrStatus, absenceUserIDFK) values('60fc1a9b-807f-4447-a78f-bd451d9b9ee2', 'Capacitación o curso obligatorio', '25/04/11', '25/04/12', 1, 2, 'd71fef5c-8fbb-47b7-aa55-34b22d11e3eb'); 
INSERT INTO absence(absenceID, reason, startDate, endDate, leaderStatus, hrStatus, absenceUserIDFK) values('13f6d252-9208-49c7-af9d-6212fd5e2c99', 'Condiciones climáticas extremas', '28/06/27', '28/06/28', 1, 2, '4d29e7ac-0dfa-4c96-977f-ab138bc56be7'); 
INSERT INTO absence(absenceID, reason, startDate, endDate, leaderStatus, hrStatus, absenceUserIDFK) values('2652dce3-98f9-4e36-9c2d-87bc407d8e93', 'Cuidado de un hijo o familiar enfermo', '25/03/06', '25/03/07', 2, 2, '5ae3ae40-6cd7-4cd1-86b2-a61e0b480964'); 
INSERT INTO absence(absenceID, reason, startDate, endDate, leaderStatus, hrStatus, absenceUserIDFK) values('d706c939-18c7-4844-a077-efad9d418a81', 'Vacaciones programadas', '33/10/21', '33/10/22', 0, 2, '0605f51c-cf58-43c6-9969-0990e982220c'); 
INSERT INTO absence(absenceID, reason, startDate, endDate, leaderStatus, hrStatus, absenceUserIDFK) values('0f5f2c96-1c6d-44aa-8024-412cfb47f534', 'Luto por fallecimiento de un familiar', '31/08/09', '31/08/10', 1, 2, '3ef9fb8c-f825-4fbe-a956-841b2b4d69b8'); 
INSERT INTO absence(absenceID, reason, startDate, endDate, leaderStatus, hrStatus, absenceUserIDFK) values('a31c4392-cae1-4354-a2ad-d761bc378e53', 'Condiciones climáticas extremas', '32/12/27', '32/12/28', 2, 2, '3026d48c-98d3-4b0b-936c-8d66a76a5928'); 
INSERT INTO absence(absenceID, reason, startDate, endDate, leaderStatus, hrStatus, absenceUserIDFK) values('fdfb8b3e-2786-451c-bae4-d98787f5ca19', 'Viaje de emergencia', '30/07/03', '30/07/04', 1, 2, 'b1cad324-9827-40e8-973f-6b9503c81be0'); 
INSERT INTO absence(absenceID, reason, startDate, endDate, leaderStatus, hrStatus, absenceUserIDFK) values('130d9aeb-6f56-42fd-a975-f81072f39bb1', 'Donación de sangre', '27/08/29', '27/08/30', 0, 2, '84c7a957-9923-4f50-9b93-b03957657746'); 
INSERT INTO absence(absenceID, reason, startDate, endDate, leaderStatus, hrStatus, absenceUserIDFK) values('36dc1b0f-63a2-452d-bcc4-d9a9d8e643c3', 'Maternidad/Paternidad', '30/08/06', '30/08/07', 0, 2, '89246377-3d90-499b-bdf8-46aa9a3e33a1'); 
INSERT INTO absence(absenceID, reason, startDate, endDate, leaderStatus, hrStatus, absenceUserIDFK) values('52435a4a-53cc-4def-bd57-10b48eeccf9d', 'Cuidado de un hijo o familiar enfermo', '33/09/18', '33/09/19', 1, 2, '9e6f3508-b08b-45db-a4f3-cd46aa52afdd'); 
INSERT INTO absence(absenceID, reason, startDate, endDate, leaderStatus, hrStatus, absenceUserIDFK) values('7d2d6756-d63f-4c19-8292-b3e7e4f6412f', 'Accidente', '32/11/21', '32/11/22', 2, 2, 'fff53948-896e-4b63-9acb-50544f8750ca'); 
INSERT INTO absence(absenceID, reason, startDate, endDate, leaderStatus, hrStatus, absenceUserIDFK) values('388bc449-3f52-450e-af85-7f9202adf958', 'Condiciones climáticas extremas', '26/11/03', '26/11/04', 0, 2, '3ef9fb8c-f825-4fbe-a956-841b2b4d69b8'); 
INSERT INTO absence(absenceID, reason, startDate, endDate, leaderStatus, hrStatus, absenceUserIDFK) values('9d3a2650-210b-4662-ba8f-6fa6c8fa6a11', 'Problemas de salud mental', '26/08/26', '26/08/27', 0, 2, 'a7082f10-a0f9-460c-bdc5-74905722fc05'); 
INSERT INTO absence(absenceID, reason, startDate, endDate, leaderStatus, hrStatus, absenceUserIDFK) values('47accbc7-3ecd-4437-a5f7-6fba94a9e0e4', 'Accidente', '26/11/03', '26/11/04', 1, 2, 'a16fa827-0f20-4324-b30d-4b2e850f8dca'); 
INSERT INTO absence(absenceID, reason, startDate, endDate, leaderStatus, hrStatus, absenceUserIDFK) values('2c25ba9b-cc82-4636-93cf-f3d9179fa5de', 'Accidente', '33/11/24', '33/11/25', 0, 2, '159c52ee-0151-4d2c-95d8-87f7ec8b25be'); 
INSERT INTO absence(absenceID, reason, startDate, endDate, leaderStatus, hrStatus, absenceUserIDFK) values('14984983-52de-4c32-82f6-1eed2243a7bd', 'Maternidad/Paternidad', '28/01/12', '28/01/13', 1, 2, '9d9813b9-3c8c-4b35-bc6a-bf60d80e839d'); 
INSERT INTO absence(absenceID, reason, startDate, endDate, leaderStatus, hrStatus, absenceUserIDFK) values('46bc2339-953a-483a-98b5-ad6ac945b34c', 'Convocatoria a servicio militar o cívico', '25/03/08', '25/03/09', 2, 2, '376154a5-0bee-4ed4-bcd2-fd68763c5769'); 
INSERT INTO absence(absenceID, reason, startDate, endDate, leaderStatus, hrStatus, absenceUserIDFK) values('c9546ee7-4190-4be8-8d3a-11a180cdc4b9', 'Enfermedad', '31/12/21', '31/12/22', 1, 2, '75fc32dd-fd0d-4ec1-b36a-a51a51147c90'); 
INSERT INTO absence(absenceID, reason, startDate, endDate, leaderStatus, hrStatus, absenceUserIDFK) values('9d16464a-800f-4f33-9b26-c5d3ef1941d7', 'Donación de sangre', '25/10/27', '25/10/28', 1, 2, 'ffe93340-6e2b-43a8-b08f-d397b0f38265'); 
INSERT INTO absence(absenceID, reason, startDate, endDate, leaderStatus, hrStatus, absenceUserIDFK) values('421f3c53-c0bd-4084-b682-82081f984e69', 'Citación judicial', '32/12/24', '32/12/25', 0, 2, '01d6f634-0771-4dac-9c01-954bd5e4e152'); 
INSERT INTO absence(absenceID, reason, startDate, endDate, leaderStatus, hrStatus, absenceUserIDFK) values('4bb91e10-8d0e-49ce-a583-a0e7c5bf2318', 'Problemas de salud mental', '27/12/09', '27/12/10', 2, 2, '3026d48c-98d3-4b0b-936c-8d66a76a5928'); 
INSERT INTO absence(absenceID, reason, startDate, endDate, leaderStatus, hrStatus, absenceUserIDFK) values('0357bb85-5fda-4dad-8435-0b3c80c55b91', 'Problemas familiares', '25/04/11', '25/04/12', 1, 2, '6a3ed44f-b12f-4360-83ee-b32bb39bd61d'); 
INSERT INTO absence(absenceID, reason, startDate, endDate, leaderStatus, hrStatus, absenceUserIDFK) values('204e3ec0-3503-4f58-9cfe-395401900f86', 'Maternidad/Paternidad', '31/11/18', '31/11/19', 2, 2, '75fc32dd-fd0d-4ec1-b36a-a51a51147c90'); 
INSERT INTO absence(absenceID, reason, startDate, endDate, leaderStatus, hrStatus, absenceUserIDFK) values('9c2ed8a8-6a59-4dc5-aabf-2ea4df7ce2a0', 'Luto por fallecimiento de un familiar', '30/03/24', '30/03/25', 0, 2, 'ee5d2043-1ac0-4e64-9141-9ba335e37326'); 
INSERT INTO absence(absenceID, reason, startDate, endDate, leaderStatus, hrStatus, absenceUserIDFK) values('0a021e43-561f-4366-a6c2-50495e7e2206', 'Emergencia en el hogar (fugas, incendios, etc.)', '26/09/29', '26/09/30', 2, 2, '8f52f6e5-8705-4d5e-8928-0d08a4989d19'); 
INSERT INTO absence(absenceID, reason, startDate, endDate, leaderStatus, hrStatus, absenceUserIDFK) values('ae6532dc-0912-49ec-b20a-d2d114d4ef57', 'Viaje de emergencia', '28/04/21', '28/04/22', 1, 2, 'adfedd86-af39-4db9-adfd-980a94350e27'); 
INSERT INTO absence(absenceID, reason, startDate, endDate, leaderStatus, hrStatus, absenceUserIDFK) values('90b5ece0-fe4b-4e20-9147-9bc5f500f7d1', 'Maternidad/Paternidad', '29/09/18', '29/09/19', 0, 2, '575681bf-c7bd-456b-9be1-f75dd06da75b'); 
INSERT INTO absence(absenceID, reason, startDate, endDate, leaderStatus, hrStatus, absenceUserIDFK) values('f6bb35c8-8d49-4c7c-a1c6-8bcb5740b837', 'Accidente', '27/08/29', '27/08/30', 0, 2, '500b52e8-73d6-4483-835c-ba7a59176dbd'); 
INSERT INTO absence(absenceID, reason, startDate, endDate, leaderStatus, hrStatus, absenceUserIDFK) values('5f54ddfb-19d2-4b11-a305-1acefbd603c3', 'Accidente', '26/05/18', '26/05/19', 0, 2, '01d6f634-0771-4dac-9c01-954bd5e4e152'); 
INSERT INTO absence(absenceID, reason, startDate, endDate, leaderStatus, hrStatus, absenceUserIDFK) values('dfed266b-b97d-4b71-b4ea-744a4ac82745', 'Emergencia en el hogar (fugas, incendios, etc.)', '31/11/24', '31/11/25', 0, 2, '482a8d61-54b3-435f-bab6-9a8ee33e9c38'); 
INSERT INTO absence(absenceID, reason, startDate, endDate, leaderStatus, hrStatus, absenceUserIDFK) values('f39d460d-6b41-436e-8546-ba6426a88a91', 'Problemas familiares', '30/07/03', '30/07/04', 2, 2, '9d59c9cb-dd43-4333-b253-8d81a1b592d7'); 
INSERT INTO absence(absenceID, reason, startDate, endDate, leaderStatus, hrStatus, absenceUserIDFK) values('d2bc2746-0671-4e2e-b6f0-27f6e3c43cf1', 'Enfermedad', '30/09/09', '30/09/10', 1, 2, 'a16fa827-0f20-4324-b30d-4b2e850f8dca'); 
INSERT INTO absence(absenceID, reason, startDate, endDate, leaderStatus, hrStatus, absenceUserIDFK) values('9d831b58-e741-4072-9261-790e33353579', 'Problemas de salud mental', '30/09/09', '30/09/10', 2, 2, '9044fb3a-0d0d-47f8-abaa-371bdcadb8f9'); 
INSERT INTO absence(absenceID, reason, startDate, endDate, leaderStatus, hrStatus, absenceUserIDFK) values('6a5c7891-535b-468f-8c85-0d2123903c7b', 'Licencia por matrimonio', '30/01/18', '30/01/19', 1, 2, 'fff53948-896e-4b63-9acb-50544f8750ca'); 
INSERT INTO absence(absenceID, reason, startDate, endDate, leaderStatus, hrStatus, absenceUserIDFK) values('ea4fdc63-5d0f-4993-88d5-390f3f9687d0', 'Viaje de emergencia', '25/03/08', '25/03/09', 2, 2, '209d2735-503e-44ec-86df-b3d54a366a25'); 
INSERT INTO absence(absenceID, reason, startDate, endDate, leaderStatus, hrStatus, absenceUserIDFK) values('782fac86-50cf-468c-8a8e-09c57858a1dc', 'Accidente', '30/09/09', '30/09/10', 0, 2, 'f9ff5308-857d-47f5-b9eb-2447959e50aa'); 
INSERT INTO absence(absenceID, reason, startDate, endDate, leaderStatus, hrStatus, absenceUserIDFK) values('49384a82-4789-48cf-9901-b2807ae12c00', 'Cuidado de un hijo o familiar enfermo', '32/01/24', '32/01/25', 0, 2, 'c1d3f3d6-12b0-4dbd-bc5d-8fb2b29dfc10'); 
INSERT INTO absence(absenceID, reason, startDate, endDate, leaderStatus, hrStatus, absenceUserIDFK) values('be45a5c8-0a1d-40ab-b9d6-5b6e1f93b8a2', 'Problemas de movilidad o avería del vehículo', '30/07/03', '30/07/04', 2, 2, 'e555916c-f77b-4cab-8a49-7a7ef388de9b'); 
INSERT INTO absence(absenceID, reason, startDate, endDate, leaderStatus, hrStatus, absenceUserIDFK) values('a99bbc5b-1b36-4d47-b66f-424c2d87f1f5', 'Maternidad/Paternidad', '31/07/06', '31/07/07', 1, 2, '7848b744-2f1a-4156-97a2-b3f896361bcd'); 
INSERT INTO absence(absenceID, reason, startDate, endDate, leaderStatus, hrStatus, absenceUserIDFK) values('3c08ec97-770c-4a2f-ae04-7168ae0c2409', 'Citación judicial', '31/06/03', '31/06/04', 1, 2, 'ed616b64-690e-4a91-836a-47ad9f10e755'); 
INSERT INTO absence(absenceID, reason, startDate, endDate, leaderStatus, hrStatus, absenceUserIDFK) values('6e90b5b0-dde3-47ce-98c8-ddee04e6db9b', 'Problemas de movilidad o avería del vehículo', '25/01/03', '25/01/04', 0, 2, 'c1d3f3d6-12b0-4dbd-bc5d-8fb2b29dfc10'); 
INSERT INTO absence(absenceID, reason, startDate, endDate, leaderStatus, hrStatus, absenceUserIDFK) values('8c95c9fd-fd77-4922-8130-7cc79e0d7d4e', 'Cuidado de un hijo o familiar enfermo', '29/01/15', '29/01/16', 1, 2, 'cd7cf005-42c5-437b-aa58-d78cb2a7ed40'); 
INSERT INTO absence(absenceID, reason, startDate, endDate, leaderStatus, hrStatus, absenceUserIDFK) values('b8384d96-2751-4c02-acd9-e9b1657e7b63', 'Cuidado de un hijo o familiar enfermo', '31/12/21', '31/12/22', 2, 2, 'f39c1a3c-177f-4d68-9850-edb72b68a9c9'); 
INSERT INTO absence(absenceID, reason, startDate, endDate, leaderStatus, hrStatus, absenceUserIDFK) values('9d739d1a-3b3b-47b8-8a11-180fc9505d5f', 'Condiciones climáticas extremas', '26/06/21', '26/06/22', 0, 2, '9e6f3508-b08b-45db-a4f3-cd46aa52afdd'); 
INSERT INTO absence(absenceID, reason, startDate, endDate, leaderStatus, hrStatus, absenceUserIDFK) values('799bb462-4c1a-40c7-bd5c-bae9f92d8613', 'Convocatoria a servicio militar o cívico', '31/01/21', '31/01/22', 2, 2, '65b352cc-fcbf-4439-9bbf-89fb57015a1f'); 
INSERT INTO absence(absenceID, reason, startDate, endDate, leaderStatus, hrStatus, absenceUserIDFK) values('204c4b38-5b15-49b8-b400-67507a0204dc', 'Citación judicial', '30/10/12', '30/10/13', 0, 2, 'adfedd86-af39-4db9-adfd-980a94350e27'); 
INSERT INTO absence(absenceID, reason, startDate, endDate, leaderStatus, hrStatus, absenceUserIDFK) values('169b19d0-8512-4d0b-a666-cd608619acbf', 'Cuidado de un hijo o familiar enfermo', '28/03/18', '28/03/19', 2, 2, 'a717111d-dc92-456d-b465-2550da13be59'); 
INSERT INTO absence(absenceID, reason, startDate, endDate, leaderStatus, hrStatus, absenceUserIDFK) values('2d354894-85c2-468a-9fe5-a85cfb4475cb', 'Condiciones climáticas extremas', '27/04/18', '27/04/19', 1, 2, '2382f987-f762-459d-825a-87d69a273574'); 
INSERT INTO absence(absenceID, reason, startDate, endDate, leaderStatus, hrStatus, absenceUserIDFK) values('d4ad2ea2-0eb5-4bba-b430-7bbc5eb004f2', 'Problemas de salud mental', '27/10/03', '27/10/04', 0, 2, '06460a70-c067-4491-b385-99cc08e6e0f2'); 
INSERT INTO absence(absenceID, reason, startDate, endDate, leaderStatus, hrStatus, absenceUserIDFK) values('c0666e68-c269-4c37-b475-befc4a6c2bec', 'Donación de sangre', '25/05/14', '25/05/15', 0, 2, '9044fb3a-0d0d-47f8-abaa-371bdcadb8f9'); 
INSERT INTO absence(absenceID, reason, startDate, endDate, leaderStatus, hrStatus, absenceUserIDFK) values('3454d8af-1036-4f14-a895-dbb155411fbe', 'Viaje de emergencia', '27/10/03', '27/10/04', 2, 2, '681e6f75-e603-4bbf-8795-dc4fe364921c'); 
INSERT INTO absence(absenceID, reason, startDate, endDate, leaderStatus, hrStatus, absenceUserIDFK) values('3abce0f9-b92a-45e4-96df-c4bd131895c2', 'Problemas de movilidad o avería del vehículo', '27/05/21', '27/05/22', 1, 2, '3bfd9e5e-bf70-4cfc-bfa2-4610ed1aff35'); 
INSERT INTO absence(absenceID, reason, startDate, endDate, leaderStatus, hrStatus, absenceUserIDFK) values('3cf4b718-a50c-49c5-8a5d-4d35970a1590', 'Donación de sangre', '31/03/27', '31/03/28', 0, 2, '500b52e8-73d6-4483-835c-ba7a59176dbd'); 

INSERT INTO absenceMedia(absenceMediaID, mediaLink, absenceIDFK) values('f2922157-9635-441c-88fd-30b5a99ed774', 'https://www.serviciosxyz.com/soluciones/internet-empresas', 'f39d460d-6b41-436e-8546-ba6426a88a91'); 
INSERT INTO absenceMedia(absenceMediaID, mediaLink, absenceIDFK) values('68389549-b8b7-4e70-8031-71d925636b46', 'https://www.interactivewebs.com/proyectos/desarrollo-software', 'ea4fdc63-5d0f-4993-88d5-390f3f9687d0'); 
INSERT INTO absenceMedia(absenceMediaID, mediaLink, absenceIDFK) values('7bdf1dc4-dc4e-4985-ac50-f9859862bd2d', 'https://www.soluciones360.com/soporte/atencion-cliente', '5f54ddfb-19d2-4b11-a305-1acefbd603c3'); 
INSERT INTO absenceMedia(absenceMediaID, mediaLink, absenceIDFK) values('e469e665-9a57-4ec0-baaa-0675ab8254c9', 'https://www.creacionsistemas.com/planificación/pymes', '90b5ece0-fe4b-4e20-9147-9bc5f500f7d1'); 
INSERT INTO absenceMedia(absenceMediaID, mediaLink, absenceIDFK) values('17bfb603-0fb0-48a7-9246-d5bdbcb927a2', 'https://www.ecommerceplus.com/guias/venta-online', '3abce0f9-b92a-45e4-96df-c4bd131895c2'); 
INSERT INTO absenceMedia(absenceMediaID, mediaLink, absenceIDFK) values('f95d81b3-0788-49b2-8a7d-7b50ae920f65', 'https://www.soluciones360.com/soporte/atencion-cliente', 'eddd42c3-c1ae-45b3-a8ba-37355a3851f2'); 
INSERT INTO absenceMedia(absenceMediaID, mediaLink, absenceIDFK) values('151ec627-649b-4420-940b-c273cdbbd04e', 'https://www.mundodigital.com/tutoriales/marketing-digital', '3cf4b718-a50c-49c5-8a5d-4d35970a1590'); 
INSERT INTO absenceMedia(absenceMediaID, mediaLink, absenceIDFK) values('d69789e0-1505-40c3-973f-282d5e3d4b24', 'https://www.expertositio.com/blog/diseño-web', '9c2ed8a8-6a59-4dc5-aabf-2ea4df7ce2a0'); 
INSERT INTO absenceMedia(absenceMediaID, mediaLink, absenceIDFK) values('bf49cf13-5491-4621-8c56-70ba2d4652b7', 'https://www.digitalinnovators.com/estrategias/marketing', '8ede58c5-13b3-4e65-a5f1-3f9c36463467'); 
INSERT INTO absenceMedia(absenceMediaID, mediaLink, absenceIDFK) values('bc572a53-9753-40f5-90cb-19f57ad83e49', 'https://www.empresafuturo.com/servicios/desarrollo-tecnologico', '4bb91e10-8d0e-49ce-a583-a0e7c5bf2318'); 
INSERT INTO absenceMedia(absenceMediaID, mediaLink, absenceIDFK) values('da72b426-c824-41f6-aa33-ad919a69e9c4', 'https://www.tuempresa.com/contacto/soporte', 'c1bd6a0b-0179-4992-b623-8b8117a7dc88'); 
INSERT INTO absenceMedia(absenceMediaID, mediaLink, absenceIDFK) values('173d75a8-088e-4d83-a6db-cc516da7c321', 'https://www.redescomunicacion.com/tutoriales/redes-sociales', '3abce0f9-b92a-45e4-96df-c4bd131895c2'); 
INSERT INTO absenceMedia(absenceMediaID, mediaLink, absenceIDFK) values('45ae82b0-e12f-417b-982a-4054aa57911f', 'https://www.ejemplo.com/productos/calculadora-interes', '2291e7af-4ddd-4897-9230-49440fae90bd'); 
INSERT INTO absenceMedia(absenceMediaID, mediaLink, absenceIDFK) values('ad9c1d13-77e9-45e5-9028-065eb44c0c36', 'https://www.tuempresa.com/contacto/soporte', '5f54ddfb-19d2-4b11-a305-1acefbd603c3'); 
INSERT INTO absenceMedia(absenceMediaID, mediaLink, absenceIDFK) values('653d69fd-68a9-4212-81e3-32007ddf9d9a', 'https://www.mundodigital.com/tutoriales/marketing-digital', 'd2bc2746-0671-4e2e-b6f0-27f6e3c43cf1'); 
INSERT INTO absenceMedia(absenceMediaID, mediaLink, absenceIDFK) values('8458f914-8000-4235-8c7f-6b486dd185d6', 'https://www.empresainnovadora.com/noticias/lanzamientos', 'b3e0b83e-62cf-453e-97b7-c53e75cbb57d'); 
INSERT INTO absenceMedia(absenceMediaID, mediaLink, absenceIDFK) values('80200081-0432-4181-911e-1c0433a05c2c', 'https://www.nuevastecnologias.com/innovacion/digitalizacion', 'd2bc2746-0671-4e2e-b6f0-27f6e3c43cf1'); 
INSERT INTO absenceMedia(absenceMediaID, mediaLink, absenceIDFK) values('2c271278-a67d-4013-8e46-e91d33693d33', 'https://www.ecommerceplus.com/guias/venta-online', '47accbc7-3ecd-4437-a5f7-6fba94a9e0e4'); 
INSERT INTO absenceMedia(absenceMediaID, mediaLink, absenceIDFK) values('656cc377-8adf-4bbd-bfd8-ea33b5165ac7', 'https://www.sistemasmodernos.com/tecnologia/innovacion', '2d354894-85c2-468a-9fe5-a85cfb4475cb'); 
INSERT INTO absenceMedia(absenceMediaID, mediaLink, absenceIDFK) values('444f1393-95fd-40c9-a6ed-fc512f62bdf2', 'https://www.empresainnovadora.com/noticias/lanzamientos', '9d16464a-800f-4f33-9b26-c5d3ef1941d7'); 
INSERT INTO absenceMedia(absenceMediaID, mediaLink, absenceIDFK) values('d1540550-2cef-43e1-85de-a894deede4f2', 'https://www.interactivewebs.com/proyectos/desarrollo-software', '0a021e43-561f-4366-a6c2-50495e7e2206'); 
INSERT INTO absenceMedia(absenceMediaID, mediaLink, absenceIDFK) values('ef304255-1d3f-464c-a163-3e7aab0fceb0', 'https://www.sistemasmodernos.com/tecnologia/innovacion', '204c4b38-5b15-49b8-b400-67507a0204dc'); 
INSERT INTO absenceMedia(absenceMediaID, mediaLink, absenceIDFK) values('9fe3dca4-c185-499f-b21d-91f2968022d9', 'https://www.tiendavirtual.com/blog/estrategias-marketing', '7d2d6756-d63f-4c19-8292-b3e7e4f6412f'); 
INSERT INTO absenceMedia(absenceMediaID, mediaLink, absenceIDFK) values('187c8cb9-e0ca-438b-9a01-3b39fcda1cd9', 'https://www.empresafuturo.com/servicios/desarrollo-tecnologico', '0357bb85-5fda-4dad-8435-0b3c80c55b91'); 
INSERT INTO absenceMedia(absenceMediaID, mediaLink, absenceIDFK) values('5eb77dd0-d40e-426b-8fe4-4465235ce1af', 'https://www.ecommerceplus.com/guias/venta-online', '1d74dc38-3206-448e-805e-fe165bff7ebb'); 
INSERT INTO absenceMedia(absenceMediaID, mediaLink, absenceIDFK) values('7a484c54-4987-4d46-a1aa-1fe0877d9704', 'https://www.nuevastecnologias.com/innovacion/digitalizacion', 'a99bbc5b-1b36-4d47-b66f-424c2d87f1f5'); 
INSERT INTO absenceMedia(absenceMediaID, mediaLink, absenceIDFK) values('130fd7a2-f31b-4716-b7e8-c68caa40d4f6', 'https://www.nuevosproyectos.com/planificacion/estrategica', '49384a82-4789-48cf-9901-b2807ae12c00'); 
INSERT INTO absenceMedia(absenceMediaID, mediaLink, absenceIDFK) values('7e2163df-cb82-4f53-bf57-574cc36a5b9a', 'https://www.sistemasmodernos.com/tecnologia/innovacion', '9d739d1a-3b3b-47b8-8a11-180fc9505d5f'); 
INSERT INTO absenceMedia(absenceMediaID, mediaLink, absenceIDFK) values('b513652c-fc2b-48a6-ab8c-9cffa91a200d', 'https://www.mundodigital.com/tutoriales/marketing-digital', '47accbc7-3ecd-4437-a5f7-6fba94a9e0e4'); 
INSERT INTO absenceMedia(absenceMediaID, mediaLink, absenceIDFK) values('8fb93f8f-1096-4bd3-8137-6d0d852221ea', 'https://www.ejemplo.com/productos/calculadora-interes', '2d354894-85c2-468a-9fe5-a85cfb4475cb'); 
INSERT INTO absenceMedia(absenceMediaID, mediaLink, absenceIDFK) values('1506c380-925f-4f3c-baa0-49748cd82dcb', 'https://www.nuevastecnologias.com/innovacion/digitalizacion', 'c9546ee7-4190-4be8-8d3a-11a180cdc4b9'); 
INSERT INTO absenceMedia(absenceMediaID, mediaLink, absenceIDFK) values('61431162-7a7f-40ff-a191-eaf0aefff671', 'https://www.tutorialesweb.com/aprendizaje/codificacion', 'ea4fdc63-5d0f-4993-88d5-390f3f9687d0'); 
INSERT INTO absenceMedia(absenceMediaID, mediaLink, absenceIDFK) values('d0ffc54a-9f0e-4e2b-a6ec-f64e2a58913b', 'https://www.nuevastecnologias.com/innovacion/digitalizacion', 'eddd42c3-c1ae-45b3-a8ba-37355a3851f2'); 
INSERT INTO absenceMedia(absenceMediaID, mediaLink, absenceIDFK) values('ba2a0a5c-bbf4-4c69-b442-da74cbab7390', 'https://www.expertositio.com/blog/diseño-web', '421f3c53-c0bd-4084-b682-82081f984e69'); 
INSERT INTO absenceMedia(absenceMediaID, mediaLink, absenceIDFK) values('9eb43e85-a035-43ca-8d64-05476fc07279', 'https://www.empresafuturo.com/servicios/desarrollo-tecnologico', '204e3ec0-3503-4f58-9cfe-395401900f86'); 
INSERT INTO absenceMedia(absenceMediaID, mediaLink, absenceIDFK) values('6e689762-aa71-4676-9c49-06125ca5c69b', 'https://www.micompany.com/servicios/consultoria-web', '3abce0f9-b92a-45e4-96df-c4bd131895c2'); 
INSERT INTO absenceMedia(absenceMediaID, mediaLink, absenceIDFK) values('d0fd305d-6135-44d0-b516-491144b779db', 'https://www.creacionsistemas.com/planificación/pymes', '130d9aeb-6f56-42fd-a975-f81072f39bb1'); 
INSERT INTO absenceMedia(absenceMediaID, mediaLink, absenceIDFK) values('4cef9a69-39a0-4b95-8541-306fa7006cd7', 'https://www.nuevosproyectos.com/planificacion/estrategica', '3cf4b718-a50c-49c5-8a5d-4d35970a1590'); 
INSERT INTO absenceMedia(absenceMediaID, mediaLink, absenceIDFK) values('0c029d02-18e7-435c-9e8d-37b8b184a74b', 'https://www.sistemasmodernos.com/tecnologia/innovacion', '6e90b5b0-dde3-47ce-98c8-ddee04e6db9b'); 
INSERT INTO absenceMedia(absenceMediaID, mediaLink, absenceIDFK) values('eb687631-a9a6-4050-a70d-2704da330678', 'https://www.serviciosxyz.com/soluciones/internet-empresas', '9d3a2650-210b-4662-ba8f-6fa6c8fa6a11'); 
INSERT INTO absenceMedia(absenceMediaID, mediaLink, absenceIDFK) values('5f497bfd-d6b3-4587-b75d-d2243dbd8cb3', 'https://www.interactivewebs.com/proyectos/desarrollo-software', '36dc1b0f-63a2-452d-bcc4-d9a9d8e643c3'); 
INSERT INTO absenceMedia(absenceMediaID, mediaLink, absenceIDFK) values('5a8f8501-9cac-4576-9f0c-ee152b4d5ea6', 'https://www.sistemasmodernos.com/tecnologia/innovacion', '2d354894-85c2-468a-9fe5-a85cfb4475cb'); 
INSERT INTO absenceMedia(absenceMediaID, mediaLink, absenceIDFK) values('5900bb90-5d8d-449b-8a40-4e3975a8c8fa', 'https://www.nuevosproyectos.com/planificacion/estrategica', 'fdfb8b3e-2786-451c-bae4-d98787f5ca19'); 
INSERT INTO absenceMedia(absenceMediaID, mediaLink, absenceIDFK) values('a6afda86-bbc9-4be6-96f9-8c612de662e8', 'https://www.redescomunicacion.com/tutoriales/redes-sociales', 'fd01675f-f4a7-4b59-b727-00b784c5c8eb'); 
INSERT INTO absenceMedia(absenceMediaID, mediaLink, absenceIDFK) values('752b5abf-6ba9-48e1-91c0-dbfb2482aaff', 'https://www.empresafuturo.com/servicios/desarrollo-tecnologico', 'f6bb35c8-8d49-4c7c-a1c6-8bcb5740b837'); 
INSERT INTO absenceMedia(absenceMediaID, mediaLink, absenceIDFK) values('c8a34bde-9cd7-40c9-bda2-b13461265fbc', 'https://www.sistemasmodernos.com/tecnologia/innovacion', '47accbc7-3ecd-4437-a5f7-6fba94a9e0e4'); 
INSERT INTO absenceMedia(absenceMediaID, mediaLink, absenceIDFK) values('65deabb6-9e87-41c3-895b-c211c08ab40b', 'https://www.mundodigital.com/tutoriales/marketing-digital', '4ddc0e4e-9392-435b-bd4f-f8ba6c6c96a5'); 
INSERT INTO absenceMedia(absenceMediaID, mediaLink, absenceIDFK) values('e3a819a0-4aca-44ac-b033-68d5fecdb3a9', 'https://www.empresainnovadora.com/noticias/lanzamientos', 'eddd42c3-c1ae-45b3-a8ba-37355a3851f2'); 
INSERT INTO absenceMedia(absenceMediaID, mediaLink, absenceIDFK) values('30351539-90d7-4a51-a1fe-5cc94e3f7267', 'https://www.smartsolutions.com/servicios/paginas-web', 'a99bbc5b-1b36-4d47-b66f-424c2d87f1f5'); 
INSERT INTO absenceMedia(absenceMediaID, mediaLink, absenceIDFK) values('31b46821-e8d0-47e6-9daa-8f21fcc05611', 'https://www.ejemplo.com/productos/calculadora-interes', 'be45a5c8-0a1d-40ab-b9d6-5b6e1f93b8a2'); 

INSERT INTO fault(faultID, doneDate, summary, faultUserIDFK) VALUES('44374942-9413-41d3-85f8-b3412a68aa4b', '2025-05-14', 'Incumplir con los plazos establecidos para la entrega de proyectos o tareas', 'd3f27c2d-ccfa-447e-bf68-bd37ef165536');
INSERT INTO fault(faultID, doneDate, summary, faultUserIDFK) VALUES('3618edc5-39e9-458f-bb7f-75e3c3ad2d05', '2025-03-17', 'Cometer fallos en el trabajo de forma repetitiva, a pesar de haber sido señalados previamente', '2f4d67ac-2f76-49ea-b022-73f4fa303716');
INSERT INTO fault(faultID, doneDate, summary, faultUserIDFK) VALUES('14c58fc8-06b9-40b0-8480-2b47b643347b', '2025-03-12', 'Incumplir con los plazos establecidos para la entrega de proyectos o tareas', '1206d361-21e9-42de-93a6-cc25e57d4ca8');
INSERT INTO fault(faultID, doneDate, summary, faultUserIDFK) VALUES('0b188080-fc43-4d29-886e-69df832e6e4b', '2025-03-17', 'No seguir las políticas o procedimientos establecidos por la empresa', '69f72bc7-aa10-4e01-9188-c2f85db996ca');
INSERT INTO fault(faultID, doneDate, summary, faultUserIDFK) VALUES('e52bfb10-72b1-43a6-accf-c42ddadcad5a', '2025-05-14', 'No seguir las políticas o procedimientos establecidos por la empresa', 'd908fe26-6993-46a6-b413-8c67a848112f');
INSERT INTO fault(faultID, doneDate, summary, faultUserIDFK) VALUES('0139f66a-1879-4886-84cd-ad3fb2d83ac2', '2025-05-14', 'El empleado no se presenta al trabajo sin avisar o sin una razón válida, afectando la continuidad de las labores del equipo.', 'd33619c8-7103-42c7-bf10-990a4ecbb5c7');
INSERT INTO fault(faultID, doneDate, summary, faultUserIDFK) VALUES('f118e4b5-45be-42f3-986a-e3a06c1c97d6', '2025-03-30', 'No informar oportunamente sobre dificultades o retrasos que puedan afectar el cumplimiento de las metas', '67d1fb25-1be7-4168-9051-38e7e6a9b65c');
INSERT INTO fault(faultID, doneDate, summary, faultUserIDFK) VALUES('bad53c67-14ee-404f-b08b-3ac57c52a932', '2025-05-16', 'Incumplir con los plazos establecidos para la entrega de proyectos o tareas', '65c95bab-b7bd-4a2b-84c9-1fe82a8294e2');
INSERT INTO fault(faultID, doneDate, summary, faultUserIDFK) VALUES('8b7f2e6e-209a-4bb7-b1bf-c7e07a9c1ce1', '2025-03-30', 'Llegar tarde de manera reiterada, lo cual puede generar problemas en la coordinación y en el flujo de trabajo.', 'f39c1a3c-177f-4d68-9850-edb72b68a9c9');
INSERT INTO fault(faultID, doneDate, summary, faultUserIDFK) VALUES('00baac3a-7f29-4d28-9b25-8f1fb00e4d1e', '2025-03-17', 'Incumplir con los plazos establecidos para la entrega de proyectos o tareas', 'cb96ae55-047c-45f0-ab3c-d67345c9d927');
INSERT INTO fault(faultID, doneDate, summary, faultUserIDFK) VALUES('e55969ad-39e3-4955-84fa-5fe6fa199235', '2025-05-14', 'Cometer fallos en el trabajo de forma repetitiva, a pesar de haber sido señalados previamente', 'cc8d3838-6b7b-4a27-a7c6-027f01063001');
INSERT INTO fault(faultID, doneDate, summary, faultUserIDFK) VALUES('c016e74f-3597-4d83-b58c-6b5f71c4c81e', '2025-03-17', 'No seguir las políticas o procedimientos establecidos por la empresa', '9d59c9cb-dd43-4333-b253-8d81a1b592d7');
INSERT INTO fault(faultID, doneDate, summary, faultUserIDFK) VALUES('526f62b1-555d-4ae8-9262-a35422ba3b71', '2025-05-14', 'No informar oportunamente sobre dificultades o retrasos que puedan afectar el cumplimiento de las metas', '25429c7a-8f80-4f6f-84b0-7ff44f1287aa');
INSERT INTO fault(faultID, doneDate, summary, faultUserIDFK) VALUES('72875add-e6cc-41ae-aa9e-5952f0c9b5a1', '2025-05-16', 'Cometer fallos en el trabajo de forma repetitiva, a pesar de haber sido señalados previamente', '75fc32dd-fd0d-4ec1-b36a-a51a51147c90');
INSERT INTO fault(faultID, doneDate, summary, faultUserIDFK) VALUES('06a4cdaa-f8ef-4433-a053-052fc68c89a3', '2025-05-14', 'Cometer fallos en el trabajo de forma repetitiva, a pesar de haber sido señalados previamente', '65b352cc-fcbf-4439-9bbf-89fb57015a1f');
INSERT INTO fault(faultID, doneDate, summary, faultUserIDFK) VALUES('2140e37b-92d4-4447-b562-59e169fdae13', '2025-03-30', 'No informar oportunamente sobre dificultades o retrasos que puedan afectar el cumplimiento de las metas', '43e12f5a-3d59-4d08-bff0-1aeafc100fea');
INSERT INTO fault(faultID, doneDate, summary, faultUserIDFK) VALUES('28feca2d-2d90-4ab7-b42d-0c794e4c5cc9', '2025-03-12', 'Cometer fallos en el trabajo de forma repetitiva, a pesar de haber sido señalados previamente', '759256ba-153e-49ce-90fd-02df3e1414c7');
INSERT INTO fault(faultID, doneDate, summary, faultUserIDFK) VALUES('26a67080-87d9-4d35-ac73-d3639bd22dc9', '2025-05-16', 'Incumplir con los plazos establecidos para la entrega de proyectos o tareas', '6366f21e-d9e5-40b7-b00b-27103de053eb');
INSERT INTO fault(faultID, doneDate, summary, faultUserIDFK) VALUES('b6f2b0c3-6bfe-4fc7-88ee-f8d5159e4595', '2025-03-30', 'Incumplir con los plazos establecidos para la entrega de proyectos o tareas', 'a7082f10-a0f9-460c-bdc5-74905722fc05');
INSERT INTO fault(faultID, doneDate, summary, faultUserIDFK) VALUES('5a0a852e-6d21-409b-aaff-596db64b1d79', '2025-03-17', 'Cometer fallos en el trabajo de forma repetitiva, a pesar de haber sido señalados previamente', 'adfedd86-af39-4db9-adfd-980a94350e27');
INSERT INTO fault(faultID, doneDate, summary, faultUserIDFK) VALUES('7de37775-b98c-43fe-a138-1d339327b9c1', '2025-05-14', 'Llegar tarde de manera reiterada, lo cual puede generar problemas en la coordinación y en el flujo de trabajo.', '0e879bca-3577-4663-88f1-a29f560b8973');
INSERT INTO fault(faultID, doneDate, summary, faultUserIDFK) VALUES('30c4c089-3176-444e-af8a-6978074def7d', '2025-03-17', 'Incumplir con los plazos establecidos para la entrega de proyectos o tareas', 'cb96ae55-047c-45f0-ab3c-d67345c9d927');
INSERT INTO fault(faultID, doneDate, summary, faultUserIDFK) VALUES('049cc921-cf5c-4988-9dde-62de0e269e97', '2025-03-17', 'No informar oportunamente sobre dificultades o retrasos que puedan afectar el cumplimiento de las metas', '534ed762-2425-4c4e-9c48-7d7e05117ccc');
INSERT INTO fault(faultID, doneDate, summary, faultUserIDFK) VALUES('a504f50f-7cfc-4c6b-b962-e60a6682d388', '2025-05-14', 'No informar oportunamente sobre dificultades o retrasos que puedan afectar el cumplimiento de las metas', 'ed616b64-690e-4a91-836a-47ad9f10e755');
INSERT INTO fault(faultID, doneDate, summary, faultUserIDFK) VALUES('da4caf3d-2abd-43c8-94bb-ddbf60e2b46f', '2025-03-17', 'Llegar tarde de manera reiterada, lo cual puede generar problemas en la coordinación y en el flujo de trabajo.', '0e879bca-3577-4663-88f1-a29f560b8973');
INSERT INTO fault(faultID, doneDate, summary, faultUserIDFK) VALUES('ca2a2db0-3494-4307-9c85-36ed5f829c9c', '2025-05-14', 'El empleado no se presenta al trabajo sin avisar o sin una razón válida, afectando la continuidad de las labores del equipo.', '99e71b98-c6f3-4c85-9500-c0f330adf512');
INSERT INTO fault(faultID, doneDate, summary, faultUserIDFK) VALUES('74adbb52-6c1b-4420-8b92-d0565cfa840d', '2025-03-17', 'No seguir las políticas o procedimientos establecidos por la empresa', '482a8d61-54b3-435f-bab6-9a8ee33e9c38');
INSERT INTO fault(faultID, doneDate, summary, faultUserIDFK) VALUES('3534c56b-2124-4dbd-8199-16c10ec37c60', '2025-03-17', 'El empleado no se presenta al trabajo sin avisar o sin una razón válida, afectando la continuidad de las labores del equipo.', '84c7a957-9923-4f50-9b93-b03957657746');
INSERT INTO fault(faultID, doneDate, summary, faultUserIDFK) VALUES('4f22261f-7983-4afd-9048-15d07e4995e9', '2025-03-30', 'No informar oportunamente sobre dificultades o retrasos que puedan afectar el cumplimiento de las metas', '67d1fb25-1be7-4168-9051-38e7e6a9b65c');
INSERT INTO fault(faultID, doneDate, summary, faultUserIDFK) VALUES('277a703d-3b7e-40b7-9e2f-4f727e71999d', '2025-03-12', 'No informar oportunamente sobre dificultades o retrasos que puedan afectar el cumplimiento de las metas', '1e117e79-5560-4601-ba65-b75507703c55');
INSERT INTO fault(faultID, doneDate, summary, faultUserIDFK) VALUES('e7ac00fc-7c7e-4511-a7af-ca3ed645af13', '2025-03-12', 'Cometer fallos en el trabajo de forma repetitiva, a pesar de haber sido señalados previamente', '9dea9ff8-270e-4f96-8043-1496e4db49c4');
INSERT INTO fault(faultID, doneDate, summary, faultUserIDFK) VALUES('380c4287-7ec0-4817-9ee3-3315cadf15c7', '2025-03-30', 'Llegar tarde de manera reiterada, lo cual puede generar problemas en la coordinación y en el flujo de trabajo.', '8f770c89-aea2-43c0-a082-96ec1506346d');
INSERT INTO fault(faultID, doneDate, summary, faultUserIDFK) VALUES('6cfbbc37-3992-4ce8-a6fc-16b93422fcbb', '2025-05-14', 'No informar oportunamente sobre dificultades o retrasos que puedan afectar el cumplimiento de las metas', '9c901d70-6e52-4711-9ed7-443b6a924a0e');
INSERT INTO fault(faultID, doneDate, summary, faultUserIDFK) VALUES('b81a97eb-3061-4b45-a826-d93593d4f1ca', '2025-03-30', 'Cometer fallos en el trabajo de forma repetitiva, a pesar de haber sido señalados previamente', '209d2735-503e-44ec-86df-b3d54a366a25');
INSERT INTO fault(faultID, doneDate, summary, faultUserIDFK) VALUES('f629420c-e377-4edf-b2ce-9be686b67d72', '2025-03-12', 'Llegar tarde de manera reiterada, lo cual puede generar problemas en la coordinación y en el flujo de trabajo.', 'f8df6f96-7e20-481e-baef-73d526b9e301');
INSERT INTO fault(faultID, doneDate, summary, faultUserIDFK) VALUES('2b076304-3cf6-482d-80e6-b106dcda49e8', '2025-05-16', 'No informar oportunamente sobre dificultades o retrasos que puedan afectar el cumplimiento de las metas', 'ca6dd6ac-a0ff-44e0-9bd0-3b2bcb7bbc67');
INSERT INTO fault(faultID, doneDate, summary, faultUserIDFK) VALUES('9cf2e438-d96b-4e56-9dd4-351aff3d7d04', '2025-03-12', 'Cometer fallos en el trabajo de forma repetitiva, a pesar de haber sido señalados previamente', '608b1715-76cd-48c5-b54e-62e972f13200');
INSERT INTO fault(faultID, doneDate, summary, faultUserIDFK) VALUES('a734c258-3b9e-4284-86f0-449c8c3681c4', '2025-05-14', 'El empleado no se presenta al trabajo sin avisar o sin una razón válida, afectando la continuidad de las labores del equipo.', 'adfedd86-af39-4db9-adfd-980a94350e27');
INSERT INTO fault(faultID, doneDate, summary, faultUserIDFK) VALUES('66c9869b-e386-4860-8a52-d466f9092951', '2025-03-17', 'Cometer fallos en el trabajo de forma repetitiva, a pesar de haber sido señalados previamente', 'ffe93340-6e2b-43a8-b08f-d397b0f38265');
INSERT INTO fault(faultID, doneDate, summary, faultUserIDFK) VALUES('c84e730c-ea00-426b-8452-5777b820fd53', '2025-03-30', 'Llegar tarde de manera reiterada, lo cual puede generar problemas en la coordinación y en el flujo de trabajo.', '01d6f634-0771-4dac-9c01-954bd5e4e152');
INSERT INTO fault(faultID, doneDate, summary, faultUserIDFK) VALUES('640d7e38-7477-419d-8885-644b4db2bf59', '2025-05-14', 'No seguir las políticas o procedimientos establecidos por la empresa', '376154a5-0bee-4ed4-bcd2-fd68763c5769');
INSERT INTO fault(faultID, doneDate, summary, faultUserIDFK) VALUES('0883ee60-faa6-40f8-b984-7b25e889a320', '2025-05-14', 'Llegar tarde de manera reiterada, lo cual puede generar problemas en la coordinación y en el flujo de trabajo.', '25429c7a-8f80-4f6f-84b0-7ff44f1287aa');
INSERT INTO fault(faultID, doneDate, summary, faultUserIDFK) VALUES('9ae2e7fe-2e35-41ed-8e4e-ac2a562f18b6', '2025-03-17', 'Cometer fallos en el trabajo de forma repetitiva, a pesar de haber sido señalados previamente', '6a3ed44f-b12f-4360-83ee-b32bb39bd61d');
INSERT INTO fault(faultID, doneDate, summary, faultUserIDFK) VALUES('22b8bb9d-dda3-4681-8323-9b25bd7e0dbc', '2025-03-12', 'El empleado no se presenta al trabajo sin avisar o sin una razón válida, afectando la continuidad de las labores del equipo.', '9e6f3508-b08b-45db-a4f3-cd46aa52afdd');
INSERT INTO fault(faultID, doneDate, summary, faultUserIDFK) VALUES('99d0bb45-fb11-4413-889e-d2ffc08aba5e', '2025-05-16', 'Incumplir con los plazos establecidos para la entrega de proyectos o tareas', '575681bf-c7bd-456b-9be1-f75dd06da75b');
INSERT INTO fault(faultID, doneDate, summary, faultUserIDFK) VALUES('e820a884-4665-4253-a1ae-958e4765498c', '2025-03-30', 'No informar oportunamente sobre dificultades o retrasos que puedan afectar el cumplimiento de las metas', '2eeca58a-2f77-4323-830d-83f735fe8592');
INSERT INTO fault(faultID, doneDate, summary, faultUserIDFK) VALUES('74239f46-225f-40dc-bd37-39422059eaa4', '2025-03-17', 'No seguir las políticas o procedimientos establecidos por la empresa', '159c52ee-0151-4d2c-95d8-87f7ec8b25be');
INSERT INTO fault(faultID, doneDate, summary, faultUserIDFK) VALUES('f2715487-ff9b-4d49-a74d-a427c1c7c607', '2025-03-12', 'Llegar tarde de manera reiterada, lo cual puede generar problemas en la coordinación y en el flujo de trabajo.', '810f0d53-4747-4f68-a760-f9c1a4a10397');
INSERT INTO fault(faultID, doneDate, summary, faultUserIDFK) VALUES('c5e30ffe-252f-470f-93f7-5f79e9d0cd71', '2025-03-12', 'El empleado no se presenta al trabajo sin avisar o sin una razón válida, afectando la continuidad de las labores del equipo.', 'f8df6f96-7e20-481e-baef-73d526b9e301');
INSERT INTO fault(faultID, doneDate, summary, faultUserIDFK) VALUES('188fabbc-b66d-437d-b46c-a34c31865b2f', '2025-05-16', 'Incumplir con los plazos establecidos para la entrega de proyectos o tareas', '67d1fb25-1be7-4168-9051-38e7e6a9b65c');

INSERT INTO faultMedia(faultMediaID, mediaLink, faultIDFK) values('87bb5d7e-1ad6-47ea-a3d8-ba0b36d29ae2', 'https://www.tutorialesweb.com/aprendizaje/codificacion', '28feca2d-2d90-4ab7-b42d-0c794e4c5cc9'); 
INSERT INTO faultMedia(faultMediaID, mediaLink, faultIDFK) values('4f12cdc3-7f70-4fb0-b76a-e0a3f4675e51', 'https://www.ejemplo.com/productos/calculadora-interes', '380c4287-7ec0-4817-9ee3-3315cadf15c7'); 
INSERT INTO faultMedia(faultMediaID, mediaLink, faultIDFK) values('274c63ca-251d-455b-b06f-3d7fc08c918d', 'https://www.soluciones360.com/soporte/atencion-cliente', '2b076304-3cf6-482d-80e6-b106dcda49e8'); 
INSERT INTO faultMedia(faultMediaID, mediaLink, faultIDFK) values('fe5fc1f5-caa1-48be-88f6-10ed6f3739d3', 'https://www.redescomunicacion.com/tutoriales/redes-sociales', '049cc921-cf5c-4988-9dde-62de0e269e97'); 
INSERT INTO faultMedia(faultMediaID, mediaLink, faultIDFK) values('f0d7bae0-47f7-4f07-84f1-94d4019233c2', 'https://www.tuempresa.com/contacto/soporte', '28feca2d-2d90-4ab7-b42d-0c794e4c5cc9'); 
INSERT INTO faultMedia(faultMediaID, mediaLink, faultIDFK) values('631fbc6b-16cc-4885-8392-5805f049ddaa', 'https://www.ecommerceplus.com/guias/venta-online', '188fabbc-b66d-437d-b46c-a34c31865b2f'); 
INSERT INTO faultMedia(faultMediaID, mediaLink, faultIDFK) values('a2892b26-7abf-4a7b-922d-3ed92ba1f9e7', 'https://www.empresainnovadora.com/noticias/lanzamientos', '22b8bb9d-dda3-4681-8323-9b25bd7e0dbc'); 
INSERT INTO faultMedia(faultMediaID, mediaLink, faultIDFK) values('b36594b6-f7ed-4ce8-b699-925fbd34e8e8', 'https://www.expertositio.com/blog/diseño-web', '0b188080-fc43-4d29-886e-69df832e6e4b'); 
INSERT INTO faultMedia(faultMediaID, mediaLink, faultIDFK) values('a754def9-821c-43ad-bdcc-94cadb47306f', 'https://www.mundodigital.com/tutoriales/marketing-digital', '8b7f2e6e-209a-4bb7-b1bf-c7e07a9c1ce1'); 
INSERT INTO faultMedia(faultMediaID, mediaLink, faultIDFK) values('5cb90f92-52a2-420f-96da-f7313d9f851b', 'https://www.digitalinnovators.com/estrategias/marketing', '3618edc5-39e9-458f-bb7f-75e3c3ad2d05'); 
INSERT INTO faultMedia(faultMediaID, mediaLink, faultIDFK) values('376bb4f4-3748-4f12-8fef-828d16de4626', 'https://www.digitalinnovators.com/estrategias/marketing', '526f62b1-555d-4ae8-9262-a35422ba3b71'); 
INSERT INTO faultMedia(faultMediaID, mediaLink, faultIDFK) values('c863a89e-3da0-4f7a-bf55-95d75ccc4311', 'https://www.micompany.com/servicios/consultoria-web', '0883ee60-faa6-40f8-b984-7b25e889a320'); 
INSERT INTO faultMedia(faultMediaID, mediaLink, faultIDFK) values('59808de9-6f0f-4685-adbc-ab5e5573c1fe', 'https://www.tutorialesweb.com/aprendizaje/codificacion', '0139f66a-1879-4886-84cd-ad3fb2d83ac2'); 
INSERT INTO faultMedia(faultMediaID, mediaLink, faultIDFK) values('9ee179dd-360f-4493-9bf7-a49c72fd1cff', 'https://www.tiendavirtual.com/blog/estrategias-marketing', '640d7e38-7477-419d-8885-644b4db2bf59'); 
INSERT INTO faultMedia(faultMediaID, mediaLink, faultIDFK) values('0e5c11fb-19bc-4a6e-b01b-6c421a0a2394', 'https://www.tiendavirtual.com/blog/estrategias-marketing', '06a4cdaa-f8ef-4433-a053-052fc68c89a3'); 
INSERT INTO faultMedia(faultMediaID, mediaLink, faultIDFK) values('a39ced7e-9391-4b05-8e37-0475c312d1d4', 'https://www.tuempresa.com/contacto/soporte', 'c016e74f-3597-4d83-b58c-6b5f71c4c81e'); 
INSERT INTO faultMedia(faultMediaID, mediaLink, faultIDFK) values('906859c0-83c5-429e-9026-32b780d5536d', 'https://www.creacionsistemas.com/planificación/pymes', '6cfbbc37-3992-4ce8-a6fc-16b93422fcbb'); 
INSERT INTO faultMedia(faultMediaID, mediaLink, faultIDFK) values('fe6eec8c-a6f1-4169-83d3-3d11bdcd7916', 'https://www.expertositio.com/blog/diseño-web', '26a67080-87d9-4d35-ac73-d3639bd22dc9'); 
INSERT INTO faultMedia(faultMediaID, mediaLink, faultIDFK) values('dc909bac-b6cd-4336-a2b7-a3f59ea1648a', 'https://www.micompany.com/servicios/consultoria-web', 'e52bfb10-72b1-43a6-accf-c42ddadcad5a'); 
INSERT INTO faultMedia(faultMediaID, mediaLink, faultIDFK) values('7b2f737f-02b0-40c0-bd0a-d60b07b29ca2', 'https://www.smartsolutions.com/servicios/paginas-web', '4f22261f-7983-4afd-9048-15d07e4995e9'); 
INSERT INTO faultMedia(faultMediaID, mediaLink, faultIDFK) values('6fc28911-792c-4617-8e6a-a1fc741d2be7', 'https://www.mundodigital.com/tutoriales/marketing-digital', '8b7f2e6e-209a-4bb7-b1bf-c7e07a9c1ce1'); 
INSERT INTO faultMedia(faultMediaID, mediaLink, faultIDFK) values('972cee15-36c4-403d-b7bc-dfd50f4e9798', 'https://www.creacionsistemas.com/planificación/pymes', '74adbb52-6c1b-4420-8b92-d0565cfa840d'); 
INSERT INTO faultMedia(faultMediaID, mediaLink, faultIDFK) values('c4662792-d0c9-4e45-a6ba-2c82e8c4aed6', 'https://www.ejemplo.com/productos/calculadora-interes', '3534c56b-2124-4dbd-8199-16c10ec37c60'); 
INSERT INTO faultMedia(faultMediaID, mediaLink, faultIDFK) values('9af92211-b602-47c5-907e-5db08f2116b6', 'https://www.nuevastecnologias.com/innovacion/digitalizacion', '3618edc5-39e9-458f-bb7f-75e3c3ad2d05'); 
INSERT INTO faultMedia(faultMediaID, mediaLink, faultIDFK) values('7f422b65-fc58-47e4-9c96-baf57b55ee9d', 'https://www.mundodigital.com/tutoriales/marketing-digital', '640d7e38-7477-419d-8885-644b4db2bf59'); 
INSERT INTO faultMedia(faultMediaID, mediaLink, faultIDFK) values('9f4d69f0-ccc6-405b-a8b6-119c9c91dec8', 'https://www.nuevosproyectos.com/planificacion/estrategica', 'f629420c-e377-4edf-b2ce-9be686b67d72'); 
INSERT INTO faultMedia(faultMediaID, mediaLink, faultIDFK) values('20debf3c-747a-41ef-8f1f-8c35c42c832d', 'https://www.empresafuturo.com/servicios/desarrollo-tecnologico', '66c9869b-e386-4860-8a52-d466f9092951'); 
INSERT INTO faultMedia(faultMediaID, mediaLink, faultIDFK) values('f4bcaadc-72bb-480e-8c56-d64331f621f1', 'https://www.tiendavirtual.com/blog/estrategias-marketing', '44374942-9413-41d3-85f8-b3412a68aa4b'); 
INSERT INTO faultMedia(faultMediaID, mediaLink, faultIDFK) values('6b63843a-8310-4f47-bcf2-7458416814eb', 'https://www.sistemasmodernos.com/tecnologia/innovacion', 'e55969ad-39e3-4955-84fa-5fe6fa199235'); 
INSERT INTO faultMedia(faultMediaID, mediaLink, faultIDFK) values('a7bc95f3-136b-4644-a257-3594eca0f870', 'https://www.smartsolutions.com/servicios/paginas-web', '4f22261f-7983-4afd-9048-15d07e4995e9'); 
INSERT INTO faultMedia(faultMediaID, mediaLink, faultIDFK) values('814ac2bd-3c36-467e-9f2a-69e3b110a046', 'https://www.interactivewebs.com/proyectos/desarrollo-software', '640d7e38-7477-419d-8885-644b4db2bf59'); 
INSERT INTO faultMedia(faultMediaID, mediaLink, faultIDFK) values('b13af713-922d-487e-8da0-efa81b70f2dd', 'https://www.digitalinnovators.com/estrategias/marketing', '66c9869b-e386-4860-8a52-d466f9092951'); 
INSERT INTO faultMedia(faultMediaID, mediaLink, faultIDFK) values('1343acb2-6e16-461f-a636-652ae91665e0', 'https://www.tutorialesweb.com/aprendizaje/codificacion', '380c4287-7ec0-4817-9ee3-3315cadf15c7'); 
INSERT INTO faultMedia(faultMediaID, mediaLink, faultIDFK) values('0dd275db-7264-438d-9475-6a02a37d4550', 'https://www.expertositio.com/blog/diseño-web', '66c9869b-e386-4860-8a52-d466f9092951'); 
INSERT INTO faultMedia(faultMediaID, mediaLink, faultIDFK) values('66c6d28c-fc37-47e5-8e1c-c57813d34a88', 'https://www.interactivewebs.com/proyectos/desarrollo-software', '526f62b1-555d-4ae8-9262-a35422ba3b71'); 
INSERT INTO faultMedia(faultMediaID, mediaLink, faultIDFK) values('ed3149c1-a6b3-4349-b009-9960bcff268f', 'https://www.redescomunicacion.com/tutoriales/redes-sociales', '9ae2e7fe-2e35-41ed-8e4e-ac2a562f18b6'); 
INSERT INTO faultMedia(faultMediaID, mediaLink, faultIDFK) values('c6430714-5fcd-4c72-a0d6-fa4e92e77fdb', 'https://www.mundodigital.com/tutoriales/marketing-digital', 'e52bfb10-72b1-43a6-accf-c42ddadcad5a'); 
INSERT INTO faultMedia(faultMediaID, mediaLink, faultIDFK) values('8e6c6ebf-7508-4f32-8746-c1936887d670', 'https://www.sistemasmodernos.com/tecnologia/innovacion', 'c016e74f-3597-4d83-b58c-6b5f71c4c81e'); 
INSERT INTO faultMedia(faultMediaID, mediaLink, faultIDFK) values('3d28a7dd-ffa2-4b91-89aa-6d32cffb9f3d', 'https://www.sistemasmodernos.com/tecnologia/innovacion', '640d7e38-7477-419d-8885-644b4db2bf59'); 
INSERT INTO faultMedia(faultMediaID, mediaLink, faultIDFK) values('45da464d-2007-4088-8fb7-f82bec355394', 'https://www.redescomunicacion.com/tutoriales/redes-sociales', '66c9869b-e386-4860-8a52-d466f9092951'); 
INSERT INTO faultMedia(faultMediaID, mediaLink, faultIDFK) values('363de4bf-e751-42b6-8c91-f407a539e1ec', 'https://www.smartsolutions.com/servicios/paginas-web', '9ae2e7fe-2e35-41ed-8e4e-ac2a562f18b6'); 
INSERT INTO faultMedia(faultMediaID, mediaLink, faultIDFK) values('f3678982-1e82-4d0a-b701-9eca53d40737', 'https://www.ecommerceplus.com/guias/venta-online', 'e52bfb10-72b1-43a6-accf-c42ddadcad5a'); 
INSERT INTO faultMedia(faultMediaID, mediaLink, faultIDFK) values('8886a5d5-1799-4cbc-93bd-a859be9cc047', 'https://www.interactivewebs.com/proyectos/desarrollo-software', '66c9869b-e386-4860-8a52-d466f9092951'); 
INSERT INTO faultMedia(faultMediaID, mediaLink, faultIDFK) values('c9cce981-cd87-4b20-9c52-58f041e076e7', 'https://www.mundodigital.com/tutoriales/marketing-digital', '526f62b1-555d-4ae8-9262-a35422ba3b71'); 
INSERT INTO faultMedia(faultMediaID, mediaLink, faultIDFK) values('80914953-4ef2-4d0c-8e6d-54ac4c1d7835', 'https://www.ecommerceplus.com/guias/venta-online', '277a703d-3b7e-40b7-9e2f-4f727e71999d'); 
INSERT INTO faultMedia(faultMediaID, mediaLink, faultIDFK) values('bce96618-3cbe-487d-9e7e-64540be5e555', 'https://www.soluciones360.com/soporte/atencion-cliente', 'e55969ad-39e3-4955-84fa-5fe6fa199235'); 
INSERT INTO faultMedia(faultMediaID, mediaLink, faultIDFK) values('47e540d5-5394-419f-b2fa-d4503f903aa5', 'https://www.nuevosproyectos.com/planificacion/estrategica', 'f629420c-e377-4edf-b2ce-9be686b67d72'); 
INSERT INTO faultMedia(faultMediaID, mediaLink, faultIDFK) values('63b1f302-3058-463b-bd3b-90756fd75bb0', 'https://www.tutorialesweb.com/aprendizaje/codificacion', '72875add-e6cc-41ae-aa9e-5952f0c9b5a1'); 
INSERT INTO faultMedia(faultMediaID, mediaLink, faultIDFK) values('442e4df6-2821-4767-b181-0d5af7700cea', 'https://www.mundodigital.com/tutoriales/marketing-digital', '6cfbbc37-3992-4ce8-a6fc-16b93422fcbb'); 
INSERT INTO faultMedia(faultMediaID, mediaLink, faultIDFK) values('42c8777f-0408-4573-9f50-238cfe68ba4b', 'https://www.ejemplo.com/productos/calculadora-interes', 'f629420c-e377-4edf-b2ce-9be686b67d72'); 

