INSERT INTO templateHoliday(templateHolidayID, holidayDate, title) VALUES('e5a49079-5e18-46c3-b812-6289877fcbf6', '1806-03-21', 'Día de los Abuelos');
INSERT INTO templateHoliday(templateHolidayID, holidayDate, title) VALUES('34fcba37-fec2-4df8-9a51-2f292214cdb2', '2026-10-01', 'Natalicio de Benito Juárez');
INSERT INTO templateHoliday(templateHolidayID, holidayDate, title) VALUES('ca83efc3-9651-4c1d-9018-1347024743bc', '2000-01-07', 'Día del Arquitecto');
INSERT INTO templateHoliday(templateHolidayID, holidayDate, title) VALUES('7edc3999-2d68-424f-bd90-010abbcc8eaa', '1806-03-21', 'Día de la Bandera');
INSERT INTO templateHoliday(templateHolidayID, holidayDate, title) VALUES('fcdb41cc-f354-44f6-9c57-b21a9931f6d2', '2026-02-14', 'Día del Padre');
INSERT INTO templateHoliday(templateHolidayID, holidayDate, title) VALUES('3b8c72b8-1c74-42d8-8050-82cf747eaab5', '2026-08-28', 'Día del Ejército');
INSERT INTO templateHoliday(templateHolidayID, holidayDate, title) VALUES('0a5f94a6-b646-404f-b7b7-2241da5dce4d', '2026-10-01', 'Día Mundial del Medio Ambiente');
INSERT INTO templateHoliday(templateHolidayID, holidayDate, title) VALUES('c1d7c201-2845-409c-837a-520e185c6dac', '2026-02-19', 'Día de Muertos');
INSERT INTO templateHoliday(templateHolidayID, holidayDate, title) VALUES('f3c2736a-7995-4c54-b27a-a1076462df27', '1917-02-05', 'Día Internacional de la Paz');
INSERT INTO templateHoliday(templateHolidayID, holidayDate, title) VALUES('6c33a32f-adf5-4ec6-91ab-7253cf651643', '2026-04-07', 'Natalicio de Benito Juárez');
INSERT INTO templateHoliday(templateHolidayID, holidayDate, title) VALUES('d87ce3cb-f684-425a-a6b1-8149b8ed7c5c', '2026-11-02', 'Día del Estudiante');
INSERT INTO templateHoliday(templateHolidayID, holidayDate, title) VALUES('515bf0a3-0662-46d6-880c-19989cf1147f', '2026-02-19', 'Día del Bombero');
INSERT INTO templateHoliday(templateHolidayID, holidayDate, title) VALUES('048f64ea-40e6-44f9-93b0-55f0daa64bca', '2026-10-12', 'Día de la Bandera');
INSERT INTO templateHoliday(templateHolidayID, holidayDate, title) VALUES('2d4028f5-4c41-4de8-b2a1-68efab6c7e0f', '2026-05-23', 'Día de Muertos');
INSERT INTO templateHoliday(templateHolidayID, holidayDate, title) VALUES('f58ab7c9-3b0c-4915-b305-e0fc570d3c7f', '2026-04-02', 'Día de la Raza');
INSERT INTO templateHoliday(templateHolidayID, holidayDate, title) VALUES('c08f71f2-30d9-41db-855f-ea9c1ee026d5', '2026-06-05', 'Día del Amor y la Amistad');
INSERT INTO templateHoliday(templateHolidayID, holidayDate, title) VALUES('e2627795-6757-41be-a4ce-3d6657fdf5c8', '1910-11-20', 'Día de Muertos');
INSERT INTO templateHoliday(templateHolidayID, holidayDate, title) VALUES('a2d100e7-31ea-434f-8aaa-24730b06d682', '2026-06-16', 'Día Internacional de la Paz');
INSERT INTO templateHoliday(templateHolidayID, holidayDate, title) VALUES('d92dfc3d-fb39-4352-b798-1a27bdbcf8bd', '1910-11-20', 'Día de Muertos');
INSERT INTO templateHoliday(templateHolidayID, holidayDate, title) VALUES('a8277872-d19d-46dd-a3bc-5f3ff9396cf5', '2026-06-16', 'Día de la Raza');

INSERT INTO usedHoliday(templateHolidayID, usedDate, usedTemplateHolidayID) VALUES('2f1ab966-b2d3-4d70-9085-2d34afd55b27', '2026-04-07', 'd92dfc3d-fb39-4352-b798-1a27bdbcf8bd'); 
INSERT INTO usedHoliday(templateHolidayID, usedDate, usedTemplateHolidayID) VALUES('c42e0a68-ea69-47e3-a213-d9197a083333', '2026-06-05', 'e5a49079-5e18-46c3-b812-6289877fcbf6'); 
INSERT INTO usedHoliday(templateHolidayID, usedDate, usedTemplateHolidayID) VALUES('06fb5596-8083-4a2f-9826-57a0531bce5d', '1531-12-12', 'f58ab7c9-3b0c-4915-b305-e0fc570d3c7f'); 
INSERT INTO usedHoliday(templateHolidayID, usedDate, usedTemplateHolidayID) VALUES('c62a9c69-3d75-42b7-bdb5-eaeb9af1e6f0', '2026-12-25', '7edc3999-2d68-424f-bd90-010abbcc8eaa'); 
INSERT INTO usedHoliday(templateHolidayID, usedDate, usedTemplateHolidayID) VALUES('735296cb-78ed-4ccb-883a-288cf3eeb68f', '2026-02-19', 'c1d7c201-2845-409c-837a-520e185c6dac'); 
INSERT INTO usedHoliday(templateHolidayID, usedDate, usedTemplateHolidayID) VALUES('04d9ab81-8e96-4c29-8752-190eb88c604e', '2026-05-10', '7edc3999-2d68-424f-bd90-010abbcc8eaa'); 
INSERT INTO usedHoliday(templateHolidayID, usedDate, usedTemplateHolidayID) VALUES('3bc3a344-fecb-40f1-ba86-80117a84eb26', '2026-02-14', 'c1d7c201-2845-409c-837a-520e185c6dac'); 
INSERT INTO usedHoliday(templateHolidayID, usedDate, usedTemplateHolidayID) VALUES('bc71a243-c3bb-417b-87b2-ca9f8a05622e', '2026-06-05', '6c33a32f-adf5-4ec6-91ab-7253cf651643'); 
INSERT INTO usedHoliday(templateHolidayID, usedDate, usedTemplateHolidayID) VALUES('f91951b3-a0d1-451a-95b0-405a29fccbcc', '2026-05-10', '6c33a32f-adf5-4ec6-91ab-7253cf651643'); 
INSERT INTO usedHoliday(templateHolidayID, usedDate, usedTemplateHolidayID) VALUES('87910acf-43d4-4ecd-99d0-fb2331f53c82', '2026-10-01', '515bf0a3-0662-46d6-880c-19989cf1147f'); 
INSERT INTO usedHoliday(templateHolidayID, usedDate, usedTemplateHolidayID) VALUES('546df7a9-1d37-4447-b4cf-13735e9a0468', '2026-05-15', 'fcdb41cc-f354-44f6-9c57-b21a9931f6d2'); 
INSERT INTO usedHoliday(templateHolidayID, usedDate, usedTemplateHolidayID) VALUES('3cd71515-a810-48d9-8575-5bae51af1b48', '2026-04-07', '2d4028f5-4c41-4de8-b2a1-68efab6c7e0f'); 
INSERT INTO usedHoliday(templateHolidayID, usedDate, usedTemplateHolidayID) VALUES('805d80b4-2c93-478a-ad2c-f297732e6e88', '1806-03-21', '34fcba37-fec2-4df8-9a51-2f292214cdb2'); 
INSERT INTO usedHoliday(templateHolidayID, usedDate, usedTemplateHolidayID) VALUES('997cef9e-f14b-4c43-ba68-8b53a10bb021', '1920-09-15', '048f64ea-40e6-44f9-93b0-55f0daa64bca'); 
INSERT INTO usedHoliday(templateHolidayID, usedDate, usedTemplateHolidayID) VALUES('b4e767e1-135a-4886-88e7-0fccfda849ed', '1910-11-20', 'c1d7c201-2845-409c-837a-520e185c6dac'); 
INSERT INTO usedHoliday(templateHolidayID, usedDate, usedTemplateHolidayID) VALUES('38937d32-fb09-469c-9436-bdd41371bb7b', '2026-04-02', '0a5f94a6-b646-404f-b7b7-2241da5dce4d'); 
INSERT INTO usedHoliday(templateHolidayID, usedDate, usedTemplateHolidayID) VALUES('d5cb545d-b263-4aaf-8b73-9c52add4e52b', '2026-04-02', 'd92dfc3d-fb39-4352-b798-1a27bdbcf8bd'); 
INSERT INTO usedHoliday(templateHolidayID, usedDate, usedTemplateHolidayID) VALUES('348d7c48-c339-4cd7-aad7-52fca527c7fa', '2026-12-25', 'c1d7c201-2845-409c-837a-520e185c6dac'); 
INSERT INTO usedHoliday(templateHolidayID, usedDate, usedTemplateHolidayID) VALUES('5dae2969-21c5-4bcf-9aa0-faa1802e2efc', '2026-06-16', 'e2627795-6757-41be-a4ce-3d6657fdf5c8'); 
INSERT INTO usedHoliday(templateHolidayID, usedDate, usedTemplateHolidayID) VALUES('3593c8df-6a1a-4b10-81a3-0ac61c677445', '2026-06-16', 'd87ce3cb-f684-425a-a6b1-8149b8ed7c5c'); 
INSERT INTO usedHoliday(templateHolidayID, usedDate, usedTemplateHolidayID) VALUES('0b8b65a5-2b5f-46ab-8d74-a70365dc962e', '1920-09-15', 'e5a49079-5e18-46c3-b812-6289877fcbf6'); 
INSERT INTO usedHoliday(templateHolidayID, usedDate, usedTemplateHolidayID) VALUES('4897118a-3a1b-4056-82c4-9c535aa7debf', '2026-06-05', '515bf0a3-0662-46d6-880c-19989cf1147f'); 
INSERT INTO usedHoliday(templateHolidayID, usedDate, usedTemplateHolidayID) VALUES('1e92b5ab-065d-4f6b-b945-99f546e28c57', '2026-05-23', 'e5a49079-5e18-46c3-b812-6289877fcbf6'); 
INSERT INTO usedHoliday(templateHolidayID, usedDate, usedTemplateHolidayID) VALUES('72bc1cf5-80b8-48db-9f26-9aab30b93de6', '1920-09-15', '048f64ea-40e6-44f9-93b0-55f0daa64bca'); 
INSERT INTO usedHoliday(templateHolidayID, usedDate, usedTemplateHolidayID) VALUES('4313af7c-5948-419f-aafd-f796c36952e0', '2026-08-28', 'fcdb41cc-f354-44f6-9c57-b21a9931f6d2'); 
INSERT INTO usedHoliday(templateHolidayID, usedDate, usedTemplateHolidayID) VALUES('98a6aef8-cd48-43fd-81e1-e366242679d3', '2026-04-07', 'd87ce3cb-f684-425a-a6b1-8149b8ed7c5c'); 
INSERT INTO usedHoliday(templateHolidayID, usedDate, usedTemplateHolidayID) VALUES('1c147246-1269-4dd5-922f-b531024ed7b0', '2026-05-23', 'c08f71f2-30d9-41db-855f-ea9c1ee026d5'); 
INSERT INTO usedHoliday(templateHolidayID, usedDate, usedTemplateHolidayID) VALUES('f9e9a2fa-ca85-40ef-acda-c24facde631e', '2026-12-25', 'ca83efc3-9651-4c1d-9018-1347024743bc'); 
INSERT INTO usedHoliday(templateHolidayID, usedDate, usedTemplateHolidayID) VALUES('87024b5a-3100-4b34-8e62-e49407dd7ea9', '1531-12-12', '3b8c72b8-1c74-42d8-8050-82cf747eaab5'); 
INSERT INTO usedHoliday(templateHolidayID, usedDate, usedTemplateHolidayID) VALUES('2e3837da-12fa-49bf-988d-ddfd0265ff4d', '1917-02-05', '048f64ea-40e6-44f9-93b0-55f0daa64bca'); 
INSERT INTO usedHoliday(templateHolidayID, usedDate, usedTemplateHolidayID) VALUES('4e4a659c-ac49-41b3-a7af-5cfff78b372f', '1806-03-21', '7edc3999-2d68-424f-bd90-010abbcc8eaa'); 
INSERT INTO usedHoliday(templateHolidayID, usedDate, usedTemplateHolidayID) VALUES('298f0901-1ce6-4f1e-8bfe-6c0a2fba5494', '2026-10-01', '3b8c72b8-1c74-42d8-8050-82cf747eaab5'); 
INSERT INTO usedHoliday(templateHolidayID, usedDate, usedTemplateHolidayID) VALUES('de87b405-3611-442e-9c3b-5d018586908e', '1910-11-20', 'd87ce3cb-f684-425a-a6b1-8149b8ed7c5c'); 
INSERT INTO usedHoliday(templateHolidayID, usedDate, usedTemplateHolidayID) VALUES('7586cbc0-8537-4bb4-b11f-49472027cfd5', '2026-01-02', 'c1d7c201-2845-409c-837a-520e185c6dac'); 
INSERT INTO usedHoliday(templateHolidayID, usedDate, usedTemplateHolidayID) VALUES('e6303382-6b90-43f1-9614-7f9ec0f4248b', '1806-03-21', 'f3c2736a-7995-4c54-b27a-a1076462df27'); 
INSERT INTO usedHoliday(templateHolidayID, usedDate, usedTemplateHolidayID) VALUES('c2805eb3-9fa7-4bc0-8eca-95facf7b2a03', '1806-03-21', '34fcba37-fec2-4df8-9a51-2f292214cdb2'); 
INSERT INTO usedHoliday(templateHolidayID, usedDate, usedTemplateHolidayID) VALUES('938086aa-9406-4855-ba6c-e0af16a32f74', '1806-03-21', '3b8c72b8-1c74-42d8-8050-82cf747eaab5'); 
INSERT INTO usedHoliday(templateHolidayID, usedDate, usedTemplateHolidayID) VALUES('1b518fe9-1b24-43eb-9f0d-ee9ca2811c29', '2026-03-08', 'f58ab7c9-3b0c-4915-b305-e0fc570d3c7f'); 
INSERT INTO usedHoliday(templateHolidayID, usedDate, usedTemplateHolidayID) VALUES('2f730629-e0e6-49f6-8908-6ae0d7853166', '2026-06-02', 'a8277872-d19d-46dd-a3bc-5f3ff9396cf5'); 
INSERT INTO usedHoliday(templateHolidayID, usedDate, usedTemplateHolidayID) VALUES('8a513829-5e26-4500-a7e2-29d393584699', '1806-03-21', '0a5f94a6-b646-404f-b7b7-2241da5dce4d'); 
INSERT INTO usedHoliday(templateHolidayID, usedDate, usedTemplateHolidayID) VALUES('7f5b1c09-6386-493b-8b1a-a179672cca9f', '2026-05-23', 'ca83efc3-9651-4c1d-9018-1347024743bc'); 
INSERT INTO usedHoliday(templateHolidayID, usedDate, usedTemplateHolidayID) VALUES('c51b296d-fd52-4090-ab86-292dada888c9', '2026-08-22', '3b8c72b8-1c74-42d8-8050-82cf747eaab5'); 
INSERT INTO usedHoliday(templateHolidayID, usedDate, usedTemplateHolidayID) VALUES('509a265b-b5c8-451c-b49f-bc49c88164f1', '1886-05-01', '34fcba37-fec2-4df8-9a51-2f292214cdb2'); 
INSERT INTO usedHoliday(templateHolidayID, usedDate, usedTemplateHolidayID) VALUES('432ef1ee-b51a-4b62-83a3-2b748f7b0fb5', '1531-12-12', 'f58ab7c9-3b0c-4915-b305-e0fc570d3c7f'); 
INSERT INTO usedHoliday(templateHolidayID, usedDate, usedTemplateHolidayID) VALUES('7dace071-4b9c-4b13-9e1f-040c81483b72', '2026-02-14', 'c08f71f2-30d9-41db-855f-ea9c1ee026d5'); 
INSERT INTO usedHoliday(templateHolidayID, usedDate, usedTemplateHolidayID) VALUES('8d525250-f57d-4484-b9d3-3ad097b77c78', '2026-02-14', 'd92dfc3d-fb39-4352-b798-1a27bdbcf8bd'); 
INSERT INTO usedHoliday(templateHolidayID, usedDate, usedTemplateHolidayID) VALUES('14e4db32-03df-4f84-a77a-f75e6a84b0bc', '2026-09-21', '6c33a32f-adf5-4ec6-91ab-7253cf651643'); 
INSERT INTO usedHoliday(templateHolidayID, usedDate, usedTemplateHolidayID) VALUES('39982a32-6c64-4203-9b7e-7b4446902821', '2026-04-30', 'e5a49079-5e18-46c3-b812-6289877fcbf6'); 
INSERT INTO usedHoliday(templateHolidayID, usedDate, usedTemplateHolidayID) VALUES('0001b028-7ba7-46e5-ab36-a1ffdbdb9805', '2026-12-25', 'd92dfc3d-fb39-4352-b798-1a27bdbcf8bd'); 
INSERT INTO usedHoliday(templateHolidayID, usedDate, usedTemplateHolidayID) VALUES('69100785-8e83-49d4-93f2-f5d51ef6d7ce', '2026-05-15', '3b8c72b8-1c74-42d8-8050-82cf747eaab5'); 

INSERT INTO privilege(privilegeID, title, summary) values('1e5276a4-38a1-4ad9-a1b5-b439bbc23d24', 'Colaborador consulta ausencias', 'Colaborador consulta ausencias'); 
INSERT INTO privilege(privilegeID, title, summary) values('d244a960-c773-45da-a52a-b0832087513e', 'Colaborador consulta calendario', 'Colaborador consulta calendario'); 
INSERT INTO privilege(privilegeID, title, summary) values('d9c7e211-69bc-4b0a-b29f-432d61805133', 'Colaborador consulta días feriados', 'Colaborador consulta días feriados'); 
INSERT INTO privilege(privilegeID, title, summary) values('c4fb948c-6ec9-46d3-b316-56149da75277', 'Colaborador consulta falta administrativa', 'Colaborador consulta falta administrativa'); 
INSERT INTO privilege(privilegeID, title, summary) values('6f3588d8-f173-4263-9325-9074a5e2a869', 'Colaborador consulta perfil', 'Colaborador consulta perfil'); 
INSERT INTO privilege(privilegeID, title, summary) values('dd3cf54b-055c-4ef8-b274-0c101b5f878a', 'Colaborador consulta sesión del One-On-One', 'Colaborador consulta sesión del One-On-One'); 
INSERT INTO privilege(privilegeID, title, summary) values('940f6285-8344-4996-a979-0a0e5bb27838', 'Colaborador consulta solicitudes de vacaciones', 'Colaborador consulta solicitudes de vacaciones'); 
INSERT INTO privilege(privilegeID, title, summary) values('ee6d83f3-c9a1-4c3c-95f8-4c3157d3bbeb', 'Colaborador elimina solicitud de vacaciones', 'Colaborador elimina solicitud de vacaciones'); 
INSERT INTO privilege(privilegeID, title, summary) values('e21e7165-625a-4bcc-9306-da2fb85267a7', 'Colaborador modifica contraseña temporal', 'Colaborador modifica contraseña temporal'); 
INSERT INTO privilege(privilegeID, title, summary) values('c0eb9a89-8c86-45a2-bf11-d3d6e48ec2c7', 'Colaborador modifica solicitud de vacaciones', 'Colaborador modifica solicitud de vacaciones'); 
INSERT INTO privilege(privilegeID, title, summary) values('ac332c0f-8d28-4b60-aeb5-8fe608f78dc8', 'Colaborador registra ausencia', 'Colaborador registra ausencia'); 
INSERT INTO privilege(privilegeID, title, summary) values('e228516e-ae17-402d-a8e3-040d72c6d41e', 'Colaborador registra inicio de sesión', 'Colaborador registra inicio de sesión'); 
INSERT INTO privilege(privilegeID, title, summary) values('f9002d86-2808-4656-be76-3dc66dca8e4f', 'Colaborador registra solicitud de vacaciones', 'Colaborador registra solicitud de vacaciones'); 
INSERT INTO privilege(privilegeID, title, summary) values('f2dfbda1-f6ce-4e1f-b1d2-2c2398004291', 'Líder consulta ausencias de colaborador', 'Líder consulta ausencias de colaborador'); 
INSERT INTO privilege(privilegeID, title, summary) values('006f1729-78fe-4f36-b4bc-fce1878a3079', 'Líder consulta colaboradores en su departamento', 'Líder consulta colaboradores en su departamento'); 
INSERT INTO privilege(privilegeID, title, summary) values('69ed1a60-bbe9-4f6d-bbab-9054abd2e5ab', 'Líder consulta perfil de colaboradores', 'Líder consulta perfil de colaboradores'); 
INSERT INTO privilege(privilegeID, title, summary) values('42fdd4ba-fb54-406f-90ec-5097768011df', 'Líder consulta solicitudes de vacaciones de colaborador', 'Líder consulta solicitudes de vacaciones de colaborador'); 
INSERT INTO privilege(privilegeID, title, summary) values('6d2b3f29-14be-46d0-a926-2414f909c03b', 'Líder registra respuesta hacia ausencia de colaborador', 'Líder registra respuesta hacia ausencia de colaborador'); 
INSERT INTO privilege(privilegeID, title, summary) values('0694f501-e8e5-40f9-91c0-904740a126ae', 'Líder registra respuesta hacia solicitud de vacaciones de colaborador', 'Líder registra respuesta hacia solicitud de vacaciones de colaborador'); 
INSERT INTO privilege(privilegeID, title, summary) values('cd66d7e1-246d-418e-93d5-a28cdf62c7e5', 'Superadmin consulta ausencias de empleado', 'Superadmin consulta ausencias de empleado'); 
INSERT INTO privilege(privilegeID, title, summary) values('f7bce7df-a157-4872-9869-b9580ae006d7', 'Superadmin consulta empleados', 'Superadmin consulta empleados'); 
INSERT INTO privilege(privilegeID, title, summary) values('46ddb96a-4a6a-48de-809b-6a1ffd3204f4', 'Superadmin consulta sesión de One-On-One', 'Superadmin consulta sesión de One-On-One'); 
INSERT INTO privilege(privilegeID, title, summary) values('eeebd490-43ac-425b-95bc-b3209cbaf7e2', 'Superadmin consulta solicitudes de vacaciones de empleado', 'Superadmin consulta solicitudes de vacaciones de empleado'); 
INSERT INTO privilege(privilegeID, title, summary) values('97b04ce2-1b45-405b-a02a-7add5c7ed24b', 'Superadmin consultar reporte de rotación de empleos mensual', 'Superadmin consultar reporte de rotación de empleos mensual'); 
INSERT INTO privilege(privilegeID, title, summary) values('6aa6dbad-52dd-4868-99bb-8835757f170d', 'Superadmin elimina departamento', 'Superadmin elimina departamento'); 
INSERT INTO privilege(privilegeID, title, summary) values('3064ef4b-a9af-4689-9920-66369e388108', 'Superadmin elimina día feriado', 'Superadmin elimina día feriado'); 
INSERT INTO privilege(privilegeID, title, summary) values('de5cb531-39bd-49d3-b921-08eea020fbd0', 'Superadmin elimina falta administrativa', 'Superadmin elimina falta administrativa'); 
INSERT INTO privilege(privilegeID, title, summary) values('84ea1b2d-99c1-4673-a11c-a980552a8833', 'Superadmin modifica datos de empleado', 'Superadmin modifica datos de empleado'); 
INSERT INTO privilege(privilegeID, title, summary) values('863e64bf-fbfd-4274-9e9b-63bfbb5e8f3f', 'Superadmin modifica departamento', 'Superadmin modifica departamento'); 
INSERT INTO privilege(privilegeID, title, summary) values('49ab6ce2-6c22-454e-befe-ce932856c7ae', 'Superadmin modifica día feriado', 'Superadmin modifica día feriado'); 
INSERT INTO privilege(privilegeID, title, summary) values('942b6e90-2900-4447-9b67-0656c696950f', 'Superadmin modifica falta administrativa', 'Superadmin modifica falta administrativa'); 
INSERT INTO privilege(privilegeID, title, summary) values('4101f1ad-2347-4b62-85c9-f56e20bc1cb4', 'Superadmin registra alta de empleado', 'Superadmin registra alta de empleado'); 
INSERT INTO privilege(privilegeID, title, summary) values('e88a4411-8b49-4826-b05f-7d76f5128536', 'Superadmin registra baja de empleado', 'Superadmin registra baja de empleado'); 
INSERT INTO privilege(privilegeID, title, summary) values('1477e337-bedf-4903-a88f-71c84b8e7d33', 'Superadmin registra datos del One-On-One', 'Superadmin registra datos del One-On-One'); 
INSERT INTO privilege(privilegeID, title, summary) values('18c144a3-0a9d-4abb-bc47-31f159b7276d', 'Superadmin registra departamento', 'Superadmin registra departamento'); 
INSERT INTO privilege(privilegeID, title, summary) values('2e0aa5ec-e93e-4f92-8d61-5a19efd74c07', 'Superadmin registra día feriado', 'Superadmin registra día feriado'); 
INSERT INTO privilege(privilegeID, title, summary) values('9991aba3-2e75-4e2a-bc90-1b1547428375', 'Superadmin registra falta administrativa', 'Superadmin registra falta administrativa'); 
INSERT INTO privilege(privilegeID, title, summary) values('4c286136-6650-4834-b122-4da0fa99a893', 'Superadmin registra evidencia de falta', 'Superadmin registra evidencia de falta'); 
INSERT INTO privilege(privilegeID, title, summary) values('2a533658-c895-4284-a59d-996cdf1ce12c', 'Superadmin registra fecha prevista de One-On-One', 'Superadmin registra fecha prevista de One-On-One'); 
INSERT INTO privilege(privilegeID, title, summary) values('444262ab-922a-4f44-8c2c-e446c58cd9f0', 'Superadmin registra respuesta hacia ausencia de empleado', 'Superadmin registra respuesta hacia ausencia de empleado'); 
INSERT INTO privilege(privilegeID, title, summary) values('df1048a7-a5cb-4bca-a8c5-3648e1177426', 'Superadmin registra respuesta hacia solicitud de vacaciones de empleado', 'Superadmin registra respuesta hacia solicitud de vacaciones de empleado'); 
INSERT INTO role(roleID, title) values('59d6d1eb-00b0-4f4c-9c14-93a1a06c9180', 'Colaborator'); 
INSERT INTO role(roleID, title) values('7cda2721-a553-4b0d-9821-55f938c91f91', 'Department Leader'); 
INSERT INTO role(roleID, title) values('9ff07d9f-a0ac-4c7c-807f-1e61ebafe168', 'Human Resources'); 
INSERT INTO rolePrivilege(roleIDFK, privilegeIDFK) values('59d6d1eb-00b0-4f4c-9c14-93a1a06c9180', '1e5276a4-38a1-4ad9-a1b5-b439bbc23d24'); 
INSERT INTO rolePrivilege(roleIDFK, privilegeIDFK) values('59d6d1eb-00b0-4f4c-9c14-93a1a06c9180', 'd244a960-c773-45da-a52a-b0832087513e'); 
INSERT INTO rolePrivilege(roleIDFK, privilegeIDFK) values('59d6d1eb-00b0-4f4c-9c14-93a1a06c9180', 'd9c7e211-69bc-4b0a-b29f-432d61805133'); 
INSERT INTO rolePrivilege(roleIDFK, privilegeIDFK) values('59d6d1eb-00b0-4f4c-9c14-93a1a06c9180', 'c4fb948c-6ec9-46d3-b316-56149da75277'); 
INSERT INTO rolePrivilege(roleIDFK, privilegeIDFK) values('59d6d1eb-00b0-4f4c-9c14-93a1a06c9180', '6f3588d8-f173-4263-9325-9074a5e2a869'); 
INSERT INTO rolePrivilege(roleIDFK, privilegeIDFK) values('59d6d1eb-00b0-4f4c-9c14-93a1a06c9180', 'dd3cf54b-055c-4ef8-b274-0c101b5f878a'); 
INSERT INTO rolePrivilege(roleIDFK, privilegeIDFK) values('59d6d1eb-00b0-4f4c-9c14-93a1a06c9180', '940f6285-8344-4996-a979-0a0e5bb27838'); 
INSERT INTO rolePrivilege(roleIDFK, privilegeIDFK) values('59d6d1eb-00b0-4f4c-9c14-93a1a06c9180', 'ee6d83f3-c9a1-4c3c-95f8-4c3157d3bbeb'); 
INSERT INTO rolePrivilege(roleIDFK, privilegeIDFK) values('59d6d1eb-00b0-4f4c-9c14-93a1a06c9180', 'e21e7165-625a-4bcc-9306-da2fb85267a7'); 
INSERT INTO rolePrivilege(roleIDFK, privilegeIDFK) values('59d6d1eb-00b0-4f4c-9c14-93a1a06c9180', 'c0eb9a89-8c86-45a2-bf11-d3d6e48ec2c7'); 
INSERT INTO rolePrivilege(roleIDFK, privilegeIDFK) values('59d6d1eb-00b0-4f4c-9c14-93a1a06c9180', 'ac332c0f-8d28-4b60-aeb5-8fe608f78dc8'); 
INSERT INTO rolePrivilege(roleIDFK, privilegeIDFK) values('59d6d1eb-00b0-4f4c-9c14-93a1a06c9180', 'e228516e-ae17-402d-a8e3-040d72c6d41e'); 
INSERT INTO rolePrivilege(roleIDFK, privilegeIDFK) values('59d6d1eb-00b0-4f4c-9c14-93a1a06c9180', 'f9002d86-2808-4656-be76-3dc66dca8e4f'); 
INSERT INTO rolePrivilege(roleIDFK, privilegeIDFK) values('7cda2721-a553-4b0d-9821-55f938c91f91', '1e5276a4-38a1-4ad9-a1b5-b439bbc23d24'); 
INSERT INTO rolePrivilege(roleIDFK, privilegeIDFK) values('7cda2721-a553-4b0d-9821-55f938c91f91', 'd244a960-c773-45da-a52a-b0832087513e'); 
INSERT INTO rolePrivilege(roleIDFK, privilegeIDFK) values('7cda2721-a553-4b0d-9821-55f938c91f91', 'd9c7e211-69bc-4b0a-b29f-432d61805133'); 
INSERT INTO rolePrivilege(roleIDFK, privilegeIDFK) values('7cda2721-a553-4b0d-9821-55f938c91f91', 'c4fb948c-6ec9-46d3-b316-56149da75277'); 
INSERT INTO rolePrivilege(roleIDFK, privilegeIDFK) values('7cda2721-a553-4b0d-9821-55f938c91f91', '6f3588d8-f173-4263-9325-9074a5e2a869'); 
INSERT INTO rolePrivilege(roleIDFK, privilegeIDFK) values('7cda2721-a553-4b0d-9821-55f938c91f91', 'dd3cf54b-055c-4ef8-b274-0c101b5f878a'); 
INSERT INTO rolePrivilege(roleIDFK, privilegeIDFK) values('7cda2721-a553-4b0d-9821-55f938c91f91', '940f6285-8344-4996-a979-0a0e5bb27838'); 
INSERT INTO rolePrivilege(roleIDFK, privilegeIDFK) values('7cda2721-a553-4b0d-9821-55f938c91f91', 'ee6d83f3-c9a1-4c3c-95f8-4c3157d3bbeb'); 
INSERT INTO rolePrivilege(roleIDFK, privilegeIDFK) values('7cda2721-a553-4b0d-9821-55f938c91f91', 'e21e7165-625a-4bcc-9306-da2fb85267a7'); 
INSERT INTO rolePrivilege(roleIDFK, privilegeIDFK) values('7cda2721-a553-4b0d-9821-55f938c91f91', 'c0eb9a89-8c86-45a2-bf11-d3d6e48ec2c7'); 
INSERT INTO rolePrivilege(roleIDFK, privilegeIDFK) values('7cda2721-a553-4b0d-9821-55f938c91f91', 'ac332c0f-8d28-4b60-aeb5-8fe608f78dc8'); 
INSERT INTO rolePrivilege(roleIDFK, privilegeIDFK) values('7cda2721-a553-4b0d-9821-55f938c91f91', 'e228516e-ae17-402d-a8e3-040d72c6d41e'); 
INSERT INTO rolePrivilege(roleIDFK, privilegeIDFK) values('7cda2721-a553-4b0d-9821-55f938c91f91', 'f9002d86-2808-4656-be76-3dc66dca8e4f'); 
INSERT INTO rolePrivilege(roleIDFK, privilegeIDFK) values('7cda2721-a553-4b0d-9821-55f938c91f91', 'f2dfbda1-f6ce-4e1f-b1d2-2c2398004291'); 
INSERT INTO rolePrivilege(roleIDFK, privilegeIDFK) values('7cda2721-a553-4b0d-9821-55f938c91f91', '006f1729-78fe-4f36-b4bc-fce1878a3079'); 
INSERT INTO rolePrivilege(roleIDFK, privilegeIDFK) values('7cda2721-a553-4b0d-9821-55f938c91f91', '69ed1a60-bbe9-4f6d-bbab-9054abd2e5ab'); 
INSERT INTO rolePrivilege(roleIDFK, privilegeIDFK) values('7cda2721-a553-4b0d-9821-55f938c91f91', '42fdd4ba-fb54-406f-90ec-5097768011df'); 
INSERT INTO rolePrivilege(roleIDFK, privilegeIDFK) values('7cda2721-a553-4b0d-9821-55f938c91f91', '6d2b3f29-14be-46d0-a926-2414f909c03b'); 
INSERT INTO rolePrivilege(roleIDFK, privilegeIDFK) values('7cda2721-a553-4b0d-9821-55f938c91f91', '0694f501-e8e5-40f9-91c0-904740a126ae'); 
INSERT INTO rolePrivilege(roleIDFK, privilegeIDFK) values('9ff07d9f-a0ac-4c7c-807f-1e61ebafe168', '1e5276a4-38a1-4ad9-a1b5-b439bbc23d24'); 
INSERT INTO rolePrivilege(roleIDFK, privilegeIDFK) values('9ff07d9f-a0ac-4c7c-807f-1e61ebafe168', 'd244a960-c773-45da-a52a-b0832087513e'); 
INSERT INTO rolePrivilege(roleIDFK, privilegeIDFK) values('9ff07d9f-a0ac-4c7c-807f-1e61ebafe168', 'd9c7e211-69bc-4b0a-b29f-432d61805133'); 
INSERT INTO rolePrivilege(roleIDFK, privilegeIDFK) values('9ff07d9f-a0ac-4c7c-807f-1e61ebafe168', 'c4fb948c-6ec9-46d3-b316-56149da75277'); 
INSERT INTO rolePrivilege(roleIDFK, privilegeIDFK) values('9ff07d9f-a0ac-4c7c-807f-1e61ebafe168', '6f3588d8-f173-4263-9325-9074a5e2a869'); 
INSERT INTO rolePrivilege(roleIDFK, privilegeIDFK) values('9ff07d9f-a0ac-4c7c-807f-1e61ebafe168', 'dd3cf54b-055c-4ef8-b274-0c101b5f878a'); 
INSERT INTO rolePrivilege(roleIDFK, privilegeIDFK) values('9ff07d9f-a0ac-4c7c-807f-1e61ebafe168', '940f6285-8344-4996-a979-0a0e5bb27838'); 
INSERT INTO rolePrivilege(roleIDFK, privilegeIDFK) values('9ff07d9f-a0ac-4c7c-807f-1e61ebafe168', 'ee6d83f3-c9a1-4c3c-95f8-4c3157d3bbeb'); 
INSERT INTO rolePrivilege(roleIDFK, privilegeIDFK) values('9ff07d9f-a0ac-4c7c-807f-1e61ebafe168', 'e21e7165-625a-4bcc-9306-da2fb85267a7'); 
INSERT INTO rolePrivilege(roleIDFK, privilegeIDFK) values('9ff07d9f-a0ac-4c7c-807f-1e61ebafe168', 'c0eb9a89-8c86-45a2-bf11-d3d6e48ec2c7'); 
INSERT INTO rolePrivilege(roleIDFK, privilegeIDFK) values('9ff07d9f-a0ac-4c7c-807f-1e61ebafe168', 'ac332c0f-8d28-4b60-aeb5-8fe608f78dc8'); 
INSERT INTO rolePrivilege(roleIDFK, privilegeIDFK) values('9ff07d9f-a0ac-4c7c-807f-1e61ebafe168', 'e228516e-ae17-402d-a8e3-040d72c6d41e'); 
INSERT INTO rolePrivilege(roleIDFK, privilegeIDFK) values('9ff07d9f-a0ac-4c7c-807f-1e61ebafe168', 'f9002d86-2808-4656-be76-3dc66dca8e4f'); 
INSERT INTO rolePrivilege(roleIDFK, privilegeIDFK) values('9ff07d9f-a0ac-4c7c-807f-1e61ebafe168', 'f2dfbda1-f6ce-4e1f-b1d2-2c2398004291'); 
INSERT INTO rolePrivilege(roleIDFK, privilegeIDFK) values('9ff07d9f-a0ac-4c7c-807f-1e61ebafe168', '006f1729-78fe-4f36-b4bc-fce1878a3079'); 
INSERT INTO rolePrivilege(roleIDFK, privilegeIDFK) values('9ff07d9f-a0ac-4c7c-807f-1e61ebafe168', '69ed1a60-bbe9-4f6d-bbab-9054abd2e5ab'); 
INSERT INTO rolePrivilege(roleIDFK, privilegeIDFK) values('9ff07d9f-a0ac-4c7c-807f-1e61ebafe168', '42fdd4ba-fb54-406f-90ec-5097768011df'); 
INSERT INTO rolePrivilege(roleIDFK, privilegeIDFK) values('9ff07d9f-a0ac-4c7c-807f-1e61ebafe168', '6d2b3f29-14be-46d0-a926-2414f909c03b'); 
INSERT INTO rolePrivilege(roleIDFK, privilegeIDFK) values('9ff07d9f-a0ac-4c7c-807f-1e61ebafe168', '0694f501-e8e5-40f9-91c0-904740a126ae'); 
INSERT INTO rolePrivilege(roleIDFK, privilegeIDFK) values('9ff07d9f-a0ac-4c7c-807f-1e61ebafe168', 'cd66d7e1-246d-418e-93d5-a28cdf62c7e5'); 
INSERT INTO rolePrivilege(roleIDFK, privilegeIDFK) values('9ff07d9f-a0ac-4c7c-807f-1e61ebafe168', 'f7bce7df-a157-4872-9869-b9580ae006d7'); 
INSERT INTO rolePrivilege(roleIDFK, privilegeIDFK) values('9ff07d9f-a0ac-4c7c-807f-1e61ebafe168', '46ddb96a-4a6a-48de-809b-6a1ffd3204f4'); 
INSERT INTO rolePrivilege(roleIDFK, privilegeIDFK) values('9ff07d9f-a0ac-4c7c-807f-1e61ebafe168', 'eeebd490-43ac-425b-95bc-b3209cbaf7e2'); 
INSERT INTO rolePrivilege(roleIDFK, privilegeIDFK) values('9ff07d9f-a0ac-4c7c-807f-1e61ebafe168', '97b04ce2-1b45-405b-a02a-7add5c7ed24b'); 
INSERT INTO rolePrivilege(roleIDFK, privilegeIDFK) values('9ff07d9f-a0ac-4c7c-807f-1e61ebafe168', '6aa6dbad-52dd-4868-99bb-8835757f170d'); 
INSERT INTO rolePrivilege(roleIDFK, privilegeIDFK) values('9ff07d9f-a0ac-4c7c-807f-1e61ebafe168', '3064ef4b-a9af-4689-9920-66369e388108'); 
INSERT INTO rolePrivilege(roleIDFK, privilegeIDFK) values('9ff07d9f-a0ac-4c7c-807f-1e61ebafe168', 'de5cb531-39bd-49d3-b921-08eea020fbd0'); 
INSERT INTO rolePrivilege(roleIDFK, privilegeIDFK) values('9ff07d9f-a0ac-4c7c-807f-1e61ebafe168', '84ea1b2d-99c1-4673-a11c-a980552a8833'); 
INSERT INTO rolePrivilege(roleIDFK, privilegeIDFK) values('9ff07d9f-a0ac-4c7c-807f-1e61ebafe168', '863e64bf-fbfd-4274-9e9b-63bfbb5e8f3f'); 
INSERT INTO rolePrivilege(roleIDFK, privilegeIDFK) values('9ff07d9f-a0ac-4c7c-807f-1e61ebafe168', '49ab6ce2-6c22-454e-befe-ce932856c7ae'); 
INSERT INTO rolePrivilege(roleIDFK, privilegeIDFK) values('9ff07d9f-a0ac-4c7c-807f-1e61ebafe168', '942b6e90-2900-4447-9b67-0656c696950f'); 
INSERT INTO rolePrivilege(roleIDFK, privilegeIDFK) values('9ff07d9f-a0ac-4c7c-807f-1e61ebafe168', '4101f1ad-2347-4b62-85c9-f56e20bc1cb4'); 
INSERT INTO rolePrivilege(roleIDFK, privilegeIDFK) values('9ff07d9f-a0ac-4c7c-807f-1e61ebafe168', 'e88a4411-8b49-4826-b05f-7d76f5128536'); 
INSERT INTO rolePrivilege(roleIDFK, privilegeIDFK) values('9ff07d9f-a0ac-4c7c-807f-1e61ebafe168', '1477e337-bedf-4903-a88f-71c84b8e7d33'); 
INSERT INTO rolePrivilege(roleIDFK, privilegeIDFK) values('9ff07d9f-a0ac-4c7c-807f-1e61ebafe168', '18c144a3-0a9d-4abb-bc47-31f159b7276d'); 
INSERT INTO rolePrivilege(roleIDFK, privilegeIDFK) values('9ff07d9f-a0ac-4c7c-807f-1e61ebafe168', '2e0aa5ec-e93e-4f92-8d61-5a19efd74c07'); 
INSERT INTO rolePrivilege(roleIDFK, privilegeIDFK) values('9ff07d9f-a0ac-4c7c-807f-1e61ebafe168', '9991aba3-2e75-4e2a-bc90-1b1547428375'); 
INSERT INTO rolePrivilege(roleIDFK, privilegeIDFK) values('9ff07d9f-a0ac-4c7c-807f-1e61ebafe168', '4c286136-6650-4834-b122-4da0fa99a893'); 
INSERT INTO rolePrivilege(roleIDFK, privilegeIDFK) values('9ff07d9f-a0ac-4c7c-807f-1e61ebafe168', '2a533658-c895-4284-a59d-996cdf1ce12c'); 
INSERT INTO rolePrivilege(roleIDFK, privilegeIDFK) values('9ff07d9f-a0ac-4c7c-807f-1e61ebafe168', '444262ab-922a-4f44-8c2c-e446c58cd9f0'); 
INSERT INTO rolePrivilege(roleIDFK, privilegeIDFK) values('9ff07d9f-a0ac-4c7c-807f-1e61ebafe168', 'df1048a7-a5cb-4bca-a8c5-3648e1177426'); 

INSERT INTO country(countryID, title) values('8908892e-5b75-4c73-9691-6dcf5b8c60fa', 'Mexico'); 
INSERT INTO country(countryID, title) values('7ddd9a1d-8a86-4a4a-85b8-abf0678c58f1', 'United States'); 
INSERT INTO country(countryID, title) values('95e21ff0-575b-44ed-add1-bc485d1d42da', 'Colombia'); 
INSERT INTO country(countryID, title) values('fadcf884-6292-4f67-8a7a-58b107b0a29c', 'Argentina'); 

INSERT INTO enterprise(enterpriseID, title) values('c28ce91d-f0d7-4ac1-9352-1fb095f9ab71', 'Google'); 
INSERT INTO enterprise(enterpriseID, title) values('2fd483fe-3bcd-4993-bf80-44211cd6e3a8', 'Intel'); 
INSERT INTO enterprise(enterpriseID, title) values('0199970b-5a2a-4e79-9bf3-73866464b538', 'Oracle'); 
INSERT INTO enterprise(enterpriseID, title) values('b474b52d-0734-4d4b-96c9-223971e23a0a', 'Google'); 
INSERT INTO enterprise(enterpriseID, title) values('4665a3a4-de7e-4751-84fb-b6ba349e6ea8', 'Intel'); 
INSERT INTO enterprise(enterpriseID, title) values('9baf8848-fbde-411d-9782-ff528d7898f2', 'Nvidia'); 
INSERT INTO enterprise(enterpriseID, title) values('3cd09ad3-229e-4ed8-9802-76c6aac9615a', 'Intel'); 

INSERT INTO department(departmentID, enterpriseIDFK, title) values('552fba72-473d-4199-8ae9-31bc046d8c9e', 'b474b52d-0734-4d4b-96c9-223971e23a0a', 'Producción'); 
INSERT INTO department(departmentID, enterpriseIDFK, title) values('3d0e8695-11fc-4cbb-86bd-1517676a4721', '4665a3a4-de7e-4751-84fb-b6ba349e6ea8', 'Marketing'); 
INSERT INTO department(departmentID, enterpriseIDFK, title) values('5e4d2728-3658-443b-8571-d9051f1613a6', '2fd483fe-3bcd-4993-bf80-44211cd6e3a8', 'RRHH'); 
INSERT INTO department(departmentID, enterpriseIDFK, title) values('a208e068-c5f5-402c-a0c7-4e3c55ac8a7c', '0199970b-5a2a-4e79-9bf3-73866464b538', 'Finanzas'); 
INSERT INTO department(departmentID, enterpriseIDFK, title) values('d4b9fb99-2ad5-4e4a-abb1-f097d6929fb6', 'b474b52d-0734-4d4b-96c9-223971e23a0a', 'Producción'); 
INSERT INTO department(departmentID, enterpriseIDFK, title) values('ab7b910b-42df-4897-8cd2-136192e71a8e', '0199970b-5a2a-4e79-9bf3-73866464b538', 'Marketing'); 
INSERT INTO department(departmentID, enterpriseIDFK, title) values('631e8f4e-cf7f-46a5-9185-5b0cea07877c', '4665a3a4-de7e-4751-84fb-b6ba349e6ea8', 'Finanzas'); 
INSERT INTO department(departmentID, enterpriseIDFK, title) values('5b5a60e7-2c73-48bf-9a63-4ddaa8b0f837', '0199970b-5a2a-4e79-9bf3-73866464b538', 'Atencion al cliene'); 
INSERT INTO department(departmentID, enterpriseIDFK, title) values('b6e46dc7-6ac9-4454-905b-d0e2252c3d85', '0199970b-5a2a-4e79-9bf3-73866464b538', 'Ventas'); 
INSERT INTO department(departmentID, enterpriseIDFK, title) values('f95c2853-bf75-4e67-a526-9e24ee54085c', 'c28ce91d-f0d7-4ac1-9352-1fb095f9ab71', 'RRHH'); 
INSERT INTO department(departmentID, enterpriseIDFK, title) values('25efc7f5-4b97-4770-8314-f5d77eee33a6', '3cd09ad3-229e-4ed8-9802-76c6aac9615a', 'Logística'); 
INSERT INTO department(departmentID, enterpriseIDFK, title) values('1c705941-96f7-4585-8b6e-e166e00656a7', '4665a3a4-de7e-4751-84fb-b6ba349e6ea8', 'Logística'); 
INSERT INTO department(departmentID, enterpriseIDFK, title) values('3fd21102-e706-4965-b50c-0b37fe27a757', '9baf8848-fbde-411d-9782-ff528d7898f2', 'TI'); 
INSERT INTO department(departmentID, enterpriseIDFK, title) values('4ecec299-3ca3-401d-a956-c4a4f7037708', '9baf8848-fbde-411d-9782-ff528d7898f2', 'TI'); 
INSERT INTO department(departmentID, enterpriseIDFK, title) values('0edfc303-ecce-4aea-b6e1-425f1f902de1', '2fd483fe-3bcd-4993-bf80-44211cd6e3a8', 'TI'); 
INSERT INTO department(departmentID, enterpriseIDFK, title) values('852a872e-804b-4377-8f4a-7f55a88d346b', '3cd09ad3-229e-4ed8-9802-76c6aac9615a', 'Atencion al cliene'); 
INSERT INTO department(departmentID, enterpriseIDFK, title) values('39cb0b2f-ad4d-4ecc-9dbc-ad07263231ad', '0199970b-5a2a-4e79-9bf3-73866464b538', 'Marketing'); 
INSERT INTO department(departmentID, enterpriseIDFK, title) values('f8342847-7ea7-4c26-b5d1-91c6f1ca91fc', '3cd09ad3-229e-4ed8-9802-76c6aac9615a', 'TI'); 
INSERT INTO department(departmentID, enterpriseIDFK, title) values('49880a27-44b8-4e6a-aa60-174b11107f3a', '3cd09ad3-229e-4ed8-9802-76c6aac9615a', 'Marketing'); 
INSERT INTO department(departmentID, enterpriseIDFK, title) values('e1f42316-c5b4-4cb6-bf6e-b379acfc01b7', '2fd483fe-3bcd-4993-bf80-44211cd6e3a8', 'Logística'); 
INSERT INTO department(departmentID, enterpriseIDFK, title) values('6f52b059-b2c8-45c3-9824-fd2f22df2345', '9baf8848-fbde-411d-9782-ff528d7898f2', 'Marketing'); 
INSERT INTO department(departmentID, enterpriseIDFK, title) values('fad29f79-4052-42ec-8ef3-a3723912c4ea', '2fd483fe-3bcd-4993-bf80-44211cd6e3a8', 'Producción'); 
INSERT INTO department(departmentID, enterpriseIDFK, title) values('b211398a-3537-4957-96dd-9d0bc597dd64', '9baf8848-fbde-411d-9782-ff528d7898f2', 'Finanzas'); 
INSERT INTO department(departmentID, enterpriseIDFK, title) values('b6020a05-f5ad-472f-803b-192cb1cb3dea', '0199970b-5a2a-4e79-9bf3-73866464b538', 'Atencion al cliene'); 
INSERT INTO department(departmentID, enterpriseIDFK, title) values('210eca37-eb67-43b1-be20-150e3ecc1048', 'c28ce91d-f0d7-4ac1-9352-1fb095f9ab71', 'Atencion al cliene'); 

INSERT INTO user(userID, curp, rfc, birthName, surname, mail, passwd, passwdFlag, zipCode, houseNumber, streetName, colony, workModality, workStatus, userRoleIDFK, countryUserIDFK) VALUES('3515484e-0f26-4fda-8906-ed21128387ff', 'RUMF4126MJCGLT88', 'RUMF4126MJG7', 'Fernando', 'Ruiz Moreno', 'fvcnmxn@outlook.com', 'geebayadlho', TRUE, 47393, '710.A', 'Calle de la Corregidora', 'Colonia El Campanario', 2, TRUE, '59d6d1eb-00b0-4f4c-9c14-93a1a06c9180', '8908892e-5b75-4c73-9691-6dcf5b8c60fa');
INSERT INTO user(userID, curp, rfc, birthName, surname, mail, passwd, passwdFlag, zipCode, houseNumber, streetName, colony, workModality, workStatus, userRoleIDFK, countryUserIDFK) VALUES('ddd243d8-40e7-4734-8b24-2e3b26189387', 'RUFP2424HNTPDY12', 'RUFP2424HNO6', 'Pedro', 'Ruiz Fernández', 'kcpjafpwho@gmail.com', 'gddxutxi', FALSE, 64831, '548.B', 'Avenida Morelos', 'Colonia Santa Fe', 0, FALSE, '7cda2721-a553-4b0d-9821-55f938c91f91', '8908892e-5b75-4c73-9691-6dcf5b8c60fa');
INSERT INTO user(userID, curp, rfc, birthName, surname, mail, passwd, passwdFlag, zipCode, houseNumber, streetName, colony, workModality, workStatus, userRoleIDFK, countryUserIDFK) VALUES('0af615c1-c080-4c69-8af1-187b7c1177ac', 'TOJA3726HBCXPY94', 'TOJA3726HBX1', 'Antonio', 'Torres Jiménez', 'nugcklsctpc@yahoo.com', 'ojindtyunxnnp', TRUE, 80877, '210.C', 'Calle de la Merced', 'Colonia San Francisco', 1, TRUE, '7cda2721-a553-4b0d-9821-55f938c91f91', '95e21ff0-575b-44ed-add1-bc485d1d42da');
INSERT INTO user(userID, curp, rfc, birthName, surname, mail, passwd, passwdFlag, zipCode, houseNumber, streetName, colony, workModality, workStatus, userRoleIDFK, countryUserIDFK) VALUES('c6377d69-ae67-4836-8753-99557c43c510', 'RUTD3222HASGLA92', 'RUTD3222HAU9', 'David', 'Ruiz Torres', 'jlgneoft@outlook.com', 'kaslqmulrpc', TRUE, 80313, '85.B', 'Avenida de los Insurgentes', 'Colonia Santa Fe', 2, TRUE, '7cda2721-a553-4b0d-9821-55f938c91f91', '8908892e-5b75-4c73-9691-6dcf5b8c60fa');
INSERT INTO user(userID, curp, rfc, birthName, surname, mail, passwd, passwdFlag, zipCode, houseNumber, streetName, colony, workModality, workStatus, userRoleIDFK, countryUserIDFK) VALUES('06008f73-48db-4dd4-ac57-e5af1ebb972b', 'HETF01022MVZBQT47', 'HETF01022MU4', 'Francisco', 'Hernández Torres', 'ncvflwl@outlook.com', 'iwhpbxgww', FALSE, 22129, '272.C', 'Calle de la Amistad', 'Colonia El Mirador', 1, FALSE, '9ff07d9f-a0ac-4c7c-807f-1e61ebafe168', 'fadcf884-6292-4f67-8a7a-58b107b0a29c');
INSERT INTO user(userID, curp, rfc, birthName, surname, mail, passwd, passwdFlag, zipCode, houseNumber, streetName, colony, workModality, workStatus, userRoleIDFK, countryUserIDFK) VALUES('e36bf29f-49f2-4a7c-baa5-7a1ff34f44dd', 'RUMR0217MMNFYH93', 'RUMR0217MMF1', 'Rafael', 'Ruiz Moreno', 'axlbypghkau@outlook.com', 'dmqoejxjgey', FALSE, 25189, '549.A', 'Calle Zaragoza', 'Colonia Reforma', 3, FALSE, '9ff07d9f-a0ac-4c7c-807f-1e61ebafe168', 'fadcf884-6292-4f67-8a7a-58b107b0a29c');
INSERT INTO user(userID, curp, rfc, birthName, surname, mail, passwd, passwdFlag, zipCode, houseNumber, streetName, colony, workModality, workStatus, userRoleIDFK, countryUserIDFK) VALUES('711b532f-b634-48f6-9040-293a9c39b70b', 'JIRL11116HCLGBF78', 'JIRL11116HJ5', 'Laura', 'Jiménez Ruiz', 'llfjuioh@yahoo.com', 'irlfaidx', FALSE, 29179, '500.A', 'Calle de la Virgen', 'Colonia El Campanario', 2, TRUE, '9ff07d9f-a0ac-4c7c-807f-1e61ebafe168', '8908892e-5b75-4c73-9691-6dcf5b8c60fa');
INSERT INTO user(userID, curp, rfc, birthName, surname, mail, passwd, passwdFlag, zipCode, houseNumber, streetName, colony, workModality, workStatus, userRoleIDFK, countryUserIDFK) VALUES('06e9c035-4a32-4e62-b0a2-01cbf6cb15a8', 'MARM438HSRGVG34', 'MARM438HSRD3', 'María', 'Martínez Ruiz', 'akaibpkvfu@nuclea.solutions', 'ygujmoa', FALSE, 12440, '3.B', 'Avenida de los Insurgentes', 'Colonia Lomas de Querétaro', 2, FALSE, '7cda2721-a553-4b0d-9821-55f938c91f91', '95e21ff0-575b-44ed-add1-bc485d1d42da');
INSERT INTO user(userID, curp, rfc, birthName, surname, mail, passwd, passwdFlag, zipCode, houseNumber, streetName, colony, workModality, workStatus, userRoleIDFK, countryUserIDFK) VALUES('a00a2690-8fa6-4366-909f-24af4ab82f59', 'FERE3910MBSJPN18', 'FERE3910MBF5', 'Enrique', 'Fernández Ruiz', 'wgulhturhhu@yahoo.com', 'iatvinxddi', FALSE, 98448, '635.B', 'Avenida de la Independencia', 'Colonia Lomas de Querétaro', 0, FALSE, '7cda2721-a553-4b0d-9821-55f938c91f91', '8908892e-5b75-4c73-9691-6dcf5b8c60fa');
INSERT INTO user(userID, curp, rfc, birthName, surname, mail, passwd, passwdFlag, zipCode, houseNumber, streetName, colony, workModality, workStatus, userRoleIDFK, countryUserIDFK) VALUES('944b0b89-dbe5-4321-a5a5-872189b7e0c7', 'TOHF3413MSRUXW16', 'TOHF3413MST4', 'Fernando', 'Torres Hernández', 'vhnfpvwhhyc@gmail.com', 'nervjhww', FALSE, 46361, '445.A', 'Calle de los Cedros', 'Colonia Santa Rosa', 2, FALSE, '59d6d1eb-00b0-4f4c-9c14-93a1a06c9180', '8908892e-5b75-4c73-9691-6dcf5b8c60fa');
INSERT INTO user(userID, curp, rfc, birthName, surname, mail, passwd, passwdFlag, zipCode, houseNumber, streetName, colony, workModality, workStatus, userRoleIDFK, countryUserIDFK) VALUES('cee4f184-16c2-4de3-9c99-7b1c7094a9f5', 'JIHC0723MSLHQB59', 'JIHC0723MSN3', 'Carlos', 'Jiménez Hernández', 'dcokhimmebqpk@yahoo.com', 'iobuppswurfk', TRUE, 95673, '965.B', 'Avenida de la Constitución', 'Colonia El Laurel', 0, FALSE, '9ff07d9f-a0ac-4c7c-807f-1e61ebafe168', '8908892e-5b75-4c73-9691-6dcf5b8c60fa');
INSERT INTO user(userID, curp, rfc, birthName, surname, mail, passwd, passwdFlag, zipCode, houseNumber, streetName, colony, workModality, workStatus, userRoleIDFK, countryUserIDFK) VALUES('9e2b6d5a-fd7c-4fc5-88bc-0adced613176', 'MOFA1226HHGSXL73', 'MOFA1226HHI8', 'Ana', 'Moreno Fernández', 'fiqftwcrepyf@yahoo.com', 'beeksedrp', FALSE, 51244, '582.A', 'Avenida de los Insurgentes', 'Colonia El Mirador', 1, TRUE, '59d6d1eb-00b0-4f4c-9c14-93a1a06c9180', '8908892e-5b75-4c73-9691-6dcf5b8c60fa');
INSERT INTO user(userID, curp, rfc, birthName, surname, mail, passwd, passwdFlag, zipCode, houseNumber, streetName, colony, workModality, workStatus, userRoleIDFK, countryUserIDFK) VALUES('ef7cf5ec-cd95-4b94-884c-7ff5aa5f1786', 'HERP4812MMNJGC15', 'HERP4812MMF3', 'Patricia', 'Hernández Rodríguez', 'nxitbdvkomki@gmail.com', 'pnyvfuqenl', TRUE, 15759, '389.A', 'Avenida de la Independencia', 'Colonia Santa Rosa', 1, TRUE, '9ff07d9f-a0ac-4c7c-807f-1e61ebafe168', 'fadcf884-6292-4f67-8a7a-58b107b0a29c');
INSERT INTO user(userID, curp, rfc, birthName, surname, mail, passwd, passwdFlag, zipCode, houseNumber, streetName, colony, workModality, workStatus, userRoleIDFK, countryUserIDFK) VALUES('a1ec5c8d-ea63-41c9-9cde-2aded0209ce9', 'RUML01014HQTCKX14', 'RUML01014HE7', 'Lucía', 'Ruiz Moreno', 'piipifctqxh@outlook.com', 'cgsgskwsr', TRUE, 42526, '306.A', 'Calle del Carmen', 'Colonia Las Águilas', 2, TRUE, '7cda2721-a553-4b0d-9821-55f938c91f91', '95e21ff0-575b-44ed-add1-bc485d1d42da');
INSERT INTO user(userID, curp, rfc, birthName, surname, mail, passwd, passwdFlag, zipCode, houseNumber, streetName, colony, workModality, workStatus, userRoleIDFK, countryUserIDFK) VALUES('ff748427-fd3c-4eb0-9104-8303c48118c6', 'FEHM3623MJCDCL94', 'FEHM3623MJK1', 'María', 'Fernández Hernández', 'jrwmviuw@yahoo.com', 'thlewef', TRUE, 33126, '965.C', 'Calle Vicente Guerrero', 'Colonia Morelos', 0, FALSE, '7cda2721-a553-4b0d-9821-55f938c91f91', 'fadcf884-6292-4f67-8a7a-58b107b0a29c');
INSERT INTO user(userID, curp, rfc, birthName, surname, mail, passwd, passwdFlag, zipCode, houseNumber, streetName, colony, workModality, workStatus, userRoleIDFK, countryUserIDFK) VALUES('d504b432-12d1-46a4-809e-5509624ea3ba', 'JITR113HOCQUU63', 'JITR113HOCR3', 'Roberto', 'Jiménez Torres', 'jqfgmjusxseja@nuclea.solutions', 'vkmhktl', FALSE, 77758, '779.C', 'Calle Guerrero', 'Colonia Los Ángeles', 1, FALSE, '7cda2721-a553-4b0d-9821-55f938c91f91', '7ddd9a1d-8a86-4a4a-85b8-abf0678c58f1');
INSERT INTO user(userID, curp, rfc, birthName, surname, mail, passwd, passwdFlag, zipCode, houseNumber, streetName, colony, workModality, workStatus, userRoleIDFK, countryUserIDFK) VALUES('5ada3202-fbcc-4180-b3da-ea8f8ae89b58', 'ROMJ2025HGTTDC80', 'ROMJ2025HGJ1', 'Juan', 'Rodríguez Moreno', 'umfjouuliqpae@gmail.com', 'uyfcenfnh', FALSE, 82411, '848.C', 'Calle de la Corregidora', 'Colonia El Campanario', 3, FALSE, '7cda2721-a553-4b0d-9821-55f938c91f91', '8908892e-5b75-4c73-9691-6dcf5b8c60fa');
INSERT INTO user(userID, curp, rfc, birthName, surname, mail, passwd, passwdFlag, zipCode, houseNumber, streetName, colony, workModality, workStatus, userRoleIDFK, countryUserIDFK) VALUES('0d7413c0-fb2c-4cae-b220-c7ade14c340c', 'HEHM1511MNLJXQ92', 'HEHM1511MNY5', 'María', 'Hernández Hernández', 'wwgjbpk@outlook.com', 'gsejwlbruy', FALSE, 38002, '340.C', 'Calle 5 de Febrero', 'Colonia San José', 2, TRUE, '59d6d1eb-00b0-4f4c-9c14-93a1a06c9180', '8908892e-5b75-4c73-9691-6dcf5b8c60fa');
INSERT INTO user(userID, curp, rfc, birthName, surname, mail, passwd, passwdFlag, zipCode, houseNumber, streetName, colony, workModality, workStatus, userRoleIDFK, countryUserIDFK) VALUES('34df1283-62bd-4e6e-b427-b5743825e768', 'FEMD0428HOCPBQ11', 'FEMD0428HOK8', 'David', 'Fernández Moreno', 'ncfrvciwn@gmail.com', 'lteebmerxw', TRUE, 66635, '958.B', 'Avenida de los Arcos', 'Colonia Morelos', 2, FALSE, '7cda2721-a553-4b0d-9821-55f938c91f91', '7ddd9a1d-8a86-4a4a-85b8-abf0678c58f1');
INSERT INTO user(userID, curp, rfc, birthName, surname, mail, passwd, passwdFlag, zipCode, houseNumber, streetName, colony, workModality, workStatus, userRoleIDFK, countryUserIDFK) VALUES('b39824f1-1b8a-4dd3-8cde-7e70ce5c4dd3', 'GOGE125MTLVEH49', 'GOGE125MTLM7', 'Elena', 'González González', 'vbvfmpuqmjxut@yahoo.com', 'ddmsfbc', TRUE, 67426, '495.A', 'Calle Allende', 'Colonia El Cerrito', 0, TRUE, '59d6d1eb-00b0-4f4c-9c14-93a1a06c9180', '95e21ff0-575b-44ed-add1-bc485d1d42da');
INSERT INTO user(userID, curp, rfc, birthName, surname, mail, passwd, passwdFlag, zipCode, houseNumber, streetName, colony, workModality, workStatus, userRoleIDFK, countryUserIDFK) VALUES('19084a5f-ead0-401a-a9fe-23a20ab60269', 'TOTS437MCMOEQ30', 'TOTS437MCMH6', 'Susana', 'Torres Torres', 'elfhwtbjl@outlook.com', 'pvkvatusn', TRUE, 94817, '793.B', 'Calle de los Naranjos', 'Colonia Morelos', 2, TRUE, '7cda2721-a553-4b0d-9821-55f938c91f91', '7ddd9a1d-8a86-4a4a-85b8-abf0678c58f1');
INSERT INTO user(userID, curp, rfc, birthName, surname, mail, passwd, passwdFlag, zipCode, houseNumber, streetName, colony, workModality, workStatus, userRoleIDFK, countryUserIDFK) VALUES('be4668d4-aa00-4e07-840e-e00a33938165', 'TOJF2228MMSDFG72', 'TOJF2228MMA0', 'Francisco', 'Torres Jiménez', 'ewtakkglktw@outlook.com', 'runwqlkkfao', FALSE, 31592, '574.A', 'Calle de los Pinos', 'Colonia Las Águilas', 3, TRUE, '7cda2721-a553-4b0d-9821-55f938c91f91', '7ddd9a1d-8a86-4a4a-85b8-abf0678c58f1');
INSERT INTO user(userID, curp, rfc, birthName, surname, mail, passwd, passwdFlag, zipCode, houseNumber, streetName, colony, workModality, workStatus, userRoleIDFK, countryUserIDFK) VALUES('a6565d68-600c-422f-89db-07b918610ec6', 'HEFL41125HTLYTA87', 'HEFL41125HV4', 'Lucía', 'Hernández Fernández', 'slgsofor@yahoo.com', 'dbjfmeh', FALSE, 13961, '349.A', 'Calle del Sol', 'Colonia Nuevo Milenio', 2, FALSE, '7cda2721-a553-4b0d-9821-55f938c91f91', '8908892e-5b75-4c73-9691-6dcf5b8c60fa');
INSERT INTO user(userID, curp, rfc, birthName, surname, mail, passwd, passwdFlag, zipCode, houseNumber, streetName, colony, workModality, workStatus, userRoleIDFK, countryUserIDFK) VALUES('8cf3b471-3e19-4897-8479-8a7b9d9662a8', 'MOJM349MMCWCH25', 'MOJM349MMCL3', 'Mercedes', 'Moreno Jiménez', 'yrfpsce@outlook.com', 'jbmfswrp', TRUE, 34977, '292.C', 'Calle de la Reforma', 'Colonia Emiliano Zapata', 3, TRUE, '59d6d1eb-00b0-4f4c-9c14-93a1a06c9180', '7ddd9a1d-8a86-4a4a-85b8-abf0678c58f1');
INSERT INTO user(userID, curp, rfc, birthName, surname, mail, passwd, passwdFlag, zipCode, houseNumber, streetName, colony, workModality, workStatus, userRoleIDFK, countryUserIDFK) VALUES('482e4575-74e8-4915-b2b3-c3be587b64de', 'GOFA2125HCLHDK57', 'GOFA2125HCK9', 'Alberto', 'González Fernández', 'gqnejjwnspft@nuclea.solutions', 'iajpmoot', TRUE, 32326, '826.A', 'Avenida Madero', 'Colonia La Pradera', 1, TRUE, '7cda2721-a553-4b0d-9821-55f938c91f91', 'fadcf884-6292-4f67-8a7a-58b107b0a29c');
INSERT INTO user(userID, curp, rfc, birthName, surname, mail, passwd, passwdFlag, zipCode, houseNumber, streetName, colony, workModality, workStatus, userRoleIDFK, countryUserIDFK) VALUES('4bc85d19-24ac-4445-a732-3a18a1fedefc', 'TORC3614MTLTNO62', 'TORC3614MTD8', 'Carlos', 'Torres Rodríguez', 'swjfdmbamva@yahoo.com', 'smhtlxgf', TRUE, 11503, '532.B', 'Calle de la Estación', 'Colonia Las Águilas', 2, TRUE, '7cda2721-a553-4b0d-9821-55f938c91f91', '95e21ff0-575b-44ed-add1-bc485d1d42da');
INSERT INTO user(userID, curp, rfc, birthName, surname, mail, passwd, passwdFlag, zipCode, houseNumber, streetName, colony, workModality, workStatus, userRoleIDFK, countryUserIDFK) VALUES('0ce40ac0-a709-4569-a666-3af6be03261e', 'TOJJ3726MCHYIM10', 'TOJJ3726MCS6', 'José', 'Torres Jiménez', 'vacwrqp@gmail.com', 'afuaetgnwn', TRUE, 55121, '420.C', 'Calle Benito Juárez', 'Colonia del Sol', 2, FALSE, '59d6d1eb-00b0-4f4c-9c14-93a1a06c9180', '7ddd9a1d-8a86-4a4a-85b8-abf0678c58f1');
INSERT INTO user(userID, curp, rfc, birthName, surname, mail, passwd, passwdFlag, zipCode, houseNumber, streetName, colony, workModality, workStatus, userRoleIDFK, countryUserIDFK) VALUES('ece04e5d-6bcd-4cab-916e-a13eff98d0f1', 'RUFL31127HCSEDF41', 'RUFL31127HX0', 'Lucía', 'Ruiz Fernández', 'pypobdduh@gmail.com', 'otbgqktquhk', TRUE, 99339, '928.C', 'Avenida Constituyentes', 'Colonia El Campanario', 3, FALSE, '9ff07d9f-a0ac-4c7c-807f-1e61ebafe168', '8908892e-5b75-4c73-9691-6dcf5b8c60fa');
INSERT INTO user(userID, curp, rfc, birthName, surname, mail, passwd, passwdFlag, zipCode, houseNumber, streetName, colony, workModality, workStatus, userRoleIDFK, countryUserIDFK) VALUES('76cf6199-f1cc-4b3c-a4e2-5461154d31bc', 'TOMP104MOCTNS24', 'TOMP104MOCO9', 'Pedro', 'Torres Moreno', 'odnptmeg@yahoo.com', 'ejdclicrqvil', TRUE, 84657, '389.C', 'Calle de la Paz', 'Colonia del Sol', 1, TRUE, '59d6d1eb-00b0-4f4c-9c14-93a1a06c9180', '8908892e-5b75-4c73-9691-6dcf5b8c60fa');
INSERT INTO user(userID, curp, rfc, birthName, surname, mail, passwd, passwdFlag, zipCode, houseNumber, streetName, colony, workModality, workStatus, userRoleIDFK, countryUserIDFK) VALUES('f12b101c-9e2f-49a0-b028-bb3f63004929', 'TOTC4222MVZCGV53', 'TOTC4222MVX6', 'Carlos', 'Torres Torres', 'vrqbcpfqmk@nuclea.solutions', 'lcrrjnpgqy', TRUE, 38211, '482.A', 'Avenida de los Insurgentes', 'Colonia del Sol', 1, FALSE, '7cda2721-a553-4b0d-9821-55f938c91f91', '95e21ff0-575b-44ed-add1-bc485d1d42da');
INSERT INTO user(userID, curp, rfc, birthName, surname, mail, passwd, passwdFlag, zipCode, houseNumber, streetName, colony, workModality, workStatus, userRoleIDFK, countryUserIDFK) VALUES('ecdc1188-5f69-4862-a21e-d3daf2b72d05', 'JITP108MMCOSF83', 'JITP108MMCF8', 'Pedro', 'Jiménez Torres', 'jesjnlowmmnnx@outlook.com', 'expjophytkacc', TRUE, 40730, '644.B', 'Calle de la Esperanza', 'Colonia Morelos', 2, FALSE, '59d6d1eb-00b0-4f4c-9c14-93a1a06c9180', 'fadcf884-6292-4f67-8a7a-58b107b0a29c');
INSERT INTO user(userID, curp, rfc, birthName, surname, mail, passwd, passwdFlag, zipCode, houseNumber, streetName, colony, workModality, workStatus, userRoleIDFK, countryUserIDFK) VALUES('35f36ccd-3de3-4f3c-b393-62b222afa64c', 'FEFL2926HGTWDP20', 'FEFL2926HGA3', 'Lucía', 'Fernández Fernández', 'cxanqyteswgq@nuclea.solutions', 'yjscrotxwbuv', FALSE, 78455, '857.A', 'Calle Corregidora', 'Colonia San José', 3, FALSE, '7cda2721-a553-4b0d-9821-55f938c91f91', '7ddd9a1d-8a86-4a4a-85b8-abf0678c58f1');
INSERT INTO user(userID, curp, rfc, birthName, surname, mail, passwd, passwdFlag, zipCode, houseNumber, streetName, colony, workModality, workStatus, userRoleIDFK, countryUserIDFK) VALUES('6b6535ba-d888-4cfd-bdcd-c9bf19388058', 'TOMR034MCLIMC91', 'TOMR034MCLY9', 'Raquel', 'Torres Martínez', 'tdwhfkqy@gmail.com', 'gtknvvjx', TRUE, 47077, '488.A', 'Calle Guerrero', 'Colonia del Sol', 3, TRUE, '9ff07d9f-a0ac-4c7c-807f-1e61ebafe168', '8908892e-5b75-4c73-9691-6dcf5b8c60fa');
INSERT INTO user(userID, curp, rfc, birthName, surname, mail, passwd, passwdFlag, zipCode, houseNumber, streetName, colony, workModality, workStatus, userRoleIDFK, countryUserIDFK) VALUES('5cb5a143-7890-4a54-b710-88413b78b28d', 'TOHR21021HTLUSY29', 'TOHR21021HN2', 'Roberto', 'Torres Hernández', 'cyoxlfb@gmail.com', 'lvrgkwh', FALSE, 17988, '573.A', 'Calle del Carmen', 'Colonia San Francisco', 3, FALSE, '9ff07d9f-a0ac-4c7c-807f-1e61ebafe168', 'fadcf884-6292-4f67-8a7a-58b107b0a29c');
INSERT INTO user(userID, curp, rfc, birthName, surname, mail, passwd, passwdFlag, zipCode, houseNumber, streetName, colony, workModality, workStatus, userRoleIDFK, countryUserIDFK) VALUES('3465a4d7-c399-45fe-a323-2d263854b39b', 'GOHL441MCMAKB67', 'GOHL441MCMT1', 'Lucía', 'González Hernández', 'ljxchyugegl@gmail.com', 'umfxxlshh', TRUE, 70829, '733.C', 'Calle de los Cedros', 'Colonia Reforma', 3, TRUE, '9ff07d9f-a0ac-4c7c-807f-1e61ebafe168', 'fadcf884-6292-4f67-8a7a-58b107b0a29c');
INSERT INTO user(userID, curp, rfc, birthName, surname, mail, passwd, passwdFlag, zipCode, houseNumber, streetName, colony, workModality, workStatus, userRoleIDFK, countryUserIDFK) VALUES('6d454fb2-4120-4ad8-b6dd-7a472b5a6f0d', 'TOFJ0226MQRBRA64', 'TOFJ0226MQJ1', 'Juan', 'Torres Fernández', 'onmdqfmc@yahoo.com', 'sijqgjnko', FALSE, 63847, '658.A', 'Calle Juárez', 'Colonia La Pradera', 1, TRUE, '7cda2721-a553-4b0d-9821-55f938c91f91', '95e21ff0-575b-44ed-add1-bc485d1d42da');
INSERT INTO user(userID, curp, rfc, birthName, surname, mail, passwd, passwdFlag, zipCode, houseNumber, streetName, colony, workModality, workStatus, userRoleIDFK, countryUserIDFK) VALUES('f4e7651d-fce8-4f7f-b908-c68f8b93c91c', 'JITI192MVZQGQ67', 'JITI192MVZX2', 'Isabel', 'Jiménez Torres', 'rxokfimbvktt@yahoo.com', 'apfhdnfvn', FALSE, 61304, '377.C', 'Avenida de la Solidaridad', 'Colonia Jardines de Querétaro', 3, FALSE, '59d6d1eb-00b0-4f4c-9c14-93a1a06c9180', '8908892e-5b75-4c73-9691-6dcf5b8c60fa');
INSERT INTO user(userID, curp, rfc, birthName, surname, mail, passwd, passwdFlag, zipCode, houseNumber, streetName, colony, workModality, workStatus, userRoleIDFK, countryUserIDFK) VALUES('eaa7bd09-b724-445a-957c-4bde521224db', 'HETJ1619HSRUXA34', 'HETJ1619HSM3', 'José', 'Hernández Torres', 'ofgobgkao@outlook.com', 'oitwxkuwibn', TRUE, 13360, '446.A', 'Calle de la Amistad', 'Colonia Jardines de Querétaro', 2, FALSE, '59d6d1eb-00b0-4f4c-9c14-93a1a06c9180', '8908892e-5b75-4c73-9691-6dcf5b8c60fa');
INSERT INTO user(userID, curp, rfc, birthName, surname, mail, passwd, passwdFlag, zipCode, houseNumber, streetName, colony, workModality, workStatus, userRoleIDFK, countryUserIDFK) VALUES('c2d40884-4c95-499b-8605-d2751b77f5f9', 'HEMF3222MNLXGJ82', 'HEMF3222MNU8', 'Francisco', 'Hernández Moreno', 'efosjtsim@gmail.com', 'ebkpmghghprsd', FALSE, 67929, '778.B', 'Avenida de la Libertad', 'Colonia del Sol', 1, FALSE, '7cda2721-a553-4b0d-9821-55f938c91f91', '8908892e-5b75-4c73-9691-6dcf5b8c60fa');
INSERT INTO user(userID, curp, rfc, birthName, surname, mail, passwd, passwdFlag, zipCode, houseNumber, streetName, colony, workModality, workStatus, userRoleIDFK, countryUserIDFK) VALUES('e22eff57-e308-4213-bd85-fe16a4707e30', 'JIRP245MNTOBG26', 'JIRP245MNTR6', 'Pedro', 'Jiménez Rodríguez', 'xykulmxeurvx@gmail.com', 'ewoxxwlq', FALSE, 91701, '13.A', 'Avenida Madero', 'Colonia Centro', 0, FALSE, '7cda2721-a553-4b0d-9821-55f938c91f91', '8908892e-5b75-4c73-9691-6dcf5b8c60fa');
INSERT INTO user(userID, curp, rfc, birthName, surname, mail, passwd, passwdFlag, zipCode, houseNumber, streetName, colony, workModality, workStatus, userRoleIDFK, countryUserIDFK) VALUES('40520c44-8437-4ffd-844b-66524cc77952', 'RUML192HCMLJQ41', 'RUML192HCMU8', 'Lucía', 'Ruiz Moreno', 'vhknmbhgweuvm@outlook.com', 'qsdishwdxisl', TRUE, 58999, '736.A', 'Avenida de los Insurgentes', 'Colonia Morelos', 1, TRUE, '7cda2721-a553-4b0d-9821-55f938c91f91', '8908892e-5b75-4c73-9691-6dcf5b8c60fa');
INSERT INTO user(userID, curp, rfc, birthName, surname, mail, passwd, passwdFlag, zipCode, houseNumber, streetName, colony, workModality, workStatus, userRoleIDFK, countryUserIDFK) VALUES('08ce7a4c-bbbf-44a6-a5f4-fe7a2b587e28', 'MAHR0810HCHLCD49', 'MAHR0810HCX1', 'Raquel', 'Martínez Hernández', 'aigofteykw@outlook.com', 'yyskclydydi', TRUE, 54196, '430.B', 'Avenida de la Solidaridad', 'Colonia Reforma', 0, FALSE, '59d6d1eb-00b0-4f4c-9c14-93a1a06c9180', '8908892e-5b75-4c73-9691-6dcf5b8c60fa');
INSERT INTO user(userID, curp, rfc, birthName, surname, mail, passwd, passwdFlag, zipCode, houseNumber, streetName, colony, workModality, workStatus, userRoleIDFK, countryUserIDFK) VALUES('c1e05561-bfff-4b37-a06a-07efc37f217e', 'MAGB3525HQTAPY97', 'MAGB3525HQO7', 'Beatriz', 'Martínez González', 'dlodlcirisdas@nuclea.solutions', 'dflwtknn', TRUE, 71040, '739.A', 'Calle Juárez', 'Colonia Santa Rosa', 2, FALSE, '59d6d1eb-00b0-4f4c-9c14-93a1a06c9180', '8908892e-5b75-4c73-9691-6dcf5b8c60fa');
INSERT INTO user(userID, curp, rfc, birthName, surname, mail, passwd, passwdFlag, zipCode, houseNumber, streetName, colony, workModality, workStatus, userRoleIDFK, countryUserIDFK) VALUES('8cd74984-45f4-4cd4-9c5a-9e17fe744b8c', 'MOMP3119HCSKLE86', 'MOMP3119HCA0', 'Pedro', 'Moreno Moreno', 'heqhqwou@gmail.com', 'vgqiepanrarcs', FALSE, 66840, '693.C', 'Calle Benito Juárez', 'Colonia Reforma', 3, TRUE, '59d6d1eb-00b0-4f4c-9c14-93a1a06c9180', '7ddd9a1d-8a86-4a4a-85b8-abf0678c58f1');
INSERT INTO user(userID, curp, rfc, birthName, surname, mail, passwd, passwdFlag, zipCode, houseNumber, streetName, colony, workModality, workStatus, userRoleIDFK, countryUserIDFK) VALUES('788e05e9-ccbd-42fc-b55e-aed2167b68fa', 'ROHA381MTLULU44', 'ROHA381MTLB4', 'Adrián', 'Rodríguez Hernández', 'jumbsjev@nuclea.solutions', 'bbsxyieqwyc', FALSE, 68312, '573.A', 'Avenida Universidad', 'Colonia El Campanario', 1, FALSE, '7cda2721-a553-4b0d-9821-55f938c91f91', 'fadcf884-6292-4f67-8a7a-58b107b0a29c');
INSERT INTO user(userID, curp, rfc, birthName, surname, mail, passwd, passwdFlag, zipCode, houseNumber, streetName, colony, workModality, workStatus, userRoleIDFK, countryUserIDFK) VALUES('d18d610d-7045-47a9-a45c-f82909f9ae05', 'FERA242MNTVEM45', 'FERA242MNTL9', 'Adrián', 'Fernández Ruiz', 'pxvndkqwkbch@gmail.com', 'pikgxhydpwjcw', FALSE, 54457, '508.C', 'Avenida de la Solidaridad', 'Colonia La Pradera', 3, TRUE, '9ff07d9f-a0ac-4c7c-807f-1e61ebafe168', 'fadcf884-6292-4f67-8a7a-58b107b0a29c');
INSERT INTO user(userID, curp, rfc, birthName, surname, mail, passwd, passwdFlag, zipCode, houseNumber, streetName, colony, workModality, workStatus, userRoleIDFK, countryUserIDFK) VALUES('f98f0b72-8139-457c-a067-7cc2f0b6adfd', 'TOMR3613MMSHNC48', 'TOMR3613MMI3', 'Roberto', 'Torres Martínez', 'fsandnryetx@gmail.com', 'flcrlfcy', TRUE, 73741, '438.B', 'Calle de los Pinos', 'Colonia La Pradera', 1, TRUE, '9ff07d9f-a0ac-4c7c-807f-1e61ebafe168', '95e21ff0-575b-44ed-add1-bc485d1d42da');
INSERT INTO user(userID, curp, rfc, birthName, surname, mail, passwd, passwdFlag, zipCode, houseNumber, streetName, colony, workModality, workStatus, userRoleIDFK, countryUserIDFK) VALUES('1c099900-1001-45ce-97a6-15a4863e6317', 'FEJS249MDGPOH98', 'FEJS249MDGK3', 'Susana', 'Fernández Jiménez', 'hheggci@gmail.com', 'ptoctls', TRUE, 23255, '174.B', 'Calle de los Abetos', 'Colonia Reforma', 0, TRUE, '7cda2721-a553-4b0d-9821-55f938c91f91', '8908892e-5b75-4c73-9691-6dcf5b8c60fa');
INSERT INTO user(userID, curp, rfc, birthName, surname, mail, passwd, passwdFlag, zipCode, houseNumber, streetName, colony, workModality, workStatus, userRoleIDFK, countryUserIDFK) VALUES('8a8e776f-45a5-4360-a964-b9b6292fa725', 'MOJF407MPLKAL67', 'MOJF407MPLV9', 'Fernando', 'Moreno Jiménez', 'nlianvylgnje@gmail.com', 'rfgvdibf', TRUE, 95783, '100.C', 'Avenida Madero', 'Colonia Centro', 0, FALSE, '59d6d1eb-00b0-4f4c-9c14-93a1a06c9180', '95e21ff0-575b-44ed-add1-bc485d1d42da');
INSERT INTO user(userID, curp, rfc, birthName, surname, mail, passwd, passwdFlag, zipCode, houseNumber, streetName, colony, workModality, workStatus, userRoleIDFK, countryUserIDFK) VALUES('1c80a1ef-9853-4853-a072-8deb050e7947', 'RUGB4614HTLNGO30', 'RUGB4614HTO4', 'Beatriz', 'Ruiz González', 'vuqiognoeft@outlook.com', 'kovdlqi', FALSE, 83433, '555.B', 'Avenida de la Constitución', 'Colonia San José', 1, FALSE, '7cda2721-a553-4b0d-9821-55f938c91f91', '7ddd9a1d-8a86-4a4a-85b8-abf0678c58f1');
INSERT INTO user(userID, curp, rfc, birthName, surname, mail, passwd, passwdFlag, zipCode, houseNumber, streetName, colony, workModality, workStatus, userRoleIDFK, countryUserIDFK) VALUES('f0d00b0f-d656-4c56-a8f8-5d8279f8333b', 'GOHI1721MBSQMP41', 'GOHI1721MBL5', 'Isabel', 'González Hernández', 'fhbwqfsxnv@outlook.com', 'thsgtpdxt', TRUE, 57178, '939.A', 'Calle de los Pinos', 'Colonia San José', 1, TRUE, '7cda2721-a553-4b0d-9821-55f938c91f91', '95e21ff0-575b-44ed-add1-bc485d1d42da');
INSERT INTO user(userID, curp, rfc, birthName, surname, mail, passwd, passwdFlag, zipCode, houseNumber, streetName, colony, workModality, workStatus, userRoleIDFK, countryUserIDFK) VALUES('7e84b170-77be-4c7b-aca1-0a4df8445dc3', 'JITA1412HMNBTG11', 'JITA1412HMH0', 'Alberto', 'Jiménez Torres', 'mjxbqsardw@outlook.com', 'rfvqnyjaubdq', FALSE, 15226, '952.C', 'Calle de la Merced', 'Colonia Valle Verde', 1, TRUE, '7cda2721-a553-4b0d-9821-55f938c91f91', '8908892e-5b75-4c73-9691-6dcf5b8c60fa');
INSERT INTO user(userID, curp, rfc, birthName, surname, mail, passwd, passwdFlag, zipCode, houseNumber, streetName, colony, workModality, workStatus, userRoleIDFK, countryUserIDFK) VALUES('fbb168bd-ef04-4846-aa5b-a1e6796f7e1f', 'TOJP4814MSLHMT55', 'TOJP4814MSV7', 'Patricia', 'Torres Jiménez', 'qyqsmyasvcjem@gmail.com', 'qldepnsmrkbc', TRUE, 54367, '756.C', 'Calle de la Esperanza', 'Colonia El Mirador', 2, FALSE, '9ff07d9f-a0ac-4c7c-807f-1e61ebafe168', 'fadcf884-6292-4f67-8a7a-58b107b0a29c');
INSERT INTO user(userID, curp, rfc, birthName, surname, mail, passwd, passwdFlag, zipCode, houseNumber, streetName, colony, workModality, workStatus, userRoleIDFK, countryUserIDFK) VALUES('3d2028f3-f338-4235-8770-9f46908472b9', 'ROMD3923MBCTCM82', 'ROMD3923MBE0', 'David', 'Rodríguez Moreno', 'kldoxwbqdj@nuclea.solutions', 'eeymwrw', FALSE, 14690, '574.C', 'Calle de la Estación', 'Colonia San Francisco', 2, FALSE, '9ff07d9f-a0ac-4c7c-807f-1e61ebafe168', '95e21ff0-575b-44ed-add1-bc485d1d42da');
INSERT INTO user(userID, curp, rfc, birthName, surname, mail, passwd, passwdFlag, zipCode, houseNumber, streetName, colony, workModality, workStatus, userRoleIDFK, countryUserIDFK) VALUES('1a2c07d0-f1c4-4b47-8639-56ddc889fa33', 'GOTP3524MASWRI61', 'GOTP3524MAO4', 'Pedro', 'González Torres', 'uecygld@outlook.com', 'pjbmfggw', TRUE, 13582, '564.A', 'Calle de los Cedros', 'Colonia Emiliano Zapata', 1, TRUE, '9ff07d9f-a0ac-4c7c-807f-1e61ebafe168', '95e21ff0-575b-44ed-add1-bc485d1d42da');
INSERT INTO user(userID, curp, rfc, birthName, surname, mail, passwd, passwdFlag, zipCode, houseNumber, streetName, colony, workModality, workStatus, userRoleIDFK, countryUserIDFK) VALUES('b51a434f-9fce-4a48-b03b-ff0dcd38c61f', 'HEMF41017HDGCVG83', 'HEMF41017HO9', 'Fernando', 'Hernández Martínez', 'pgpdojpe@nuclea.solutions', 'nobhdrcavaho', TRUE, 39764, '292.B', 'Avenida Constituyentes', 'Colonia Santa Fe', 0, FALSE, '7cda2721-a553-4b0d-9821-55f938c91f91', '95e21ff0-575b-44ed-add1-bc485d1d42da');
INSERT INTO user(userID, curp, rfc, birthName, surname, mail, passwd, passwdFlag, zipCode, houseNumber, streetName, colony, workModality, workStatus, userRoleIDFK, countryUserIDFK) VALUES('cb6acfbb-aa84-4cde-93b0-d1e6b3e25b84', 'MATF1816MSLTRM61', 'MATF1816MSA9', 'Fernando', 'Martínez Torres', 'kgivqwknghsu@yahoo.com', 'anvjdwkyqo', FALSE, 72805, '496.A', 'Calle de la Santa Cruz', 'Colonia Reforma', 0, FALSE, '59d6d1eb-00b0-4f4c-9c14-93a1a06c9180', '8908892e-5b75-4c73-9691-6dcf5b8c60fa');
INSERT INTO user(userID, curp, rfc, birthName, surname, mail, passwd, passwdFlag, zipCode, houseNumber, streetName, colony, workModality, workStatus, userRoleIDFK, countryUserIDFK) VALUES('2f364327-4740-42b9-a235-7733f4deb641', 'TOFB233HTLILE54', 'TOFB233HTLV5', 'Beatriz', 'Torres Fernández', 'wqwrbbtvvrf@nuclea.solutions', 'yjhirmkyddpcl', FALSE, 54947, '266.A', 'Avenida Universidad', 'Colonia Reforma', 2, TRUE, '9ff07d9f-a0ac-4c7c-807f-1e61ebafe168', '8908892e-5b75-4c73-9691-6dcf5b8c60fa');
INSERT INTO user(userID, curp, rfc, birthName, surname, mail, passwd, passwdFlag, zipCode, houseNumber, streetName, colony, workModality, workStatus, userRoleIDFK, countryUserIDFK) VALUES('8ea9d107-9375-40d9-b0a3-b1715e8642ad', 'HEGL1121HNTTII58', 'HEGL1121HNE3', 'Laura', 'Hernández González', 'laryufqlwxp@outlook.com', 'qqxyxjdd', TRUE, 85076, '440.A', 'Calle de los Cedros', 'Colonia Centro', 2, FALSE, '7cda2721-a553-4b0d-9821-55f938c91f91', '7ddd9a1d-8a86-4a4a-85b8-abf0678c58f1');
INSERT INTO user(userID, curp, rfc, birthName, surname, mail, passwd, passwdFlag, zipCode, houseNumber, streetName, colony, workModality, workStatus, userRoleIDFK, countryUserIDFK) VALUES('ea4fdc0b-5bef-4985-8e28-441ad0ed19d2', 'TORJ149HZSXOS97', 'TORJ149HZSY1', 'José', 'Torres Ruiz', 'qkkepusm@outlook.com', 'yfbplkcwmbikq', FALSE, 86432, '997.C', 'Calle de la Santa Cruz', 'Colonia Santa Fe', 0, TRUE, '9ff07d9f-a0ac-4c7c-807f-1e61ebafe168', 'fadcf884-6292-4f67-8a7a-58b107b0a29c');
INSERT INTO user(userID, curp, rfc, birthName, surname, mail, passwd, passwdFlag, zipCode, houseNumber, streetName, colony, workModality, workStatus, userRoleIDFK, countryUserIDFK) VALUES('10e6ecec-b12b-47c9-9347-3a8b39776544', 'TOJE4817MSRKJV96', 'TOJE4817MSD1', 'Enrique', 'Torres Jiménez', 'psmcgbfdqevqm@yahoo.com', 'uchnxgbcnsxrd', FALSE, 81368, '693.A', 'Calle de los Naranjos', 'Colonia El Mirador', 3, TRUE, '9ff07d9f-a0ac-4c7c-807f-1e61ebafe168', '95e21ff0-575b-44ed-add1-bc485d1d42da');
INSERT INTO user(userID, curp, rfc, birthName, surname, mail, passwd, passwdFlag, zipCode, houseNumber, streetName, colony, workModality, workStatus, userRoleIDFK, countryUserIDFK) VALUES('23a42940-d0ba-413f-814d-645c5e72b74f', 'JIMM4925HHGFAP70', 'JIMM4925HHO8', 'Mercedes', 'Jiménez Martínez', 'breqcuuvlbw@yahoo.com', 'eclayrc', TRUE, 84065, '577.B', 'Calle Guerrero', 'Colonia El Campanario', 2, TRUE, '9ff07d9f-a0ac-4c7c-807f-1e61ebafe168', 'fadcf884-6292-4f67-8a7a-58b107b0a29c');
INSERT INTO user(userID, curp, rfc, birthName, surname, mail, passwd, passwdFlag, zipCode, houseNumber, streetName, colony, workModality, workStatus, userRoleIDFK, countryUserIDFK) VALUES('243abe6f-2ba6-429c-97c7-21991d4e5e03', 'FEGI4416MCMXAP72', 'FEGI4416MCX1', 'Isabel', 'Fernández González', 'mphcpnohbexhw@yahoo.com', 'hrfixyfagfa', FALSE, 70998, '689.C', 'Calle Hidalgo', 'Colonia El Mirador', 0, TRUE, '59d6d1eb-00b0-4f4c-9c14-93a1a06c9180', '8908892e-5b75-4c73-9691-6dcf5b8c60fa');
INSERT INTO user(userID, curp, rfc, birthName, surname, mail, passwd, passwdFlag, zipCode, houseNumber, streetName, colony, workModality, workStatus, userRoleIDFK, countryUserIDFK) VALUES('3690bcdb-413e-4d41-9f63-858bcc10e9e9', 'RURF483HMSFIT18', 'RURF483HMSR4', 'Francisco', 'Ruiz Rodríguez', 'frvywctmp@outlook.com', 'ynijbnwfldr', FALSE, 31601, '958.C', 'Avenida de los Insurgentes', 'Colonia La Pradera', 2, FALSE, '59d6d1eb-00b0-4f4c-9c14-93a1a06c9180', 'fadcf884-6292-4f67-8a7a-58b107b0a29c');
INSERT INTO user(userID, curp, rfc, birthName, surname, mail, passwd, passwdFlag, zipCode, houseNumber, streetName, colony, workModality, workStatus, userRoleIDFK, countryUserIDFK) VALUES('b1048572-264c-435e-949d-6045926f332e', 'FEMJ040MTLKPJ18', 'FEMJ040MTLL3', 'José', 'Fernández Martínez', 'oppawdfrshtsj@nuclea.solutions', 'wbdeciewo', TRUE, 79550, '111.B', 'Calle de la Santa Cruz', 'Colonia Los Ángeles', 3, TRUE, '59d6d1eb-00b0-4f4c-9c14-93a1a06c9180', '95e21ff0-575b-44ed-add1-bc485d1d42da');
INSERT INTO user(userID, curp, rfc, birthName, surname, mail, passwd, passwdFlag, zipCode, houseNumber, streetName, colony, workModality, workStatus, userRoleIDFK, countryUserIDFK) VALUES('f14fb82c-d422-49c8-bff4-533dbbb6de21', 'GOHJ334MMCSSC22', 'GOHJ334MMCY6', 'José', 'González Hernández', 'bfndncxnb@nuclea.solutions', 'dmbtjfmekms', TRUE, 57253, '450.C', 'Avenida Constituyentes', 'Colonia Valle Verde', 0, TRUE, '59d6d1eb-00b0-4f4c-9c14-93a1a06c9180', '95e21ff0-575b-44ed-add1-bc485d1d42da');
INSERT INTO user(userID, curp, rfc, birthName, surname, mail, passwd, passwdFlag, zipCode, houseNumber, streetName, colony, workModality, workStatus, userRoleIDFK, countryUserIDFK) VALUES('d9297875-c893-4342-a1fc-5487d24e4877', 'ROTR3518HYNWEP22', 'ROTR3518HYS6', 'Raquel', 'Rodríguez Torres', 'iwecankqlb@nuclea.solutions', 'dbhxbfhe', FALSE, 14989, '97.B', 'Calle de la Luna', 'Colonia El Laurel', 0, FALSE, '59d6d1eb-00b0-4f4c-9c14-93a1a06c9180', 'fadcf884-6292-4f67-8a7a-58b107b0a29c');
INSERT INTO user(userID, curp, rfc, birthName, surname, mail, passwd, passwdFlag, zipCode, houseNumber, streetName, colony, workModality, workStatus, userRoleIDFK, countryUserIDFK) VALUES('896c0808-6001-441d-b22c-a0a85d235dc6', 'MOHP0229HPLIIQ37', 'MOHP0229HPF2', 'Pedro', 'Moreno Hernández', 'eeeafdkpdvkcs@yahoo.com', 'dmkhhhqddnkqy', FALSE, 99407, '879.C', 'Avenida Madero', 'Colonia Reforma', 0, FALSE, '7cda2721-a553-4b0d-9821-55f938c91f91', 'fadcf884-6292-4f67-8a7a-58b107b0a29c');
INSERT INTO user(userID, curp, rfc, birthName, surname, mail, passwd, passwdFlag, zipCode, houseNumber, streetName, colony, workModality, workStatus, userRoleIDFK, countryUserIDFK) VALUES('8a3e8319-c9f7-4d36-9652-f6babcc27e0a', 'FEFM4027HVZWTU16', 'FEFM4027HVM6', 'María', 'Fernández Fernández', 'optjtoiym@nuclea.solutions', 'rrvmvnqnjtr', FALSE, 67723, '602.B', 'Calle de la Amistad', 'Colonia Emiliano Zapata', 2, FALSE, '59d6d1eb-00b0-4f4c-9c14-93a1a06c9180', '7ddd9a1d-8a86-4a4a-85b8-abf0678c58f1');
INSERT INTO user(userID, curp, rfc, birthName, surname, mail, passwd, passwdFlag, zipCode, houseNumber, streetName, colony, workModality, workStatus, userRoleIDFK, countryUserIDFK) VALUES('9374a86b-3bbb-410b-8bd2-3892b647d3d1', 'RUMC125MNTPBG12', 'RUMC125MNTI8', 'Carlos', 'Ruiz Moreno', 'rbositiktodn@outlook.com', 'cdejfmgd', TRUE, 41958, '149.C', 'Avenida Revolución', 'Colonia Valle Verde', 2, FALSE, '59d6d1eb-00b0-4f4c-9c14-93a1a06c9180', 'fadcf884-6292-4f67-8a7a-58b107b0a29c');
INSERT INTO user(userID, curp, rfc, birthName, surname, mail, passwd, passwdFlag, zipCode, houseNumber, streetName, colony, workModality, workStatus, userRoleIDFK, countryUserIDFK) VALUES('00796457-6e8c-48c5-a744-b5f38ca5896d', 'TORM0124HMCYUY31', 'TORM0124HMB9', 'María', 'Torres Rodríguez', 'svvbpntxkqgn@yahoo.com', 'tmhyxtot', FALSE, 55333, '622.A', 'Avenida Revolución', 'Colonia Morelos', 0, TRUE, '9ff07d9f-a0ac-4c7c-807f-1e61ebafe168', 'fadcf884-6292-4f67-8a7a-58b107b0a29c');
INSERT INTO user(userID, curp, rfc, birthName, surname, mail, passwd, passwdFlag, zipCode, houseNumber, streetName, colony, workModality, workStatus, userRoleIDFK, countryUserIDFK) VALUES('9b07f0fa-a388-409d-a6aa-85177dfc7742', 'ROMA378MSRYPK30', 'ROMA378MSRT5', 'Alberto', 'Rodríguez Martínez', 'caprusye@outlook.com', 'cglrfetugjf', FALSE, 33128, '813.C', 'Calle Juárez', 'Colonia Lomas de Querétaro', 1, TRUE, '7cda2721-a553-4b0d-9821-55f938c91f91', 'fadcf884-6292-4f67-8a7a-58b107b0a29c');
INSERT INTO user(userID, curp, rfc, birthName, surname, mail, passwd, passwdFlag, zipCode, houseNumber, streetName, colony, workModality, workStatus, userRoleIDFK, countryUserIDFK) VALUES('3f112156-de75-40ca-9d52-d57b41f3d764', 'RUMJ337HNTUTK85', 'RUMJ337HNTX8', 'Juan', 'Ruiz Martínez', 'akctckyaixa@yahoo.com', 'btntdjjiffs', FALSE, 78859, '132.A', 'Calle de la Amistad', 'Colonia Lomas de Querétaro', 2, TRUE, '9ff07d9f-a0ac-4c7c-807f-1e61ebafe168', '95e21ff0-575b-44ed-add1-bc485d1d42da');
INSERT INTO user(userID, curp, rfc, birthName, surname, mail, passwd, passwdFlag, zipCode, houseNumber, streetName, colony, workModality, workStatus, userRoleIDFK, countryUserIDFK) VALUES('69d97e60-1958-4957-8e5f-4d9559b24aad', 'MATA31112HNLVVG58', 'MATA31112HU2', 'Ana', 'Martínez Torres', 'yhvodqyirgoo@outlook.com', 'ibtwiupcskfqg', FALSE, 65131, '118.B', 'Avenida Universidad', 'Colonia Lomas de Querétaro', 1, TRUE, '59d6d1eb-00b0-4f4c-9c14-93a1a06c9180', '8908892e-5b75-4c73-9691-6dcf5b8c60fa');
INSERT INTO user(userID, curp, rfc, birthName, surname, mail, passwd, passwdFlag, zipCode, houseNumber, streetName, colony, workModality, workStatus, userRoleIDFK, countryUserIDFK) VALUES('616c8af9-6873-4a16-a689-024792fe400e', 'JIGS4213HNTEIM94', 'JIGS4213HNH4', 'Susana', 'Jiménez González', 'mxkkesw@gmail.com', 'biijpisee', FALSE, 16035, '574.A', 'Calle de los Pinos', 'Colonia Morelos', 0, TRUE, '9ff07d9f-a0ac-4c7c-807f-1e61ebafe168', '95e21ff0-575b-44ed-add1-bc485d1d42da');
INSERT INTO user(userID, curp, rfc, birthName, surname, mail, passwd, passwdFlag, zipCode, houseNumber, streetName, colony, workModality, workStatus, userRoleIDFK, countryUserIDFK) VALUES('678d9362-545b-4c5b-b2f1-5f1e4423b8bf', 'ROJA2117HCHLIK44', 'ROJA2117HCD8', 'Ana', 'Rodríguez Jiménez', 'wsmrirgpm@outlook.com', 'pokkbwqxjj', FALSE, 75624, '304.C', 'Calle Juárez', 'Colonia San José', 1, TRUE, '7cda2721-a553-4b0d-9821-55f938c91f91', '7ddd9a1d-8a86-4a4a-85b8-abf0678c58f1');
INSERT INTO user(userID, curp, rfc, birthName, surname, mail, passwd, passwdFlag, zipCode, houseNumber, streetName, colony, workModality, workStatus, userRoleIDFK, countryUserIDFK) VALUES('1ad858be-b08b-4641-bc20-d7e88c64f3d7', 'ROJE2617MTLPDQ46', 'ROJE2617MTG1', 'Elena', 'Rodríguez Jiménez', 'ptpgqldrmg@nuclea.solutions', 'fmumxrvfeuh', FALSE, 88084, '340.B', 'Avenida Constituyentes', 'Colonia La Pradera', 3, FALSE, '59d6d1eb-00b0-4f4c-9c14-93a1a06c9180', '7ddd9a1d-8a86-4a4a-85b8-abf0678c58f1');
INSERT INTO user(userID, curp, rfc, birthName, surname, mail, passwd, passwdFlag, zipCode, houseNumber, streetName, colony, workModality, workStatus, userRoleIDFK, countryUserIDFK) VALUES('19df4a90-2766-4846-aa4c-c9624804e3d0', 'RURJ2228MCSYJF88', 'RURJ2228MCT2', 'José', 'Ruiz Rodríguez', 'rkyqvead@yahoo.com', 'wsofjjd', TRUE, 53076, '96.A', 'Calle de la Corregidora', 'Colonia Reforma', 0, TRUE, '7cda2721-a553-4b0d-9821-55f938c91f91', 'fadcf884-6292-4f67-8a7a-58b107b0a29c');
INSERT INTO user(userID, curp, rfc, birthName, surname, mail, passwd, passwdFlag, zipCode, houseNumber, streetName, colony, workModality, workStatus, userRoleIDFK, countryUserIDFK) VALUES('9bf4631c-f0fc-49a7-beea-0de9a74a9579', 'GOFS31116HCSUQJ61', 'GOFS31116HD6', 'Susana', 'González Fernández', 'gdckhbmnofs@nuclea.solutions', 'rrathlotelkpd', TRUE, 83182, '138.C', 'Calle Juárez', 'Colonia Santa Fe', 3, FALSE, '7cda2721-a553-4b0d-9821-55f938c91f91', '8908892e-5b75-4c73-9691-6dcf5b8c60fa');
INSERT INTO user(userID, curp, rfc, birthName, surname, mail, passwd, passwdFlag, zipCode, houseNumber, streetName, colony, workModality, workStatus, userRoleIDFK, countryUserIDFK) VALUES('5d0d209a-d6ab-4018-99b0-827eb26bfc7d', 'GOJI3917MNTMJK78', 'GOJI3917MNB0', 'Isabel', 'González Jiménez', 'cppqgearkc@gmail.com', 'hetbeeis', FALSE, 33126, '81.A', 'Calle de la Esperanza', 'Colonia Nuevo Milenio', 3, FALSE, '9ff07d9f-a0ac-4c7c-807f-1e61ebafe168', '7ddd9a1d-8a86-4a4a-85b8-abf0678c58f1');
INSERT INTO user(userID, curp, rfc, birthName, surname, mail, passwd, passwdFlag, zipCode, houseNumber, streetName, colony, workModality, workStatus, userRoleIDFK, countryUserIDFK) VALUES('2d4ce415-c52d-40cb-bf61-d416e231bfbe', 'HETR449HQTUCG95', 'HETR449HQTX7', 'Raquel', 'Hernández Torres', 'tpnaheya@outlook.com', 'wbiwdryyod', FALSE, 87787, '904.B', 'Calle de los Cedros', 'Colonia El Cerrito', 1, FALSE, '9ff07d9f-a0ac-4c7c-807f-1e61ebafe168', '7ddd9a1d-8a86-4a4a-85b8-abf0678c58f1');
INSERT INTO user(userID, curp, rfc, birthName, surname, mail, passwd, passwdFlag, zipCode, houseNumber, streetName, colony, workModality, workStatus, userRoleIDFK, countryUserIDFK) VALUES('734113e9-a63d-4815-a107-78d43da1d57c', 'HEJL2911MQRNRS47', 'HEJL2911MQS8', 'Lucía', 'Hernández Jiménez', 'oqphpkuhmlrx@nuclea.solutions', 'efwockgea', TRUE, 71862, '126.A', 'Calle de la Corregidora', 'Colonia Jardines de Querétaro', 2, FALSE, '59d6d1eb-00b0-4f4c-9c14-93a1a06c9180', '8908892e-5b75-4c73-9691-6dcf5b8c60fa');
INSERT INTO user(userID, curp, rfc, birthName, surname, mail, passwd, passwdFlag, zipCode, houseNumber, streetName, colony, workModality, workStatus, userRoleIDFK, countryUserIDFK) VALUES('8688394f-fe6f-487c-9df6-386c096f1bda', 'GOTP4426MOCDCY66', 'GOTP4426MOC6', 'Pedro', 'González Torres', 'xtiafocfm@outlook.com', 'qbgdush', TRUE, 37054, '687.A', 'Calle de los Cedros', 'Colonia Santa Fe', 0, FALSE, '9ff07d9f-a0ac-4c7c-807f-1e61ebafe168', '95e21ff0-575b-44ed-add1-bc485d1d42da');
INSERT INTO user(userID, curp, rfc, birthName, surname, mail, passwd, passwdFlag, zipCode, houseNumber, streetName, colony, workModality, workStatus, userRoleIDFK, countryUserIDFK) VALUES('fbe23ae6-eb21-4710-b7fb-b5f0f53f0e5a', 'FERE1117HGTQJM60', 'FERE1117HGY6', 'Enrique', 'Fernández Rodríguez', 'roopxagfvniyr@nuclea.solutions', 'ibrmhtb', TRUE, 91848, '469.A', 'Avenida de la Solidaridad', 'Colonia Lomas de Querétaro', 0, TRUE, '7cda2721-a553-4b0d-9821-55f938c91f91', 'fadcf884-6292-4f67-8a7a-58b107b0a29c');
INSERT INTO user(userID, curp, rfc, birthName, surname, mail, passwd, passwdFlag, zipCode, houseNumber, streetName, colony, workModality, workStatus, userRoleIDFK, countryUserIDFK) VALUES('f06a33db-1f0d-45e2-817c-74d9edbd0cdb', 'TOFR078MSLRHH53', 'TOFR078MSLJ1', 'Rafael', 'Torres Fernández', 'bpoijicjcg@gmail.com', 'uvjmoygqu', FALSE, 70490, '60.B', 'Calle de la Estación', 'Colonia El Laurel', 2, FALSE, '9ff07d9f-a0ac-4c7c-807f-1e61ebafe168', '7ddd9a1d-8a86-4a4a-85b8-abf0678c58f1');
INSERT INTO user(userID, curp, rfc, birthName, surname, mail, passwd, passwdFlag, zipCode, houseNumber, streetName, colony, workModality, workStatus, userRoleIDFK, countryUserIDFK) VALUES('00f46195-fd5a-477a-ada7-b40d8109296a', 'MAJJ2101HCMSHP49', 'MAJJ2101HCL6', 'José', 'Martínez Jiménez', 'bahctcmlhc@nuclea.solutions', 'elrprie', TRUE, 19565, '620.C', 'Calle de la Santa Cruz', 'Colonia Emiliano Zapata', 0, FALSE, '59d6d1eb-00b0-4f4c-9c14-93a1a06c9180', '8908892e-5b75-4c73-9691-6dcf5b8c60fa');
INSERT INTO user(userID, curp, rfc, birthName, surname, mail, passwd, passwdFlag, zipCode, houseNumber, streetName, colony, workModality, workStatus, userRoleIDFK, countryUserIDFK) VALUES('3c4665fb-60e1-412e-aa49-051d9a578bf1', 'TOMA0026HPLCMC72', 'TOMA0026HPR4', 'Alberto', 'Torres Martínez', 'dxdfkguf@nuclea.solutions', 'pgalqshi', TRUE, 94713, '53.B', 'Calle del Carmen', 'Colonia San Francisco', 3, FALSE, '7cda2721-a553-4b0d-9821-55f938c91f91', '8908892e-5b75-4c73-9691-6dcf5b8c60fa');
INSERT INTO user(userID, curp, rfc, birthName, surname, mail, passwd, passwdFlag, zipCode, houseNumber, streetName, colony, workModality, workStatus, userRoleIDFK, countryUserIDFK) VALUES('80c88fdc-e641-4456-affb-a7fc16fcce89', 'GOTP1527HNTCSC73', 'GOTP1527HNE4', 'Pedro', 'González Torres', 'wujftwjfff@outlook.com', 'rmsvcbjadfca', FALSE, 15414, '153.B', 'Calle de la Santa Cruz', 'Colonia Valle Verde', 2, FALSE, '9ff07d9f-a0ac-4c7c-807f-1e61ebafe168', 'fadcf884-6292-4f67-8a7a-58b107b0a29c');
INSERT INTO user(userID, curp, rfc, birthName, surname, mail, passwd, passwdFlag, zipCode, houseNumber, streetName, colony, workModality, workStatus, userRoleIDFK, countryUserIDFK) VALUES('4bcb29b8-2a2b-41e9-9e78-5baf1aa3f419', 'FETF1527HTLXDI47', 'FETF1527HTG8', 'Fernando', 'Fernández Torres', 'ldrqxtewkmvlw@gmail.com', 'wlsiylg', FALSE, 11967, '527.B', 'Calle del Carmen', 'Colonia Jardines de Querétaro', 2, TRUE, '9ff07d9f-a0ac-4c7c-807f-1e61ebafe168', '7ddd9a1d-8a86-4a4a-85b8-abf0678c58f1');
INSERT INTO user(userID, curp, rfc, birthName, surname, mail, passwd, passwdFlag, zipCode, houseNumber, streetName, colony, workModality, workStatus, userRoleIDFK, countryUserIDFK) VALUES('ee8fc84e-40f3-4894-915b-b5b15d2d7208', 'JIHJ0514MNTBMC38', 'JIHJ0514MNQ3', 'Javier', 'Jiménez Hernández', 'gebsjlouch@gmail.com', 'xujhqskq', FALSE, 94682, '679.A', 'Calle Juárez', 'Colonia Lomas de Querétaro', 1, TRUE, '9ff07d9f-a0ac-4c7c-807f-1e61ebafe168', '7ddd9a1d-8a86-4a4a-85b8-abf0678c58f1');
INSERT INTO user(userID, curp, rfc, birthName, surname, mail, passwd, passwdFlag, zipCode, houseNumber, streetName, colony, workModality, workStatus, userRoleIDFK, countryUserIDFK) VALUES('b9a02999-d8c5-43cd-b72b-f6b37d905a26', 'MOTJ3312MGRXQO69', 'MOTJ3312MGQ8', 'José', 'Moreno Torres', 'yjrmwefifiiq@gmail.com', 'clreibypyi', FALSE, 44534, '385.B', 'Calle de los Cedros', 'Colonia Nuevo Milenio', 0, TRUE, '59d6d1eb-00b0-4f4c-9c14-93a1a06c9180', '95e21ff0-575b-44ed-add1-bc485d1d42da');
INSERT INTO user(userID, curp, rfc, birthName, surname, mail, passwd, passwdFlag, zipCode, houseNumber, streetName, colony, workModality, workStatus, userRoleIDFK, countryUserIDFK) VALUES('f7a000aa-dc4d-472c-862e-2fd6da5510f3', 'HEHL2214HMSBKU59', 'HEHL2214HMO5', 'Lucía', 'Hernández Hernández', 'tgvvfelpcjdo@yahoo.com', 'fmetbwoxbyuu', TRUE, 48875, '517.A', 'Calle de la Virgen', 'Colonia Santa Fe', 2, TRUE, '7cda2721-a553-4b0d-9821-55f938c91f91', '7ddd9a1d-8a86-4a4a-85b8-abf0678c58f1');
INSERT INTO user(userID, curp, rfc, birthName, surname, mail, passwd, passwdFlag, zipCode, houseNumber, streetName, colony, workModality, workStatus, userRoleIDFK, countryUserIDFK) VALUES('4e0fcd6d-f85a-4f20-83a4-0d2e64ad8ddd', 'HEME435HSLCSD37', 'HEME435HSLF8', 'Enrique', 'Hernández Martínez', 'fvyyyrjnwsauw@outlook.com', 'htrcyyb', TRUE, 48408, '135.A', 'Avenida de la Luz', 'Colonia El Laurel', 2, FALSE, '59d6d1eb-00b0-4f4c-9c14-93a1a06c9180', '95e21ff0-575b-44ed-add1-bc485d1d42da');
INSERT INTO user(userID, curp, rfc, birthName, surname, mail, passwd, passwdFlag, zipCode, houseNumber, streetName, colony, workModality, workStatus, userRoleIDFK, countryUserIDFK) VALUES('84621f06-94bf-4515-b506-c4859eb51137', 'RUMD3320MZSFKK73', 'RUMD3320MZR5', 'David', 'Ruiz Moreno', 'bxvxmqfnim@outlook.com', 'bpdiuodqbq', FALSE, 41570, '349.B', 'Avenida de la Juventud', 'Colonia El Campanario', 1, TRUE, '7cda2721-a553-4b0d-9821-55f938c91f91', '95e21ff0-575b-44ed-add1-bc485d1d42da');
INSERT INTO user(userID, curp, rfc, birthName, surname, mail, passwd, passwdFlag, zipCode, houseNumber, streetName, colony, workModality, workStatus, userRoleIDFK, countryUserIDFK) VALUES('f3679177-dfd1-41f6-869b-4396260ba6cf', 'GOME3817MPLYFH43', 'GOME3817MPD6', 'Enrique', 'González Martínez', 'okxtrqnia@outlook.com', 'nvpnihiv', TRUE, 80774, '292.C', 'Calle Vicente Guerrero', 'Colonia El Cerrito', 0, FALSE, '59d6d1eb-00b0-4f4c-9c14-93a1a06c9180', 'fadcf884-6292-4f67-8a7a-58b107b0a29c');
INSERT INTO user(userID, curp, rfc, birthName, surname, mail, passwd, passwdFlag, zipCode, houseNumber, streetName, colony, workModality, workStatus, userRoleIDFK, countryUserIDFK) VALUES('68de333c-6a4a-4082-872b-64888635edce', 'ROHL318HQTOWX34', 'ROHL318HQTR1', 'Lucía', 'Rodríguez Hernández', 'ybdleypbsf@yahoo.com', 'fvvfavqfruc', FALSE, 77172, '84.B', 'Calle Allende', 'Colonia Santa Rosa', 1, TRUE, '9ff07d9f-a0ac-4c7c-807f-1e61ebafe168', 'fadcf884-6292-4f67-8a7a-58b107b0a29c');
INSERT INTO user(userID, curp, rfc, birthName, surname, mail, passwd, passwdFlag, zipCode, houseNumber, streetName, colony, workModality, workStatus, userRoleIDFK, countryUserIDFK) VALUES('1ffb8f32-a81b-4324-af92-5145c3c3f19e', 'MORL4919HYNMYA97', 'MORL4919HYX7', 'Laura', 'Moreno Rodríguez', 'euywxiui@gmail.com', 'kjkakfbsysc', FALSE, 31996, '36.B', 'Avenida Revolución', 'Colonia Nuevo Milenio', 3, FALSE, '59d6d1eb-00b0-4f4c-9c14-93a1a06c9180', 'fadcf884-6292-4f67-8a7a-58b107b0a29c');
INSERT INTO user(userID, curp, rfc, birthName, surname, mail, passwd, passwdFlag, zipCode, houseNumber, streetName, colony, workModality, workStatus, userRoleIDFK, countryUserIDFK) VALUES('d25e2404-1f27-4aa3-9c8d-776b652af64f', 'RUHD01025MBCTMR38', 'RUHD01025MI8', 'David', 'Ruiz Hernández', 'nohcgbnmcr@gmail.com', 'amumjfrlk', TRUE, 95459, '970.C', 'Calle de la Merced', 'Colonia Centro', 0, TRUE, '59d6d1eb-00b0-4f4c-9c14-93a1a06c9180', '8908892e-5b75-4c73-9691-6dcf5b8c60fa');
INSERT INTO user(userID, curp, rfc, birthName, surname, mail, passwd, passwdFlag, zipCode, houseNumber, streetName, colony, workModality, workStatus, userRoleIDFK, countryUserIDFK) VALUES('8313a04a-36aa-406d-ae96-2683ececa8c4', 'JIRA1313HCLCNH36', 'JIRA1313HCK7', 'Adrián', 'Jiménez Rodríguez', 'igoiavgip@nuclea.solutions', 'kwrqqpmy', FALSE, 45206, '957.B', 'Calle de la Estación', 'Colonia Morelos', 0, TRUE, '7cda2721-a553-4b0d-9821-55f938c91f91', '95e21ff0-575b-44ed-add1-bc485d1d42da');
INSERT INTO user(userID, curp, rfc, birthName, surname, mail, passwd, passwdFlag, zipCode, houseNumber, streetName, colony, workModality, workStatus, userRoleIDFK, countryUserIDFK) VALUES('0632f95d-dcbc-4b0a-ab44-e0de32f6c73f', 'MOTA4812HPLXWG30', 'MOTA4812HPF9', 'Ana', 'Moreno Torres', 'ibphjduo@outlook.com', 'fjdvllqaaa', TRUE, 23053, '648.C', 'Calle Juárez', 'Colonia Reforma', 3, FALSE, '7cda2721-a553-4b0d-9821-55f938c91f91', '8908892e-5b75-4c73-9691-6dcf5b8c60fa');

INSERT INTO userDepartment(departmentIDFK, userIDFK) values ('5e4d2728-3658-443b-8571-d9051f1613a6', '3515484e-0f26-4fda-8906-ed21128387ff'); 
INSERT INTO userDepartment(departmentIDFK, userIDFK) values ('552fba72-473d-4199-8ae9-31bc046d8c9e', 'fbe23ae6-eb21-4710-b7fb-b5f0f53f0e5a'); 
INSERT INTO userDepartment(departmentIDFK, userIDFK) values ('49880a27-44b8-4e6a-aa60-174b11107f3a', '34df1283-62bd-4e6e-b427-b5743825e768'); 
INSERT INTO userDepartment(departmentIDFK, userIDFK) values ('25efc7f5-4b97-4770-8314-f5d77eee33a6', '0af615c1-c080-4c69-8af1-187b7c1177ac'); 
INSERT INTO userDepartment(departmentIDFK, userIDFK) values ('4ecec299-3ca3-401d-a956-c4a4f7037708', 'f0d00b0f-d656-4c56-a8f8-5d8279f8333b'); 
INSERT INTO userDepartment(departmentIDFK, userIDFK) values ('b211398a-3537-4957-96dd-9d0bc597dd64', 'a1ec5c8d-ea63-41c9-9cde-2aded0209ce9'); 
INSERT INTO userDepartment(departmentIDFK, userIDFK) values ('210eca37-eb67-43b1-be20-150e3ecc1048', '3d2028f3-f338-4235-8770-9f46908472b9'); 
INSERT INTO userDepartment(departmentIDFK, userIDFK) values ('852a872e-804b-4377-8f4a-7f55a88d346b', 'c6377d69-ae67-4836-8753-99557c43c510'); 
INSERT INTO userDepartment(departmentIDFK, userIDFK) values ('552fba72-473d-4199-8ae9-31bc046d8c9e', '1c099900-1001-45ce-97a6-15a4863e6317'); 
INSERT INTO userDepartment(departmentIDFK, userIDFK) values ('49880a27-44b8-4e6a-aa60-174b11107f3a', '788e05e9-ccbd-42fc-b55e-aed2167b68fa'); 
INSERT INTO userDepartment(departmentIDFK, userIDFK) values ('5e4d2728-3658-443b-8571-d9051f1613a6', '8a3e8319-c9f7-4d36-9652-f6babcc27e0a'); 
INSERT INTO userDepartment(departmentIDFK, userIDFK) values ('d4b9fb99-2ad5-4e4a-abb1-f097d6929fb6', 'be4668d4-aa00-4e07-840e-e00a33938165'); 
INSERT INTO userDepartment(departmentIDFK, userIDFK) values ('25efc7f5-4b97-4770-8314-f5d77eee33a6', '8a3e8319-c9f7-4d36-9652-f6babcc27e0a'); 
INSERT INTO userDepartment(departmentIDFK, userIDFK) values ('f95c2853-bf75-4e67-a526-9e24ee54085c', '84621f06-94bf-4515-b506-c4859eb51137'); 
INSERT INTO userDepartment(departmentIDFK, userIDFK) values ('6f52b059-b2c8-45c3-9824-fd2f22df2345', '80c88fdc-e641-4456-affb-a7fc16fcce89'); 
INSERT INTO userDepartment(departmentIDFK, userIDFK) values ('4ecec299-3ca3-401d-a956-c4a4f7037708', 'ee8fc84e-40f3-4894-915b-b5b15d2d7208'); 
INSERT INTO userDepartment(departmentIDFK, userIDFK) values ('210eca37-eb67-43b1-be20-150e3ecc1048', '482e4575-74e8-4915-b2b3-c3be587b64de'); 
INSERT INTO userDepartment(departmentIDFK, userIDFK) values ('e1f42316-c5b4-4cb6-bf6e-b379acfc01b7', '3690bcdb-413e-4d41-9f63-858bcc10e9e9'); 
INSERT INTO userDepartment(departmentIDFK, userIDFK) values ('f8342847-7ea7-4c26-b5d1-91c6f1ca91fc', '9374a86b-3bbb-410b-8bd2-3892b647d3d1'); 
INSERT INTO userDepartment(departmentIDFK, userIDFK) values ('b211398a-3537-4957-96dd-9d0bc597dd64', 'ecdc1188-5f69-4862-a21e-d3daf2b72d05'); 
INSERT INTO userDepartment(departmentIDFK, userIDFK) values ('49880a27-44b8-4e6a-aa60-174b11107f3a', 'fbe23ae6-eb21-4710-b7fb-b5f0f53f0e5a'); 
INSERT INTO userDepartment(departmentIDFK, userIDFK) values ('1c705941-96f7-4585-8b6e-e166e00656a7', 'f3679177-dfd1-41f6-869b-4396260ba6cf'); 
INSERT INTO userDepartment(departmentIDFK, userIDFK) values ('b211398a-3537-4957-96dd-9d0bc597dd64', '19084a5f-ead0-401a-a9fe-23a20ab60269'); 
INSERT INTO userDepartment(departmentIDFK, userIDFK) values ('f8342847-7ea7-4c26-b5d1-91c6f1ca91fc', '7e84b170-77be-4c7b-aca1-0a4df8445dc3'); 
INSERT INTO userDepartment(departmentIDFK, userIDFK) values ('b211398a-3537-4957-96dd-9d0bc597dd64', '1c80a1ef-9853-4853-a072-8deb050e7947'); 
INSERT INTO userDepartment(departmentIDFK, userIDFK) values ('e1f42316-c5b4-4cb6-bf6e-b379acfc01b7', '243abe6f-2ba6-429c-97c7-21991d4e5e03'); 
INSERT INTO userDepartment(departmentIDFK, userIDFK) values ('f95c2853-bf75-4e67-a526-9e24ee54085c', '678d9362-545b-4c5b-b2f1-5f1e4423b8bf'); 
INSERT INTO userDepartment(departmentIDFK, userIDFK) values ('6f52b059-b2c8-45c3-9824-fd2f22df2345', '8a8e776f-45a5-4360-a964-b9b6292fa725'); 
INSERT INTO userDepartment(departmentIDFK, userIDFK) values ('49880a27-44b8-4e6a-aa60-174b11107f3a', 'be4668d4-aa00-4e07-840e-e00a33938165'); 
INSERT INTO userDepartment(departmentIDFK, userIDFK) values ('f95c2853-bf75-4e67-a526-9e24ee54085c', 'f12b101c-9e2f-49a0-b028-bb3f63004929'); 
INSERT INTO userDepartment(departmentIDFK, userIDFK) values ('6f52b059-b2c8-45c3-9824-fd2f22df2345', 'f14fb82c-d422-49c8-bff4-533dbbb6de21'); 
INSERT INTO userDepartment(departmentIDFK, userIDFK) values ('852a872e-804b-4377-8f4a-7f55a88d346b', 'd25e2404-1f27-4aa3-9c8d-776b652af64f'); 
INSERT INTO userDepartment(departmentIDFK, userIDFK) values ('3fd21102-e706-4965-b50c-0b37fe27a757', '1c099900-1001-45ce-97a6-15a4863e6317'); 
INSERT INTO userDepartment(departmentIDFK, userIDFK) values ('39cb0b2f-ad4d-4ecc-9dbc-ad07263231ad', 'f06a33db-1f0d-45e2-817c-74d9edbd0cdb'); 
INSERT INTO userDepartment(departmentIDFK, userIDFK) values ('39cb0b2f-ad4d-4ecc-9dbc-ad07263231ad', '8688394f-fe6f-487c-9df6-386c096f1bda'); 
INSERT INTO userDepartment(departmentIDFK, userIDFK) values ('852a872e-804b-4377-8f4a-7f55a88d346b', '4bcb29b8-2a2b-41e9-9e78-5baf1aa3f419'); 
INSERT INTO userDepartment(departmentIDFK, userIDFK) values ('25efc7f5-4b97-4770-8314-f5d77eee33a6', '243abe6f-2ba6-429c-97c7-21991d4e5e03'); 
INSERT INTO userDepartment(departmentIDFK, userIDFK) values ('5b5a60e7-2c73-48bf-9a63-4ddaa8b0f837', '3d2028f3-f338-4235-8770-9f46908472b9'); 
INSERT INTO userDepartment(departmentIDFK, userIDFK) values ('631e8f4e-cf7f-46a5-9185-5b0cea07877c', '6b6535ba-d888-4cfd-bdcd-c9bf19388058'); 
INSERT INTO userDepartment(departmentIDFK, userIDFK) values ('f95c2853-bf75-4e67-a526-9e24ee54085c', 'ddd243d8-40e7-4734-8b24-2e3b26189387'); 
INSERT INTO userDepartment(departmentIDFK, userIDFK) values ('4ecec299-3ca3-401d-a956-c4a4f7037708', 'c6377d69-ae67-4836-8753-99557c43c510'); 
INSERT INTO userDepartment(departmentIDFK, userIDFK) values ('a208e068-c5f5-402c-a0c7-4e3c55ac8a7c', 'c6377d69-ae67-4836-8753-99557c43c510'); 
INSERT INTO userDepartment(departmentIDFK, userIDFK) values ('d4b9fb99-2ad5-4e4a-abb1-f097d6929fb6', '0632f95d-dcbc-4b0a-ab44-e0de32f6c73f'); 
INSERT INTO userDepartment(departmentIDFK, userIDFK) values ('fad29f79-4052-42ec-8ef3-a3723912c4ea', '4bc85d19-24ac-4445-a732-3a18a1fedefc'); 
INSERT INTO userDepartment(departmentIDFK, userIDFK) values ('631e8f4e-cf7f-46a5-9185-5b0cea07877c', 'd25e2404-1f27-4aa3-9c8d-776b652af64f'); 
INSERT INTO userDepartment(departmentIDFK, userIDFK) values ('4ecec299-3ca3-401d-a956-c4a4f7037708', 'ecdc1188-5f69-4862-a21e-d3daf2b72d05'); 
INSERT INTO userDepartment(departmentIDFK, userIDFK) values ('d4b9fb99-2ad5-4e4a-abb1-f097d6929fb6', '19df4a90-2766-4846-aa4c-c9624804e3d0'); 
INSERT INTO userDepartment(departmentIDFK, userIDFK) values ('3d0e8695-11fc-4cbb-86bd-1517676a4721', 'e36bf29f-49f2-4a7c-baa5-7a1ff34f44dd'); 
INSERT INTO userDepartment(departmentIDFK, userIDFK) values ('39cb0b2f-ad4d-4ecc-9dbc-ad07263231ad', '8cd74984-45f4-4cd4-9c5a-9e17fe744b8c'); 
INSERT INTO userDepartment(departmentIDFK, userIDFK) values ('552fba72-473d-4199-8ae9-31bc046d8c9e', '4e0fcd6d-f85a-4f20-83a4-0d2e64ad8ddd'); 
INSERT INTO userDepartment(departmentIDFK, userIDFK) values ('b6e46dc7-6ac9-4454-905b-d0e2252c3d85', 'a00a2690-8fa6-4366-909f-24af4ab82f59'); 
INSERT INTO userDepartment(departmentIDFK, userIDFK) values ('6f52b059-b2c8-45c3-9824-fd2f22df2345', 'c1e05561-bfff-4b37-a06a-07efc37f217e'); 
INSERT INTO userDepartment(departmentIDFK, userIDFK) values ('6f52b059-b2c8-45c3-9824-fd2f22df2345', '8a3e8319-c9f7-4d36-9652-f6babcc27e0a'); 
INSERT INTO userDepartment(departmentIDFK, userIDFK) values ('5e4d2728-3658-443b-8571-d9051f1613a6', '06008f73-48db-4dd4-ac57-e5af1ebb972b'); 
INSERT INTO userDepartment(departmentIDFK, userIDFK) values ('ab7b910b-42df-4897-8cd2-136192e71a8e', '7e84b170-77be-4c7b-aca1-0a4df8445dc3'); 
INSERT INTO userDepartment(departmentIDFK, userIDFK) values ('ab7b910b-42df-4897-8cd2-136192e71a8e', 'c2d40884-4c95-499b-8605-d2751b77f5f9'); 
INSERT INTO userDepartment(departmentIDFK, userIDFK) values ('f8342847-7ea7-4c26-b5d1-91c6f1ca91fc', '19084a5f-ead0-401a-a9fe-23a20ab60269'); 
INSERT INTO userDepartment(departmentIDFK, userIDFK) values ('6f52b059-b2c8-45c3-9824-fd2f22df2345', '00f46195-fd5a-477a-ada7-b40d8109296a'); 
INSERT INTO userDepartment(departmentIDFK, userIDFK) values ('4ecec299-3ca3-401d-a956-c4a4f7037708', 'f98f0b72-8139-457c-a067-7cc2f0b6adfd'); 
INSERT INTO userDepartment(departmentIDFK, userIDFK) values ('6f52b059-b2c8-45c3-9824-fd2f22df2345', '84621f06-94bf-4515-b506-c4859eb51137'); 
INSERT INTO userDepartment(departmentIDFK, userIDFK) values ('b6020a05-f5ad-472f-803b-192cb1cb3dea', '9374a86b-3bbb-410b-8bd2-3892b647d3d1'); 
INSERT INTO userDepartment(departmentIDFK, userIDFK) values ('b6020a05-f5ad-472f-803b-192cb1cb3dea', 'cee4f184-16c2-4de3-9c99-7b1c7094a9f5'); 
INSERT INTO userDepartment(departmentIDFK, userIDFK) values ('852a872e-804b-4377-8f4a-7f55a88d346b', '1a2c07d0-f1c4-4b47-8639-56ddc889fa33'); 
INSERT INTO userDepartment(departmentIDFK, userIDFK) values ('b211398a-3537-4957-96dd-9d0bc597dd64', '616c8af9-6873-4a16-a689-024792fe400e'); 
INSERT INTO userDepartment(departmentIDFK, userIDFK) values ('f8342847-7ea7-4c26-b5d1-91c6f1ca91fc', '944b0b89-dbe5-4321-a5a5-872189b7e0c7'); 
INSERT INTO userDepartment(departmentIDFK, userIDFK) values ('f8342847-7ea7-4c26-b5d1-91c6f1ca91fc', '678d9362-545b-4c5b-b2f1-5f1e4423b8bf'); 
INSERT INTO userDepartment(departmentIDFK, userIDFK) values ('f8342847-7ea7-4c26-b5d1-91c6f1ca91fc', 'fbb168bd-ef04-4846-aa5b-a1e6796f7e1f'); 
INSERT INTO userDepartment(departmentIDFK, userIDFK) values ('b211398a-3537-4957-96dd-9d0bc597dd64', 'e22eff57-e308-4213-bd85-fe16a4707e30'); 
INSERT INTO userDepartment(departmentIDFK, userIDFK) values ('49880a27-44b8-4e6a-aa60-174b11107f3a', 'a1ec5c8d-ea63-41c9-9cde-2aded0209ce9'); 
INSERT INTO userDepartment(departmentIDFK, userIDFK) values ('39cb0b2f-ad4d-4ecc-9dbc-ad07263231ad', '1ad858be-b08b-4641-bc20-d7e88c64f3d7'); 
INSERT INTO userDepartment(departmentIDFK, userIDFK) values ('852a872e-804b-4377-8f4a-7f55a88d346b', '3515484e-0f26-4fda-8906-ed21128387ff'); 
INSERT INTO userDepartment(departmentIDFK, userIDFK) values ('b211398a-3537-4957-96dd-9d0bc597dd64', '8cf3b471-3e19-4897-8479-8a7b9d9662a8'); 
INSERT INTO userDepartment(departmentIDFK, userIDFK) values ('1c705941-96f7-4585-8b6e-e166e00656a7', '944b0b89-dbe5-4321-a5a5-872189b7e0c7'); 
INSERT INTO userDepartment(departmentIDFK, userIDFK) values ('5b5a60e7-2c73-48bf-9a63-4ddaa8b0f837', '4e0fcd6d-f85a-4f20-83a4-0d2e64ad8ddd'); 
INSERT INTO userDepartment(departmentIDFK, userIDFK) values ('25efc7f5-4b97-4770-8314-f5d77eee33a6', '482e4575-74e8-4915-b2b3-c3be587b64de'); 
INSERT INTO userDepartment(departmentIDFK, userIDFK) values ('49880a27-44b8-4e6a-aa60-174b11107f3a', '0af615c1-c080-4c69-8af1-187b7c1177ac'); 
INSERT INTO userDepartment(departmentIDFK, userIDFK) values ('4ecec299-3ca3-401d-a956-c4a4f7037708', '10e6ecec-b12b-47c9-9347-3a8b39776544'); 
INSERT INTO userDepartment(departmentIDFK, userIDFK) values ('0edfc303-ecce-4aea-b6e1-425f1f902de1', '4e0fcd6d-f85a-4f20-83a4-0d2e64ad8ddd'); 
INSERT INTO userDepartment(departmentIDFK, userIDFK) values ('39cb0b2f-ad4d-4ecc-9dbc-ad07263231ad', '2d4ce415-c52d-40cb-bf61-d416e231bfbe'); 
INSERT INTO userDepartment(departmentIDFK, userIDFK) values ('0edfc303-ecce-4aea-b6e1-425f1f902de1', 'b1048572-264c-435e-949d-6045926f332e'); 
INSERT INTO userDepartment(departmentIDFK, userIDFK) values ('0edfc303-ecce-4aea-b6e1-425f1f902de1', '00f46195-fd5a-477a-ada7-b40d8109296a'); 
INSERT INTO userDepartment(departmentIDFK, userIDFK) values ('0edfc303-ecce-4aea-b6e1-425f1f902de1', '8ea9d107-9375-40d9-b0a3-b1715e8642ad'); 
INSERT INTO userDepartment(departmentIDFK, userIDFK) values ('b211398a-3537-4957-96dd-9d0bc597dd64', 'cb6acfbb-aa84-4cde-93b0-d1e6b3e25b84'); 
INSERT INTO userDepartment(departmentIDFK, userIDFK) values ('fad29f79-4052-42ec-8ef3-a3723912c4ea', '23a42940-d0ba-413f-814d-645c5e72b74f'); 
INSERT INTO userDepartment(departmentIDFK, userIDFK) values ('4ecec299-3ca3-401d-a956-c4a4f7037708', '4e0fcd6d-f85a-4f20-83a4-0d2e64ad8ddd'); 
INSERT INTO userDepartment(departmentIDFK, userIDFK) values ('e1f42316-c5b4-4cb6-bf6e-b379acfc01b7', 'c2d40884-4c95-499b-8605-d2751b77f5f9'); 
INSERT INTO userDepartment(departmentIDFK, userIDFK) values ('4ecec299-3ca3-401d-a956-c4a4f7037708', 'e36bf29f-49f2-4a7c-baa5-7a1ff34f44dd'); 
INSERT INTO userDepartment(departmentIDFK, userIDFK) values ('0edfc303-ecce-4aea-b6e1-425f1f902de1', '0d7413c0-fb2c-4cae-b220-c7ade14c340c'); 
INSERT INTO userDepartment(departmentIDFK, userIDFK) values ('f95c2853-bf75-4e67-a526-9e24ee54085c', '616c8af9-6873-4a16-a689-024792fe400e'); 
INSERT INTO userDepartment(departmentIDFK, userIDFK) values ('b6020a05-f5ad-472f-803b-192cb1cb3dea', 'be4668d4-aa00-4e07-840e-e00a33938165'); 
INSERT INTO userDepartment(departmentIDFK, userIDFK) values ('b6020a05-f5ad-472f-803b-192cb1cb3dea', '1c099900-1001-45ce-97a6-15a4863e6317'); 
INSERT INTO userDepartment(departmentIDFK, userIDFK) values ('5b5a60e7-2c73-48bf-9a63-4ddaa8b0f837', '788e05e9-ccbd-42fc-b55e-aed2167b68fa'); 
INSERT INTO userDepartment(departmentIDFK, userIDFK) values ('4ecec299-3ca3-401d-a956-c4a4f7037708', '4bcb29b8-2a2b-41e9-9e78-5baf1aa3f419'); 
INSERT INTO userDepartment(departmentIDFK, userIDFK) values ('fad29f79-4052-42ec-8ef3-a3723912c4ea', '616c8af9-6873-4a16-a689-024792fe400e'); 
INSERT INTO userDepartment(departmentIDFK, userIDFK) values ('4ecec299-3ca3-401d-a956-c4a4f7037708', '711b532f-b634-48f6-9040-293a9c39b70b'); 
INSERT INTO userDepartment(departmentIDFK, userIDFK) values ('e1f42316-c5b4-4cb6-bf6e-b379acfc01b7', 'cee4f184-16c2-4de3-9c99-7b1c7094a9f5'); 
INSERT INTO userDepartment(departmentIDFK, userIDFK) values ('e1f42316-c5b4-4cb6-bf6e-b379acfc01b7', '19df4a90-2766-4846-aa4c-c9624804e3d0'); 
INSERT INTO userDepartment(departmentIDFK, userIDFK) values ('25efc7f5-4b97-4770-8314-f5d77eee33a6', '5cb5a143-7890-4a54-b710-88413b78b28d'); 
INSERT INTO userDepartment(departmentIDFK, userIDFK) values ('b211398a-3537-4957-96dd-9d0bc597dd64', '34df1283-62bd-4e6e-b427-b5743825e768'); 
INSERT INTO userDepartment(departmentIDFK, userIDFK) values ('4ecec299-3ca3-401d-a956-c4a4f7037708', '06e9c035-4a32-4e62-b0a2-01cbf6cb15a8'); 
INSERT INTO userDepartment(departmentIDFK, userIDFK) values ('b211398a-3537-4957-96dd-9d0bc597dd64', 'eaa7bd09-b724-445a-957c-4bde521224db'); 
INSERT INTO userDepartment(departmentIDFK, userIDFK) values ('f8342847-7ea7-4c26-b5d1-91c6f1ca91fc', '06e9c035-4a32-4e62-b0a2-01cbf6cb15a8'); 
INSERT INTO userDepartment(departmentIDFK, userIDFK) values ('210eca37-eb67-43b1-be20-150e3ecc1048', 'cee4f184-16c2-4de3-9c99-7b1c7094a9f5'); 
INSERT INTO userDepartment(departmentIDFK, userIDFK) values ('25efc7f5-4b97-4770-8314-f5d77eee33a6', 'cb6acfbb-aa84-4cde-93b0-d1e6b3e25b84'); 
INSERT INTO userDepartment(departmentIDFK, userIDFK) values ('d4b9fb99-2ad5-4e4a-abb1-f097d6929fb6', '3c4665fb-60e1-412e-aa49-051d9a578bf1'); 
INSERT INTO userDepartment(departmentIDFK, userIDFK) values ('b6e46dc7-6ac9-4454-905b-d0e2252c3d85', '6d454fb2-4120-4ad8-b6dd-7a472b5a6f0d'); 
INSERT INTO userDepartment(departmentIDFK, userIDFK) values ('d4b9fb99-2ad5-4e4a-abb1-f097d6929fb6', '06008f73-48db-4dd4-ac57-e5af1ebb972b'); 
INSERT INTO userDepartment(departmentIDFK, userIDFK) values ('49880a27-44b8-4e6a-aa60-174b11107f3a', '4e0fcd6d-f85a-4f20-83a4-0d2e64ad8ddd'); 
INSERT INTO userDepartment(departmentIDFK, userIDFK) values ('49880a27-44b8-4e6a-aa60-174b11107f3a', 'b39824f1-1b8a-4dd3-8cde-7e70ce5c4dd3'); 
INSERT INTO userDepartment(departmentIDFK, userIDFK) values ('3d0e8695-11fc-4cbb-86bd-1517676a4721', 'ff748427-fd3c-4eb0-9104-8303c48118c6'); 
INSERT INTO userDepartment(departmentIDFK, userIDFK) values ('3d0e8695-11fc-4cbb-86bd-1517676a4721', 'cb6acfbb-aa84-4cde-93b0-d1e6b3e25b84'); 
INSERT INTO userDepartment(departmentIDFK, userIDFK) values ('25efc7f5-4b97-4770-8314-f5d77eee33a6', '00796457-6e8c-48c5-a744-b5f38ca5896d'); 
INSERT INTO userDepartment(departmentIDFK, userIDFK) values ('a208e068-c5f5-402c-a0c7-4e3c55ac8a7c', 'd25e2404-1f27-4aa3-9c8d-776b652af64f'); 
INSERT INTO userDepartment(departmentIDFK, userIDFK) values ('39cb0b2f-ad4d-4ecc-9dbc-ad07263231ad', '8cf3b471-3e19-4897-8479-8a7b9d9662a8'); 
INSERT INTO userDepartment(departmentIDFK, userIDFK) values ('5b5a60e7-2c73-48bf-9a63-4ddaa8b0f837', '0af615c1-c080-4c69-8af1-187b7c1177ac'); 
INSERT INTO userDepartment(departmentIDFK, userIDFK) values ('0edfc303-ecce-4aea-b6e1-425f1f902de1', '5d0d209a-d6ab-4018-99b0-827eb26bfc7d'); 
INSERT INTO userDepartment(departmentIDFK, userIDFK) values ('4ecec299-3ca3-401d-a956-c4a4f7037708', '5d0d209a-d6ab-4018-99b0-827eb26bfc7d'); 
INSERT INTO userDepartment(departmentIDFK, userIDFK) values ('39cb0b2f-ad4d-4ecc-9dbc-ad07263231ad', '5cb5a143-7890-4a54-b710-88413b78b28d'); 
INSERT INTO userDepartment(departmentIDFK, userIDFK) values ('39cb0b2f-ad4d-4ecc-9dbc-ad07263231ad', '3690bcdb-413e-4d41-9f63-858bcc10e9e9'); 
INSERT INTO userDepartment(departmentIDFK, userIDFK) values ('210eca37-eb67-43b1-be20-150e3ecc1048', '9bf4631c-f0fc-49a7-beea-0de9a74a9579'); 
INSERT INTO userDepartment(departmentIDFK, userIDFK) values ('39cb0b2f-ad4d-4ecc-9dbc-ad07263231ad', '00796457-6e8c-48c5-a744-b5f38ca5896d'); 
INSERT INTO userDepartment(departmentIDFK, userIDFK) values ('552fba72-473d-4199-8ae9-31bc046d8c9e', '3465a4d7-c399-45fe-a323-2d263854b39b'); 
INSERT INTO userDepartment(departmentIDFK, userIDFK) values ('a208e068-c5f5-402c-a0c7-4e3c55ac8a7c', 'd25e2404-1f27-4aa3-9c8d-776b652af64f'); 
INSERT INTO userDepartment(departmentIDFK, userIDFK) values ('f8342847-7ea7-4c26-b5d1-91c6f1ca91fc', '19084a5f-ead0-401a-a9fe-23a20ab60269'); 
INSERT INTO userDepartment(departmentIDFK, userIDFK) values ('1c705941-96f7-4585-8b6e-e166e00656a7', '1c80a1ef-9853-4853-a072-8deb050e7947'); 
INSERT INTO userDepartment(departmentIDFK, userIDFK) values ('ab7b910b-42df-4897-8cd2-136192e71a8e', '8cd74984-45f4-4cd4-9c5a-9e17fe744b8c'); 
INSERT INTO userDepartment(departmentIDFK, userIDFK) values ('4ecec299-3ca3-401d-a956-c4a4f7037708', '243abe6f-2ba6-429c-97c7-21991d4e5e03'); 
INSERT INTO userDepartment(departmentIDFK, userIDFK) values ('25efc7f5-4b97-4770-8314-f5d77eee33a6', '8cd74984-45f4-4cd4-9c5a-9e17fe744b8c'); 
INSERT INTO userDepartment(departmentIDFK, userIDFK) values ('49880a27-44b8-4e6a-aa60-174b11107f3a', '8a3e8319-c9f7-4d36-9652-f6babcc27e0a'); 
INSERT INTO userDepartment(departmentIDFK, userIDFK) values ('b6020a05-f5ad-472f-803b-192cb1cb3dea', '76cf6199-f1cc-4b3c-a4e2-5461154d31bc'); 
INSERT INTO userDepartment(departmentIDFK, userIDFK) values ('f95c2853-bf75-4e67-a526-9e24ee54085c', '3515484e-0f26-4fda-8906-ed21128387ff'); 
INSERT INTO userDepartment(departmentIDFK, userIDFK) values ('631e8f4e-cf7f-46a5-9185-5b0cea07877c', '243abe6f-2ba6-429c-97c7-21991d4e5e03'); 
INSERT INTO userDepartment(departmentIDFK, userIDFK) values ('b6020a05-f5ad-472f-803b-192cb1cb3dea', 'd25e2404-1f27-4aa3-9c8d-776b652af64f'); 
INSERT INTO userDepartment(departmentIDFK, userIDFK) values ('3fd21102-e706-4965-b50c-0b37fe27a757', '3f112156-de75-40ca-9d52-d57b41f3d764'); 
INSERT INTO userDepartment(departmentIDFK, userIDFK) values ('a208e068-c5f5-402c-a0c7-4e3c55ac8a7c', 'ee8fc84e-40f3-4894-915b-b5b15d2d7208'); 
INSERT INTO userDepartment(departmentIDFK, userIDFK) values ('3fd21102-e706-4965-b50c-0b37fe27a757', 'a1ec5c8d-ea63-41c9-9cde-2aded0209ce9'); 
INSERT INTO userDepartment(departmentIDFK, userIDFK) values ('210eca37-eb67-43b1-be20-150e3ecc1048', '9374a86b-3bbb-410b-8bd2-3892b647d3d1'); 
INSERT INTO userDepartment(departmentIDFK, userIDFK) values ('39cb0b2f-ad4d-4ecc-9dbc-ad07263231ad', 'e22eff57-e308-4213-bd85-fe16a4707e30'); 
INSERT INTO userDepartment(departmentIDFK, userIDFK) values ('f95c2853-bf75-4e67-a526-9e24ee54085c', '9bf4631c-f0fc-49a7-beea-0de9a74a9579'); 
INSERT INTO userDepartment(departmentIDFK, userIDFK) values ('d4b9fb99-2ad5-4e4a-abb1-f097d6929fb6', 'fbe23ae6-eb21-4710-b7fb-b5f0f53f0e5a'); 
INSERT INTO userDepartment(departmentIDFK, userIDFK) values ('a208e068-c5f5-402c-a0c7-4e3c55ac8a7c', 'd25e2404-1f27-4aa3-9c8d-776b652af64f'); 
INSERT INTO userDepartment(departmentIDFK, userIDFK) values ('f95c2853-bf75-4e67-a526-9e24ee54085c', 'f4e7651d-fce8-4f7f-b908-c68f8b93c91c'); 
INSERT INTO userDepartment(departmentIDFK, userIDFK) values ('d4b9fb99-2ad5-4e4a-abb1-f097d6929fb6', '8cd74984-45f4-4cd4-9c5a-9e17fe744b8c'); 
INSERT INTO userDepartment(departmentIDFK, userIDFK) values ('3fd21102-e706-4965-b50c-0b37fe27a757', '9b07f0fa-a388-409d-a6aa-85177dfc7742'); 
INSERT INTO userDepartment(departmentIDFK, userIDFK) values ('3d0e8695-11fc-4cbb-86bd-1517676a4721', 'd25e2404-1f27-4aa3-9c8d-776b652af64f'); 
INSERT INTO userDepartment(departmentIDFK, userIDFK) values ('210eca37-eb67-43b1-be20-150e3ecc1048', '80c88fdc-e641-4456-affb-a7fc16fcce89'); 
INSERT INTO userDepartment(departmentIDFK, userIDFK) values ('3d0e8695-11fc-4cbb-86bd-1517676a4721', '243abe6f-2ba6-429c-97c7-21991d4e5e03'); 
INSERT INTO userDepartment(departmentIDFK, userIDFK) values ('25efc7f5-4b97-4770-8314-f5d77eee33a6', '2d4ce415-c52d-40cb-bf61-d416e231bfbe'); 
INSERT INTO userDepartment(departmentIDFK, userIDFK) values ('a208e068-c5f5-402c-a0c7-4e3c55ac8a7c', '1c80a1ef-9853-4853-a072-8deb050e7947'); 
INSERT INTO userDepartment(departmentIDFK, userIDFK) values ('39cb0b2f-ad4d-4ecc-9dbc-ad07263231ad', '482e4575-74e8-4915-b2b3-c3be587b64de'); 
INSERT INTO userDepartment(departmentIDFK, userIDFK) values ('4ecec299-3ca3-401d-a956-c4a4f7037708', 'a00a2690-8fa6-4366-909f-24af4ab82f59'); 
INSERT INTO userDepartment(departmentIDFK, userIDFK) values ('5e4d2728-3658-443b-8571-d9051f1613a6', 'c6377d69-ae67-4836-8753-99557c43c510'); 
INSERT INTO userDepartment(departmentIDFK, userIDFK) values ('f8342847-7ea7-4c26-b5d1-91c6f1ca91fc', 'eaa7bd09-b724-445a-957c-4bde521224db'); 
INSERT INTO userDepartment(departmentIDFK, userIDFK) values ('f8342847-7ea7-4c26-b5d1-91c6f1ca91fc', '68de333c-6a4a-4082-872b-64888635edce'); 
INSERT INTO userDepartment(departmentIDFK, userIDFK) values ('631e8f4e-cf7f-46a5-9185-5b0cea07877c', '3d2028f3-f338-4235-8770-9f46908472b9'); 
INSERT INTO userDepartment(departmentIDFK, userIDFK) values ('552fba72-473d-4199-8ae9-31bc046d8c9e', 'f98f0b72-8139-457c-a067-7cc2f0b6adfd'); 
INSERT INTO userDepartment(departmentIDFK, userIDFK) values ('b6e46dc7-6ac9-4454-905b-d0e2252c3d85', '944b0b89-dbe5-4321-a5a5-872189b7e0c7'); 
INSERT INTO userDepartment(departmentIDFK, userIDFK) values ('a208e068-c5f5-402c-a0c7-4e3c55ac8a7c', '23a42940-d0ba-413f-814d-645c5e72b74f'); 
INSERT INTO userDepartment(departmentIDFK, userIDFK) values ('25efc7f5-4b97-4770-8314-f5d77eee33a6', 'ff748427-fd3c-4eb0-9104-8303c48118c6'); 
INSERT INTO userDepartment(departmentIDFK, userIDFK) values ('0edfc303-ecce-4aea-b6e1-425f1f902de1', '0d7413c0-fb2c-4cae-b220-c7ade14c340c'); 

UPDATE user SET prioritaryDepartmentFK = 'f95c2853-bf75-4e67-a526-9e24ee54085c' WHERE userID = '3515484e-0f26-4fda-8906-ed21128387ff'; 
UPDATE user SET prioritaryDepartmentFK = 'f95c2853-bf75-4e67-a526-9e24ee54085c' WHERE userID = 'ddd243d8-40e7-4734-8b24-2e3b26189387'; 
UPDATE user SET prioritaryDepartmentFK = '49880a27-44b8-4e6a-aa60-174b11107f3a' WHERE userID = '0af615c1-c080-4c69-8af1-187b7c1177ac'; 
UPDATE user SET prioritaryDepartmentFK = '5e4d2728-3658-443b-8571-d9051f1613a6' WHERE userID = 'c6377d69-ae67-4836-8753-99557c43c510'; 
UPDATE user SET prioritaryDepartmentFK = 'd4b9fb99-2ad5-4e4a-abb1-f097d6929fb6' WHERE userID = '06008f73-48db-4dd4-ac57-e5af1ebb972b'; 
UPDATE user SET prioritaryDepartmentFK = '3d0e8695-11fc-4cbb-86bd-1517676a4721' WHERE userID = 'e36bf29f-49f2-4a7c-baa5-7a1ff34f44dd'; 
UPDATE user SET prioritaryDepartmentFK = '4ecec299-3ca3-401d-a956-c4a4f7037708' WHERE userID = '711b532f-b634-48f6-9040-293a9c39b70b'; 
UPDATE user SET prioritaryDepartmentFK = 'f8342847-7ea7-4c26-b5d1-91c6f1ca91fc' WHERE userID = '06e9c035-4a32-4e62-b0a2-01cbf6cb15a8'; 
UPDATE user SET prioritaryDepartmentFK = '4ecec299-3ca3-401d-a956-c4a4f7037708' WHERE userID = 'a00a2690-8fa6-4366-909f-24af4ab82f59'; 
UPDATE user SET prioritaryDepartmentFK = 'f8342847-7ea7-4c26-b5d1-91c6f1ca91fc' WHERE userID = '944b0b89-dbe5-4321-a5a5-872189b7e0c7'; 
UPDATE user SET prioritaryDepartmentFK = 'e1f42316-c5b4-4cb6-bf6e-b379acfc01b7' WHERE userID = 'cee4f184-16c2-4de3-9c99-7b1c7094a9f5'; 
UPDATE user SET prioritaryDepartmentFK = 'b211398a-3537-4957-96dd-9d0bc597dd64' WHERE userID = 'a1ec5c8d-ea63-41c9-9cde-2aded0209ce9'; 
UPDATE user SET prioritaryDepartmentFK = '25efc7f5-4b97-4770-8314-f5d77eee33a6' WHERE userID = 'ff748427-fd3c-4eb0-9104-8303c48118c6'; 
UPDATE user SET prioritaryDepartmentFK = '0edfc303-ecce-4aea-b6e1-425f1f902de1' WHERE userID = '0d7413c0-fb2c-4cae-b220-c7ade14c340c'; 
UPDATE user SET prioritaryDepartmentFK = '49880a27-44b8-4e6a-aa60-174b11107f3a' WHERE userID = '34df1283-62bd-4e6e-b427-b5743825e768'; 
UPDATE user SET prioritaryDepartmentFK = '49880a27-44b8-4e6a-aa60-174b11107f3a' WHERE userID = 'b39824f1-1b8a-4dd3-8cde-7e70ce5c4dd3'; 
UPDATE user SET prioritaryDepartmentFK = 'b211398a-3537-4957-96dd-9d0bc597dd64' WHERE userID = '19084a5f-ead0-401a-a9fe-23a20ab60269'; 
UPDATE user SET prioritaryDepartmentFK = 'b6020a05-f5ad-472f-803b-192cb1cb3dea' WHERE userID = 'be4668d4-aa00-4e07-840e-e00a33938165'; 
UPDATE user SET prioritaryDepartmentFK = 'b211398a-3537-4957-96dd-9d0bc597dd64' WHERE userID = '8cf3b471-3e19-4897-8479-8a7b9d9662a8'; 
UPDATE user SET prioritaryDepartmentFK = '39cb0b2f-ad4d-4ecc-9dbc-ad07263231ad' WHERE userID = '482e4575-74e8-4915-b2b3-c3be587b64de'; 
UPDATE user SET prioritaryDepartmentFK = 'fad29f79-4052-42ec-8ef3-a3723912c4ea' WHERE userID = '4bc85d19-24ac-4445-a732-3a18a1fedefc'; 
UPDATE user SET prioritaryDepartmentFK = 'b6020a05-f5ad-472f-803b-192cb1cb3dea' WHERE userID = '76cf6199-f1cc-4b3c-a4e2-5461154d31bc'; 
UPDATE user SET prioritaryDepartmentFK = 'f95c2853-bf75-4e67-a526-9e24ee54085c' WHERE userID = 'f12b101c-9e2f-49a0-b028-bb3f63004929'; 
UPDATE user SET prioritaryDepartmentFK = 'b211398a-3537-4957-96dd-9d0bc597dd64' WHERE userID = 'ecdc1188-5f69-4862-a21e-d3daf2b72d05'; 
UPDATE user SET prioritaryDepartmentFK = '631e8f4e-cf7f-46a5-9185-5b0cea07877c' WHERE userID = '6b6535ba-d888-4cfd-bdcd-c9bf19388058'; 
UPDATE user SET prioritaryDepartmentFK = '39cb0b2f-ad4d-4ecc-9dbc-ad07263231ad' WHERE userID = '5cb5a143-7890-4a54-b710-88413b78b28d'; 
UPDATE user SET prioritaryDepartmentFK = '552fba72-473d-4199-8ae9-31bc046d8c9e' WHERE userID = '3465a4d7-c399-45fe-a323-2d263854b39b'; 
UPDATE user SET prioritaryDepartmentFK = 'b6e46dc7-6ac9-4454-905b-d0e2252c3d85' WHERE userID = '6d454fb2-4120-4ad8-b6dd-7a472b5a6f0d'; 
UPDATE user SET prioritaryDepartmentFK = 'f95c2853-bf75-4e67-a526-9e24ee54085c' WHERE userID = 'f4e7651d-fce8-4f7f-b908-c68f8b93c91c'; 
UPDATE user SET prioritaryDepartmentFK = 'b211398a-3537-4957-96dd-9d0bc597dd64' WHERE userID = 'eaa7bd09-b724-445a-957c-4bde521224db'; 
UPDATE user SET prioritaryDepartmentFK = 'ab7b910b-42df-4897-8cd2-136192e71a8e' WHERE userID = 'c2d40884-4c95-499b-8605-d2751b77f5f9'; 
UPDATE user SET prioritaryDepartmentFK = '39cb0b2f-ad4d-4ecc-9dbc-ad07263231ad' WHERE userID = 'e22eff57-e308-4213-bd85-fe16a4707e30'; 
UPDATE user SET prioritaryDepartmentFK = '6f52b059-b2c8-45c3-9824-fd2f22df2345' WHERE userID = 'c1e05561-bfff-4b37-a06a-07efc37f217e'; 
UPDATE user SET prioritaryDepartmentFK = '39cb0b2f-ad4d-4ecc-9dbc-ad07263231ad' WHERE userID = '8cd74984-45f4-4cd4-9c5a-9e17fe744b8c'; 
UPDATE user SET prioritaryDepartmentFK = '49880a27-44b8-4e6a-aa60-174b11107f3a' WHERE userID = '788e05e9-ccbd-42fc-b55e-aed2167b68fa'; 
UPDATE user SET prioritaryDepartmentFK = '552fba72-473d-4199-8ae9-31bc046d8c9e' WHERE userID = 'f98f0b72-8139-457c-a067-7cc2f0b6adfd'; 
UPDATE user SET prioritaryDepartmentFK = '3fd21102-e706-4965-b50c-0b37fe27a757' WHERE userID = '1c099900-1001-45ce-97a6-15a4863e6317'; 
UPDATE user SET prioritaryDepartmentFK = '6f52b059-b2c8-45c3-9824-fd2f22df2345' WHERE userID = '8a8e776f-45a5-4360-a964-b9b6292fa725'; 
UPDATE user SET prioritaryDepartmentFK = '1c705941-96f7-4585-8b6e-e166e00656a7' WHERE userID = '1c80a1ef-9853-4853-a072-8deb050e7947'; 
UPDATE user SET prioritaryDepartmentFK = '4ecec299-3ca3-401d-a956-c4a4f7037708' WHERE userID = 'f0d00b0f-d656-4c56-a8f8-5d8279f8333b'; 
UPDATE user SET prioritaryDepartmentFK = 'f8342847-7ea7-4c26-b5d1-91c6f1ca91fc' WHERE userID = '7e84b170-77be-4c7b-aca1-0a4df8445dc3'; 
UPDATE user SET prioritaryDepartmentFK = 'f8342847-7ea7-4c26-b5d1-91c6f1ca91fc' WHERE userID = 'fbb168bd-ef04-4846-aa5b-a1e6796f7e1f'; 
UPDATE user SET prioritaryDepartmentFK = '631e8f4e-cf7f-46a5-9185-5b0cea07877c' WHERE userID = '3d2028f3-f338-4235-8770-9f46908472b9'; 
UPDATE user SET prioritaryDepartmentFK = '852a872e-804b-4377-8f4a-7f55a88d346b' WHERE userID = '1a2c07d0-f1c4-4b47-8639-56ddc889fa33'; 
UPDATE user SET prioritaryDepartmentFK = '25efc7f5-4b97-4770-8314-f5d77eee33a6' WHERE userID = 'cb6acfbb-aa84-4cde-93b0-d1e6b3e25b84'; 
UPDATE user SET prioritaryDepartmentFK = '0edfc303-ecce-4aea-b6e1-425f1f902de1' WHERE userID = '8ea9d107-9375-40d9-b0a3-b1715e8642ad'; 
UPDATE user SET prioritaryDepartmentFK = '4ecec299-3ca3-401d-a956-c4a4f7037708' WHERE userID = '10e6ecec-b12b-47c9-9347-3a8b39776544'; 
UPDATE user SET prioritaryDepartmentFK = 'fad29f79-4052-42ec-8ef3-a3723912c4ea' WHERE userID = '23a42940-d0ba-413f-814d-645c5e72b74f'; 
UPDATE user SET prioritaryDepartmentFK = '25efc7f5-4b97-4770-8314-f5d77eee33a6' WHERE userID = '243abe6f-2ba6-429c-97c7-21991d4e5e03'; 
UPDATE user SET prioritaryDepartmentFK = '39cb0b2f-ad4d-4ecc-9dbc-ad07263231ad' WHERE userID = '3690bcdb-413e-4d41-9f63-858bcc10e9e9'; 
UPDATE user SET prioritaryDepartmentFK = '0edfc303-ecce-4aea-b6e1-425f1f902de1' WHERE userID = 'b1048572-264c-435e-949d-6045926f332e'; 
UPDATE user SET prioritaryDepartmentFK = '6f52b059-b2c8-45c3-9824-fd2f22df2345' WHERE userID = 'f14fb82c-d422-49c8-bff4-533dbbb6de21'; 
UPDATE user SET prioritaryDepartmentFK = '6f52b059-b2c8-45c3-9824-fd2f22df2345' WHERE userID = '8a3e8319-c9f7-4d36-9652-f6babcc27e0a'; 
UPDATE user SET prioritaryDepartmentFK = 'f8342847-7ea7-4c26-b5d1-91c6f1ca91fc' WHERE userID = '9374a86b-3bbb-410b-8bd2-3892b647d3d1'; 
UPDATE user SET prioritaryDepartmentFK = '25efc7f5-4b97-4770-8314-f5d77eee33a6' WHERE userID = '00796457-6e8c-48c5-a744-b5f38ca5896d'; 
UPDATE user SET prioritaryDepartmentFK = '3fd21102-e706-4965-b50c-0b37fe27a757' WHERE userID = '9b07f0fa-a388-409d-a6aa-85177dfc7742'; 
UPDATE user SET prioritaryDepartmentFK = '3fd21102-e706-4965-b50c-0b37fe27a757' WHERE userID = '3f112156-de75-40ca-9d52-d57b41f3d764'; 
UPDATE user SET prioritaryDepartmentFK = 'f95c2853-bf75-4e67-a526-9e24ee54085c' WHERE userID = '616c8af9-6873-4a16-a689-024792fe400e'; 
UPDATE user SET prioritaryDepartmentFK = 'f8342847-7ea7-4c26-b5d1-91c6f1ca91fc' WHERE userID = '678d9362-545b-4c5b-b2f1-5f1e4423b8bf'; 
UPDATE user SET prioritaryDepartmentFK = '39cb0b2f-ad4d-4ecc-9dbc-ad07263231ad' WHERE userID = '1ad858be-b08b-4641-bc20-d7e88c64f3d7'; 
UPDATE user SET prioritaryDepartmentFK = 'e1f42316-c5b4-4cb6-bf6e-b379acfc01b7' WHERE userID = '19df4a90-2766-4846-aa4c-c9624804e3d0'; 
UPDATE user SET prioritaryDepartmentFK = 'f95c2853-bf75-4e67-a526-9e24ee54085c' WHERE userID = '9bf4631c-f0fc-49a7-beea-0de9a74a9579'; 
UPDATE user SET prioritaryDepartmentFK = '4ecec299-3ca3-401d-a956-c4a4f7037708' WHERE userID = '5d0d209a-d6ab-4018-99b0-827eb26bfc7d'; 
UPDATE user SET prioritaryDepartmentFK = '25efc7f5-4b97-4770-8314-f5d77eee33a6' WHERE userID = '2d4ce415-c52d-40cb-bf61-d416e231bfbe'; 
UPDATE user SET prioritaryDepartmentFK = '39cb0b2f-ad4d-4ecc-9dbc-ad07263231ad' WHERE userID = '8688394f-fe6f-487c-9df6-386c096f1bda'; 
UPDATE user SET prioritaryDepartmentFK = 'd4b9fb99-2ad5-4e4a-abb1-f097d6929fb6' WHERE userID = 'fbe23ae6-eb21-4710-b7fb-b5f0f53f0e5a'; 
UPDATE user SET prioritaryDepartmentFK = '39cb0b2f-ad4d-4ecc-9dbc-ad07263231ad' WHERE userID = 'f06a33db-1f0d-45e2-817c-74d9edbd0cdb'; 
UPDATE user SET prioritaryDepartmentFK = '0edfc303-ecce-4aea-b6e1-425f1f902de1' WHERE userID = '00f46195-fd5a-477a-ada7-b40d8109296a'; 
UPDATE user SET prioritaryDepartmentFK = 'd4b9fb99-2ad5-4e4a-abb1-f097d6929fb6' WHERE userID = '3c4665fb-60e1-412e-aa49-051d9a578bf1'; 
UPDATE user SET prioritaryDepartmentFK = '210eca37-eb67-43b1-be20-150e3ecc1048' WHERE userID = '80c88fdc-e641-4456-affb-a7fc16fcce89'; 
UPDATE user SET prioritaryDepartmentFK = '852a872e-804b-4377-8f4a-7f55a88d346b' WHERE userID = '4bcb29b8-2a2b-41e9-9e78-5baf1aa3f419'; 
UPDATE user SET prioritaryDepartmentFK = 'a208e068-c5f5-402c-a0c7-4e3c55ac8a7c' WHERE userID = 'ee8fc84e-40f3-4894-915b-b5b15d2d7208'; 
UPDATE user SET prioritaryDepartmentFK = '5b5a60e7-2c73-48bf-9a63-4ddaa8b0f837' WHERE userID = '4e0fcd6d-f85a-4f20-83a4-0d2e64ad8ddd'; 
UPDATE user SET prioritaryDepartmentFK = 'f95c2853-bf75-4e67-a526-9e24ee54085c' WHERE userID = '84621f06-94bf-4515-b506-c4859eb51137'; 
UPDATE user SET prioritaryDepartmentFK = '1c705941-96f7-4585-8b6e-e166e00656a7' WHERE userID = 'f3679177-dfd1-41f6-869b-4396260ba6cf'; 
UPDATE user SET prioritaryDepartmentFK = 'f8342847-7ea7-4c26-b5d1-91c6f1ca91fc' WHERE userID = '68de333c-6a4a-4082-872b-64888635edce'; 
UPDATE user SET prioritaryDepartmentFK = 'a208e068-c5f5-402c-a0c7-4e3c55ac8a7c' WHERE userID = 'd25e2404-1f27-4aa3-9c8d-776b652af64f'; 
UPDATE user SET prioritaryDepartmentFK = 'd4b9fb99-2ad5-4e4a-abb1-f097d6929fb6' WHERE userID = '0632f95d-dcbc-4b0a-ab44-e0de32f6c73f'; 
INSERT INTO workStatus(workStatusID, startDate,endDate, userStatusIDFK) VALUES('103c8c06-b6d6-4cd1-8f03-aea3de4dd2fa', '2026-06-16', '1934-02-24', '1c099900-1001-45ce-97a6-15a4863e6317'); 
INSERT INTO workStatus(workStatusID, startDate,endDate, userStatusIDFK) VALUES('1822b50a-5d2e-4d8f-9e80-758c90b11897', '2026-01-02', '2026-08-22', '35f36ccd-3de3-4f3c-b393-62b222afa64c'); 
INSERT INTO workStatus(workStatusID, startDate,endDate, userStatusIDFK) VALUES('38fe96e6-a175-4373-af9f-6fb3b79269c1', '2026-03-08', '2026-10-01', '80c88fdc-e641-4456-affb-a7fc16fcce89'); 
INSERT INTO workStatus(workStatusID, startDate,endDate, userStatusIDFK) VALUES('7ef63ff4-82cf-459a-a60d-88fa4586902c', '2026-02-19', '1886-05-01', '9b07f0fa-a388-409d-a6aa-85177dfc7742'); 
INSERT INTO workStatus(workStatusID, startDate,endDate, userStatusIDFK) VALUES('9b74fe0a-28b6-4c91-b78b-28360a1e75fe', '2026-08-28', '1910-11-20', '3690bcdb-413e-4d41-9f63-858bcc10e9e9'); 
INSERT INTO workStatus(workStatusID, startDate,endDate, userStatusIDFK) VALUES('3aabb0c3-a5f6-4935-a271-3b810caf8016', '2026-08-28', '2026-05-15', 'a00a2690-8fa6-4366-909f-24af4ab82f59'); 
INSERT INTO workStatus(workStatusID, startDate,endDate, userStatusIDFK) VALUES('68ad3e91-e348-4f58-8650-9dea8a489a4d', '2026-11-02', '2026-04-02', '35f36ccd-3de3-4f3c-b393-62b222afa64c'); 
INSERT INTO workStatus(workStatusID, startDate,endDate, userStatusIDFK) VALUES('22b2085d-3414-4db4-aae4-eadd4d971cde', '2026-08-28', '2026-12-25', '08ce7a4c-bbbf-44a6-a5f4-fe7a2b587e28'); 
INSERT INTO workStatus(workStatusID, startDate,endDate, userStatusIDFK) VALUES('d3abdd70-9568-482f-b5a5-c04cc8725425', '2026-06-02', '2026-05-15', '68de333c-6a4a-4082-872b-64888635edce'); 
INSERT INTO workStatus(workStatusID, startDate,endDate, userStatusIDFK) VALUES('5a931744-7064-4c8c-8257-f1cf2a9cad9b', '2026-10-01', '2026-05-10', 'ff748427-fd3c-4eb0-9104-8303c48118c6'); 
INSERT INTO workStatus(workStatusID, startDate,endDate, userStatusIDFK) VALUES('60caf920-17c1-436b-a639-d419946730d8', '2026-03-08', '1910-11-20', '2f364327-4740-42b9-a235-7733f4deb641'); 
INSERT INTO workStatus(workStatusID, startDate,endDate, userStatusIDFK) VALUES('64d60b55-a536-4152-9122-672482321da3', '2026-08-22', '2026-01-02', '5d0d209a-d6ab-4018-99b0-827eb26bfc7d'); 
INSERT INTO workStatus(workStatusID, startDate,endDate, userStatusIDFK) VALUES('b4c56f88-de03-4f0e-9cc7-a2902b789c80', '2026-05-23', '2026-05-23', '08ce7a4c-bbbf-44a6-a5f4-fe7a2b587e28'); 
INSERT INTO workStatus(workStatusID, startDate,endDate, userStatusIDFK) VALUES('70a393d7-c715-49e5-b852-c3ee07885e8f', '1806-03-21', '2026-10-12', '944b0b89-dbe5-4321-a5a5-872189b7e0c7'); 
INSERT INTO workStatus(workStatusID, startDate,endDate, userStatusIDFK) VALUES('743d4616-ce71-4e6a-b1ac-3c621cdff5f3', '2026-08-28', '2026-06-02', 'cee4f184-16c2-4de3-9c99-7b1c7094a9f5'); 
INSERT INTO workStatus(workStatusID, startDate,endDate, userStatusIDFK) VALUES('8bc34f4f-b156-470f-a63e-7165b2aeabc9', '2026-06-16', '2026-10-12', '0af615c1-c080-4c69-8af1-187b7c1177ac'); 
INSERT INTO workStatus(workStatusID, startDate,endDate, userStatusIDFK) VALUES('e60d0322-6f1f-4164-93a8-6e1033315f82', '2026-09-21', '2026-05-10', 'cb6acfbb-aa84-4cde-93b0-d1e6b3e25b84'); 
INSERT INTO workStatus(workStatusID, startDate,endDate, userStatusIDFK) VALUES('f29c9863-014a-42ac-938e-c86b75d56e97', '2026-10-12', '2026-04-02', 'fbe23ae6-eb21-4710-b7fb-b5f0f53f0e5a'); 
INSERT INTO workStatus(workStatusID, startDate,endDate, userStatusIDFK) VALUES('a8a14116-b174-4810-b72b-c6511d62e981', '1806-03-21', '1920-09-15', 'a00a2690-8fa6-4366-909f-24af4ab82f59'); 
INSERT INTO workStatus(workStatusID, startDate,endDate, userStatusIDFK) VALUES('0f4721d7-b296-4c20-aef0-aec7984f08af', '2000-01-07', '2000-01-07', 'e22eff57-e308-4213-bd85-fe16a4707e30'); 
INSERT INTO workStatus(workStatusID, startDate,endDate, userStatusIDFK) VALUES('117322d7-c43f-4aad-809d-e153ad287584', '2000-01-07', '1917-02-05', '1ad858be-b08b-4641-bc20-d7e88c64f3d7'); 
INSERT INTO workStatus(workStatusID, startDate,endDate, userStatusIDFK) VALUES('fa3921a9-00ba-4808-a9f9-85600af882e1', '1531-12-12', '2026-11-02', 'f0d00b0f-d656-4c56-a8f8-5d8279f8333b'); 
INSERT INTO workStatus(workStatusID, startDate,endDate, userStatusIDFK) VALUES('6a82b94b-d566-434a-aa4d-561b488f3df1', '2026-09-21', '2026-06-16', '944b0b89-dbe5-4321-a5a5-872189b7e0c7'); 
INSERT INTO workStatus(workStatusID, startDate,endDate, userStatusIDFK) VALUES('9860e21d-c0ec-4642-8ed3-03e93d85a289', '2026-06-05', '2026-03-08', '06008f73-48db-4dd4-ac57-e5af1ebb972b'); 
INSERT INTO workStatus(workStatusID, startDate,endDate, userStatusIDFK) VALUES('a5f34afb-0e92-4b4b-831b-426cb3a24fd1', '2026-05-15', '2026-02-14', '9b07f0fa-a388-409d-a6aa-85177dfc7742'); 
INSERT INTO workStatus(workStatusID, startDate,endDate, userStatusIDFK) VALUES('a409baa8-f3f7-4d95-8088-9e7d2e91c729', '2026-11-02', '2026-04-07', '3c4665fb-60e1-412e-aa49-051d9a578bf1'); 
INSERT INTO workStatus(workStatusID, startDate,endDate, userStatusIDFK) VALUES('ebdccf2d-4883-4097-9432-d33bd7dcf57f', '2026-02-14', '2026-04-30', '7e84b170-77be-4c7b-aca1-0a4df8445dc3'); 
INSERT INTO workStatus(workStatusID, startDate,endDate, userStatusIDFK) VALUES('656d3503-ea63-44b1-8c33-0a411ee6104c', '2026-02-14', '2026-05-10', '896c0808-6001-441d-b22c-a0a85d235dc6'); 
INSERT INTO workStatus(workStatusID, startDate,endDate, userStatusIDFK) VALUES('c6e74e99-2225-4517-a445-0451aa7186ad', '2026-05-15', '2026-03-08', 'a6565d68-600c-422f-89db-07b918610ec6'); 
INSERT INTO workStatus(workStatusID, startDate,endDate, userStatusIDFK) VALUES('0c757416-b693-4cc7-9f2a-5afbf0424989', '2026-06-02', '2026-06-16', 'fbe23ae6-eb21-4710-b7fb-b5f0f53f0e5a'); 
INSERT INTO workStatus(workStatusID, startDate,endDate, userStatusIDFK) VALUES('7c134480-64ee-41ea-9b4c-d3dc5849506e', '2026-04-07', '2026-04-07', 'f4e7651d-fce8-4f7f-b908-c68f8b93c91c'); 
INSERT INTO workStatus(workStatusID, startDate,endDate, userStatusIDFK) VALUES('c6c29421-bd85-4307-8ec7-760d438951c3', '1920-09-15', '2026-08-28', 'b39824f1-1b8a-4dd3-8cde-7e70ce5c4dd3'); 
INSERT INTO workStatus(workStatusID, startDate,endDate, userStatusIDFK) VALUES('d8da00ac-b658-4507-86f4-ea30bbadc5dc', '1917-02-05', '2026-09-21', '711b532f-b634-48f6-9040-293a9c39b70b'); 
INSERT INTO workStatus(workStatusID, startDate,endDate, userStatusIDFK) VALUES('715806e7-664a-41b7-8d5f-f7c237d1c2e3', '2026-04-07', '1920-09-15', '34df1283-62bd-4e6e-b427-b5743825e768'); 
INSERT INTO workStatus(workStatusID, startDate,endDate, userStatusIDFK) VALUES('8fe1cd79-1288-46d7-a491-21a30279a9ea', '2026-01-02', '2026-11-02', 'f4e7651d-fce8-4f7f-b908-c68f8b93c91c'); 
INSERT INTO workStatus(workStatusID, startDate,endDate, userStatusIDFK) VALUES('9701ba8e-c3f1-4f85-95e7-a0ad76827af0', '2026-03-08', '2026-03-08', '1c099900-1001-45ce-97a6-15a4863e6317'); 
INSERT INTO workStatus(workStatusID, startDate,endDate, userStatusIDFK) VALUES('6b66a78c-09aa-45b3-94e5-a6ef7ca7a90a', '2026-10-12', '2026-04-02', '788e05e9-ccbd-42fc-b55e-aed2167b68fa'); 
INSERT INTO workStatus(workStatusID, startDate,endDate, userStatusIDFK) VALUES('f06f5190-1dc7-4297-b7a6-9ace1100759d', '1910-11-20', '2026-10-01', '8313a04a-36aa-406d-ae96-2683ececa8c4'); 
INSERT INTO workStatus(workStatusID, startDate,endDate, userStatusIDFK) VALUES('bdb38863-a204-4b4b-8e75-e6776555c8f6', '2026-03-08', '2026-08-28', 'ecdc1188-5f69-4862-a21e-d3daf2b72d05'); 
INSERT INTO workStatus(workStatusID, startDate,endDate, userStatusIDFK) VALUES('0a47afa4-15c0-448b-9eae-aa016b5e89cf', '2026-05-10', '2026-05-10', 'f0d00b0f-d656-4c56-a8f8-5d8279f8333b'); 
INSERT INTO workStatus(workStatusID, startDate,endDate, userStatusIDFK) VALUES('4c9b4f32-12b5-47db-abfa-6bb304b262a8', '2026-02-19', '2026-04-30', '4e0fcd6d-f85a-4f20-83a4-0d2e64ad8ddd'); 
INSERT INTO workStatus(workStatusID, startDate,endDate, userStatusIDFK) VALUES('5381fbfd-8266-4b0b-b55c-980fa8335fda', '2026-01-02', '2026-08-28', 'a00a2690-8fa6-4366-909f-24af4ab82f59'); 
INSERT INTO workStatus(workStatusID, startDate,endDate, userStatusIDFK) VALUES('20bf5b8b-725f-4ed5-8706-f85459794f56', '2026-06-02', '2026-05-10', 'f12b101c-9e2f-49a0-b028-bb3f63004929'); 
INSERT INTO workStatus(workStatusID, startDate,endDate, userStatusIDFK) VALUES('06eb0e9e-fab6-4159-9016-6df1372c4dc2', '2026-10-12', '2026-06-16', '6d454fb2-4120-4ad8-b6dd-7a472b5a6f0d'); 
INSERT INTO workStatus(workStatusID, startDate,endDate, userStatusIDFK) VALUES('74b4066c-085f-4557-b6e0-0c68e6f77684', '2026-05-15', '2026-12-25', '7e84b170-77be-4c7b-aca1-0a4df8445dc3'); 
INSERT INTO workStatus(workStatusID, startDate,endDate, userStatusIDFK) VALUES('4bbc6bb9-ada2-45fa-a584-a765f85b6c64', '2026-06-16', '2026-08-22', 'ecdc1188-5f69-4862-a21e-d3daf2b72d05'); 
INSERT INTO workStatus(workStatusID, startDate,endDate, userStatusIDFK) VALUES('ba8129c6-e90f-4e5f-93b0-8be8fb4754b4', '1910-11-20', '2026-04-07', 'b39824f1-1b8a-4dd3-8cde-7e70ce5c4dd3'); 
INSERT INTO workStatus(workStatusID, startDate,endDate, userStatusIDFK) VALUES('ef5b1e96-c117-412d-bb54-f8c50e7aeed5', '1920-09-15', '1920-09-15', 'a1ec5c8d-ea63-41c9-9cde-2aded0209ce9'); 
INSERT INTO workStatus(workStatusID, startDate,endDate, userStatusIDFK) VALUES('c391434e-7a3e-46ce-b38b-c48d7a20ab11', '2000-01-07', '2026-04-02', '0632f95d-dcbc-4b0a-ab44-e0de32f6c73f'); 
INSERT INTO workStatus(workStatusID, startDate,endDate, userStatusIDFK) VALUES('0e3e5706-0365-40f1-bae4-efcda78110f5', '2026-02-19', '2026-10-01', '00f46195-fd5a-477a-ada7-b40d8109296a'); 
INSERT INTO workStatus(workStatusID, startDate,endDate, userStatusIDFK) VALUES('c942168d-cf91-4d7a-a28e-3da49c7bfba3', '2000-01-07', '2026-11-02', 'b51a434f-9fce-4a48-b03b-ff0dcd38c61f'); 
INSERT INTO workStatus(workStatusID, startDate,endDate, userStatusIDFK) VALUES('6f9b075f-69ae-4079-a4db-c82fa40a4631', '2026-11-02', '1910-11-20', '9bf4631c-f0fc-49a7-beea-0de9a74a9579'); 
INSERT INTO workStatus(workStatusID, startDate,endDate, userStatusIDFK) VALUES('54796d91-1d0a-4c19-ad8a-7ad0f915d858', '2026-09-21', '2026-09-21', 'ee8fc84e-40f3-4894-915b-b5b15d2d7208'); 
INSERT INTO workStatus(workStatusID, startDate,endDate, userStatusIDFK) VALUES('f82a13c0-5ab7-4ba0-a9a4-77c8f8f03589', '2026-01-02', '1920-09-15', 'b9a02999-d8c5-43cd-b72b-f6b37d905a26'); 
INSERT INTO workStatus(workStatusID, startDate,endDate, userStatusIDFK) VALUES('26ec1fa0-bd19-4695-b134-1baa2c46bded', '2026-04-30', '2026-04-07', '69d97e60-1958-4957-8e5f-4d9559b24aad'); 
INSERT INTO workStatus(workStatusID, startDate,endDate, userStatusIDFK) VALUES('405e5cb7-2655-475b-9eb4-9b74db87937b', '2026-01-02', '2026-06-05', '4bcb29b8-2a2b-41e9-9e78-5baf1aa3f419'); 
INSERT INTO workStatus(workStatusID, startDate,endDate, userStatusIDFK) VALUES('d91e66f5-c892-4b85-bfdb-fa371b5894d2', '1531-12-12', '2026-08-22', 'ef7cf5ec-cd95-4b94-884c-7ff5aa5f1786'); 
INSERT INTO workStatus(workStatusID, startDate,endDate, userStatusIDFK) VALUES('dac72d75-3b08-4ccf-8441-7bb51a991b0f', '1806-03-21', '1806-03-21', 'f0d00b0f-d656-4c56-a8f8-5d8279f8333b'); 
INSERT INTO workStatus(workStatusID, startDate,endDate, userStatusIDFK) VALUES('e72d25e1-6540-4af9-92b8-e28b92a9b907', '1934-02-24', '2026-10-01', '19df4a90-2766-4846-aa4c-c9624804e3d0'); 
INSERT INTO workStatus(workStatusID, startDate,endDate, userStatusIDFK) VALUES('b445452f-fb5f-4916-af2a-c4b911f2dff3', '2026-05-15', '1806-03-21', '08ce7a4c-bbbf-44a6-a5f4-fe7a2b587e28'); 

INSERT INTO oneOnOneQuestion(questionID, question) VALUES('1f2d5032-e532-4d78-9b76-7fc03883747d', '¿El trabajo y las entregas van en el tiempo planeado?'); 
INSERT INTO oneOnOneQuestion(questionID, question) VALUES('a478286d-8f97-4753-90a9-452f9c9c4fc9', '¿Estás preocupado, decepcionado o estresado?'); 
INSERT INTO oneOnOneQuestion(questionID, question) VALUES('81ae1e3e-26fa-45a6-baed-292f6af2d3e3', '¿Qué vamos hacer para cumplir las metas?'); 
INSERT INTO oneOnOneQuestion(questionID, question) VALUES('4072b1d7-c501-400b-b11c-a780e5940194', '¿Estás preocupado, decepcionado o estresado?'); 

INSERT INTO oneOnOneMeasurable(measurableID, summary) VALUES('3fbaacf4-6067-418a-964c-7c692f96a9a1', 'Equilibrio: El colaborador siente que hay mucho equilibrio entre su vida personal y trabajo'); 
INSERT INTO oneOnOneMeasurable(measurableID, summary) VALUES('80664801-7179-4d19-b903-adfa975f3a51', 'Carga de trabajo El colaborador siente que su carga de trabajo no es manejable'); 
INSERT INTO oneOnOneMeasurable(measurableID, summary) VALUES('2eb27310-3c09-4cb8-b28b-4e1b2c959b92', 'Salud fisica: El colaborador menciona tener una salud fisica mala'); 
INSERT INTO oneOnOneMeasurable(measurableID, summary) VALUES('9c0457ba-1d50-4dca-8b54-2985a535b357', 'Salud fisica: El colaborador menciona tener una salud fisica buena'); 
INSERT INTO oneOnOneMeasurable(measurableID, summary) VALUES('c393b11f-4b23-4a99-bed6-2eda690c766d', 'Salud emocional: El colaborador se siente regular emocionalmente y con emociones poco positivas'); 

INSERT INTO oneOnOne(oneOnOneID, expectedTime, meetingDate, meetingLink, oneOnOneUserIDFK) VALUES('b3ed54fe-417d-43e7-b337-3e5bfad20d1a', 15, '2025-03-05 09:15:00', 'https://meet.google.com/abc-defg-hij', '9e2b6d5a-fd7c-4fc5-88bc-0adced613176');
INSERT INTO oneOnOne(oneOnOneID, expectedTime, meetingDate, meetingLink, oneOnOneUserIDFK) VALUES('b76f9be5-4904-41bf-b154-f0fb08dd4f06', 15, '2025-03-05 09:15:00', 'https://meet.google.com/abc-defg-hij', '0d7413c0-fb2c-4cae-b220-c7ade14c340c');
INSERT INTO oneOnOne(oneOnOneID, expectedTime, meetingDate, meetingLink, oneOnOneUserIDFK) VALUES('067fc144-dbbb-46e8-9534-189aeb8735d0', 15, '2025-05-07 14:45:00', 'https://meet.google.com/abc-defg-hij', 'ea4fdc0b-5bef-4985-8e28-441ad0ed19d2');
INSERT INTO oneOnOne(oneOnOneID, expectedTime, meetingDate, meetingLink, oneOnOneUserIDFK) VALUES('90aa1680-a51e-4df4-a57c-c0af824070c7', 15, '2025-05-07 07:00:00', 'https://meet.google.com/abc-defg-hij', '788e05e9-ccbd-42fc-b55e-aed2167b68fa');
INSERT INTO oneOnOne(oneOnOneID, expectedTime, meetingDate, meetingLink, oneOnOneUserIDFK) VALUES('0301111b-9bfc-43d0-8d73-098f03b3a583', 15, '2025-05-07 14:30:00', 'https://meet.google.com/abc-defg-hij', 'ece04e5d-6bcd-4cab-916e-a13eff98d0f1');
INSERT INTO oneOnOne(oneOnOneID, expectedTime, meetingDate, meetingLink, oneOnOneUserIDFK) VALUES('4ce95d0c-98e0-4c08-a767-33846a349686', 15, '2025-03-20 13:30:00', 'https://meet.google.com/abc-defg-hij', '8a3e8319-c9f7-4d36-9652-f6babcc27e0a');
INSERT INTO oneOnOne(oneOnOneID, expectedTime, meetingDate, meetingLink, oneOnOneUserIDFK) VALUES('9f5f9ca8-eea0-4b94-a3b3-5804ff41620c', 15, '2025-03-05 09:45:00', 'https://meet.google.com/abc-defg-hij', 'e22eff57-e308-4213-bd85-fe16a4707e30');
INSERT INTO oneOnOne(oneOnOneID, expectedTime, meetingDate, meetingLink, oneOnOneUserIDFK) VALUES('e1e9c014-6d2a-4903-b018-96d9b8f57660', 15, '2025-03-05 09:45:00', 'https://meet.google.com/abc-defg-hij', '84621f06-94bf-4515-b506-c4859eb51137');
INSERT INTO oneOnOne(oneOnOneID, expectedTime, meetingDate, meetingLink, oneOnOneUserIDFK) VALUES('78396fd0-3e6f-41a0-bbea-e2d3cbcb93df', 15, '2025-03-21 16:00:00', 'https://meet.google.com/abc-defg-hij', 'cb6acfbb-aa84-4cde-93b0-d1e6b3e25b84');
INSERT INTO oneOnOne(oneOnOneID, expectedTime, meetingDate, meetingLink, oneOnOneUserIDFK) VALUES('3c6e41d2-48f9-47be-99ab-d415230d85f3', 15, '2025-05-12 14:30:00', 'https://meet.google.com/abc-defg-hij', '482e4575-74e8-4915-b2b3-c3be587b64de');
INSERT INTO oneOnOne(oneOnOneID, expectedTime, meetingDate, meetingLink, oneOnOneUserIDFK) VALUES('eb6feecd-42b9-48d6-99d1-94c10d0202df', 15, '2025-03-20 13:30:00', 'https://meet.google.com/abc-defg-hij', '8cd74984-45f4-4cd4-9c5a-9e17fe744b8c');
INSERT INTO oneOnOne(oneOnOneID, expectedTime, meetingDate, meetingLink, oneOnOneUserIDFK) VALUES('085552dc-6a75-4aef-a935-e36d21525cee', 15, '2025-05-07 14:30:00', 'https://meet.google.com/abc-defg-hij', '8ea9d107-9375-40d9-b0a3-b1715e8642ad');
INSERT INTO oneOnOne(oneOnOneID, expectedTime, meetingDate, meetingLink, oneOnOneUserIDFK) VALUES('6bae58ff-7065-4172-844c-6eea54c33c31', 15, '2025-03-20 13:45:00', 'https://meet.google.com/abc-defg-hij', 'f12b101c-9e2f-49a0-b028-bb3f63004929');
INSERT INTO oneOnOne(oneOnOneID, expectedTime, meetingDate, meetingLink, oneOnOneUserIDFK) VALUES('1d1b5000-8871-43e4-a0e8-fae753a83f52', 15, '2025-03-05 09:45:00', 'https://meet.google.com/abc-defg-hij', 'f12b101c-9e2f-49a0-b028-bb3f63004929');
INSERT INTO oneOnOne(oneOnOneID, expectedTime, meetingDate, meetingLink, oneOnOneUserIDFK) VALUES('8be89ff9-d2f4-4c0f-a5e9-c14006dc9007', 15, '2025-03-20 13:30:00', 'https://meet.google.com/abc-defg-hij', 'cb6acfbb-aa84-4cde-93b0-d1e6b3e25b84');
INSERT INTO oneOnOne(oneOnOneID, expectedTime, meetingDate, meetingLink, oneOnOneUserIDFK) VALUES('49624243-4995-4b88-a704-2c3a8f14da88', 15, '2025-03-05 09:45:00', 'https://meet.google.com/abc-defg-hij', '788e05e9-ccbd-42fc-b55e-aed2167b68fa');
INSERT INTO oneOnOne(oneOnOneID, expectedTime, meetingDate, meetingLink, oneOnOneUserIDFK) VALUES('f5f32db6-3334-42c3-bbf7-c5954027d783', 15, '2025-05-12 14:30:00', 'https://meet.google.com/abc-defg-hij', 'c1e05561-bfff-4b37-a06a-07efc37f217e');
INSERT INTO oneOnOne(oneOnOneID, expectedTime, meetingDate, meetingLink, oneOnOneUserIDFK) VALUES('f8537224-8d01-4867-891f-35cd1428fbcb', 15, '2025-05-07 14:45:00', 'https://meet.google.com/abc-defg-hij', 'ef7cf5ec-cd95-4b94-884c-7ff5aa5f1786');
INSERT INTO oneOnOne(oneOnOneID, expectedTime, meetingDate, meetingLink, oneOnOneUserIDFK) VALUES('1f6a54e4-ff94-4cd6-977c-42867595f899', 15, '2025-05-12 14:45:00', 'https://meet.google.com/abc-defg-hij', '1c099900-1001-45ce-97a6-15a4863e6317');
INSERT INTO oneOnOne(oneOnOneID, expectedTime, meetingDate, meetingLink, oneOnOneUserIDFK) VALUES('8a83f1bf-5105-484c-9043-7b2e62e58247', 15, '2025-05-07 14:15:00', 'https://meet.google.com/abc-defg-hij', 'ecdc1188-5f69-4862-a21e-d3daf2b72d05');
INSERT INTO oneOnOne(oneOnOneID, expectedTime, meetingDate, meetingLink, oneOnOneUserIDFK) VALUES('ba2ecffc-b444-41ad-9eb3-a7b03d2aa1fd', 15, '2025-03-21 16:15:00', 'https://meet.google.com/abc-defg-hij', '788e05e9-ccbd-42fc-b55e-aed2167b68fa');
INSERT INTO oneOnOne(oneOnOneID, expectedTime, meetingDate, meetingLink, oneOnOneUserIDFK) VALUES('c7772842-a58b-4727-920b-3e25c56df4c1', 15, '2025-03-21 16:00:00', 'https://meet.google.com/abc-defg-hij', '6d454fb2-4120-4ad8-b6dd-7a472b5a6f0d');
INSERT INTO oneOnOne(oneOnOneID, expectedTime, meetingDate, meetingLink, oneOnOneUserIDFK) VALUES('ce170675-c743-4068-801b-0e25e3854e25', 15, '2025-05-07 07:00:00', 'https://meet.google.com/abc-defg-hij', '9374a86b-3bbb-410b-8bd2-3892b647d3d1');
INSERT INTO oneOnOne(oneOnOneID, expectedTime, meetingDate, meetingLink, oneOnOneUserIDFK) VALUES('52ab5890-d01e-4dc4-9f1f-fd32ed143863', 15, '2025-05-07 07:00:00', 'https://meet.google.com/abc-defg-hij', 'a6565d68-600c-422f-89db-07b918610ec6');
INSERT INTO oneOnOne(oneOnOneID, expectedTime, meetingDate, meetingLink, oneOnOneUserIDFK) VALUES('43bc1e52-e101-472f-a702-087454b3cce4', 15, '2025-05-07 14:30:00', 'https://meet.google.com/abc-defg-hij', '896c0808-6001-441d-b22c-a0a85d235dc6');
INSERT INTO oneOnOne(oneOnOneID, expectedTime, meetingDate, meetingLink, oneOnOneUserIDFK) VALUES('48ca0145-fcee-4a34-9135-af54796b73cb', 15, '2025-05-07 14:15:00', 'https://meet.google.com/abc-defg-hij', '896c0808-6001-441d-b22c-a0a85d235dc6');
INSERT INTO oneOnOne(oneOnOneID, expectedTime, meetingDate, meetingLink, oneOnOneUserIDFK) VALUES('7c9ba485-0ff8-48dc-9dbc-c6bf0490c049', 15, '2025-03-20 13:30:00', 'https://meet.google.com/abc-defg-hij', 'd25e2404-1f27-4aa3-9c8d-776b652af64f');
INSERT INTO oneOnOne(oneOnOneID, expectedTime, meetingDate, meetingLink, oneOnOneUserIDFK) VALUES('c000d970-5452-4bc7-9d28-3cbfa5d7642a', 15, '2025-05-12 14:30:00', 'https://meet.google.com/abc-defg-hij', 'fbb168bd-ef04-4846-aa5b-a1e6796f7e1f');
INSERT INTO oneOnOne(oneOnOneID, expectedTime, meetingDate, meetingLink, oneOnOneUserIDFK) VALUES('c3391e89-f822-4ab8-aca6-670f6767e8d7', 15, '2025-05-07 14:45:00', 'https://meet.google.com/abc-defg-hij', 'e22eff57-e308-4213-bd85-fe16a4707e30');
INSERT INTO oneOnOne(oneOnOneID, expectedTime, meetingDate, meetingLink, oneOnOneUserIDFK) VALUES('8357dbbf-1780-467b-aa7d-d70c40112bca', 15, '2025-05-07 14:15:00', 'https://meet.google.com/abc-defg-hij', 'b51a434f-9fce-4a48-b03b-ff0dcd38c61f');
INSERT INTO oneOnOne(oneOnOneID, expectedTime, meetingDate, meetingLink, oneOnOneUserIDFK) VALUES('c2b98a29-c9f1-40b1-884b-ec7bce43568d', 15, '2025-05-12 14:15:00', 'https://meet.google.com/abc-defg-hij', '0d7413c0-fb2c-4cae-b220-c7ade14c340c');
INSERT INTO oneOnOne(oneOnOneID, expectedTime, meetingDate, meetingLink, oneOnOneUserIDFK) VALUES('d580a1ad-8ce2-4eb7-acc7-059089be1ab2', 15, '2025-03-21 16:00:00', 'https://meet.google.com/abc-defg-hij', '243abe6f-2ba6-429c-97c7-21991d4e5e03');
INSERT INTO oneOnOne(oneOnOneID, expectedTime, meetingDate, meetingLink, oneOnOneUserIDFK) VALUES('39d48e25-4f5c-48a5-aac3-7b0e98fbaf45', 15, '2025-05-07 14:45:00', 'https://meet.google.com/abc-defg-hij', 'ece04e5d-6bcd-4cab-916e-a13eff98d0f1');
INSERT INTO oneOnOne(oneOnOneID, expectedTime, meetingDate, meetingLink, oneOnOneUserIDFK) VALUES('3f3dcb44-cd54-43e8-878a-f449c3c8d7e8', 15, '2025-03-05 09:30:00', 'https://meet.google.com/abc-defg-hij', 'f06a33db-1f0d-45e2-817c-74d9edbd0cdb');
INSERT INTO oneOnOne(oneOnOneID, expectedTime, meetingDate, meetingLink, oneOnOneUserIDFK) VALUES('bd1e1439-2cac-44db-b2bc-6df5fcaac040', 15, '2025-03-20 13:30:00', 'https://meet.google.com/abc-defg-hij', '5ada3202-fbcc-4180-b3da-ea8f8ae89b58');
INSERT INTO oneOnOne(oneOnOneID, expectedTime, meetingDate, meetingLink, oneOnOneUserIDFK) VALUES('601cce54-6591-4c3d-ba34-71cbf28fdf2b', 15, '2025-03-20 13:45:00', 'https://meet.google.com/abc-defg-hij', '3f112156-de75-40ca-9d52-d57b41f3d764');
INSERT INTO oneOnOne(oneOnOneID, expectedTime, meetingDate, meetingLink, oneOnOneUserIDFK) VALUES('967d1c03-7318-4e33-9826-489c86646ada', 15, '2025-05-07 14:30:00', 'https://meet.google.com/abc-defg-hij', '68de333c-6a4a-4082-872b-64888635edce');
INSERT INTO oneOnOne(oneOnOneID, expectedTime, meetingDate, meetingLink, oneOnOneUserIDFK) VALUES('07752b78-401d-471f-88c2-aba75828c35c', 15, '2025-05-07 14:30:00', 'https://meet.google.com/abc-defg-hij', '711b532f-b634-48f6-9040-293a9c39b70b');
INSERT INTO oneOnOne(oneOnOneID, expectedTime, meetingDate, meetingLink, oneOnOneUserIDFK) VALUES('cf343017-d0b6-4c3a-9046-35864dabb1c5', 15, '2025-05-07 14:30:00', 'https://meet.google.com/abc-defg-hij', 'd504b432-12d1-46a4-809e-5509624ea3ba');
INSERT INTO oneOnOne(oneOnOneID, expectedTime, meetingDate, meetingLink, oneOnOneUserIDFK) VALUES('0b168eb6-bee6-4e81-827a-5d4c49917c60', 15, '2025-05-12 14:30:00', 'https://meet.google.com/abc-defg-hij', '68de333c-6a4a-4082-872b-64888635edce');
INSERT INTO oneOnOne(oneOnOneID, expectedTime, meetingDate, meetingLink, oneOnOneUserIDFK) VALUES('9bc222d0-496f-4bfa-b467-c90072df8e28', 15, '2025-03-05 09:45:00', 'https://meet.google.com/abc-defg-hij', 'a1ec5c8d-ea63-41c9-9cde-2aded0209ce9');
INSERT INTO oneOnOne(oneOnOneID, expectedTime, meetingDate, meetingLink, oneOnOneUserIDFK) VALUES('1fb7807c-04c9-4d80-aa6e-b306097529d9', 15, '2025-03-20 13:45:00', 'https://meet.google.com/abc-defg-hij', 'f12b101c-9e2f-49a0-b028-bb3f63004929');
INSERT INTO oneOnOne(oneOnOneID, expectedTime, meetingDate, meetingLink, oneOnOneUserIDFK) VALUES('b9cdbc82-cd2e-415c-96ff-d15c1e88dd9a', 15, '2025-05-07 07:30:00', 'https://meet.google.com/abc-defg-hij', 'f0d00b0f-d656-4c56-a8f8-5d8279f8333b');
INSERT INTO oneOnOne(oneOnOneID, expectedTime, meetingDate, meetingLink, oneOnOneUserIDFK) VALUES('0dd015c0-d71e-4500-b7f4-984cad65082f', 15, '2025-03-21 16:00:00', 'https://meet.google.com/abc-defg-hij', '76cf6199-f1cc-4b3c-a4e2-5461154d31bc');
INSERT INTO oneOnOne(oneOnOneID, expectedTime, meetingDate, meetingLink, oneOnOneUserIDFK) VALUES('8f8c8f60-e9ad-48c6-8775-6cee823d0342', 15, '2025-03-21 16:00:00', 'https://meet.google.com/abc-defg-hij', '5d0d209a-d6ab-4018-99b0-827eb26bfc7d');
INSERT INTO oneOnOne(oneOnOneID, expectedTime, meetingDate, meetingLink, oneOnOneUserIDFK) VALUES('14196bac-6518-426e-8745-a4d8d4316734', 15, '2025-03-05 09:30:00', 'https://meet.google.com/abc-defg-hij', '3515484e-0f26-4fda-8906-ed21128387ff');
INSERT INTO oneOnOne(oneOnOneID, expectedTime, meetingDate, meetingLink, oneOnOneUserIDFK) VALUES('e05c914c-4b13-494e-959d-70cdb189385e', 15, '2025-03-20 13:45:00', 'https://meet.google.com/abc-defg-hij', 'd9297875-c893-4342-a1fc-5487d24e4877');
INSERT INTO oneOnOne(oneOnOneID, expectedTime, meetingDate, meetingLink, oneOnOneUserIDFK) VALUES('5c98b501-7089-42d8-bd4c-edd92c496b78', 15, '2025-03-05 09:30:00', 'https://meet.google.com/abc-defg-hij', 'f98f0b72-8139-457c-a067-7cc2f0b6adfd');
INSERT INTO oneOnOne(oneOnOneID, expectedTime, meetingDate, meetingLink, oneOnOneUserIDFK) VALUES('e3d49f53-a151-4cd9-afca-2a1f27c3d428', 15, '2025-05-12 14:30:00', 'https://meet.google.com/abc-defg-hij', '2d4ce415-c52d-40cb-bf61-d416e231bfbe');
INSERT INTO oneOnOne(oneOnOneID, expectedTime, meetingDate, meetingLink, oneOnOneUserIDFK) VALUES('0b1aa6f8-f3d2-425e-8ad6-dd4cb9b1ec0c', 15, '2025-05-12 14:15:00', 'https://meet.google.com/abc-defg-hij', '80c88fdc-e641-4456-affb-a7fc16fcce89');
INSERT INTO oneOnOne(oneOnOneID, expectedTime, meetingDate, meetingLink, oneOnOneUserIDFK) VALUES('2becb356-0bda-49df-824c-3c5c58560250', 15, '2025-05-12 14:15:00', 'https://meet.google.com/abc-defg-hij', '711b532f-b634-48f6-9040-293a9c39b70b');
INSERT INTO oneOnOne(oneOnOneID, expectedTime, meetingDate, meetingLink, oneOnOneUserIDFK) VALUES('a81e6985-6b22-4657-af88-9417b380ca09', 15, '2025-03-20 13:30:00', 'https://meet.google.com/abc-defg-hij', 'ddd243d8-40e7-4734-8b24-2e3b26189387');
INSERT INTO oneOnOne(oneOnOneID, expectedTime, meetingDate, meetingLink, oneOnOneUserIDFK) VALUES('6aa66fa6-02c7-4c04-9745-d8aaedf71372', 15, '2025-03-20 13:30:00', 'https://meet.google.com/abc-defg-hij', '5d0d209a-d6ab-4018-99b0-827eb26bfc7d');
INSERT INTO oneOnOne(oneOnOneID, expectedTime, meetingDate, meetingLink, oneOnOneUserIDFK) VALUES('b964304d-7ce4-4d46-ad58-eb10c2917f68', 15, '2025-03-20 13:45:00', 'https://meet.google.com/abc-defg-hij', 'ff748427-fd3c-4eb0-9104-8303c48118c6');
INSERT INTO oneOnOne(oneOnOneID, expectedTime, meetingDate, meetingLink, oneOnOneUserIDFK) VALUES('985da971-0797-481a-89ca-50b283b4e2d0', 15, '2025-03-21 16:00:00', 'https://meet.google.com/abc-defg-hij', '6b6535ba-d888-4cfd-bdcd-c9bf19388058');
INSERT INTO oneOnOne(oneOnOneID, expectedTime, meetingDate, meetingLink, oneOnOneUserIDFK) VALUES('77b4f562-c4b7-4343-9f87-898320e62c91', 15, '2025-03-21 16:00:00', 'https://meet.google.com/abc-defg-hij', '482e4575-74e8-4915-b2b3-c3be587b64de');
INSERT INTO oneOnOne(oneOnOneID, expectedTime, meetingDate, meetingLink, oneOnOneUserIDFK) VALUES('08cdc358-7f46-4d61-963d-28b3b4dca816', 15, '2025-03-20 13:15:00', 'https://meet.google.com/abc-defg-hij', 'ff748427-fd3c-4eb0-9104-8303c48118c6');
INSERT INTO oneOnOne(oneOnOneID, expectedTime, meetingDate, meetingLink, oneOnOneUserIDFK) VALUES('e37e916c-01b1-422d-8240-f13b49befea1', 15, '2025-05-12 14:45:00', 'https://meet.google.com/abc-defg-hij', 'ef7cf5ec-cd95-4b94-884c-7ff5aa5f1786');
INSERT INTO oneOnOne(oneOnOneID, expectedTime, meetingDate, meetingLink, oneOnOneUserIDFK) VALUES('9e5aecc6-0da0-42b5-b742-14c125925291', 15, '2025-03-20 13:30:00', 'https://meet.google.com/abc-defg-hij', 'd25e2404-1f27-4aa3-9c8d-776b652af64f');
INSERT INTO oneOnOne(oneOnOneID, expectedTime, meetingDate, meetingLink, oneOnOneUserIDFK) VALUES('c14624b2-826d-4080-8fad-c5bd4b1fa912', 15, '2025-03-20 13:30:00', 'https://meet.google.com/abc-defg-hij', 'e22eff57-e308-4213-bd85-fe16a4707e30');
INSERT INTO oneOnOne(oneOnOneID, expectedTime, meetingDate, meetingLink, oneOnOneUserIDFK) VALUES('e201f7f7-c21c-4914-ae1d-1892de5fb690', 15, '2025-05-07 14:15:00', 'https://meet.google.com/abc-defg-hij', 'ee8fc84e-40f3-4894-915b-b5b15d2d7208');
INSERT INTO oneOnOne(oneOnOneID, expectedTime, meetingDate, meetingLink, oneOnOneUserIDFK) VALUES('6133ad26-f0f8-469a-8a73-e4bf55e5b64c', 15, '2025-03-20 13:30:00', 'https://meet.google.com/abc-defg-hij', 'a1ec5c8d-ea63-41c9-9cde-2aded0209ce9');
INSERT INTO oneOnOne(oneOnOneID, expectedTime, meetingDate, meetingLink, oneOnOneUserIDFK) VALUES('bb80f3d4-12d1-43c9-a114-ed6175200e9c', 15, '2025-03-05 09:45:00', 'https://meet.google.com/abc-defg-hij', '35f36ccd-3de3-4f3c-b393-62b222afa64c');
INSERT INTO oneOnOne(oneOnOneID, expectedTime, meetingDate, meetingLink, oneOnOneUserIDFK) VALUES('aa11558e-d0aa-4386-b71a-58cdd6d9c0aa', 15, '2025-03-21 16:00:00', 'https://meet.google.com/abc-defg-hij', '06008f73-48db-4dd4-ac57-e5af1ebb972b');
INSERT INTO oneOnOne(oneOnOneID, expectedTime, meetingDate, meetingLink, oneOnOneUserIDFK) VALUES('b4f2f1a1-5366-4161-82d2-67e47c78390b', 15, '2025-03-05 09:30:00', 'https://meet.google.com/abc-defg-hij', '8cd74984-45f4-4cd4-9c5a-9e17fe744b8c');
INSERT INTO oneOnOne(oneOnOneID, expectedTime, meetingDate, meetingLink, oneOnOneUserIDFK) VALUES('cedb9927-a86f-4068-99eb-f9f6a0ebe741', 15, '2025-03-20 13:30:00', 'https://meet.google.com/abc-defg-hij', 'ef7cf5ec-cd95-4b94-884c-7ff5aa5f1786');
INSERT INTO oneOnOne(oneOnOneID, expectedTime, meetingDate, meetingLink, oneOnOneUserIDFK) VALUES('9f50d506-3451-4f6e-9cc7-52db962d74bd', 15, '2025-05-12 14:15:00', 'https://meet.google.com/abc-defg-hij', 'cee4f184-16c2-4de3-9c99-7b1c7094a9f5');
INSERT INTO oneOnOne(oneOnOneID, expectedTime, meetingDate, meetingLink, oneOnOneUserIDFK) VALUES('3dfca836-f248-41d9-8a5f-268dfe766204', 15, '2025-03-20 13:15:00', 'https://meet.google.com/abc-defg-hij', '5cb5a143-7890-4a54-b710-88413b78b28d');
INSERT INTO oneOnOne(oneOnOneID, expectedTime, meetingDate, meetingLink, oneOnOneUserIDFK) VALUES('19104b6b-ebe1-485f-9e6d-425baa3e03e0', 15, '2025-03-20 13:15:00', 'https://meet.google.com/abc-defg-hij', 'c6377d69-ae67-4836-8753-99557c43c510');
INSERT INTO oneOnOne(oneOnOneID, expectedTime, meetingDate, meetingLink, oneOnOneUserIDFK) VALUES('09d6602f-635e-46c5-a251-78e66a8831d5', 15, '2025-05-07 14:45:00', 'https://meet.google.com/abc-defg-hij', '19084a5f-ead0-401a-a9fe-23a20ab60269');

INSERT INTO oneOnOneAnswer(answer, answerOneOnOneIDFK, questionIDFK) VALUES('Si bien hubo momentos de presión, no me siento decepcionado y estoy enfocado en encontrar soluciones.', 'b4f2f1a1-5366-4161-82d2-67e47c78390b', '4072b1d7-c501-400b-b11c-a780e5940194');
INSERT INTO oneOnOneAnswer(answer, answerOneOnOneIDFK, questionIDFK) VALUES('Actualmente estoy enfocado en el desarrollo del proyecto Y, colaborando estrechamente con mi equipo para alcanzar los objetivos.', '39d48e25-4f5c-48a5-aac3-7b0e98fbaf45', '81ae1e3e-26fa-45a6-baed-292f6af2d3e3');
INSERT INTO oneOnOneAnswer(answer, answerOneOnOneIDFK, questionIDFK) VALUES('Mi meta es finalizar el proyecto pendiente y comenzar a implementar nuevas estrategias para mejorar la productividad.', 'd580a1ad-8ce2-4eb7-acc7-059089be1ab2', '1f2d5032-e532-4d78-9b76-7fc03883747d');
INSERT INTO oneOnOneAnswer(answer, answerOneOnOneIDFK, questionIDFK) VALUES('Me siento orgulloso de haber cumplido mis objetivos en el proyecto X, lo que me permitió crecer profesionalmente.', 'c3391e89-f822-4ab8-aca6-670f6767e8d7', '81ae1e3e-26fa-45a6-baed-292f6af2d3e3');
INSERT INTO oneOnOneAnswer(answer, answerOneOnOneIDFK, questionIDFK) VALUES('Mi meta es finalizar el proyecto pendiente y comenzar a implementar nuevas estrategias para mejorar la productividad.', 'c3391e89-f822-4ab8-aca6-670f6767e8d7', '81ae1e3e-26fa-45a6-baed-292f6af2d3e3');
INSERT INTO oneOnOneAnswer(answer, answerOneOnOneIDFK, questionIDFK) VALUES('Actualmente estoy enfocado en el desarrollo del proyecto Y, colaborando estrechamente con mi equipo para alcanzar los objetivos.', '9bc222d0-496f-4bfa-b467-c90072df8e28', '4072b1d7-c501-400b-b11c-a780e5940194');
INSERT INTO oneOnOneAnswer(answer, answerOneOnOneIDFK, questionIDFK) VALUES('Mi meta es finalizar el proyecto pendiente y comenzar a implementar nuevas estrategias para mejorar la productividad.', '07752b78-401d-471f-88c2-aba75828c35c', '4072b1d7-c501-400b-b11c-a780e5940194');
INSERT INTO oneOnOneAnswer(answer, answerOneOnOneIDFK, questionIDFK) VALUES('Estoy satisfecho por haber superado varios desafíos y mejorar mi organización y gestión del tiempo.', 'e3d49f53-a151-4cd9-afca-2a1f27c3d428', 'a478286d-8f97-4753-90a9-452f9c9c4fc9');
INSERT INTO oneOnOneAnswer(answer, answerOneOnOneIDFK, questionIDFK) VALUES('Sí, hubo un imprevisto en la coordinación del equipo, pero logramos resolverlo a tiempo con la colaboración de todos.', '6133ad26-f0f8-469a-8a73-e4bf55e5b64c', '81ae1e3e-26fa-45a6-baed-292f6af2d3e3');
INSERT INTO oneOnOneAnswer(answer, answerOneOnOneIDFK, questionIDFK) VALUES('Mi meta es finalizar el proyecto pendiente y comenzar a implementar nuevas estrategias para mejorar la productividad.', '8a83f1bf-5105-484c-9043-7b2e62e58247', '1f2d5032-e532-4d78-9b76-7fc03883747d');
INSERT INTO oneOnOneAnswer(answer, answerOneOnOneIDFK, questionIDFK) VALUES('Mi meta es finalizar el proyecto pendiente y comenzar a implementar nuevas estrategias para mejorar la productividad.', 'c000d970-5452-4bc7-9d28-3cbfa5d7642a', 'a478286d-8f97-4753-90a9-452f9c9c4fc9');
INSERT INTO oneOnOneAnswer(answer, answerOneOnOneIDFK, questionIDFK) VALUES('Planeamos definir un plan de acción detallado, distribuir responsabilidades claramente y realizar seguimientos semanales para ajustar el rumbo si es necesario.', '1d1b5000-8871-43e4-a0e8-fae753a83f52', '81ae1e3e-26fa-45a6-baed-292f6af2d3e3');
INSERT INTO oneOnOneAnswer(answer, answerOneOnOneIDFK, questionIDFK) VALUES('Planeamos definir un plan de acción detallado, distribuir responsabilidades claramente y realizar seguimientos semanales para ajustar el rumbo si es necesario.', '067fc144-dbbb-46e8-9534-189aeb8735d0', '1f2d5032-e532-4d78-9b76-7fc03883747d');
INSERT INTO oneOnOneAnswer(answer, answerOneOnOneIDFK, questionIDFK) VALUES('Quiero concentrarme en perfeccionar mis habilidades técnicas y cumplir con los plazos establecidos en mis tareas.', '19104b6b-ebe1-485f-9e6d-425baa3e03e0', '1f2d5032-e532-4d78-9b76-7fc03883747d');
INSERT INTO oneOnOneAnswer(answer, answerOneOnOneIDFK, questionIDFK) VALUES('Sí, hubo un imprevisto en la coordinación del equipo, pero logramos resolverlo a tiempo con la colaboración de todos.', '5c98b501-7089-42d8-bd4c-edd92c496b78', '1f2d5032-e532-4d78-9b76-7fc03883747d');
INSERT INTO oneOnOneAnswer(answer, answerOneOnOneIDFK, questionIDFK) VALUES('Sí, cuento con las herramientas y el apoyo necesario, lo que me permite avanzar sin mayores inconvenientes.', '9bc222d0-496f-4bfa-b467-c90072df8e28', 'a478286d-8f97-4753-90a9-452f9c9c4fc9');
INSERT INTO oneOnOneAnswer(answer, answerOneOnOneIDFK, questionIDFK) VALUES('Sí, cuento con las herramientas y el apoyo necesario, lo que me permite avanzar sin mayores inconvenientes.', 'b76f9be5-4904-41bf-b154-f0fb08dd4f06', '81ae1e3e-26fa-45a6-baed-292f6af2d3e3');
INSERT INTO oneOnOneAnswer(answer, answerOneOnOneIDFK, questionIDFK) VALUES('Actualmente estoy enfocado en el desarrollo del proyecto Y, colaborando estrechamente con mi equipo para alcanzar los objetivos.', 'b3ed54fe-417d-43e7-b337-3e5bfad20d1a', 'a478286d-8f97-4753-90a9-452f9c9c4fc9');
INSERT INTO oneOnOneAnswer(answer, answerOneOnOneIDFK, questionIDFK) VALUES('Estoy satisfecho por haber superado varios desafíos y mejorar mi organización y gestión del tiempo.', 'ba2ecffc-b444-41ad-9eb3-a7b03d2aa1fd', '81ae1e3e-26fa-45a6-baed-292f6af2d3e3');
INSERT INTO oneOnOneAnswer(answer, answerOneOnOneIDFK, questionIDFK) VALUES('Estoy satisfecho por haber superado varios desafíos y mejorar mi organización y gestión del tiempo.', '9f5f9ca8-eea0-4b94-a3b3-5804ff41620c', '81ae1e3e-26fa-45a6-baed-292f6af2d3e3');
INSERT INTO oneOnOneAnswer(answer, answerOneOnOneIDFK, questionIDFK) VALUES('Mi meta es finalizar el proyecto pendiente y comenzar a implementar nuevas estrategias para mejorar la productividad.', '5c98b501-7089-42d8-bd4c-edd92c496b78', '81ae1e3e-26fa-45a6-baed-292f6af2d3e3');
INSERT INTO oneOnOneAnswer(answer, answerOneOnOneIDFK, questionIDFK) VALUES('En general tengo lo necesario, aunque en algunas áreas podría beneficiarme de recursos adicionales para acelerar ciertos procesos.', 'f8537224-8d01-4867-891f-35cd1428fbcb', 'a478286d-8f97-4753-90a9-452f9c9c4fc9');
INSERT INTO oneOnOneAnswer(answer, answerOneOnOneIDFK, questionIDFK) VALUES('Si bien hubo momentos de presión, no me siento decepcionado y estoy enfocado en encontrar soluciones.', '601cce54-6591-4c3d-ba34-71cbf28fdf2b', '4072b1d7-c501-400b-b11c-a780e5940194');
INSERT INTO oneOnOneAnswer(answer, answerOneOnOneIDFK, questionIDFK) VALUES('En general, me siento tranquilo, aunque reconozco que en algunas situaciones se presenta algo de estrés que manejo con calma.', 'e1e9c014-6d2a-4903-b018-96d9b8f57660', 'a478286d-8f97-4753-90a9-452f9c9c4fc9');
INSERT INTO oneOnOneAnswer(answer, answerOneOnOneIDFK, questionIDFK) VALUES('Sí, hubo un imprevisto en la coordinación del equipo, pero logramos resolverlo a tiempo con la colaboración de todos.', '601cce54-6591-4c3d-ba34-71cbf28fdf2b', 'a478286d-8f97-4753-90a9-452f9c9c4fc9');
INSERT INTO oneOnOneAnswer(answer, answerOneOnOneIDFK, questionIDFK) VALUES('La mayoría de las entregas están en línea con el cronograma, aunque se requieren pequeños ajustes en algunas tareas.', '9e5aecc6-0da0-42b5-b742-14c125925291', '4072b1d7-c501-400b-b11c-a780e5940194');
INSERT INTO oneOnOneAnswer(answer, answerOneOnOneIDFK, questionIDFK) VALUES('Me siento orgulloso de haber cumplido mis objetivos en el proyecto X, lo que me permitió crecer profesionalmente.', '08cdc358-7f46-4d61-963d-28b3b4dca816', '81ae1e3e-26fa-45a6-baed-292f6af2d3e3');
INSERT INTO oneOnOneAnswer(answer, answerOneOnOneIDFK, questionIDFK) VALUES('Quiero concentrarme en perfeccionar mis habilidades técnicas y cumplir con los plazos establecidos en mis tareas.', '14196bac-6518-426e-8745-a4d8d4316734', 'a478286d-8f97-4753-90a9-452f9c9c4fc9');
INSERT INTO oneOnOneAnswer(answer, answerOneOnOneIDFK, questionIDFK) VALUES('Sí, hubo un imprevisto en la coordinación del equipo, pero logramos resolverlo a tiempo con la colaboración de todos.', '985da971-0797-481a-89ca-50b283b4e2d0', '1f2d5032-e532-4d78-9b76-7fc03883747d');
INSERT INTO oneOnOneAnswer(answer, answerOneOnOneIDFK, questionIDFK) VALUES('Sí, cuento con las herramientas y el apoyo necesario, lo que me permite avanzar sin mayores inconvenientes.', 'c3391e89-f822-4ab8-aca6-670f6767e8d7', '1f2d5032-e532-4d78-9b76-7fc03883747d');
INSERT INTO oneOnOneAnswer(answer, answerOneOnOneIDFK, questionIDFK) VALUES('La mayoría de las entregas están en línea con el cronograma, aunque se requieren pequeños ajustes en algunas tareas.', '9f50d506-3451-4f6e-9cc7-52db962d74bd', 'a478286d-8f97-4753-90a9-452f9c9c4fc9');
INSERT INTO oneOnOneAnswer(answer, answerOneOnOneIDFK, questionIDFK) VALUES('Quiero concentrarme en perfeccionar mis habilidades técnicas y cumplir con los plazos establecidos en mis tareas.', '52ab5890-d01e-4dc4-9f1f-fd32ed143863', '1f2d5032-e532-4d78-9b76-7fc03883747d');
INSERT INTO oneOnOneAnswer(answer, answerOneOnOneIDFK, questionIDFK) VALUES('La mayoría de las entregas están en línea con el cronograma, aunque se requieren pequeños ajustes en algunas tareas.', '1d1b5000-8871-43e4-a0e8-fae753a83f52', '81ae1e3e-26fa-45a6-baed-292f6af2d3e3');
INSERT INTO oneOnOneAnswer(answer, answerOneOnOneIDFK, questionIDFK) VALUES('Me encuentro trabajando en la optimización de procesos internos y en la implementación de mejoras para el próximo trimestre.', '9f50d506-3451-4f6e-9cc7-52db962d74bd', '1f2d5032-e532-4d78-9b76-7fc03883747d');
INSERT INTO oneOnOneAnswer(answer, answerOneOnOneIDFK, questionIDFK) VALUES('Planeamos definir un plan de acción detallado, distribuir responsabilidades claramente y realizar seguimientos semanales para ajustar el rumbo si es necesario.', 'b76f9be5-4904-41bf-b154-f0fb08dd4f06', '1f2d5032-e532-4d78-9b76-7fc03883747d');
INSERT INTO oneOnOneAnswer(answer, answerOneOnOneIDFK, questionIDFK) VALUES('La mayoría de las entregas están en línea con el cronograma, aunque se requieren pequeños ajustes en algunas tareas.', 'eb6feecd-42b9-48d6-99d1-94c10d0202df', '81ae1e3e-26fa-45a6-baed-292f6af2d3e3');
INSERT INTO oneOnOneAnswer(answer, answerOneOnOneIDFK, questionIDFK) VALUES('En general, me siento tranquilo, aunque reconozco que en algunas situaciones se presenta algo de estrés que manejo con calma.', 'cedb9927-a86f-4068-99eb-f9f6a0ebe741', '1f2d5032-e532-4d78-9b76-7fc03883747d');
INSERT INTO oneOnOneAnswer(answer, answerOneOnOneIDFK, questionIDFK) VALUES('En su mayoría la semana fue fluida, aunque surgió una situación que requirió reordenar prioridades, lo cual se solucionó rápidamente.', '0301111b-9bfc-43d0-8d73-098f03b3a583', 'a478286d-8f97-4753-90a9-452f9c9c4fc9');
INSERT INTO oneOnOneAnswer(answer, answerOneOnOneIDFK, questionIDFK) VALUES('Quiero destacar el esfuerzo y la colaboración de todo el equipo, que ha sido fundamental para alcanzar los objetivos planteados.', 'f5f32db6-3334-42c3-bbf7-c5954027d783', '4072b1d7-c501-400b-b11c-a780e5940194');
INSERT INTO oneOnOneAnswer(answer, answerOneOnOneIDFK, questionIDFK) VALUES('En su mayoría la semana fue fluida, aunque surgió una situación que requirió reordenar prioridades, lo cual se solucionó rápidamente.', 'bd1e1439-2cac-44db-b2bc-6df5fcaac040', '1f2d5032-e532-4d78-9b76-7fc03883747d');
INSERT INTO oneOnOneAnswer(answer, answerOneOnOneIDFK, questionIDFK) VALUES('Estoy satisfecho por haber superado varios desafíos y mejorar mi organización y gestión del tiempo.', 'e1e9c014-6d2a-4903-b018-96d9b8f57660', '4072b1d7-c501-400b-b11c-a780e5940194');
INSERT INTO oneOnOneAnswer(answer, answerOneOnOneIDFK, questionIDFK) VALUES('Sí, cuento con las herramientas y el apoyo necesario, lo que me permite avanzar sin mayores inconvenientes.', '14196bac-6518-426e-8745-a4d8d4316734', 'a478286d-8f97-4753-90a9-452f9c9c4fc9');
INSERT INTO oneOnOneAnswer(answer, answerOneOnOneIDFK, questionIDFK) VALUES('Quiero destacar el esfuerzo y la colaboración de todo el equipo, que ha sido fundamental para alcanzar los objetivos planteados.', '3f3dcb44-cd54-43e8-878a-f449c3c8d7e8', 'a478286d-8f97-4753-90a9-452f9c9c4fc9');
INSERT INTO oneOnOneAnswer(answer, answerOneOnOneIDFK, questionIDFK) VALUES('Me encuentro trabajando en la optimización de procesos internos y en la implementación de mejoras para el próximo trimestre.', 'd580a1ad-8ce2-4eb7-acc7-059089be1ab2', '4072b1d7-c501-400b-b11c-a780e5940194');
INSERT INTO oneOnOneAnswer(answer, answerOneOnOneIDFK, questionIDFK) VALUES('En su mayoría la semana fue fluida, aunque surgió una situación que requirió reordenar prioridades, lo cual se solucionó rápidamente.', '2becb356-0bda-49df-824c-3c5c58560250', '81ae1e3e-26fa-45a6-baed-292f6af2d3e3');
INSERT INTO oneOnOneAnswer(answer, answerOneOnOneIDFK, questionIDFK) VALUES('Sí, hubo un imprevisto en la coordinación del equipo, pero logramos resolverlo a tiempo con la colaboración de todos.', '78396fd0-3e6f-41a0-bbea-e2d3cbcb93df', '81ae1e3e-26fa-45a6-baed-292f6af2d3e3');
INSERT INTO oneOnOneAnswer(answer, answerOneOnOneIDFK, questionIDFK) VALUES('La mayoría de las entregas están en línea con el cronograma, aunque se requieren pequeños ajustes en algunas tareas.', 'c3391e89-f822-4ab8-aca6-670f6767e8d7', 'a478286d-8f97-4753-90a9-452f9c9c4fc9');
INSERT INTO oneOnOneAnswer(answer, answerOneOnOneIDFK, questionIDFK) VALUES('Sí, cuento con las herramientas y el apoyo necesario, lo que me permite avanzar sin mayores inconvenientes.', '1fb7807c-04c9-4d80-aa6e-b306097529d9', 'a478286d-8f97-4753-90a9-452f9c9c4fc9');
INSERT INTO oneOnOneAnswer(answer, answerOneOnOneIDFK, questionIDFK) VALUES('Por el momento, estamos cumpliendo los plazos establecidos y el progreso es consistente.', '0b1aa6f8-f3d2-425e-8ad6-dd4cb9b1ec0c', '81ae1e3e-26fa-45a6-baed-292f6af2d3e3');
INSERT INTO oneOnOneAnswer(answer, answerOneOnOneIDFK, questionIDFK) VALUES('En general tengo lo necesario, aunque en algunas áreas podría beneficiarme de recursos adicionales para acelerar ciertos procesos.', '48ca0145-fcee-4a34-9135-af54796b73cb', '4072b1d7-c501-400b-b11c-a780e5940194');
INSERT INTO oneOnOneAnswer(answer, answerOneOnOneIDFK, questionIDFK) VALUES('En general, me siento tranquilo, aunque reconozco que en algunas situaciones se presenta algo de estrés que manejo con calma.', 'ce170675-c743-4068-801b-0e25e3854e25', '81ae1e3e-26fa-45a6-baed-292f6af2d3e3');
INSERT INTO oneOnOneAnswer(answer, answerOneOnOneIDFK, questionIDFK) VALUES('Sí, cuento con las herramientas y el apoyo necesario, lo que me permite avanzar sin mayores inconvenientes.', '1fb7807c-04c9-4d80-aa6e-b306097529d9', 'a478286d-8f97-4753-90a9-452f9c9c4fc9');
INSERT INTO oneOnOneAnswer(answer, answerOneOnOneIDFK, questionIDFK) VALUES('Mi meta es finalizar el proyecto pendiente y comenzar a implementar nuevas estrategias para mejorar la productividad.', '8a83f1bf-5105-484c-9043-7b2e62e58247', '81ae1e3e-26fa-45a6-baed-292f6af2d3e3');
INSERT INTO oneOnOneAnswer(answer, answerOneOnOneIDFK, questionIDFK) VALUES('Sí, hubo un imprevisto en la coordinación del equipo, pero logramos resolverlo a tiempo con la colaboración de todos.', '8be89ff9-d2f4-4c0f-a5e9-c14006dc9007', '1f2d5032-e532-4d78-9b76-7fc03883747d');
INSERT INTO oneOnOneAnswer(answer, answerOneOnOneIDFK, questionIDFK) VALUES('Sí, cuento con las herramientas y el apoyo necesario, lo que me permite avanzar sin mayores inconvenientes.', 'ce170675-c743-4068-801b-0e25e3854e25', '1f2d5032-e532-4d78-9b76-7fc03883747d');
INSERT INTO oneOnOneAnswer(answer, answerOneOnOneIDFK, questionIDFK) VALUES('Sí, cuento con las herramientas y el apoyo necesario, lo que me permite avanzar sin mayores inconvenientes.', 'ba2ecffc-b444-41ad-9eb3-a7b03d2aa1fd', '4072b1d7-c501-400b-b11c-a780e5940194');
INSERT INTO oneOnOneAnswer(answer, answerOneOnOneIDFK, questionIDFK) VALUES('Planeamos definir un plan de acción detallado, distribuir responsabilidades claramente y realizar seguimientos semanales para ajustar el rumbo si es necesario.', 'eb6feecd-42b9-48d6-99d1-94c10d0202df', 'a478286d-8f97-4753-90a9-452f9c9c4fc9');
INSERT INTO oneOnOneAnswer(answer, answerOneOnOneIDFK, questionIDFK) VALUES('Estoy satisfecho por haber superado varios desafíos y mejorar mi organización y gestión del tiempo.', '601cce54-6591-4c3d-ba34-71cbf28fdf2b', '4072b1d7-c501-400b-b11c-a780e5940194');
INSERT INTO oneOnOneAnswer(answer, answerOneOnOneIDFK, questionIDFK) VALUES('Por el momento, estamos cumpliendo los plazos establecidos y el progreso es consistente.', '48ca0145-fcee-4a34-9135-af54796b73cb', '1f2d5032-e532-4d78-9b76-7fc03883747d');
INSERT INTO oneOnOneAnswer(answer, answerOneOnOneIDFK, questionIDFK) VALUES('La mayoría de las entregas están en línea con el cronograma, aunque se requieren pequeños ajustes en algunas tareas.', 'bd1e1439-2cac-44db-b2bc-6df5fcaac040', '81ae1e3e-26fa-45a6-baed-292f6af2d3e3');
INSERT INTO oneOnOneAnswer(answer, answerOneOnOneIDFK, questionIDFK) VALUES('Quiero concentrarme en perfeccionar mis habilidades técnicas y cumplir con los plazos establecidos en mis tareas.', '78396fd0-3e6f-41a0-bbea-e2d3cbcb93df', '4072b1d7-c501-400b-b11c-a780e5940194');
INSERT INTO oneOnOneAnswer(answer, answerOneOnOneIDFK, questionIDFK) VALUES('Actualmente estoy enfocado en el desarrollo del proyecto Y, colaborando estrechamente con mi equipo para alcanzar los objetivos.', '07752b78-401d-471f-88c2-aba75828c35c', '4072b1d7-c501-400b-b11c-a780e5940194');
INSERT INTO oneOnOneAnswer(answer, answerOneOnOneIDFK, questionIDFK) VALUES('La mayoría de las entregas están en línea con el cronograma, aunque se requieren pequeños ajustes en algunas tareas.', 'b4f2f1a1-5366-4161-82d2-67e47c78390b', '81ae1e3e-26fa-45a6-baed-292f6af2d3e3');
INSERT INTO oneOnOneAnswer(answer, answerOneOnOneIDFK, questionIDFK) VALUES('En su mayoría la semana fue fluida, aunque surgió una situación que requirió reordenar prioridades, lo cual se solucionó rápidamente.', '985da971-0797-481a-89ca-50b283b4e2d0', '4072b1d7-c501-400b-b11c-a780e5940194');
INSERT INTO oneOnOneAnswer(answer, answerOneOnOneIDFK, questionIDFK) VALUES('Mi meta es finalizar el proyecto pendiente y comenzar a implementar nuevas estrategias para mejorar la productividad.', 'a81e6985-6b22-4657-af88-9417b380ca09', '81ae1e3e-26fa-45a6-baed-292f6af2d3e3');
INSERT INTO oneOnOneAnswer(answer, answerOneOnOneIDFK, questionIDFK) VALUES('Vamos a fomentar la comunicación continua y a utilizar herramientas de gestión que nos ayuden a monitorear el progreso.', '78396fd0-3e6f-41a0-bbea-e2d3cbcb93df', '81ae1e3e-26fa-45a6-baed-292f6af2d3e3');
INSERT INTO oneOnOneAnswer(answer, answerOneOnOneIDFK, questionIDFK) VALUES('Me siento orgulloso de haber cumplido mis objetivos en el proyecto X, lo que me permitió crecer profesionalmente.', 'e1e9c014-6d2a-4903-b018-96d9b8f57660', '4072b1d7-c501-400b-b11c-a780e5940194');
INSERT INTO oneOnOneAnswer(answer, answerOneOnOneIDFK, questionIDFK) VALUES('Quiero concentrarme en perfeccionar mis habilidades técnicas y cumplir con los plazos establecidos en mis tareas.', '77b4f562-c4b7-4343-9f87-898320e62c91', '4072b1d7-c501-400b-b11c-a780e5940194');
INSERT INTO oneOnOneAnswer(answer, answerOneOnOneIDFK, questionIDFK) VALUES('Quiero concentrarme en perfeccionar mis habilidades técnicas y cumplir con los plazos establecidos en mis tareas.', '0b168eb6-bee6-4e81-827a-5d4c49917c60', 'a478286d-8f97-4753-90a9-452f9c9c4fc9');
INSERT INTO oneOnOneAnswer(answer, answerOneOnOneIDFK, questionIDFK) VALUES('Quiero concentrarme en perfeccionar mis habilidades técnicas y cumplir con los plazos establecidos en mis tareas.', '3f3dcb44-cd54-43e8-878a-f449c3c8d7e8', '1f2d5032-e532-4d78-9b76-7fc03883747d');
INSERT INTO oneOnOneAnswer(answer, answerOneOnOneIDFK, questionIDFK) VALUES('Sí, hubo un imprevisto en la coordinación del equipo, pero logramos resolverlo a tiempo con la colaboración de todos.', '8be89ff9-d2f4-4c0f-a5e9-c14006dc9007', '1f2d5032-e532-4d78-9b76-7fc03883747d');
INSERT INTO oneOnOneAnswer(answer, answerOneOnOneIDFK, questionIDFK) VALUES('Quiero concentrarme en perfeccionar mis habilidades técnicas y cumplir con los plazos establecidos en mis tareas.', 'c14624b2-826d-4080-8fad-c5bd4b1fa912', '1f2d5032-e532-4d78-9b76-7fc03883747d');
INSERT INTO oneOnOneAnswer(answer, answerOneOnOneIDFK, questionIDFK) VALUES('Si bien hubo momentos de presión, no me siento decepcionado y estoy enfocado en encontrar soluciones.', 'f5f32db6-3334-42c3-bbf7-c5954027d783', '81ae1e3e-26fa-45a6-baed-292f6af2d3e3');
INSERT INTO oneOnOneAnswer(answer, answerOneOnOneIDFK, questionIDFK) VALUES('Me encuentro trabajando en la optimización de procesos internos y en la implementación de mejoras para el próximo trimestre.', '14196bac-6518-426e-8745-a4d8d4316734', '81ae1e3e-26fa-45a6-baed-292f6af2d3e3');
INSERT INTO oneOnOneAnswer(answer, answerOneOnOneIDFK, questionIDFK) VALUES('Planeamos definir un plan de acción detallado, distribuir responsabilidades claramente y realizar seguimientos semanales para ajustar el rumbo si es necesario.', '4ce95d0c-98e0-4c08-a767-33846a349686', 'a478286d-8f97-4753-90a9-452f9c9c4fc9');
INSERT INTO oneOnOneAnswer(answer, answerOneOnOneIDFK, questionIDFK) VALUES('Por el momento, estamos cumpliendo los plazos establecidos y el progreso es consistente.', 'bb80f3d4-12d1-43c9-a114-ed6175200e9c', '4072b1d7-c501-400b-b11c-a780e5940194');
INSERT INTO oneOnOneAnswer(answer, answerOneOnOneIDFK, questionIDFK) VALUES('Vamos a fomentar la comunicación continua y a utilizar herramientas de gestión que nos ayuden a monitorear el progreso.', '48ca0145-fcee-4a34-9135-af54796b73cb', '1f2d5032-e532-4d78-9b76-7fc03883747d');
INSERT INTO oneOnOneAnswer(answer, answerOneOnOneIDFK, questionIDFK) VALUES('Quiero destacar el esfuerzo y la colaboración de todo el equipo, que ha sido fundamental para alcanzar los objetivos planteados.', 'c3391e89-f822-4ab8-aca6-670f6767e8d7', 'a478286d-8f97-4753-90a9-452f9c9c4fc9');
INSERT INTO oneOnOneAnswer(answer, answerOneOnOneIDFK, questionIDFK) VALUES('Por el momento, estamos cumpliendo los plazos establecidos y el progreso es consistente.', '39d48e25-4f5c-48a5-aac3-7b0e98fbaf45', '4072b1d7-c501-400b-b11c-a780e5940194');
INSERT INTO oneOnOneAnswer(answer, answerOneOnOneIDFK, questionIDFK) VALUES('Quiero destacar el esfuerzo y la colaboración de todo el equipo, que ha sido fundamental para alcanzar los objetivos planteados.', '8be89ff9-d2f4-4c0f-a5e9-c14006dc9007', '1f2d5032-e532-4d78-9b76-7fc03883747d');
INSERT INTO oneOnOneAnswer(answer, answerOneOnOneIDFK, questionIDFK) VALUES('Sí, cuento con las herramientas y el apoyo necesario, lo que me permite avanzar sin mayores inconvenientes.', '48ca0145-fcee-4a34-9135-af54796b73cb', '4072b1d7-c501-400b-b11c-a780e5940194');
INSERT INTO oneOnOneAnswer(answer, answerOneOnOneIDFK, questionIDFK) VALUES('Sí, hubo un imprevisto en la coordinación del equipo, pero logramos resolverlo a tiempo con la colaboración de todos.', '49624243-4995-4b88-a704-2c3a8f14da88', '81ae1e3e-26fa-45a6-baed-292f6af2d3e3');
INSERT INTO oneOnOneAnswer(answer, answerOneOnOneIDFK, questionIDFK) VALUES('Mi meta es finalizar el proyecto pendiente y comenzar a implementar nuevas estrategias para mejorar la productividad.', '49624243-4995-4b88-a704-2c3a8f14da88', '4072b1d7-c501-400b-b11c-a780e5940194');
INSERT INTO oneOnOneAnswer(answer, answerOneOnOneIDFK, questionIDFK) VALUES('La mayoría de las entregas están en línea con el cronograma, aunque se requieren pequeños ajustes en algunas tareas.', 'eb6feecd-42b9-48d6-99d1-94c10d0202df', '4072b1d7-c501-400b-b11c-a780e5940194');
INSERT INTO oneOnOneAnswer(answer, answerOneOnOneIDFK, questionIDFK) VALUES('Si bien hubo momentos de presión, no me siento decepcionado y estoy enfocado en encontrar soluciones.', 'b76f9be5-4904-41bf-b154-f0fb08dd4f06', '1f2d5032-e532-4d78-9b76-7fc03883747d');
INSERT INTO oneOnOneAnswer(answer, answerOneOnOneIDFK, questionIDFK) VALUES('Vamos a fomentar la comunicación continua y a utilizar herramientas de gestión que nos ayuden a monitorear el progreso.', 'bd1e1439-2cac-44db-b2bc-6df5fcaac040', '81ae1e3e-26fa-45a6-baed-292f6af2d3e3');
INSERT INTO oneOnOneAnswer(answer, answerOneOnOneIDFK, questionIDFK) VALUES('En general, me siento tranquilo, aunque reconozco que en algunas situaciones se presenta algo de estrés que manejo con calma.', '0b1aa6f8-f3d2-425e-8ad6-dd4cb9b1ec0c', 'a478286d-8f97-4753-90a9-452f9c9c4fc9');
INSERT INTO oneOnOneAnswer(answer, answerOneOnOneIDFK, questionIDFK) VALUES('Planeamos definir un plan de acción detallado, distribuir responsabilidades claramente y realizar seguimientos semanales para ajustar el rumbo si es necesario.', 'ba2ecffc-b444-41ad-9eb3-a7b03d2aa1fd', 'a478286d-8f97-4753-90a9-452f9c9c4fc9');
INSERT INTO oneOnOneAnswer(answer, answerOneOnOneIDFK, questionIDFK) VALUES('Estoy satisfecho por haber superado varios desafíos y mejorar mi organización y gestión del tiempo.', 'b9cdbc82-cd2e-415c-96ff-d15c1e88dd9a', '81ae1e3e-26fa-45a6-baed-292f6af2d3e3');
INSERT INTO oneOnOneAnswer(answer, answerOneOnOneIDFK, questionIDFK) VALUES('Sí, cuento con las herramientas y el apoyo necesario, lo que me permite avanzar sin mayores inconvenientes.', 'ce170675-c743-4068-801b-0e25e3854e25', '1f2d5032-e532-4d78-9b76-7fc03883747d');
INSERT INTO oneOnOneAnswer(answer, answerOneOnOneIDFK, questionIDFK) VALUES('La mayoría de las entregas están en línea con el cronograma, aunque se requieren pequeños ajustes en algunas tareas.', '985da971-0797-481a-89ca-50b283b4e2d0', 'a478286d-8f97-4753-90a9-452f9c9c4fc9');
INSERT INTO oneOnOneAnswer(answer, answerOneOnOneIDFK, questionIDFK) VALUES('Quiero destacar el esfuerzo y la colaboración de todo el equipo, que ha sido fundamental para alcanzar los objetivos planteados.', '9bc222d0-496f-4bfa-b467-c90072df8e28', 'a478286d-8f97-4753-90a9-452f9c9c4fc9');
INSERT INTO oneOnOneAnswer(answer, answerOneOnOneIDFK, questionIDFK) VALUES('Estoy satisfecho por haber superado varios desafíos y mejorar mi organización y gestión del tiempo.', 'e1e9c014-6d2a-4903-b018-96d9b8f57660', '4072b1d7-c501-400b-b11c-a780e5940194');
INSERT INTO oneOnOneAnswer(answer, answerOneOnOneIDFK, questionIDFK) VALUES('Sí, cuento con las herramientas y el apoyo necesario, lo que me permite avanzar sin mayores inconvenientes.', 'd580a1ad-8ce2-4eb7-acc7-059089be1ab2', '1f2d5032-e532-4d78-9b76-7fc03883747d');
INSERT INTO oneOnOneAnswer(answer, answerOneOnOneIDFK, questionIDFK) VALUES('Estoy satisfecho por haber superado varios desafíos y mejorar mi organización y gestión del tiempo.', '07752b78-401d-471f-88c2-aba75828c35c', 'a478286d-8f97-4753-90a9-452f9c9c4fc9');
INSERT INTO oneOnOneAnswer(answer, answerOneOnOneIDFK, questionIDFK) VALUES('Planeamos definir un plan de acción detallado, distribuir responsabilidades claramente y realizar seguimientos semanales para ajustar el rumbo si es necesario.', '78396fd0-3e6f-41a0-bbea-e2d3cbcb93df', '1f2d5032-e532-4d78-9b76-7fc03883747d');
INSERT INTO oneOnOneAnswer(answer, answerOneOnOneIDFK, questionIDFK) VALUES('Quiero concentrarme en perfeccionar mis habilidades técnicas y cumplir con los plazos establecidos en mis tareas.', 'c7772842-a58b-4727-920b-3e25c56df4c1', '81ae1e3e-26fa-45a6-baed-292f6af2d3e3');
INSERT INTO oneOnOneAnswer(answer, answerOneOnOneIDFK, questionIDFK) VALUES('Mi meta es finalizar el proyecto pendiente y comenzar a implementar nuevas estrategias para mejorar la productividad.', '8be89ff9-d2f4-4c0f-a5e9-c14006dc9007', '1f2d5032-e532-4d78-9b76-7fc03883747d');
INSERT INTO oneOnOneAnswer(answer, answerOneOnOneIDFK, questionIDFK) VALUES('Me encuentro trabajando en la optimización de procesos internos y en la implementación de mejoras para el próximo trimestre.', 'b9cdbc82-cd2e-415c-96ff-d15c1e88dd9a', '1f2d5032-e532-4d78-9b76-7fc03883747d');
INSERT INTO oneOnOneAnswer(answer, answerOneOnOneIDFK, questionIDFK) VALUES('Sí, hubo un imprevisto en la coordinación del equipo, pero logramos resolverlo a tiempo con la colaboración de todos.', '9bc222d0-496f-4bfa-b467-c90072df8e28', '1f2d5032-e532-4d78-9b76-7fc03883747d');
INSERT INTO oneOnOneAnswer(answer, answerOneOnOneIDFK, questionIDFK) VALUES('Sí, hubo un imprevisto en la coordinación del equipo, pero logramos resolverlo a tiempo con la colaboración de todos.', 'f8537224-8d01-4867-891f-35cd1428fbcb', '1f2d5032-e532-4d78-9b76-7fc03883747d');
INSERT INTO oneOnOneAnswer(answer, answerOneOnOneIDFK, questionIDFK) VALUES('La mayoría de las entregas están en línea con el cronograma, aunque se requieren pequeños ajustes en algunas tareas.', '48ca0145-fcee-4a34-9135-af54796b73cb', '81ae1e3e-26fa-45a6-baed-292f6af2d3e3');
INSERT INTO oneOnOneAnswer(answer, answerOneOnOneIDFK, questionIDFK) VALUES('Quiero destacar el esfuerzo y la colaboración de todo el equipo, que ha sido fundamental para alcanzar los objetivos planteados.', 'c3391e89-f822-4ab8-aca6-670f6767e8d7', 'a478286d-8f97-4753-90a9-452f9c9c4fc9');
INSERT INTO oneOnOneAnswer(answer, answerOneOnOneIDFK, questionIDFK) VALUES('Quiero destacar el esfuerzo y la colaboración de todo el equipo, que ha sido fundamental para alcanzar los objetivos planteados.', '985da971-0797-481a-89ca-50b283b4e2d0', '4072b1d7-c501-400b-b11c-a780e5940194');
INSERT INTO oneOnOneAnswer(answer, answerOneOnOneIDFK, questionIDFK) VALUES('Sí, hubo un imprevisto en la coordinación del equipo, pero logramos resolverlo a tiempo con la colaboración de todos.', 'bd1e1439-2cac-44db-b2bc-6df5fcaac040', '1f2d5032-e532-4d78-9b76-7fc03883747d');
INSERT INTO oneOnOneAnswer(answer, answerOneOnOneIDFK, questionIDFK) VALUES('Quiero concentrarme en perfeccionar mis habilidades técnicas y cumplir con los plazos establecidos en mis tareas.', 'c2b98a29-c9f1-40b1-884b-ec7bce43568d', '4072b1d7-c501-400b-b11c-a780e5940194');
INSERT INTO oneOnOneAnswer(answer, answerOneOnOneIDFK, questionIDFK) VALUES('Actualmente estoy enfocado en el desarrollo del proyecto Y, colaborando estrechamente con mi equipo para alcanzar los objetivos.', 'bd1e1439-2cac-44db-b2bc-6df5fcaac040', 'a478286d-8f97-4753-90a9-452f9c9c4fc9');
INSERT INTO oneOnOneAnswer(answer, answerOneOnOneIDFK, questionIDFK) VALUES('Estoy satisfecho por haber superado varios desafíos y mejorar mi organización y gestión del tiempo.', '8be89ff9-d2f4-4c0f-a5e9-c14006dc9007', '81ae1e3e-26fa-45a6-baed-292f6af2d3e3');
INSERT INTO oneOnOneAnswer(answer, answerOneOnOneIDFK, questionIDFK) VALUES('Por el momento, estamos cumpliendo los plazos establecidos y el progreso es consistente.', 'eb6feecd-42b9-48d6-99d1-94c10d0202df', '1f2d5032-e532-4d78-9b76-7fc03883747d');
INSERT INTO oneOnOneAnswer(answer, answerOneOnOneIDFK, questionIDFK) VALUES('Mi meta es finalizar el proyecto pendiente y comenzar a implementar nuevas estrategias para mejorar la productividad.', '985da971-0797-481a-89ca-50b283b4e2d0', 'a478286d-8f97-4753-90a9-452f9c9c4fc9');
INSERT INTO oneOnOneAnswer(answer, answerOneOnOneIDFK, questionIDFK) VALUES('En general, me siento tranquilo, aunque reconozco que en algunas situaciones se presenta algo de estrés que manejo con calma.', 'c7772842-a58b-4727-920b-3e25c56df4c1', '4072b1d7-c501-400b-b11c-a780e5940194');
INSERT INTO oneOnOneAnswer(answer, answerOneOnOneIDFK, questionIDFK) VALUES('En general tengo lo necesario, aunque en algunas áreas podría beneficiarme de recursos adicionales para acelerar ciertos procesos.', 'f8537224-8d01-4867-891f-35cd1428fbcb', 'a478286d-8f97-4753-90a9-452f9c9c4fc9');
INSERT INTO oneOnOneAnswer(answer, answerOneOnOneIDFK, questionIDFK) VALUES('La mayoría de las entregas están en línea con el cronograma, aunque se requieren pequeños ajustes en algunas tareas.', 'e05c914c-4b13-494e-959d-70cdb189385e', '81ae1e3e-26fa-45a6-baed-292f6af2d3e3');
INSERT INTO oneOnOneAnswer(answer, answerOneOnOneIDFK, questionIDFK) VALUES('Mi meta es finalizar el proyecto pendiente y comenzar a implementar nuevas estrategias para mejorar la productividad.', '8a83f1bf-5105-484c-9043-7b2e62e58247', '1f2d5032-e532-4d78-9b76-7fc03883747d');
INSERT INTO oneOnOneAnswer(answer, answerOneOnOneIDFK, questionIDFK) VALUES('En general, me siento tranquilo, aunque reconozco que en algunas situaciones se presenta algo de estrés que manejo con calma.', 'aa11558e-d0aa-4386-b71a-58cdd6d9c0aa', '4072b1d7-c501-400b-b11c-a780e5940194');
INSERT INTO oneOnOneAnswer(answer, answerOneOnOneIDFK, questionIDFK) VALUES('Por el momento, estamos cumpliendo los plazos establecidos y el progreso es consistente.', 'aa11558e-d0aa-4386-b71a-58cdd6d9c0aa', '4072b1d7-c501-400b-b11c-a780e5940194');
INSERT INTO oneOnOneAnswer(answer, answerOneOnOneIDFK, questionIDFK) VALUES('Estoy satisfecho por haber superado varios desafíos y mejorar mi organización y gestión del tiempo.', '6aa66fa6-02c7-4c04-9745-d8aaedf71372', '1f2d5032-e532-4d78-9b76-7fc03883747d');
INSERT INTO oneOnOneAnswer(answer, answerOneOnOneIDFK, questionIDFK) VALUES('Mi meta es finalizar el proyecto pendiente y comenzar a implementar nuevas estrategias para mejorar la productividad.', '085552dc-6a75-4aef-a935-e36d21525cee', 'a478286d-8f97-4753-90a9-452f9c9c4fc9');
INSERT INTO oneOnOneAnswer(answer, answerOneOnOneIDFK, questionIDFK) VALUES('Por el momento, estamos cumpliendo los plazos establecidos y el progreso es consistente.', 'b964304d-7ce4-4d46-ad58-eb10c2917f68', 'a478286d-8f97-4753-90a9-452f9c9c4fc9');
INSERT INTO oneOnOneAnswer(answer, answerOneOnOneIDFK, questionIDFK) VALUES('Mi meta es finalizar el proyecto pendiente y comenzar a implementar nuevas estrategias para mejorar la productividad.', '19104b6b-ebe1-485f-9e6d-425baa3e03e0', '1f2d5032-e532-4d78-9b76-7fc03883747d');
INSERT INTO oneOnOneAnswer(answer, answerOneOnOneIDFK, questionIDFK) VALUES('En general tengo lo necesario, aunque en algunas áreas podría beneficiarme de recursos adicionales para acelerar ciertos procesos.', 'ce170675-c743-4068-801b-0e25e3854e25', '1f2d5032-e532-4d78-9b76-7fc03883747d');
INSERT INTO oneOnOneAnswer(answer, answerOneOnOneIDFK, questionIDFK) VALUES('Quiero concentrarme en perfeccionar mis habilidades técnicas y cumplir con los plazos establecidos en mis tareas.', '07752b78-401d-471f-88c2-aba75828c35c', 'a478286d-8f97-4753-90a9-452f9c9c4fc9');
INSERT INTO oneOnOneAnswer(answer, answerOneOnOneIDFK, questionIDFK) VALUES('Sí, cuento con las herramientas y el apoyo necesario, lo que me permite avanzar sin mayores inconvenientes.', 'c000d970-5452-4bc7-9d28-3cbfa5d7642a', 'a478286d-8f97-4753-90a9-452f9c9c4fc9');
INSERT INTO oneOnOneAnswer(answer, answerOneOnOneIDFK, questionIDFK) VALUES('En general tengo lo necesario, aunque en algunas áreas podría beneficiarme de recursos adicionales para acelerar ciertos procesos.', '09d6602f-635e-46c5-a251-78e66a8831d5', '4072b1d7-c501-400b-b11c-a780e5940194');
INSERT INTO oneOnOneAnswer(answer, answerOneOnOneIDFK, questionIDFK) VALUES('Actualmente estoy enfocado en el desarrollo del proyecto Y, colaborando estrechamente con mi equipo para alcanzar los objetivos.', '9f50d506-3451-4f6e-9cc7-52db962d74bd', '4072b1d7-c501-400b-b11c-a780e5940194');
INSERT INTO oneOnOneAnswer(answer, answerOneOnOneIDFK, questionIDFK) VALUES('Actualmente estoy enfocado en el desarrollo del proyecto Y, colaborando estrechamente con mi equipo para alcanzar los objetivos.', '19104b6b-ebe1-485f-9e6d-425baa3e03e0', '1f2d5032-e532-4d78-9b76-7fc03883747d');
INSERT INTO oneOnOneAnswer(answer, answerOneOnOneIDFK, questionIDFK) VALUES('En general tengo lo necesario, aunque en algunas áreas podría beneficiarme de recursos adicionales para acelerar ciertos procesos.', '6bae58ff-7065-4172-844c-6eea54c33c31', '1f2d5032-e532-4d78-9b76-7fc03883747d');
INSERT INTO oneOnOneAnswer(answer, answerOneOnOneIDFK, questionIDFK) VALUES('En general, me siento tranquilo, aunque reconozco que en algunas situaciones se presenta algo de estrés que manejo con calma.', 'b76f9be5-4904-41bf-b154-f0fb08dd4f06', '4072b1d7-c501-400b-b11c-a780e5940194');
INSERT INTO oneOnOneAnswer(answer, answerOneOnOneIDFK, questionIDFK) VALUES('Actualmente estoy enfocado en el desarrollo del proyecto Y, colaborando estrechamente con mi equipo para alcanzar los objetivos.', '2becb356-0bda-49df-824c-3c5c58560250', 'a478286d-8f97-4753-90a9-452f9c9c4fc9');
INSERT INTO oneOnOneAnswer(answer, answerOneOnOneIDFK, questionIDFK) VALUES('La mayoría de las entregas están en línea con el cronograma, aunque se requieren pequeños ajustes en algunas tareas.', '6133ad26-f0f8-469a-8a73-e4bf55e5b64c', 'a478286d-8f97-4753-90a9-452f9c9c4fc9');
INSERT INTO oneOnOneAnswer(answer, answerOneOnOneIDFK, questionIDFK) VALUES('Si bien hubo momentos de presión, no me siento decepcionado y estoy enfocado en encontrar soluciones.', '49624243-4995-4b88-a704-2c3a8f14da88', '4072b1d7-c501-400b-b11c-a780e5940194');
INSERT INTO oneOnOneAnswer(answer, answerOneOnOneIDFK, questionIDFK) VALUES('Si bien hubo momentos de presión, no me siento decepcionado y estoy enfocado en encontrar soluciones.', '6bae58ff-7065-4172-844c-6eea54c33c31', 'a478286d-8f97-4753-90a9-452f9c9c4fc9');
INSERT INTO oneOnOneAnswer(answer, answerOneOnOneIDFK, questionIDFK) VALUES('Actualmente estoy enfocado en el desarrollo del proyecto Y, colaborando estrechamente con mi equipo para alcanzar los objetivos.', 'e1e9c014-6d2a-4903-b018-96d9b8f57660', '4072b1d7-c501-400b-b11c-a780e5940194');
INSERT INTO oneOnOneAnswer(answer, answerOneOnOneIDFK, questionIDFK) VALUES('Mi meta es finalizar el proyecto pendiente y comenzar a implementar nuevas estrategias para mejorar la productividad.', 'c3391e89-f822-4ab8-aca6-670f6767e8d7', '1f2d5032-e532-4d78-9b76-7fc03883747d');
INSERT INTO oneOnOneAnswer(answer, answerOneOnOneIDFK, questionIDFK) VALUES('Mi meta es finalizar el proyecto pendiente y comenzar a implementar nuevas estrategias para mejorar la productividad.', 'b76f9be5-4904-41bf-b154-f0fb08dd4f06', '81ae1e3e-26fa-45a6-baed-292f6af2d3e3');
INSERT INTO oneOnOneAnswer(answer, answerOneOnOneIDFK, questionIDFK) VALUES('Quiero concentrarme en perfeccionar mis habilidades técnicas y cumplir con los plazos establecidos en mis tareas.', 'd580a1ad-8ce2-4eb7-acc7-059089be1ab2', 'a478286d-8f97-4753-90a9-452f9c9c4fc9');
INSERT INTO oneOnOneAnswer(answer, answerOneOnOneIDFK, questionIDFK) VALUES('Quiero destacar el esfuerzo y la colaboración de todo el equipo, que ha sido fundamental para alcanzar los objetivos planteados.', 'ba2ecffc-b444-41ad-9eb3-a7b03d2aa1fd', '81ae1e3e-26fa-45a6-baed-292f6af2d3e3');
INSERT INTO oneOnOneAnswer(answer, answerOneOnOneIDFK, questionIDFK) VALUES('Actualmente estoy enfocado en el desarrollo del proyecto Y, colaborando estrechamente con mi equipo para alcanzar los objetivos.', 'b76f9be5-4904-41bf-b154-f0fb08dd4f06', 'a478286d-8f97-4753-90a9-452f9c9c4fc9');
INSERT INTO oneOnOneAnswer(answer, answerOneOnOneIDFK, questionIDFK) VALUES('Sí, cuento con las herramientas y el apoyo necesario, lo que me permite avanzar sin mayores inconvenientes.', 'e201f7f7-c21c-4914-ae1d-1892de5fb690', 'a478286d-8f97-4753-90a9-452f9c9c4fc9');
INSERT INTO oneOnOneAnswer(answer, answerOneOnOneIDFK, questionIDFK) VALUES('Mi meta es finalizar el proyecto pendiente y comenzar a implementar nuevas estrategias para mejorar la productividad.', '3dfca836-f248-41d9-8a5f-268dfe766204', '81ae1e3e-26fa-45a6-baed-292f6af2d3e3');
INSERT INTO oneOnOneAnswer(answer, answerOneOnOneIDFK, questionIDFK) VALUES('Quiero destacar el esfuerzo y la colaboración de todo el equipo, que ha sido fundamental para alcanzar los objetivos planteados.', 'e1e9c014-6d2a-4903-b018-96d9b8f57660', 'a478286d-8f97-4753-90a9-452f9c9c4fc9');
INSERT INTO oneOnOneAnswer(answer, answerOneOnOneIDFK, questionIDFK) VALUES('Sí, hubo un imprevisto en la coordinación del equipo, pero logramos resolverlo a tiempo con la colaboración de todos.', 'b4f2f1a1-5366-4161-82d2-67e47c78390b', '4072b1d7-c501-400b-b11c-a780e5940194');
INSERT INTO oneOnOneAnswer(answer, answerOneOnOneIDFK, questionIDFK) VALUES('Estoy satisfecho por haber superado varios desafíos y mejorar mi organización y gestión del tiempo.', 'c7772842-a58b-4727-920b-3e25c56df4c1', '1f2d5032-e532-4d78-9b76-7fc03883747d');
INSERT INTO oneOnOneAnswer(answer, answerOneOnOneIDFK, questionIDFK) VALUES('Sí, cuento con las herramientas y el apoyo necesario, lo que me permite avanzar sin mayores inconvenientes.', '8a83f1bf-5105-484c-9043-7b2e62e58247', '81ae1e3e-26fa-45a6-baed-292f6af2d3e3');
INSERT INTO oneOnOneAnswer(answer, answerOneOnOneIDFK, questionIDFK) VALUES('Quiero concentrarme en perfeccionar mis habilidades técnicas y cumplir con los plazos establecidos en mis tareas.', 'cedb9927-a86f-4068-99eb-f9f6a0ebe741', '81ae1e3e-26fa-45a6-baed-292f6af2d3e3');
INSERT INTO oneOnOneAnswer(answer, answerOneOnOneIDFK, questionIDFK) VALUES('En general tengo lo necesario, aunque en algunas áreas podría beneficiarme de recursos adicionales para acelerar ciertos procesos.', '48ca0145-fcee-4a34-9135-af54796b73cb', '4072b1d7-c501-400b-b11c-a780e5940194');
INSERT INTO oneOnOneAnswer(answer, answerOneOnOneIDFK, questionIDFK) VALUES('Sí, cuento con las herramientas y el apoyo necesario, lo que me permite avanzar sin mayores inconvenientes.', '0dd015c0-d71e-4500-b7f4-984cad65082f', '4072b1d7-c501-400b-b11c-a780e5940194');
INSERT INTO oneOnOneAnswer(answer, answerOneOnOneIDFK, questionIDFK) VALUES('Sí, cuento con las herramientas y el apoyo necesario, lo que me permite avanzar sin mayores inconvenientes.', '78396fd0-3e6f-41a0-bbea-e2d3cbcb93df', '1f2d5032-e532-4d78-9b76-7fc03883747d');
INSERT INTO oneOnOneAnswer(answer, answerOneOnOneIDFK, questionIDFK) VALUES('En general, me siento tranquilo, aunque reconozco que en algunas situaciones se presenta algo de estrés que manejo con calma.', '07752b78-401d-471f-88c2-aba75828c35c', '81ae1e3e-26fa-45a6-baed-292f6af2d3e3');
INSERT INTO oneOnOneAnswer(answer, answerOneOnOneIDFK, questionIDFK) VALUES('Mi meta es finalizar el proyecto pendiente y comenzar a implementar nuevas estrategias para mejorar la productividad.', '0dd015c0-d71e-4500-b7f4-984cad65082f', '81ae1e3e-26fa-45a6-baed-292f6af2d3e3');

INSERT INTO oneOnOneMeasure(evaluation, measureOneOnOneIDFK, measurableIDFK) VALUES('1', '6bae58ff-7065-4172-844c-6eea54c33c31', '80664801-7179-4d19-b903-adfa975f3a51');
INSERT INTO oneOnOneMeasure(evaluation, measureOneOnOneIDFK, measurableIDFK) VALUES('5', '07752b78-401d-471f-88c2-aba75828c35c', '80664801-7179-4d19-b903-adfa975f3a51');
INSERT INTO oneOnOneMeasure(evaluation, measureOneOnOneIDFK, measurableIDFK) VALUES('3', 'a81e6985-6b22-4657-af88-9417b380ca09', 'c393b11f-4b23-4a99-bed6-2eda690c766d');
INSERT INTO oneOnOneMeasure(evaluation, measureOneOnOneIDFK, measurableIDFK) VALUES('3', '9e5aecc6-0da0-42b5-b742-14c125925291', '3fbaacf4-6067-418a-964c-7c692f96a9a1');
INSERT INTO oneOnOneMeasure(evaluation, measureOneOnOneIDFK, measurableIDFK) VALUES('5', '19104b6b-ebe1-485f-9e6d-425baa3e03e0', '3fbaacf4-6067-418a-964c-7c692f96a9a1');
INSERT INTO oneOnOneMeasure(evaluation, measureOneOnOneIDFK, measurableIDFK) VALUES('5', '3f3dcb44-cd54-43e8-878a-f449c3c8d7e8', '80664801-7179-4d19-b903-adfa975f3a51');
INSERT INTO oneOnOneMeasure(evaluation, measureOneOnOneIDFK, measurableIDFK) VALUES('5', '3c6e41d2-48f9-47be-99ab-d415230d85f3', '3fbaacf4-6067-418a-964c-7c692f96a9a1');
INSERT INTO oneOnOneMeasure(evaluation, measureOneOnOneIDFK, measurableIDFK) VALUES('5', '0dd015c0-d71e-4500-b7f4-984cad65082f', '2eb27310-3c09-4cb8-b28b-4e1b2c959b92');
INSERT INTO oneOnOneMeasure(evaluation, measureOneOnOneIDFK, measurableIDFK) VALUES('2', '77b4f562-c4b7-4343-9f87-898320e62c91', '2eb27310-3c09-4cb8-b28b-4e1b2c959b92');
INSERT INTO oneOnOneMeasure(evaluation, measureOneOnOneIDFK, measurableIDFK) VALUES('2', '0b1aa6f8-f3d2-425e-8ad6-dd4cb9b1ec0c', '3fbaacf4-6067-418a-964c-7c692f96a9a1');
INSERT INTO oneOnOneMeasure(evaluation, measureOneOnOneIDFK, measurableIDFK) VALUES('5', 'f8537224-8d01-4867-891f-35cd1428fbcb', '9c0457ba-1d50-4dca-8b54-2985a535b357');
INSERT INTO oneOnOneMeasure(evaluation, measureOneOnOneIDFK, measurableIDFK) VALUES('4', '08cdc358-7f46-4d61-963d-28b3b4dca816', '9c0457ba-1d50-4dca-8b54-2985a535b357');
INSERT INTO oneOnOneMeasure(evaluation, measureOneOnOneIDFK, measurableIDFK) VALUES('1', '07752b78-401d-471f-88c2-aba75828c35c', 'c393b11f-4b23-4a99-bed6-2eda690c766d');
INSERT INTO oneOnOneMeasure(evaluation, measureOneOnOneIDFK, measurableIDFK) VALUES('4', '07752b78-401d-471f-88c2-aba75828c35c', '2eb27310-3c09-4cb8-b28b-4e1b2c959b92');
INSERT INTO oneOnOneMeasure(evaluation, measureOneOnOneIDFK, measurableIDFK) VALUES('2', '0b168eb6-bee6-4e81-827a-5d4c49917c60', '80664801-7179-4d19-b903-adfa975f3a51');
INSERT INTO oneOnOneMeasure(evaluation, measureOneOnOneIDFK, measurableIDFK) VALUES('1', 'ba2ecffc-b444-41ad-9eb3-a7b03d2aa1fd', '3fbaacf4-6067-418a-964c-7c692f96a9a1');
INSERT INTO oneOnOneMeasure(evaluation, measureOneOnOneIDFK, measurableIDFK) VALUES('2', 'e3d49f53-a151-4cd9-afca-2a1f27c3d428', '2eb27310-3c09-4cb8-b28b-4e1b2c959b92');
INSERT INTO oneOnOneMeasure(evaluation, measureOneOnOneIDFK, measurableIDFK) VALUES('5', '067fc144-dbbb-46e8-9534-189aeb8735d0', '80664801-7179-4d19-b903-adfa975f3a51');
INSERT INTO oneOnOneMeasure(evaluation, measureOneOnOneIDFK, measurableIDFK) VALUES('2', '43bc1e52-e101-472f-a702-087454b3cce4', '80664801-7179-4d19-b903-adfa975f3a51');
INSERT INTO oneOnOneMeasure(evaluation, measureOneOnOneIDFK, measurableIDFK) VALUES('3', 'bd1e1439-2cac-44db-b2bc-6df5fcaac040', 'c393b11f-4b23-4a99-bed6-2eda690c766d');
INSERT INTO oneOnOneMeasure(evaluation, measureOneOnOneIDFK, measurableIDFK) VALUES('3', '0dd015c0-d71e-4500-b7f4-984cad65082f', '80664801-7179-4d19-b903-adfa975f3a51');
INSERT INTO oneOnOneMeasure(evaluation, measureOneOnOneIDFK, measurableIDFK) VALUES('4', '19104b6b-ebe1-485f-9e6d-425baa3e03e0', '3fbaacf4-6067-418a-964c-7c692f96a9a1');
INSERT INTO oneOnOneMeasure(evaluation, measureOneOnOneIDFK, measurableIDFK) VALUES('1', '601cce54-6591-4c3d-ba34-71cbf28fdf2b', '3fbaacf4-6067-418a-964c-7c692f96a9a1');
INSERT INTO oneOnOneMeasure(evaluation, measureOneOnOneIDFK, measurableIDFK) VALUES('5', 'ce170675-c743-4068-801b-0e25e3854e25', '3fbaacf4-6067-418a-964c-7c692f96a9a1');
INSERT INTO oneOnOneMeasure(evaluation, measureOneOnOneIDFK, measurableIDFK) VALUES('5', '49624243-4995-4b88-a704-2c3a8f14da88', '9c0457ba-1d50-4dca-8b54-2985a535b357');
INSERT INTO oneOnOneMeasure(evaluation, measureOneOnOneIDFK, measurableIDFK) VALUES('2', '3dfca836-f248-41d9-8a5f-268dfe766204', '2eb27310-3c09-4cb8-b28b-4e1b2c959b92');
INSERT INTO oneOnOneMeasure(evaluation, measureOneOnOneIDFK, measurableIDFK) VALUES('5', 'b4f2f1a1-5366-4161-82d2-67e47c78390b', 'c393b11f-4b23-4a99-bed6-2eda690c766d');
INSERT INTO oneOnOneMeasure(evaluation, measureOneOnOneIDFK, measurableIDFK) VALUES('2', '90aa1680-a51e-4df4-a57c-c0af824070c7', '3fbaacf4-6067-418a-964c-7c692f96a9a1');
INSERT INTO oneOnOneMeasure(evaluation, measureOneOnOneIDFK, measurableIDFK) VALUES('1', 'd580a1ad-8ce2-4eb7-acc7-059089be1ab2', '80664801-7179-4d19-b903-adfa975f3a51');
INSERT INTO oneOnOneMeasure(evaluation, measureOneOnOneIDFK, measurableIDFK) VALUES('3', 'e37e916c-01b1-422d-8240-f13b49befea1', 'c393b11f-4b23-4a99-bed6-2eda690c766d');
INSERT INTO oneOnOneMeasure(evaluation, measureOneOnOneIDFK, measurableIDFK) VALUES('3', '77b4f562-c4b7-4343-9f87-898320e62c91', '80664801-7179-4d19-b903-adfa975f3a51');
INSERT INTO oneOnOneMeasure(evaluation, measureOneOnOneIDFK, measurableIDFK) VALUES('3', '07752b78-401d-471f-88c2-aba75828c35c', '3fbaacf4-6067-418a-964c-7c692f96a9a1');
INSERT INTO oneOnOneMeasure(evaluation, measureOneOnOneIDFK, measurableIDFK) VALUES('3', 'b964304d-7ce4-4d46-ad58-eb10c2917f68', '9c0457ba-1d50-4dca-8b54-2985a535b357');
INSERT INTO oneOnOneMeasure(evaluation, measureOneOnOneIDFK, measurableIDFK) VALUES('2', '1d1b5000-8871-43e4-a0e8-fae753a83f52', '3fbaacf4-6067-418a-964c-7c692f96a9a1');
INSERT INTO oneOnOneMeasure(evaluation, measureOneOnOneIDFK, measurableIDFK) VALUES('2', 'c14624b2-826d-4080-8fad-c5bd4b1fa912', '2eb27310-3c09-4cb8-b28b-4e1b2c959b92');
INSERT INTO oneOnOneMeasure(evaluation, measureOneOnOneIDFK, measurableIDFK) VALUES('5', '967d1c03-7318-4e33-9826-489c86646ada', '80664801-7179-4d19-b903-adfa975f3a51');
INSERT INTO oneOnOneMeasure(evaluation, measureOneOnOneIDFK, measurableIDFK) VALUES('1', 'e201f7f7-c21c-4914-ae1d-1892de5fb690', '2eb27310-3c09-4cb8-b28b-4e1b2c959b92');
INSERT INTO oneOnOneMeasure(evaluation, measureOneOnOneIDFK, measurableIDFK) VALUES('1', '6bae58ff-7065-4172-844c-6eea54c33c31', 'c393b11f-4b23-4a99-bed6-2eda690c766d');
INSERT INTO oneOnOneMeasure(evaluation, measureOneOnOneIDFK, measurableIDFK) VALUES('4', '4ce95d0c-98e0-4c08-a767-33846a349686', '2eb27310-3c09-4cb8-b28b-4e1b2c959b92');
INSERT INTO oneOnOneMeasure(evaluation, measureOneOnOneIDFK, measurableIDFK) VALUES('2', '43bc1e52-e101-472f-a702-087454b3cce4', '9c0457ba-1d50-4dca-8b54-2985a535b357');
INSERT INTO oneOnOneMeasure(evaluation, measureOneOnOneIDFK, measurableIDFK) VALUES('4', '067fc144-dbbb-46e8-9534-189aeb8735d0', '2eb27310-3c09-4cb8-b28b-4e1b2c959b92');
INSERT INTO oneOnOneMeasure(evaluation, measureOneOnOneIDFK, measurableIDFK) VALUES('2', 'c3391e89-f822-4ab8-aca6-670f6767e8d7', '80664801-7179-4d19-b903-adfa975f3a51');
INSERT INTO oneOnOneMeasure(evaluation, measureOneOnOneIDFK, measurableIDFK) VALUES('5', 'c3391e89-f822-4ab8-aca6-670f6767e8d7', '9c0457ba-1d50-4dca-8b54-2985a535b357');
INSERT INTO oneOnOneMeasure(evaluation, measureOneOnOneIDFK, measurableIDFK) VALUES('5', '1fb7807c-04c9-4d80-aa6e-b306097529d9', '80664801-7179-4d19-b903-adfa975f3a51');
INSERT INTO oneOnOneMeasure(evaluation, measureOneOnOneIDFK, measurableIDFK) VALUES('4', '3f3dcb44-cd54-43e8-878a-f449c3c8d7e8', 'c393b11f-4b23-4a99-bed6-2eda690c766d');
INSERT INTO oneOnOneMeasure(evaluation, measureOneOnOneIDFK, measurableIDFK) VALUES('2', '8f8c8f60-e9ad-48c6-8775-6cee823d0342', '80664801-7179-4d19-b903-adfa975f3a51');
INSERT INTO oneOnOneMeasure(evaluation, measureOneOnOneIDFK, measurableIDFK) VALUES('4', 'e3d49f53-a151-4cd9-afca-2a1f27c3d428', '2eb27310-3c09-4cb8-b28b-4e1b2c959b92');
INSERT INTO oneOnOneMeasure(evaluation, measureOneOnOneIDFK, measurableIDFK) VALUES('1', '6bae58ff-7065-4172-844c-6eea54c33c31', '2eb27310-3c09-4cb8-b28b-4e1b2c959b92');
INSERT INTO oneOnOneMeasure(evaluation, measureOneOnOneIDFK, measurableIDFK) VALUES('1', 'ba2ecffc-b444-41ad-9eb3-a7b03d2aa1fd', '3fbaacf4-6067-418a-964c-7c692f96a9a1');
INSERT INTO oneOnOneMeasure(evaluation, measureOneOnOneIDFK, measurableIDFK) VALUES('2', '48ca0145-fcee-4a34-9135-af54796b73cb', '9c0457ba-1d50-4dca-8b54-2985a535b357');
INSERT INTO oneOnOneMeasure(evaluation, measureOneOnOneIDFK, measurableIDFK) VALUES('5', '0301111b-9bfc-43d0-8d73-098f03b3a583', '80664801-7179-4d19-b903-adfa975f3a51');
INSERT INTO oneOnOneMeasure(evaluation, measureOneOnOneIDFK, measurableIDFK) VALUES('5', 'b3ed54fe-417d-43e7-b337-3e5bfad20d1a', '3fbaacf4-6067-418a-964c-7c692f96a9a1');
INSERT INTO oneOnOneMeasure(evaluation, measureOneOnOneIDFK, measurableIDFK) VALUES('5', '601cce54-6591-4c3d-ba34-71cbf28fdf2b', '80664801-7179-4d19-b903-adfa975f3a51');
INSERT INTO oneOnOneMeasure(evaluation, measureOneOnOneIDFK, measurableIDFK) VALUES('1', 'aa11558e-d0aa-4386-b71a-58cdd6d9c0aa', '2eb27310-3c09-4cb8-b28b-4e1b2c959b92');
INSERT INTO oneOnOneMeasure(evaluation, measureOneOnOneIDFK, measurableIDFK) VALUES('4', 'e3d49f53-a151-4cd9-afca-2a1f27c3d428', '80664801-7179-4d19-b903-adfa975f3a51');
INSERT INTO oneOnOneMeasure(evaluation, measureOneOnOneIDFK, measurableIDFK) VALUES('5', 'f5f32db6-3334-42c3-bbf7-c5954027d783', '2eb27310-3c09-4cb8-b28b-4e1b2c959b92');
INSERT INTO oneOnOneMeasure(evaluation, measureOneOnOneIDFK, measurableIDFK) VALUES('4', '52ab5890-d01e-4dc4-9f1f-fd32ed143863', '3fbaacf4-6067-418a-964c-7c692f96a9a1');
INSERT INTO oneOnOneMeasure(evaluation, measureOneOnOneIDFK, measurableIDFK) VALUES('3', 'f8537224-8d01-4867-891f-35cd1428fbcb', 'c393b11f-4b23-4a99-bed6-2eda690c766d');
INSERT INTO oneOnOneMeasure(evaluation, measureOneOnOneIDFK, measurableIDFK) VALUES('5', '067fc144-dbbb-46e8-9534-189aeb8735d0', '80664801-7179-4d19-b903-adfa975f3a51');
INSERT INTO oneOnOneMeasure(evaluation, measureOneOnOneIDFK, measurableIDFK) VALUES('5', '3f3dcb44-cd54-43e8-878a-f449c3c8d7e8', 'c393b11f-4b23-4a99-bed6-2eda690c766d');
INSERT INTO oneOnOneMeasure(evaluation, measureOneOnOneIDFK, measurableIDFK) VALUES('1', '8be89ff9-d2f4-4c0f-a5e9-c14006dc9007', '3fbaacf4-6067-418a-964c-7c692f96a9a1');
INSERT INTO oneOnOneMeasure(evaluation, measureOneOnOneIDFK, measurableIDFK) VALUES('3', '8be89ff9-d2f4-4c0f-a5e9-c14006dc9007', '80664801-7179-4d19-b903-adfa975f3a51');
INSERT INTO oneOnOneMeasure(evaluation, measureOneOnOneIDFK, measurableIDFK) VALUES('4', '6bae58ff-7065-4172-844c-6eea54c33c31', '3fbaacf4-6067-418a-964c-7c692f96a9a1');
INSERT INTO oneOnOneMeasure(evaluation, measureOneOnOneIDFK, measurableIDFK) VALUES('4', '0b1aa6f8-f3d2-425e-8ad6-dd4cb9b1ec0c', '3fbaacf4-6067-418a-964c-7c692f96a9a1');
INSERT INTO oneOnOneMeasure(evaluation, measureOneOnOneIDFK, measurableIDFK) VALUES('2', '52ab5890-d01e-4dc4-9f1f-fd32ed143863', '3fbaacf4-6067-418a-964c-7c692f96a9a1');
INSERT INTO oneOnOneMeasure(evaluation, measureOneOnOneIDFK, measurableIDFK) VALUES('3', 'bb80f3d4-12d1-43c9-a114-ed6175200e9c', '80664801-7179-4d19-b903-adfa975f3a51');
INSERT INTO oneOnOneMeasure(evaluation, measureOneOnOneIDFK, measurableIDFK) VALUES('3', 'bb80f3d4-12d1-43c9-a114-ed6175200e9c', '3fbaacf4-6067-418a-964c-7c692f96a9a1');
INSERT INTO oneOnOneMeasure(evaluation, measureOneOnOneIDFK, measurableIDFK) VALUES('1', '7c9ba485-0ff8-48dc-9dbc-c6bf0490c049', '9c0457ba-1d50-4dca-8b54-2985a535b357');
INSERT INTO oneOnOneMeasure(evaluation, measureOneOnOneIDFK, measurableIDFK) VALUES('5', 'e3d49f53-a151-4cd9-afca-2a1f27c3d428', '9c0457ba-1d50-4dca-8b54-2985a535b357');
INSERT INTO oneOnOneMeasure(evaluation, measureOneOnOneIDFK, measurableIDFK) VALUES('3', 'bb80f3d4-12d1-43c9-a114-ed6175200e9c', '2eb27310-3c09-4cb8-b28b-4e1b2c959b92');
INSERT INTO oneOnOneMeasure(evaluation, measureOneOnOneIDFK, measurableIDFK) VALUES('5', 'ce170675-c743-4068-801b-0e25e3854e25', 'c393b11f-4b23-4a99-bed6-2eda690c766d');
INSERT INTO oneOnOneMeasure(evaluation, measureOneOnOneIDFK, measurableIDFK) VALUES('4', '7c9ba485-0ff8-48dc-9dbc-c6bf0490c049', 'c393b11f-4b23-4a99-bed6-2eda690c766d');
INSERT INTO oneOnOneMeasure(evaluation, measureOneOnOneIDFK, measurableIDFK) VALUES('2', '1f6a54e4-ff94-4cd6-977c-42867595f899', 'c393b11f-4b23-4a99-bed6-2eda690c766d');
INSERT INTO oneOnOneMeasure(evaluation, measureOneOnOneIDFK, measurableIDFK) VALUES('3', 'c3391e89-f822-4ab8-aca6-670f6767e8d7', 'c393b11f-4b23-4a99-bed6-2eda690c766d');
INSERT INTO oneOnOneMeasure(evaluation, measureOneOnOneIDFK, measurableIDFK) VALUES('1', 'a81e6985-6b22-4657-af88-9417b380ca09', '2eb27310-3c09-4cb8-b28b-4e1b2c959b92');
INSERT INTO oneOnOneMeasure(evaluation, measureOneOnOneIDFK, measurableIDFK) VALUES('3', '07752b78-401d-471f-88c2-aba75828c35c', '80664801-7179-4d19-b903-adfa975f3a51');
INSERT INTO oneOnOneMeasure(evaluation, measureOneOnOneIDFK, measurableIDFK) VALUES('1', '985da971-0797-481a-89ca-50b283b4e2d0', '3fbaacf4-6067-418a-964c-7c692f96a9a1');
INSERT INTO oneOnOneMeasure(evaluation, measureOneOnOneIDFK, measurableIDFK) VALUES('4', 'b3ed54fe-417d-43e7-b337-3e5bfad20d1a', '9c0457ba-1d50-4dca-8b54-2985a535b357');
INSERT INTO oneOnOneMeasure(evaluation, measureOneOnOneIDFK, measurableIDFK) VALUES('2', 'cf343017-d0b6-4c3a-9046-35864dabb1c5', '3fbaacf4-6067-418a-964c-7c692f96a9a1');
INSERT INTO oneOnOneMeasure(evaluation, measureOneOnOneIDFK, measurableIDFK) VALUES('1', 'e201f7f7-c21c-4914-ae1d-1892de5fb690', 'c393b11f-4b23-4a99-bed6-2eda690c766d');
INSERT INTO oneOnOneMeasure(evaluation, measureOneOnOneIDFK, measurableIDFK) VALUES('1', 'e05c914c-4b13-494e-959d-70cdb189385e', 'c393b11f-4b23-4a99-bed6-2eda690c766d');
INSERT INTO oneOnOneMeasure(evaluation, measureOneOnOneIDFK, measurableIDFK) VALUES('2', '9e5aecc6-0da0-42b5-b742-14c125925291', '3fbaacf4-6067-418a-964c-7c692f96a9a1');
INSERT INTO oneOnOneMeasure(evaluation, measureOneOnOneIDFK, measurableIDFK) VALUES('5', '07752b78-401d-471f-88c2-aba75828c35c', '9c0457ba-1d50-4dca-8b54-2985a535b357');
INSERT INTO oneOnOneMeasure(evaluation, measureOneOnOneIDFK, measurableIDFK) VALUES('1', 'd580a1ad-8ce2-4eb7-acc7-059089be1ab2', '80664801-7179-4d19-b903-adfa975f3a51');
INSERT INTO oneOnOneMeasure(evaluation, measureOneOnOneIDFK, measurableIDFK) VALUES('2', '14196bac-6518-426e-8745-a4d8d4316734', 'c393b11f-4b23-4a99-bed6-2eda690c766d');
INSERT INTO oneOnOneMeasure(evaluation, measureOneOnOneIDFK, measurableIDFK) VALUES('1', 'e05c914c-4b13-494e-959d-70cdb189385e', '80664801-7179-4d19-b903-adfa975f3a51');
INSERT INTO oneOnOneMeasure(evaluation, measureOneOnOneIDFK, measurableIDFK) VALUES('5', 'bb80f3d4-12d1-43c9-a114-ed6175200e9c', '80664801-7179-4d19-b903-adfa975f3a51');
INSERT INTO oneOnOneMeasure(evaluation, measureOneOnOneIDFK, measurableIDFK) VALUES('2', '14196bac-6518-426e-8745-a4d8d4316734', '80664801-7179-4d19-b903-adfa975f3a51');
INSERT INTO oneOnOneMeasure(evaluation, measureOneOnOneIDFK, measurableIDFK) VALUES('5', '48ca0145-fcee-4a34-9135-af54796b73cb', 'c393b11f-4b23-4a99-bed6-2eda690c766d');
INSERT INTO oneOnOneMeasure(evaluation, measureOneOnOneIDFK, measurableIDFK) VALUES('3', 'f5f32db6-3334-42c3-bbf7-c5954027d783', '9c0457ba-1d50-4dca-8b54-2985a535b357');
INSERT INTO oneOnOneMeasure(evaluation, measureOneOnOneIDFK, measurableIDFK) VALUES('4', '6aa66fa6-02c7-4c04-9745-d8aaedf71372', '9c0457ba-1d50-4dca-8b54-2985a535b357');
INSERT INTO oneOnOneMeasure(evaluation, measureOneOnOneIDFK, measurableIDFK) VALUES('2', 'e1e9c014-6d2a-4903-b018-96d9b8f57660', '9c0457ba-1d50-4dca-8b54-2985a535b357');
INSERT INTO oneOnOneMeasure(evaluation, measureOneOnOneIDFK, measurableIDFK) VALUES('1', 'e3d49f53-a151-4cd9-afca-2a1f27c3d428', '80664801-7179-4d19-b903-adfa975f3a51');
INSERT INTO oneOnOneMeasure(evaluation, measureOneOnOneIDFK, measurableIDFK) VALUES('2', 'e05c914c-4b13-494e-959d-70cdb189385e', '80664801-7179-4d19-b903-adfa975f3a51');
INSERT INTO oneOnOneMeasure(evaluation, measureOneOnOneIDFK, measurableIDFK) VALUES('3', '6aa66fa6-02c7-4c04-9745-d8aaedf71372', '80664801-7179-4d19-b903-adfa975f3a51');
INSERT INTO oneOnOneMeasure(evaluation, measureOneOnOneIDFK, measurableIDFK) VALUES('1', 'd580a1ad-8ce2-4eb7-acc7-059089be1ab2', 'c393b11f-4b23-4a99-bed6-2eda690c766d');
INSERT INTO oneOnOneMeasure(evaluation, measureOneOnOneIDFK, measurableIDFK) VALUES('3', '39d48e25-4f5c-48a5-aac3-7b0e98fbaf45', '80664801-7179-4d19-b903-adfa975f3a51');
INSERT INTO oneOnOneMeasure(evaluation, measureOneOnOneIDFK, measurableIDFK) VALUES('5', 'e201f7f7-c21c-4914-ae1d-1892de5fb690', '3fbaacf4-6067-418a-964c-7c692f96a9a1');
INSERT INTO oneOnOneMeasure(evaluation, measureOneOnOneIDFK, measurableIDFK) VALUES('5', 'b76f9be5-4904-41bf-b154-f0fb08dd4f06', 'c393b11f-4b23-4a99-bed6-2eda690c766d');
INSERT INTO oneOnOneMeasure(evaluation, measureOneOnOneIDFK, measurableIDFK) VALUES('4', '8f8c8f60-e9ad-48c6-8775-6cee823d0342', '9c0457ba-1d50-4dca-8b54-2985a535b357');
INSERT INTO oneOnOneMeasure(evaluation, measureOneOnOneIDFK, measurableIDFK) VALUES('3', 'cedb9927-a86f-4068-99eb-f9f6a0ebe741', '3fbaacf4-6067-418a-964c-7c692f96a9a1');
INSERT INTO oneOnOneMeasure(evaluation, measureOneOnOneIDFK, measurableIDFK) VALUES('3', '49624243-4995-4b88-a704-2c3a8f14da88', '80664801-7179-4d19-b903-adfa975f3a51');
INSERT INTO oneOnOneMeasure(evaluation, measureOneOnOneIDFK, measurableIDFK) VALUES('1', 'bb80f3d4-12d1-43c9-a114-ed6175200e9c', '2eb27310-3c09-4cb8-b28b-4e1b2c959b92');
INSERT INTO oneOnOneMeasure(evaluation, measureOneOnOneIDFK, measurableIDFK) VALUES('4', '1d1b5000-8871-43e4-a0e8-fae753a83f52', '9c0457ba-1d50-4dca-8b54-2985a535b357');
INSERT INTO oneOnOneMeasure(evaluation, measureOneOnOneIDFK, measurableIDFK) VALUES('2', '6133ad26-f0f8-469a-8a73-e4bf55e5b64c', '80664801-7179-4d19-b903-adfa975f3a51');
INSERT INTO oneOnOneMeasure(evaluation, measureOneOnOneIDFK, measurableIDFK) VALUES('3', '601cce54-6591-4c3d-ba34-71cbf28fdf2b', '3fbaacf4-6067-418a-964c-7c692f96a9a1');
INSERT INTO oneOnOneMeasure(evaluation, measureOneOnOneIDFK, measurableIDFK) VALUES('2', '9f50d506-3451-4f6e-9cc7-52db962d74bd', '80664801-7179-4d19-b903-adfa975f3a51');
INSERT INTO oneOnOneMeasure(evaluation, measureOneOnOneIDFK, measurableIDFK) VALUES('2', '19104b6b-ebe1-485f-9e6d-425baa3e03e0', '3fbaacf4-6067-418a-964c-7c692f96a9a1');
INSERT INTO oneOnOneMeasure(evaluation, measureOneOnOneIDFK, measurableIDFK) VALUES('3', 'b9cdbc82-cd2e-415c-96ff-d15c1e88dd9a', '3fbaacf4-6067-418a-964c-7c692f96a9a1');
INSERT INTO oneOnOneMeasure(evaluation, measureOneOnOneIDFK, measurableIDFK) VALUES('5', 'cf343017-d0b6-4c3a-9046-35864dabb1c5', 'c393b11f-4b23-4a99-bed6-2eda690c766d');
INSERT INTO oneOnOneMeasure(evaluation, measureOneOnOneIDFK, measurableIDFK) VALUES('5', '3f3dcb44-cd54-43e8-878a-f449c3c8d7e8', 'c393b11f-4b23-4a99-bed6-2eda690c766d');
INSERT INTO oneOnOneMeasure(evaluation, measureOneOnOneIDFK, measurableIDFK) VALUES('5', '1fb7807c-04c9-4d80-aa6e-b306097529d9', '2eb27310-3c09-4cb8-b28b-4e1b2c959b92');
INSERT INTO oneOnOneMeasure(evaluation, measureOneOnOneIDFK, measurableIDFK) VALUES('2', '7c9ba485-0ff8-48dc-9dbc-c6bf0490c049', 'c393b11f-4b23-4a99-bed6-2eda690c766d');
INSERT INTO oneOnOneMeasure(evaluation, measureOneOnOneIDFK, measurableIDFK) VALUES('2', '967d1c03-7318-4e33-9826-489c86646ada', '80664801-7179-4d19-b903-adfa975f3a51');
INSERT INTO oneOnOneMeasure(evaluation, measureOneOnOneIDFK, measurableIDFK) VALUES('3', '39d48e25-4f5c-48a5-aac3-7b0e98fbaf45', 'c393b11f-4b23-4a99-bed6-2eda690c766d');
INSERT INTO oneOnOneMeasure(evaluation, measureOneOnOneIDFK, measurableIDFK) VALUES('5', '49624243-4995-4b88-a704-2c3a8f14da88', '2eb27310-3c09-4cb8-b28b-4e1b2c959b92');
INSERT INTO oneOnOneMeasure(evaluation, measureOneOnOneIDFK, measurableIDFK) VALUES('1', '1f6a54e4-ff94-4cd6-977c-42867595f899', '80664801-7179-4d19-b903-adfa975f3a51');
INSERT INTO oneOnOneMeasure(evaluation, measureOneOnOneIDFK, measurableIDFK) VALUES('2', '3f3dcb44-cd54-43e8-878a-f449c3c8d7e8', 'c393b11f-4b23-4a99-bed6-2eda690c766d');
INSERT INTO oneOnOneMeasure(evaluation, measureOneOnOneIDFK, measurableIDFK) VALUES('4', 'e3d49f53-a151-4cd9-afca-2a1f27c3d428', '3fbaacf4-6067-418a-964c-7c692f96a9a1');
INSERT INTO oneOnOneMeasure(evaluation, measureOneOnOneIDFK, measurableIDFK) VALUES('2', 'c2b98a29-c9f1-40b1-884b-ec7bce43568d', '9c0457ba-1d50-4dca-8b54-2985a535b357');
INSERT INTO oneOnOneMeasure(evaluation, measureOneOnOneIDFK, measurableIDFK) VALUES('3', 'b4f2f1a1-5366-4161-82d2-67e47c78390b', '2eb27310-3c09-4cb8-b28b-4e1b2c959b92');
INSERT INTO oneOnOneMeasure(evaluation, measureOneOnOneIDFK, measurableIDFK) VALUES('4', '1f6a54e4-ff94-4cd6-977c-42867595f899', '9c0457ba-1d50-4dca-8b54-2985a535b357');
INSERT INTO oneOnOneMeasure(evaluation, measureOneOnOneIDFK, measurableIDFK) VALUES('5', '0b168eb6-bee6-4e81-827a-5d4c49917c60', '2eb27310-3c09-4cb8-b28b-4e1b2c959b92');
INSERT INTO oneOnOneMeasure(evaluation, measureOneOnOneIDFK, measurableIDFK) VALUES('3', '601cce54-6591-4c3d-ba34-71cbf28fdf2b', '80664801-7179-4d19-b903-adfa975f3a51');
INSERT INTO oneOnOneMeasure(evaluation, measureOneOnOneIDFK, measurableIDFK) VALUES('1', 'e1e9c014-6d2a-4903-b018-96d9b8f57660', 'c393b11f-4b23-4a99-bed6-2eda690c766d');
INSERT INTO oneOnOneMeasure(evaluation, measureOneOnOneIDFK, measurableIDFK) VALUES('3', '9f5f9ca8-eea0-4b94-a3b3-5804ff41620c', 'c393b11f-4b23-4a99-bed6-2eda690c766d');
INSERT INTO oneOnOneMeasure(evaluation, measureOneOnOneIDFK, measurableIDFK) VALUES('1', 'cedb9927-a86f-4068-99eb-f9f6a0ebe741', '9c0457ba-1d50-4dca-8b54-2985a535b357');
INSERT INTO oneOnOneMeasure(evaluation, measureOneOnOneIDFK, measurableIDFK) VALUES('4', '0301111b-9bfc-43d0-8d73-098f03b3a583', '80664801-7179-4d19-b903-adfa975f3a51');
INSERT INTO oneOnOneMeasure(evaluation, measureOneOnOneIDFK, measurableIDFK) VALUES('3', '07752b78-401d-471f-88c2-aba75828c35c', '2eb27310-3c09-4cb8-b28b-4e1b2c959b92');
INSERT INTO oneOnOneMeasure(evaluation, measureOneOnOneIDFK, measurableIDFK) VALUES('5', '6bae58ff-7065-4172-844c-6eea54c33c31', '2eb27310-3c09-4cb8-b28b-4e1b2c959b92');
INSERT INTO oneOnOneMeasure(evaluation, measureOneOnOneIDFK, measurableIDFK) VALUES('4', '8f8c8f60-e9ad-48c6-8775-6cee823d0342', '80664801-7179-4d19-b903-adfa975f3a51');
INSERT INTO oneOnOneMeasure(evaluation, measureOneOnOneIDFK, measurableIDFK) VALUES('5', '43bc1e52-e101-472f-a702-087454b3cce4', '3fbaacf4-6067-418a-964c-7c692f96a9a1');
INSERT INTO oneOnOneMeasure(evaluation, measureOneOnOneIDFK, measurableIDFK) VALUES('4', '1d1b5000-8871-43e4-a0e8-fae753a83f52', '3fbaacf4-6067-418a-964c-7c692f96a9a1');
INSERT INTO oneOnOneMeasure(evaluation, measureOneOnOneIDFK, measurableIDFK) VALUES('2', 'f5f32db6-3334-42c3-bbf7-c5954027d783', '2eb27310-3c09-4cb8-b28b-4e1b2c959b92');
INSERT INTO oneOnOneMeasure(evaluation, measureOneOnOneIDFK, measurableIDFK) VALUES('1', 'e05c914c-4b13-494e-959d-70cdb189385e', 'c393b11f-4b23-4a99-bed6-2eda690c766d');
INSERT INTO oneOnOneMeasure(evaluation, measureOneOnOneIDFK, measurableIDFK) VALUES('4', '5c98b501-7089-42d8-bd4c-edd92c496b78', '80664801-7179-4d19-b903-adfa975f3a51');
INSERT INTO oneOnOneMeasure(evaluation, measureOneOnOneIDFK, measurableIDFK) VALUES('1', 'c2b98a29-c9f1-40b1-884b-ec7bce43568d', '9c0457ba-1d50-4dca-8b54-2985a535b357');
INSERT INTO oneOnOneMeasure(evaluation, measureOneOnOneIDFK, measurableIDFK) VALUES('3', 'c3391e89-f822-4ab8-aca6-670f6767e8d7', '9c0457ba-1d50-4dca-8b54-2985a535b357');
INSERT INTO oneOnOneMeasure(evaluation, measureOneOnOneIDFK, measurableIDFK) VALUES('5', 'c000d970-5452-4bc7-9d28-3cbfa5d7642a', 'c393b11f-4b23-4a99-bed6-2eda690c766d');
INSERT INTO oneOnOneMeasure(evaluation, measureOneOnOneIDFK, measurableIDFK) VALUES('2', 'b3ed54fe-417d-43e7-b337-3e5bfad20d1a', '9c0457ba-1d50-4dca-8b54-2985a535b357');
INSERT INTO oneOnOneMeasure(evaluation, measureOneOnOneIDFK, measurableIDFK) VALUES('3', '78396fd0-3e6f-41a0-bbea-e2d3cbcb93df', '2eb27310-3c09-4cb8-b28b-4e1b2c959b92');
INSERT INTO oneOnOneMeasure(evaluation, measureOneOnOneIDFK, measurableIDFK) VALUES('2', '90aa1680-a51e-4df4-a57c-c0af824070c7', '2eb27310-3c09-4cb8-b28b-4e1b2c959b92');
INSERT INTO oneOnOneMeasure(evaluation, measureOneOnOneIDFK, measurableIDFK) VALUES('5', '2becb356-0bda-49df-824c-3c5c58560250', '80664801-7179-4d19-b903-adfa975f3a51');
INSERT INTO oneOnOneMeasure(evaluation, measureOneOnOneIDFK, measurableIDFK) VALUES('4', '6bae58ff-7065-4172-844c-6eea54c33c31', '2eb27310-3c09-4cb8-b28b-4e1b2c959b92');
INSERT INTO oneOnOneMeasure(evaluation, measureOneOnOneIDFK, measurableIDFK) VALUES('5', '8a83f1bf-5105-484c-9043-7b2e62e58247', '3fbaacf4-6067-418a-964c-7c692f96a9a1');
INSERT INTO oneOnOneMeasure(evaluation, measureOneOnOneIDFK, measurableIDFK) VALUES('2', 'ba2ecffc-b444-41ad-9eb3-a7b03d2aa1fd', '2eb27310-3c09-4cb8-b28b-4e1b2c959b92');
INSERT INTO oneOnOneMeasure(evaluation, measureOneOnOneIDFK, measurableIDFK) VALUES('4', '08cdc358-7f46-4d61-963d-28b3b4dca816', '3fbaacf4-6067-418a-964c-7c692f96a9a1');
INSERT INTO oneOnOneMeasure(evaluation, measureOneOnOneIDFK, measurableIDFK) VALUES('3', '0b1aa6f8-f3d2-425e-8ad6-dd4cb9b1ec0c', '9c0457ba-1d50-4dca-8b54-2985a535b357');
INSERT INTO oneOnOneMeasure(evaluation, measureOneOnOneIDFK, measurableIDFK) VALUES('5', 'b3ed54fe-417d-43e7-b337-3e5bfad20d1a', '3fbaacf4-6067-418a-964c-7c692f96a9a1');
INSERT INTO oneOnOneMeasure(evaluation, measureOneOnOneIDFK, measurableIDFK) VALUES('2', '90aa1680-a51e-4df4-a57c-c0af824070c7', '80664801-7179-4d19-b903-adfa975f3a51');

INSERT INTO vacation(vacationID, startDate, endDate, reason, leaderStatus, hrStatus, vacationUserIDFK) VALUES('ae48b312-b378-490d-9468-46626ebfcfac', '25/09/25', '25/09/26', 'Realizar actividades al aire libre', 1, 2, 'ecdc1188-5f69-4862-a21e-d3daf2b72d05');
INSERT INTO vacation(vacationID, startDate, endDate, reason, leaderStatus, hrStatus, vacationUserIDFK) VALUES('b54bbb68-2c54-409d-9719-a845625b5715', '28/07/29', '28/07/30', 'Descansar del trabajo', 0, 1, '711b532f-b634-48f6-9040-293a9c39b70b');
INSERT INTO vacation(vacationID, startDate, endDate, reason, leaderStatus, hrStatus, vacationUserIDFK) VALUES('79690ae8-28da-446f-8d34-25427fe0aaab', '28/05/24', '28/05/25', 'Visitar amigos o familiares', 0, 2, 'c2d40884-4c95-499b-8605-d2751b77f5f9');
INSERT INTO vacation(vacationID, startDate, endDate, reason, leaderStatus, hrStatus, vacationUserIDFK) VALUES('b4f01116-4b68-4b1e-b94d-c6f3b6d1dbde', '33/07/12', '33/07/13', 'Disfrutar de la naturaleza', 1, 2, '4e0fcd6d-f85a-4f20-83a4-0d2e64ad8ddd');
INSERT INTO vacation(vacationID, startDate, endDate, reason, leaderStatus, hrStatus, vacationUserIDFK) VALUES('a3737a22-5324-4d88-bf15-547305658950', '27/08/29', '27/08/30', 'Aprovechar promociones de viaje', 1, 1, 'f98f0b72-8139-457c-a067-7cc2f0b6adfd');
INSERT INTO vacation(vacationID, startDate, endDate, reason, leaderStatus, hrStatus, vacationUserIDFK) VALUES('01353ab8-0615-46b1-84e4-e927576349aa', '26/08/26', '26/08/27', 'Conocer nuevos lugares', 0, 0, '2d4ce415-c52d-40cb-bf61-d416e231bfbe');
INSERT INTO vacation(vacationID, startDate, endDate, reason, leaderStatus, hrStatus, vacationUserIDFK) VALUES('2b87b930-ed42-40bb-b6ef-02f8243db02a', '32/05/03', '32/05/04', 'Probar nuevas comidas', 0, 1, '9b07f0fa-a388-409d-a6aa-85177dfc7742');
INSERT INTO vacation(vacationID, startDate, endDate, reason, leaderStatus, hrStatus, vacationUserIDFK) VALUES('2ac4fe81-2748-4cae-9e5f-f58ae6aebad3', '30/08/06', '30/08/07', 'Explorar diferentes culturas', 0, 0, '243abe6f-2ba6-429c-97c7-21991d4e5e03');
INSERT INTO vacation(vacationID, startDate, endDate, reason, leaderStatus, hrStatus, vacationUserIDFK) VALUES('2a91df4e-ce8f-4820-9653-f70017f6823e', '29/11/12', '29/11/13', 'Conocer nuevos lugares', 1, 1, '5ada3202-fbcc-4180-b3da-ea8f8ae89b58');
INSERT INTO vacation(vacationID, startDate, endDate, reason, leaderStatus, hrStatus, vacationUserIDFK) VALUES('0de126f3-90e1-4781-9c55-6846e64894b4', '29/03/21', '29/03/22', 'Descansar del trabajo', 2, 2, '3690bcdb-413e-4d41-9f63-858bcc10e9e9');
INSERT INTO vacation(vacationID, startDate, endDate, reason, leaderStatus, hrStatus, vacationUserIDFK) VALUES('5fccae76-c230-4400-9ea0-9deb82c3de12', '33/04/03', '33/04/04', 'Aprovechar promociones de viaje', 1, 1, '1c80a1ef-9853-4853-a072-8deb050e7947');
INSERT INTO vacation(vacationID, startDate, endDate, reason, leaderStatus, hrStatus, vacationUserIDFK) VALUES('fbfb06e1-439a-461b-a66b-c80537767bfa', '26/11/03', '26/11/04', 'Tomar fotos y crear recuerdos', 2, 1, '243abe6f-2ba6-429c-97c7-21991d4e5e03');
INSERT INTO vacation(vacationID, startDate, endDate, reason, leaderStatus, hrStatus, vacationUserIDFK) VALUES('d0976f52-5b4e-44ff-b3f7-c0eef2c6d036', '25/05/14', '25/05/15', 'Fortalecer la relación de pareja', 1, 1, '84621f06-94bf-4515-b506-c4859eb51137');
INSERT INTO vacation(vacationID, startDate, endDate, reason, leaderStatus, hrStatus, vacationUserIDFK) VALUES('d1190d08-9088-4236-b8fd-bb88942adaef', '29/09/06', '29/09/07', 'Reducir el estrés', 2, 1, 'f4e7651d-fce8-4f7f-b908-c68f8b93c91c');
INSERT INTO vacation(vacationID, startDate, endDate, reason, leaderStatus, hrStatus, vacationUserIDFK) VALUES('35af5a27-752a-4dd6-90ae-de61c8eb6a58', '33/11/24', '33/11/25', 'Probar nuevas comidas', 1, 2, '616c8af9-6873-4a16-a689-024792fe400e');
INSERT INTO vacation(vacationID, startDate, endDate, reason, leaderStatus, hrStatus, vacationUserIDFK) VALUES('6949b3fe-748d-4dec-8bdc-58008bb32801', '30/08/06', '30/08/07', 'Conocer nuevos lugares', 1, 0, '06008f73-48db-4dd4-ac57-e5af1ebb972b');
INSERT INTO vacation(vacationID, startDate, endDate, reason, leaderStatus, hrStatus, vacationUserIDFK) VALUES('34b5cffc-a039-4414-a6e2-3f0f2cf30da0', '33/08/15', '33/08/16', 'Practicar deportes extremos', 2, 2, '0d7413c0-fb2c-4cae-b220-c7ade14c340c');
INSERT INTO vacation(vacationID, startDate, endDate, reason, leaderStatus, hrStatus, vacationUserIDFK) VALUES('d7e54c63-9874-4475-ba3b-e32ef1b32a91', '33/11/24', '33/11/25', 'Recargar energía y motivación', 0, 1, '0ce40ac0-a709-4569-a666-3af6be03261e');
INSERT INTO vacation(vacationID, startDate, endDate, reason, leaderStatus, hrStatus, vacationUserIDFK) VALUES('60e5a28c-d8af-4c58-aab9-a4829ef1e536', '31/06/03', '31/06/04', 'Desconectarse de la rutina', 1, 0, 'cee4f184-16c2-4de3-9c99-7b1c7094a9f5');
INSERT INTO vacation(vacationID, startDate, endDate, reason, leaderStatus, hrStatus, vacationUserIDFK) VALUES('848f8d75-42b7-472e-b5ac-c19691632269', '31/07/06', '31/07/07', 'Celebrar un aniversario', 2, 1, '40520c44-8437-4ffd-844b-66524cc77952');
INSERT INTO vacation(vacationID, startDate, endDate, reason, leaderStatus, hrStatus, vacationUserIDFK) VALUES('08663fa6-5724-4cbd-ad87-1cf116aa6758', '33/01/27', '33/01/28', 'Fortalecer la relación de pareja', 2, 1, '23a42940-d0ba-413f-814d-645c5e72b74f');
INSERT INTO vacation(vacationID, startDate, endDate, reason, leaderStatus, hrStatus, vacationUserIDFK) VALUES('1a482dac-ab4f-45bd-9ed7-7aa63eb94c95', '27/11/06', '27/11/07', 'Explorar diferentes culturas', 0, 0, '84621f06-94bf-4515-b506-c4859eb51137');
INSERT INTO vacation(vacationID, startDate, endDate, reason, leaderStatus, hrStatus, vacationUserIDFK) VALUES('b06f3cc6-19a3-4f7a-91a6-112bee3ed799', '28/10/06', '28/10/07', 'Cumplir un sueño personal', 1, 1, '06e9c035-4a32-4e62-b0a2-01cbf6cb15a8');
INSERT INTO vacation(vacationID, startDate, endDate, reason, leaderStatus, hrStatus, vacationUserIDFK) VALUES('c4d1d302-8a1f-4868-88ea-b2f859eebe72', '32/08/12', '32/08/13', 'Mejorar la salud mental', 1, 2, '5ada3202-fbcc-4180-b3da-ea8f8ae89b58');
INSERT INTO vacation(vacationID, startDate, endDate, reason, leaderStatus, hrStatus, vacationUserIDFK) VALUES('83fece71-3da5-4acb-9261-f75732ca59bc', '30/01/18', '30/01/19', 'Pasar tiempo con la familia', 1, 0, '616c8af9-6873-4a16-a689-024792fe400e');
INSERT INTO vacation(vacationID, startDate, endDate, reason, leaderStatus, hrStatus, vacationUserIDFK) VALUES('dcd72a35-c5e8-4857-8695-f94993c7bbd0', '32/05/03', '32/05/04', 'Descansar del trabajo', 2, 0, 'd25e2404-1f27-4aa3-9c8d-776b652af64f');
INSERT INTO vacation(vacationID, startDate, endDate, reason, leaderStatus, hrStatus, vacationUserIDFK) VALUES('26935658-5db0-4547-a139-797d10a3b3d6', '28/06/27', '28/06/28', 'Celebrar un aniversario', 1, 2, '40520c44-8437-4ffd-844b-66524cc77952');
INSERT INTO vacation(vacationID, startDate, endDate, reason, leaderStatus, hrStatus, vacationUserIDFK) VALUES('f0269b83-ee56-445b-9cef-5a4282b19be0', '28/05/24', '28/05/25', 'Desconectarse de la rutina', 2, 2, '616c8af9-6873-4a16-a689-024792fe400e');
INSERT INTO vacation(vacationID, startDate, endDate, reason, leaderStatus, hrStatus, vacationUserIDFK) VALUES('e9a180fa-4433-40d0-8efd-227e23be0111', '28/03/18', '28/03/19', 'Tomar fotos y crear recuerdos', 0, 2, '69d97e60-1958-4957-8e5f-4d9559b24aad');
INSERT INTO vacation(vacationID, startDate, endDate, reason, leaderStatus, hrStatus, vacationUserIDFK) VALUES('45c773c7-780e-47d9-becf-dba7705ba1b4', '25/05/14', '25/05/15', 'Disfrutar de la naturaleza', 2, 0, 'b39824f1-1b8a-4dd3-8cde-7e70ce5c4dd3');
INSERT INTO vacation(vacationID, startDate, endDate, reason, leaderStatus, hrStatus, vacationUserIDFK) VALUES('6ea79a92-659c-437a-b110-aa36d71dfe4f', '28/03/18', '28/03/19', 'Reducir el estrés', 2, 1, 'f06a33db-1f0d-45e2-817c-74d9edbd0cdb');
INSERT INTO vacation(vacationID, startDate, endDate, reason, leaderStatus, hrStatus, vacationUserIDFK) VALUES('740391e4-5f32-49ed-a41e-0a12c5a4a42b', '26/05/18', '26/05/19', 'Recargar energía y motivación', 2, 2, 'c6377d69-ae67-4836-8753-99557c43c510');
INSERT INTO vacation(vacationID, startDate, endDate, reason, leaderStatus, hrStatus, vacationUserIDFK) VALUES('584f682f-6d66-4e98-8ca6-8280a9136508', '25/07/19', '25/07/20', 'Pasar tiempo con la familia', 1, 0, '19df4a90-2766-4846-aa4c-c9624804e3d0');
INSERT INTO vacation(vacationID, startDate, endDate, reason, leaderStatus, hrStatus, vacationUserIDFK) VALUES('1c00fce1-a4a0-4ce5-a8b1-1740017f6f6e', '27/10/03', '27/10/04', 'Visitar amigos o familiares', 2, 1, '616c8af9-6873-4a16-a689-024792fe400e');
INSERT INTO vacation(vacationID, startDate, endDate, reason, leaderStatus, hrStatus, vacationUserIDFK) VALUES('9388723d-9bd7-45e1-953b-caf13bc6d3e0', '30/05/29', '30/05/30', 'Cumplir un sueño personal', 1, 2, '68de333c-6a4a-4082-872b-64888635edce');
INSERT INTO vacation(vacationID, startDate, endDate, reason, leaderStatus, hrStatus, vacationUserIDFK) VALUES('91dc9092-5bff-4041-ad06-33808fa6bd2a', '29/09/06', '29/09/07', 'Aprovechar promociones de viaje', 0, 0, '8cf3b471-3e19-4897-8479-8a7b9d9662a8');
INSERT INTO vacation(vacationID, startDate, endDate, reason, leaderStatus, hrStatus, vacationUserIDFK) VALUES('3ed6447a-9c17-4a03-b71f-5388fbe31a56', '28/12/12', '28/12/13', 'Tomar fotos y crear recuerdos', 1, 1, '1a2c07d0-f1c4-4b47-8639-56ddc889fa33');
INSERT INTO vacation(vacationID, startDate, endDate, reason, leaderStatus, hrStatus, vacationUserIDFK) VALUES('20cb50af-710d-4aef-90e5-424fbb86c958', '33/01/27', '33/01/28', 'Recargar energía y motivación', 0, 1, '34df1283-62bd-4e6e-b427-b5743825e768');
INSERT INTO vacation(vacationID, startDate, endDate, reason, leaderStatus, hrStatus, vacationUserIDFK) VALUES('42ae1d3d-9137-4374-912b-4371f7932168', '26/05/09', '26/05/10', 'Explorar diferentes culturas', 1, 1, 'c2d40884-4c95-499b-8605-d2751b77f5f9');
INSERT INTO vacation(vacationID, startDate, endDate, reason, leaderStatus, hrStatus, vacationUserIDFK) VALUES('e099009c-20c9-44be-ac4f-532efe706b8f', '30/07/03', '30/07/04', 'Practicar deportes extremos', 2, 0, '8cf3b471-3e19-4897-8479-8a7b9d9662a8');
INSERT INTO vacation(vacationID, startDate, endDate, reason, leaderStatus, hrStatus, vacationUserIDFK) VALUES('2a476921-da8a-4a7b-85e1-2d667b2d029b', '31/06/03', '31/06/04', 'Tomar fotos y crear recuerdos', 0, 1, '734113e9-a63d-4815-a107-78d43da1d57c');
INSERT INTO vacation(vacationID, startDate, endDate, reason, leaderStatus, hrStatus, vacationUserIDFK) VALUES('45ac1243-1c7d-43c3-bcd6-bba71d24c8f8', '32/10/18', '32/10/19', 'Pasar tiempo con la familia', 0, 0, '80c88fdc-e641-4456-affb-a7fc16fcce89');
INSERT INTO vacation(vacationID, startDate, endDate, reason, leaderStatus, hrStatus, vacationUserIDFK) VALUES('34a09aaf-ce9c-4ac5-92a3-a8d84fba1b6b', '26/05/09', '26/05/10', 'Probar nuevas comidas', 0, 0, '00f46195-fd5a-477a-ada7-b40d8109296a');
INSERT INTO vacation(vacationID, startDate, endDate, reason, leaderStatus, hrStatus, vacationUserIDFK) VALUES('c5e95be2-0d24-4abc-b64e-f1aaee8b59bc', '29/12/15', '29/12/16', 'Mejorar la salud mental', 2, 0, '0ce40ac0-a709-4569-a666-3af6be03261e');
INSERT INTO vacation(vacationID, startDate, endDate, reason, leaderStatus, hrStatus, vacationUserIDFK) VALUES('462a9295-e4ae-401c-9c2e-d161172c4425', '31/11/24', '31/11/25', 'Desconectarse de la rutina', 0, 1, '482e4575-74e8-4915-b2b3-c3be587b64de');
INSERT INTO vacation(vacationID, startDate, endDate, reason, leaderStatus, hrStatus, vacationUserIDFK) VALUES('6cd2715b-5ecb-4786-ae99-40b5c3d34aa7', '25/08/22', '25/08/23', 'Pasar tiempo con la familia', 1, 0, '10e6ecec-b12b-47c9-9347-3a8b39776544');
INSERT INTO vacation(vacationID, startDate, endDate, reason, leaderStatus, hrStatus, vacationUserIDFK) VALUES('79957f91-c1c3-4612-a197-d94e6a4aa9c8', '32/03/29', '32/03/30', 'Disfrutar de la naturaleza', 1, 0, 'ecdc1188-5f69-4862-a21e-d3daf2b72d05');
INSERT INTO vacation(vacationID, startDate, endDate, reason, leaderStatus, hrStatus, vacationUserIDFK) VALUES('598e391c-6183-44e2-8e88-00481d7fd9de', '32/12/24', '32/12/25', 'Cumplir un sueño personal', 1, 0, '84621f06-94bf-4515-b506-c4859eb51137');
INSERT INTO vacation(vacationID, startDate, endDate, reason, leaderStatus, hrStatus, vacationUserIDFK) VALUES('26c97190-141a-4829-9ba6-ad3435e65196', '32/01/24', '32/01/25', 'Descansar del trabajo', 1, 1, 'c2d40884-4c95-499b-8605-d2751b77f5f9');
INSERT INTO vacation(vacationID, startDate, endDate, reason, leaderStatus, hrStatus, vacationUserIDFK) VALUES('9d7980ba-f859-483a-a889-5d0f52cf9f66', '25/03/06', '25/03/07', 'Aprovechar promociones de viaje', 1, 2, '4e0fcd6d-f85a-4f20-83a4-0d2e64ad8ddd');
INSERT INTO vacation(vacationID, startDate, endDate, reason, leaderStatus, hrStatus, vacationUserIDFK) VALUES('9e3df9d3-244a-4a8e-9fe3-c6fc5c47b654', '25/08/22', '25/08/23', 'Recargar energía y motivación', 2, 0, '3c4665fb-60e1-412e-aa49-051d9a578bf1');
INSERT INTO vacation(vacationID, startDate, endDate, reason, leaderStatus, hrStatus, vacationUserIDFK) VALUES('d7eb982a-ba37-40a4-af20-68ce5e61a182', '33/06/09', '33/06/10', 'Cumplir un sueño personal', 1, 0, '3515484e-0f26-4fda-8906-ed21128387ff');
INSERT INTO vacation(vacationID, startDate, endDate, reason, leaderStatus, hrStatus, vacationUserIDFK) VALUES('eed6064a-1dbc-4ebe-8b2c-47e218df0cd2', '29/09/06', '29/09/07', 'Descansar del trabajo', 2, 2, 'eaa7bd09-b724-445a-957c-4bde521224db');
INSERT INTO vacation(vacationID, startDate, endDate, reason, leaderStatus, hrStatus, vacationUserIDFK) VALUES('bddf141b-40b5-4dec-81ad-f6af84fdfaa1', '25/06/17', '25/06/18', 'Cumplir un sueño personal', 0, 2, 'd18d610d-7045-47a9-a45c-f82909f9ae05');
INSERT INTO vacation(vacationID, startDate, endDate, reason, leaderStatus, hrStatus, vacationUserIDFK) VALUES('c5a6a7dd-85b3-4f9c-9026-e20e05f62945', '33/07/12', '33/07/13', 'Explorar diferentes culturas', 2, 2, '5ada3202-fbcc-4180-b3da-ea8f8ae89b58');
INSERT INTO vacation(vacationID, startDate, endDate, reason, leaderStatus, hrStatus, vacationUserIDFK) VALUES('74281cf8-2516-4ade-aef9-a373a04a5025', '30/09/09', '30/09/10', 'Reducir el estrés', 1, 1, '9e2b6d5a-fd7c-4fc5-88bc-0adced613176');
INSERT INTO vacation(vacationID, startDate, endDate, reason, leaderStatus, hrStatus, vacationUserIDFK) VALUES('26a35c2b-9985-4045-8ca2-b1c1cacdb9ef', '28/09/03', '28/09/04', 'Reducir el estrés', 2, 2, 'c1e05561-bfff-4b37-a06a-07efc37f217e');
INSERT INTO vacation(vacationID, startDate, endDate, reason, leaderStatus, hrStatus, vacationUserIDFK) VALUES('4d7005ed-ba56-42b8-96d4-067c7762a711', '32/09/15', '32/09/16', 'Realizar actividades al aire libre', 1, 0, 'a00a2690-8fa6-4366-909f-24af4ab82f59');
INSERT INTO vacation(vacationID, startDate, endDate, reason, leaderStatus, hrStatus, vacationUserIDFK) VALUES('b907f583-d5ae-42b8-8240-4a4fb0503c6b', '25/04/11', '25/04/12', 'Fortalecer la relación de pareja', 1, 1, 'c2d40884-4c95-499b-8605-d2751b77f5f9');
INSERT INTO vacation(vacationID, startDate, endDate, reason, leaderStatus, hrStatus, vacationUserIDFK) VALUES('2229789a-8b1f-4b72-b601-a6f0089b73dd', '33/10/21', '33/10/22', 'Practicar deportes extremos', 0, 1, 'd504b432-12d1-46a4-809e-5509624ea3ba');

INSERT INTO absence(absenceID, reason, startDate, endDate, justified, absenceUserIDFK) values('955435a4-3e33-4a59-88b2-4b033e0f4557', 'Citación judicial', '26/03/12', '26/03/13', 1, '5d0d209a-d6ab-4018-99b0-827eb26bfc7d'); 
INSERT INTO absence(absenceID, reason, startDate, endDate, justified, absenceUserIDFK) values('951b46ad-5b35-4531-b001-7bc396cff83a', 'Donación de sangre', '29/06/29', '29/06/30', 0, '69d97e60-1958-4957-8e5f-4d9559b24aad'); 
INSERT INTO absence(absenceID, reason, startDate, endDate, justified, absenceUserIDFK) values('673477b2-37b5-417d-8cde-e7967402dc21', 'Cuidado de un hijo o familiar enfermo', '27/08/29', '27/08/30', 0, '1a2c07d0-f1c4-4b47-8639-56ddc889fa33'); 
INSERT INTO absence(absenceID, reason, startDate, endDate, justified, absenceUserIDFK) values('8e027809-c50e-48bd-88e6-e90d4d1e84ff', 'Luto por fallecimiento de un familiar', '26/01/07', '26/01/08', 1, '00f46195-fd5a-477a-ada7-b40d8109296a'); 
INSERT INTO absence(absenceID, reason, startDate, endDate, justified, absenceUserIDFK) values('d2469eb9-dc12-4cb8-b419-caaba8cc23b1', 'Enfermedad', '31/03/27', '31/03/28', 1, '896c0808-6001-441d-b22c-a0a85d235dc6'); 
INSERT INTO absence(absenceID, reason, startDate, endDate, justified, absenceUserIDFK) values('4e797038-87bd-460b-bcab-457c7e8b1a37', 'Citación judicial', '33/06/09', '33/06/10', 0, '896c0808-6001-441d-b22c-a0a85d235dc6'); 
INSERT INTO absence(absenceID, reason, startDate, endDate, justified, absenceUserIDFK) values('1f610de9-0cb5-452f-a646-60f095d960cd', 'Emergencia en el hogar (fugas, incendios, etc.)', '28/03/18', '28/03/19', 1, 'f0d00b0f-d656-4c56-a8f8-5d8279f8333b'); 
INSERT INTO absence(absenceID, reason, startDate, endDate, justified, absenceUserIDFK) values('6cd9ceb1-554c-4c70-84a3-9d77c2fe84ac', 'Viaje de emergencia', '25/12/04', '25/12/05', 1, 'ee8fc84e-40f3-4894-915b-b5b15d2d7208'); 
INSERT INTO absence(absenceID, reason, startDate, endDate, justified, absenceUserIDFK) values('39a0a899-903d-42f1-8ad3-0e2d3fe8fbf0', 'Consulta médica', '32/06/06', '32/06/07', 1, 'f3679177-dfd1-41f6-869b-4396260ba6cf'); 
INSERT INTO absence(absenceID, reason, startDate, endDate, justified, absenceUserIDFK) values('adcccf4a-4391-48c8-bd52-019f8ba14724', 'Condiciones climáticas extremas', '26/07/23', '26/07/24', 0, '9b07f0fa-a388-409d-a6aa-85177dfc7742'); 
INSERT INTO absence(absenceID, reason, startDate, endDate, justified, absenceUserIDFK) values('238e6a31-bba9-49b6-9957-fec504ca944f', 'Viaje de emergencia', '33/12/29', '33/12/30', 0, '5ada3202-fbcc-4180-b3da-ea8f8ae89b58'); 
INSERT INTO absence(absenceID, reason, startDate, endDate, justified, absenceUserIDFK) values('d663ead7-0275-4949-9aab-cd31ce5b9bff', 'Licencia por matrimonio', '31/03/27', '31/03/28', 0, '2f364327-4740-42b9-a235-7733f4deb641'); 
INSERT INTO absence(absenceID, reason, startDate, endDate, justified, absenceUserIDFK) values('ccdd70cb-a274-4536-83a3-5b5b79be4551', 'Huelga de transporte', '33/07/12', '33/07/13', 0, '2f364327-4740-42b9-a235-7733f4deb641'); 
INSERT INTO absence(absenceID, reason, startDate, endDate, justified, absenceUserIDFK) values('095475d6-8543-4120-8247-645b1441cbdf', 'Citación judicial', '29/05/27', '29/05/28', 1, 'cee4f184-16c2-4de3-9c99-7b1c7094a9f5'); 
INSERT INTO absence(absenceID, reason, startDate, endDate, justified, absenceUserIDFK) values('19031875-5e91-43a3-a2f4-5eacfdb221d4', 'Enfermedad', '27/07/27', '27/07/28', 1, '8a8e776f-45a5-4360-a964-b9b6292fa725'); 
INSERT INTO absence(absenceID, reason, startDate, endDate, justified, absenceUserIDFK) values('58a74dbd-0261-4ece-80e2-0eb4fb11cc70', 'Cuidado de un hijo o familiar enfermo', '29/03/21', '29/03/22', 1, 'ff748427-fd3c-4eb0-9104-8303c48118c6'); 
INSERT INTO absence(absenceID, reason, startDate, endDate, justified, absenceUserIDFK) values('13409871-ed95-440e-a95c-736fb41abc71', 'Condiciones climáticas extremas', '26/12/06', '26/12/07', 1, '8ea9d107-9375-40d9-b0a3-b1715e8642ad'); 
INSERT INTO absence(absenceID, reason, startDate, endDate, justified, absenceUserIDFK) values('ea5d52f8-114d-4ade-be7a-3c628d7cfaff', 'Vacaciones programadas', '27/08/29', '27/08/30', 1, '8a8e776f-45a5-4360-a964-b9b6292fa725'); 
INSERT INTO absence(absenceID, reason, startDate, endDate, justified, absenceUserIDFK) values('78f97feb-6833-4524-a521-41150c9e6704', 'Licencia por matrimonio', '26/06/21', '26/06/22', 1, '0632f95d-dcbc-4b0a-ab44-e0de32f6c73f'); 
INSERT INTO absence(absenceID, reason, startDate, endDate, justified, absenceUserIDFK) values('8d7288c9-d416-46ce-95af-5e382757b712', 'Maternidad/Paternidad', '31/10/15', '31/10/16', 0, 'b9a02999-d8c5-43cd-b72b-f6b37d905a26'); 
INSERT INTO absence(absenceID, reason, startDate, endDate, justified, absenceUserIDFK) values('e38f3924-a445-420b-8971-c058ff32e0c8', 'Luto por fallecimiento de un familiar', '29/09/06', '29/09/07', 1, 'b9a02999-d8c5-43cd-b72b-f6b37d905a26'); 
INSERT INTO absence(absenceID, reason, startDate, endDate, justified, absenceUserIDFK) values('d50bbe33-43e5-4afa-b849-e50f2c744850', 'Accidente', '27/08/29', '27/08/30', 0, 'd504b432-12d1-46a4-809e-5509624ea3ba'); 
INSERT INTO absence(absenceID, reason, startDate, endDate, justified, absenceUserIDFK) values('24d784e4-2f83-470f-8b1e-065af3111827', 'Problemas de movilidad o avería del vehículo', '28/06/27', '28/06/28', 1, '1ffb8f32-a81b-4324-af92-5145c3c3f19e'); 
INSERT INTO absence(absenceID, reason, startDate, endDate, justified, absenceUserIDFK) values('4ff5fb34-0527-494d-b8c2-db8ae6b20ecb', 'Huelga de transporte', '28/09/03', '28/09/04', 1, '19084a5f-ead0-401a-a9fe-23a20ab60269'); 
INSERT INTO absence(absenceID, reason, startDate, endDate, justified, absenceUserIDFK) values('f0dd00f6-37f3-484f-9a5d-4cccac42c7e1', 'Maternidad/Paternidad', '28/01/12', '28/01/13', 0, 'f4e7651d-fce8-4f7f-b908-c68f8b93c91c'); 
INSERT INTO absence(absenceID, reason, startDate, endDate, justified, absenceUserIDFK) values('94664c6f-f132-41ff-bd02-91dff36edfe9', 'Problemas de movilidad o avería del vehículo', '33/07/12', '33/07/13', 0, 'd9297875-c893-4342-a1fc-5487d24e4877'); 
INSERT INTO absence(absenceID, reason, startDate, endDate, justified, absenceUserIDFK) values('f4ed4e40-b9fb-4280-9cc9-6f665ed5b2cd', 'Cuidado de un hijo o familiar enfermo', '30/05/29', '30/05/30', 0, '23a42940-d0ba-413f-814d-645c5e72b74f'); 
INSERT INTO absence(absenceID, reason, startDate, endDate, justified, absenceUserIDFK) values('c6e2f157-c1e4-45a1-8e6a-74bf5e610e9e', 'Convocatoria a servicio militar o cívico', '32/06/06', '32/06/07', 1, '5cb5a143-7890-4a54-b710-88413b78b28d'); 
INSERT INTO absence(absenceID, reason, startDate, endDate, justified, absenceUserIDFK) values('9be5ea0a-4b48-40fd-96a6-e1056cc3f6c3', 'Huelga de transporte', '30/07/03', '30/07/04', 1, 'b39824f1-1b8a-4dd3-8cde-7e70ce5c4dd3'); 
INSERT INTO absence(absenceID, reason, startDate, endDate, justified, absenceUserIDFK) values('26a9f29a-6850-4b76-af16-7f10b264fabc', 'Problemas familiares', '26/03/12', '26/03/13', 1, 'f3679177-dfd1-41f6-869b-4396260ba6cf'); 
INSERT INTO absence(absenceID, reason, startDate, endDate, justified, absenceUserIDFK) values('ac59438e-5eaf-4154-b3d6-2ffbfcd8ee96', 'Condiciones climáticas extremas', '32/01/24', '32/01/25', 1, '0af615c1-c080-4c69-8af1-187b7c1177ac'); 
INSERT INTO absence(absenceID, reason, startDate, endDate, justified, absenceUserIDFK) values('b72da837-3d5a-4b38-974b-7bb3f7d4f685', 'Capacitación o curso obligatorio', '29/10/09', '29/10/10', 1, 'f0d00b0f-d656-4c56-a8f8-5d8279f8333b'); 
INSERT INTO absence(absenceID, reason, startDate, endDate, justified, absenceUserIDFK) values('8619adb6-14aa-4e02-80cf-41d2876e7bbe', 'Convocatoria a servicio militar o cívico', '28/11/09', '28/11/10', 1, '8a3e8319-c9f7-4d36-9652-f6babcc27e0a'); 
INSERT INTO absence(absenceID, reason, startDate, endDate, justified, absenceUserIDFK) values('e4eca45f-a09c-4396-a165-3cf8eb55a6a1', 'Huelga de transporte', '28/03/18', '28/03/19', 1, '944b0b89-dbe5-4321-a5a5-872189b7e0c7'); 
INSERT INTO absence(absenceID, reason, startDate, endDate, justified, absenceUserIDFK) values('6c90ffad-6386-4cde-84c8-b39eaca0420b', 'Problemas familiares', '25/12/04', '25/12/05', 1, '6d454fb2-4120-4ad8-b6dd-7a472b5a6f0d'); 
INSERT INTO absence(absenceID, reason, startDate, endDate, justified, absenceUserIDFK) values('d600a313-f88e-489e-b0d2-ee603f7f5fec', 'Problemas de movilidad o avería del vehículo', '26/11/03', '26/11/04', 1, '80c88fdc-e641-4456-affb-a7fc16fcce89'); 
INSERT INTO absence(absenceID, reason, startDate, endDate, justified, absenceUserIDFK) values('c02ad073-c87c-430b-8753-e9c52ae9683d', 'Problemas de salud mental', '32/01/24', '32/01/25', 0, '1ad858be-b08b-4641-bc20-d7e88c64f3d7'); 
INSERT INTO absence(absenceID, reason, startDate, endDate, justified, absenceUserIDFK) values('8027786f-87b7-4ee6-a3d0-ccac90f77c03', 'Donación de sangre', '33/05/06', '33/05/07', 0, 'eaa7bd09-b724-445a-957c-4bde521224db'); 
INSERT INTO absence(absenceID, reason, startDate, endDate, justified, absenceUserIDFK) values('ca806ab4-4694-4dae-917f-a57700ccef6f', 'Licencia por matrimonio', '32/05/03', '32/05/04', 0, '1ad858be-b08b-4641-bc20-d7e88c64f3d7'); 
INSERT INTO absence(absenceID, reason, startDate, endDate, justified, absenceUserIDFK) values('3a492d06-f5bd-4d72-80bd-6bd787eb423b', 'Consulta médica', '33/10/21', '33/10/22', 0, '8cf3b471-3e19-4897-8479-8a7b9d9662a8'); 
INSERT INTO absence(absenceID, reason, startDate, endDate, justified, absenceUserIDFK) values('e0a85885-1f58-420e-87a5-b424dffd51e6', 'Donación de sangre', '31/03/27', '31/03/28', 0, '23a42940-d0ba-413f-814d-645c5e72b74f'); 
INSERT INTO absence(absenceID, reason, startDate, endDate, justified, absenceUserIDFK) values('65cfa0d0-a628-4be8-a3ed-bf3ccd679552', 'Emergencia en el hogar (fugas, incendios, etc.)', '30/12/18', '30/12/19', 0, '4e0fcd6d-f85a-4f20-83a4-0d2e64ad8ddd'); 
INSERT INTO absence(absenceID, reason, startDate, endDate, justified, absenceUserIDFK) values('94b54a48-d929-452b-8f38-39f39d08936d', 'Condiciones climáticas extremas', '26/03/12', '26/03/13', 0, '2d4ce415-c52d-40cb-bf61-d416e231bfbe'); 
INSERT INTO absence(absenceID, reason, startDate, endDate, justified, absenceUserIDFK) values('971f1656-5be3-4df0-b543-dedad793241f', 'Trámites administrativos o legales', '31/10/15', '31/10/16', 1, '34df1283-62bd-4e6e-b427-b5743825e768'); 
INSERT INTO absence(absenceID, reason, startDate, endDate, justified, absenceUserIDFK) values('975d9dd1-503b-49e3-a888-9fd120bee776', 'Cuidado de un hijo o familiar enfermo', '30/09/09', '30/09/10', 1, '1a2c07d0-f1c4-4b47-8639-56ddc889fa33'); 
INSERT INTO absence(absenceID, reason, startDate, endDate, justified, absenceUserIDFK) values('0a0077e8-da4f-4bfe-aee7-4bd37fa87150', 'Vacaciones programadas', '28/01/12', '28/01/13', 1, '76cf6199-f1cc-4b3c-a4e2-5461154d31bc'); 
INSERT INTO absence(absenceID, reason, startDate, endDate, justified, absenceUserIDFK) values('dc54b27b-26d2-490d-8852-d87c5cd8f444', 'Donación de sangre', '26/12/06', '26/12/07', 0, '6b6535ba-d888-4cfd-bdcd-c9bf19388058'); 
INSERT INTO absence(absenceID, reason, startDate, endDate, justified, absenceUserIDFK) values('b0b1a7fb-8526-44f6-b69c-a29f78f651f3', 'Licencia por matrimonio', '33/01/27', '33/01/28', 1, 'b1048572-264c-435e-949d-6045926f332e'); 
INSERT INTO absence(absenceID, reason, startDate, endDate, justified, absenceUserIDFK) values('2a6c7f02-e8db-4adc-a08c-1fdf3cd18637', 'Vacaciones programadas', '32/06/06', '32/06/07', 1, '19df4a90-2766-4846-aa4c-c9624804e3d0'); 
INSERT INTO absence(absenceID, reason, startDate, endDate, justified, absenceUserIDFK) values('4c2278ee-c2f0-4413-a401-37102ba38f2d', 'Viaje de emergencia', '30/01/18', '30/01/19', 1, 'fbe23ae6-eb21-4710-b7fb-b5f0f53f0e5a'); 
INSERT INTO absence(absenceID, reason, startDate, endDate, justified, absenceUserIDFK) values('688b9387-6acf-48f1-86ae-9de2fac05ae8', 'Viaje de emergencia', '30/10/21', '30/10/22', 1, 'b51a434f-9fce-4a48-b03b-ff0dcd38c61f'); 
INSERT INTO absence(absenceID, reason, startDate, endDate, justified, absenceUserIDFK) values('952ececc-3ff9-4fce-a6fb-392d63c4c0ea', 'Huelga de transporte', '25/03/08', '25/03/09', 1, 'b39824f1-1b8a-4dd3-8cde-7e70ce5c4dd3'); 
INSERT INTO absence(absenceID, reason, startDate, endDate, justified, absenceUserIDFK) values('2095f1bd-77ec-4dd1-94ff-1ca1954a6f61', 'Licencia por matrimonio', '33/10/21', '33/10/22', 0, '8313a04a-36aa-406d-ae96-2683ececa8c4'); 
INSERT INTO absence(absenceID, reason, startDate, endDate, justified, absenceUserIDFK) values('588ecc91-bb2f-467b-9985-0a5ca5a04e62', 'Consulta médica', '32/10/18', '32/10/19', 1, '7e84b170-77be-4c7b-aca1-0a4df8445dc3'); 
INSERT INTO absence(absenceID, reason, startDate, endDate, justified, absenceUserIDFK) values('e90edf05-b074-4f1f-96d9-88a7311673c2', 'Problemas de salud mental', '31/07/06', '31/07/07', 1, 'e22eff57-e308-4213-bd85-fe16a4707e30'); 
INSERT INTO absence(absenceID, reason, startDate, endDate, justified, absenceUserIDFK) values('4dbb9d58-1842-4866-a50f-a085f8ae64fd', 'Problemas de salud mental', '28/03/18', '28/03/19', 0, '3465a4d7-c399-45fe-a323-2d263854b39b'); 
INSERT INTO absence(absenceID, reason, startDate, endDate, justified, absenceUserIDFK) values('7eaf2606-5657-4cc9-99ee-6b323c26cf94', 'Huelga de transporte', '33/05/06', '33/05/07', 1, '0d7413c0-fb2c-4cae-b220-c7ade14c340c'); 
INSERT INTO absence(absenceID, reason, startDate, endDate, justified, absenceUserIDFK) values('a4b79b44-3c94-43a0-9151-79decf2804d5', 'Problemas familiares', '33/10/21', '33/10/22', 1, 'fbb168bd-ef04-4846-aa5b-a1e6796f7e1f'); 
INSERT INTO absence(absenceID, reason, startDate, endDate, justified, absenceUserIDFK) values('4775e0b2-a71c-4976-b017-883cbc3fd800', 'Maternidad/Paternidad', '30/03/24', '30/03/25', 0, 'b39824f1-1b8a-4dd3-8cde-7e70ce5c4dd3'); 
INSERT INTO absence(absenceID, reason, startDate, endDate, justified, absenceUserIDFK) values('1cfd4595-dc14-4ee0-aa3c-3cdc84b1bc36', 'Luto por fallecimiento de un familiar', '29/04/24', '29/04/25', 1, 'ee8fc84e-40f3-4894-915b-b5b15d2d7208'); 
INSERT INTO absence(absenceID, reason, startDate, endDate, justified, absenceUserIDFK) values('ce892757-c6e3-469e-a312-0ad72e071cc3', 'Viaje de emergencia', '25/08/22', '25/08/23', 1, '1c099900-1001-45ce-97a6-15a4863e6317'); 
INSERT INTO absence(absenceID, reason, startDate, endDate, justified, absenceUserIDFK) values('c41abe00-f642-41b3-b809-8c88d715af2e', 'Cuidado de un hijo o familiar enfermo', '27/07/12', '27/07/13', 1, '616c8af9-6873-4a16-a689-024792fe400e'); 
INSERT INTO absence(absenceID, reason, startDate, endDate, justified, absenceUserIDFK) values('7975d783-4c05-4b68-886e-994a32b30832', 'Cuidado de un hijo o familiar enfermo', '25/10/27', '25/10/28', 1, 'e22eff57-e308-4213-bd85-fe16a4707e30'); 
INSERT INTO absence(absenceID, reason, startDate, endDate, justified, absenceUserIDFK) values('5dc2ece9-4ac4-4ef9-b2da-8bb753018ed7', 'Convocatoria a servicio militar o cívico', '32/12/24', '32/12/25', 1, '896c0808-6001-441d-b22c-a0a85d235dc6'); 
INSERT INTO absence(absenceID, reason, startDate, endDate, justified, absenceUserIDFK) values('b65cd04f-a603-42ae-b5ac-f81909ba05f2', 'Accidente', '30/07/03', '30/07/04', 0, 'fbe23ae6-eb21-4710-b7fb-b5f0f53f0e5a'); 
INSERT INTO absence(absenceID, reason, startDate, endDate, justified, absenceUserIDFK) values('febccb8a-731e-4b02-b5d8-95578ef128dd', 'Donación de sangre', '33/12/29', '33/12/30', 1, 'ece04e5d-6bcd-4cab-916e-a13eff98d0f1'); 
INSERT INTO absence(absenceID, reason, startDate, endDate, justified, absenceUserIDFK) values('45608c3d-7996-487f-88fd-4879fb044485', 'Condiciones climáticas extremas', '33/06/09', '33/06/10', 0, '1a2c07d0-f1c4-4b47-8639-56ddc889fa33'); 
INSERT INTO absence(absenceID, reason, startDate, endDate, justified, absenceUserIDFK) values('7a58e90f-b077-41d8-9598-0335de63c11b', 'Problemas de salud mental', '26/03/12', '26/03/13', 1, '9e2b6d5a-fd7c-4fc5-88bc-0adced613176'); 
INSERT INTO absence(absenceID, reason, startDate, endDate, justified, absenceUserIDFK) values('5ce010a4-590c-499e-9121-01a29b598baa', 'Emergencia en el hogar (fugas, incendios, etc.)', '33/04/03', '33/04/04', 1, 'b1048572-264c-435e-949d-6045926f332e'); 
INSERT INTO absence(absenceID, reason, startDate, endDate, justified, absenceUserIDFK) values('e15744e4-8c22-484e-bd25-a55181856125', 'Convocatoria a servicio militar o cívico', '32/12/27', '32/12/28', 1, 'ecdc1188-5f69-4862-a21e-d3daf2b72d05'); 

INSERT INTO absenceMedia(absenceMediaID, mediaLink, absenceIDFK) values('0e163bac-2f1c-416c-a308-ef1a9ff7a43d', 'https://www.sistemasmodernos.com/tecnologia/innovacion', '6c90ffad-6386-4cde-84c8-b39eaca0420b'); 
INSERT INTO absenceMedia(absenceMediaID, mediaLink, absenceIDFK) values('66e69ef9-9d01-44f7-9c55-95bb72a3d1ae', 'https://www.ejemplo.com/productos/calculadora-interes', 'a4b79b44-3c94-43a0-9151-79decf2804d5'); 
INSERT INTO absenceMedia(absenceMediaID, mediaLink, absenceIDFK) values('ca216c6d-295c-47c8-932c-0526f06b0d8e', 'https://www.serviciosxyz.com/soluciones/internet-empresas', 'e90edf05-b074-4f1f-96d9-88a7311673c2'); 
INSERT INTO absenceMedia(absenceMediaID, mediaLink, absenceIDFK) values('8fd9a26b-2e37-46a1-9bf8-4f2bf8194c65', 'https://www.creacionsistemas.com/planificación/pymes', '7a58e90f-b077-41d8-9598-0335de63c11b'); 
INSERT INTO absenceMedia(absenceMediaID, mediaLink, absenceIDFK) values('c10e3d14-3a43-4a2a-ae47-b813f247ed94', 'https://www.nuevastecnologias.com/innovacion/digitalizacion', '24d784e4-2f83-470f-8b1e-065af3111827'); 
INSERT INTO absenceMedia(absenceMediaID, mediaLink, absenceIDFK) values('cbd9bca6-d10b-41c9-a41d-2eab92efb9d0', 'https://www.digitalinnovators.com/estrategias/marketing', '8619adb6-14aa-4e02-80cf-41d2876e7bbe'); 
INSERT INTO absenceMedia(absenceMediaID, mediaLink, absenceIDFK) values('133e1dc1-85d5-4577-9cc2-0bceddd7a79a', 'https://www.tiendavirtual.com/blog/estrategias-marketing', 'a4b79b44-3c94-43a0-9151-79decf2804d5'); 
INSERT INTO absenceMedia(absenceMediaID, mediaLink, absenceIDFK) values('a54f42ca-6c70-45ff-a02e-cf6321e2a13e', 'https://www.serviciosxyz.com/soluciones/internet-empresas', '94664c6f-f132-41ff-bd02-91dff36edfe9'); 
INSERT INTO absenceMedia(absenceMediaID, mediaLink, absenceIDFK) values('13789e2f-3aaa-4d18-81a5-b2fe1d574d5f', 'https://www.interactivewebs.com/proyectos/desarrollo-software', 'd50bbe33-43e5-4afa-b849-e50f2c744850'); 
INSERT INTO absenceMedia(absenceMediaID, mediaLink, absenceIDFK) values('d096b930-c488-43e5-aa35-230d5c3686fa', 'https://www.mundodigital.com/tutoriales/marketing-digital', 'c41abe00-f642-41b3-b809-8c88d715af2e'); 
INSERT INTO absenceMedia(absenceMediaID, mediaLink, absenceIDFK) values('a463d825-088a-4425-a271-85032b559ae4', 'https://www.nuevosproyectos.com/planificacion/estrategica', 'd663ead7-0275-4949-9aab-cd31ce5b9bff'); 
INSERT INTO absenceMedia(absenceMediaID, mediaLink, absenceIDFK) values('6c1844d6-4d67-44a9-9e6a-a4032a486603', 'https://www.creacionsistemas.com/planificación/pymes', '58a74dbd-0261-4ece-80e2-0eb4fb11cc70'); 
INSERT INTO absenceMedia(absenceMediaID, mediaLink, absenceIDFK) values('8d92946f-0319-432f-ae0d-13f36b800baf', 'https://www.tuempresa.com/contacto/soporte', '238e6a31-bba9-49b6-9957-fec504ca944f'); 
INSERT INTO absenceMedia(absenceMediaID, mediaLink, absenceIDFK) values('173a02b5-a4a6-48cf-af1f-d25d8d5fef21', 'https://www.nuevastecnologias.com/innovacion/digitalizacion', '955435a4-3e33-4a59-88b2-4b033e0f4557'); 
INSERT INTO absenceMedia(absenceMediaID, mediaLink, absenceIDFK) values('3a4221a8-4f35-4bba-b5a7-6a0b00814602', 'https://www.mundodigital.com/tutoriales/marketing-digital', '5dc2ece9-4ac4-4ef9-b2da-8bb753018ed7'); 
INSERT INTO absenceMedia(absenceMediaID, mediaLink, absenceIDFK) values('a9eeb998-0d8b-459b-abe4-bcbad6f7fcf8', 'https://www.smartsolutions.com/servicios/paginas-web', 'e38f3924-a445-420b-8971-c058ff32e0c8'); 
INSERT INTO absenceMedia(absenceMediaID, mediaLink, absenceIDFK) values('2d3b05e2-e26f-4de2-b033-e4261e8d15d7', 'https://www.tiendavirtual.com/blog/estrategias-marketing', 'd600a313-f88e-489e-b0d2-ee603f7f5fec'); 
INSERT INTO absenceMedia(absenceMediaID, mediaLink, absenceIDFK) values('631abd4e-fe7a-48d5-b104-cd104ffa4b54', 'https://www.smartsolutions.com/servicios/paginas-web', '65cfa0d0-a628-4be8-a3ed-bf3ccd679552'); 
INSERT INTO absenceMedia(absenceMediaID, mediaLink, absenceIDFK) values('c4c90fb4-fdf4-4b1b-81f0-f2a71255c1d0', 'https://www.soluciones360.com/soporte/atencion-cliente', 'd2469eb9-dc12-4cb8-b419-caaba8cc23b1'); 
INSERT INTO absenceMedia(absenceMediaID, mediaLink, absenceIDFK) values('4aab95bb-af62-4bfe-9c17-533844170154', 'https://www.serviciosxyz.com/soluciones/internet-empresas', 'e4eca45f-a09c-4396-a165-3cf8eb55a6a1'); 
INSERT INTO absenceMedia(absenceMediaID, mediaLink, absenceIDFK) values('48a619c9-960c-40a9-a132-7905f2c3b087', 'https://www.creacionsistemas.com/planificación/pymes', 'b0b1a7fb-8526-44f6-b69c-a29f78f651f3'); 
INSERT INTO absenceMedia(absenceMediaID, mediaLink, absenceIDFK) values('e9495e45-60b1-4da5-887e-f9947d413a96', 'https://www.redescomunicacion.com/tutoriales/redes-sociales', 'f0dd00f6-37f3-484f-9a5d-4cccac42c7e1'); 
INSERT INTO absenceMedia(absenceMediaID, mediaLink, absenceIDFK) values('a27b7a04-adf3-499f-b6b9-2634190f7d78', 'https://www.micompany.com/servicios/consultoria-web', '1f610de9-0cb5-452f-a646-60f095d960cd'); 
INSERT INTO absenceMedia(absenceMediaID, mediaLink, absenceIDFK) values('29d183f2-4f7c-46cc-bdc0-63c79105420b', 'https://www.tuempresa.com/contacto/soporte', '19031875-5e91-43a3-a2f4-5eacfdb221d4'); 
INSERT INTO absenceMedia(absenceMediaID, mediaLink, absenceIDFK) values('fe128eb4-ccb4-48e5-8366-5d174487e8c7', 'https://www.expertositio.com/blog/diseño-web', '4e797038-87bd-460b-bcab-457c7e8b1a37'); 
INSERT INTO absenceMedia(absenceMediaID, mediaLink, absenceIDFK) values('43ff0400-bf67-4751-ad0a-5c76f95b8988', 'https://www.nuevosproyectos.com/planificacion/estrategica', 'd50bbe33-43e5-4afa-b849-e50f2c744850'); 
INSERT INTO absenceMedia(absenceMediaID, mediaLink, absenceIDFK) values('3cf83a00-5e98-47a2-9f00-699838ac973c', 'https://www.micompany.com/servicios/consultoria-web', '7a58e90f-b077-41d8-9598-0335de63c11b'); 
INSERT INTO absenceMedia(absenceMediaID, mediaLink, absenceIDFK) values('a473a711-7d04-4777-9f10-ff6e653b66a0', 'https://www.creacionsistemas.com/planificación/pymes', '24d784e4-2f83-470f-8b1e-065af3111827'); 
INSERT INTO absenceMedia(absenceMediaID, mediaLink, absenceIDFK) values('38536657-53cf-4f8b-bb86-c727dc6b9b84', 'https://www.serviciosxyz.com/soluciones/internet-empresas', 'd50bbe33-43e5-4afa-b849-e50f2c744850'); 
INSERT INTO absenceMedia(absenceMediaID, mediaLink, absenceIDFK) values('88048fe7-148e-457a-8abc-1a05805258e7', 'https://www.ejemplo.com/productos/calculadora-interes', 'ca806ab4-4694-4dae-917f-a57700ccef6f'); 
INSERT INTO absenceMedia(absenceMediaID, mediaLink, absenceIDFK) values('b6983632-1efe-49fa-a9f4-7ee60d06ea9c', 'https://www.digitalinnovators.com/estrategias/marketing', 'd50bbe33-43e5-4afa-b849-e50f2c744850'); 
INSERT INTO absenceMedia(absenceMediaID, mediaLink, absenceIDFK) values('2b4378f5-ff92-4a7f-a453-668dfe1d2535', 'https://www.mundodigital.com/tutoriales/marketing-digital', 'a4b79b44-3c94-43a0-9151-79decf2804d5'); 
INSERT INTO absenceMedia(absenceMediaID, mediaLink, absenceIDFK) values('33a83e9c-9dbc-42aa-836c-46b06b71f3e3', 'https://www.empresafuturo.com/servicios/desarrollo-tecnologico', 'e15744e4-8c22-484e-bd25-a55181856125'); 
INSERT INTO absenceMedia(absenceMediaID, mediaLink, absenceIDFK) values('7661725a-b4d8-48b2-b50d-e744511aed8f', 'https://www.creacionsistemas.com/planificación/pymes', '673477b2-37b5-417d-8cde-e7967402dc21'); 
INSERT INTO absenceMedia(absenceMediaID, mediaLink, absenceIDFK) values('4b39340e-a67a-4f11-acb2-f452a56ab317', 'https://www.tutorialesweb.com/aprendizaje/codificacion', '951b46ad-5b35-4531-b001-7bc396cff83a'); 
INSERT INTO absenceMedia(absenceMediaID, mediaLink, absenceIDFK) values('efad1ae5-ba01-490b-9c16-9ad3a0e60cd4', 'https://www.expertositio.com/blog/diseño-web', 'c6e2f157-c1e4-45a1-8e6a-74bf5e610e9e'); 
INSERT INTO absenceMedia(absenceMediaID, mediaLink, absenceIDFK) values('4fb3c33b-66b8-4d0b-a241-22e7a81194c2', 'https://www.tutorialesweb.com/aprendizaje/codificacion', 'ca806ab4-4694-4dae-917f-a57700ccef6f'); 
INSERT INTO absenceMedia(absenceMediaID, mediaLink, absenceIDFK) values('c4205ae0-36f5-43d7-9bbf-abcf72fa8335', 'https://www.expertositio.com/blog/diseño-web', '238e6a31-bba9-49b6-9957-fec504ca944f'); 
INSERT INTO absenceMedia(absenceMediaID, mediaLink, absenceIDFK) values('edc3f410-0416-47ac-a78c-6f1edb333e35', 'https://www.nuevastecnologias.com/innovacion/digitalizacion', '4c2278ee-c2f0-4413-a401-37102ba38f2d'); 
INSERT INTO absenceMedia(absenceMediaID, mediaLink, absenceIDFK) values('2ac64b05-85f7-45f7-b158-2d27411aea35', 'https://www.redescomunicacion.com/tutoriales/redes-sociales', '951b46ad-5b35-4531-b001-7bc396cff83a'); 
INSERT INTO absenceMedia(absenceMediaID, mediaLink, absenceIDFK) values('4b229a72-ae09-4089-bcce-be4f43e9158e', 'https://www.mundodigital.com/tutoriales/marketing-digital', 'f0dd00f6-37f3-484f-9a5d-4cccac42c7e1'); 
INSERT INTO absenceMedia(absenceMediaID, mediaLink, absenceIDFK) values('85c39277-1bbf-4e5c-9a88-910476dc2610', 'https://www.expertositio.com/blog/diseño-web', '8619adb6-14aa-4e02-80cf-41d2876e7bbe'); 
INSERT INTO absenceMedia(absenceMediaID, mediaLink, absenceIDFK) values('1adf5d56-ae1c-46f1-85bb-7ff35605b7e9', 'https://www.empresainnovadora.com/noticias/lanzamientos', '26a9f29a-6850-4b76-af16-7f10b264fabc'); 
INSERT INTO absenceMedia(absenceMediaID, mediaLink, absenceIDFK) values('a81a2f82-a2c0-4718-9dad-28ec8242cbdf', 'https://www.tuempresa.com/contacto/soporte', '39a0a899-903d-42f1-8ad3-0e2d3fe8fbf0'); 
INSERT INTO absenceMedia(absenceMediaID, mediaLink, absenceIDFK) values('fb3f6a00-faea-4451-afab-3a6b7de285ac', 'https://www.soluciones360.com/soporte/atencion-cliente', 'd50bbe33-43e5-4afa-b849-e50f2c744850'); 
INSERT INTO absenceMedia(absenceMediaID, mediaLink, absenceIDFK) values('6dec3f0a-9967-461b-aac1-fb433bf682a5', 'https://www.interactivewebs.com/proyectos/desarrollo-software', 'd600a313-f88e-489e-b0d2-ee603f7f5fec'); 
INSERT INTO absenceMedia(absenceMediaID, mediaLink, absenceIDFK) values('8febcd7e-9607-4913-aa6e-c04f952d3bd4', 'https://www.serviciosxyz.com/soluciones/internet-empresas', 'd663ead7-0275-4949-9aab-cd31ce5b9bff'); 
INSERT INTO absenceMedia(absenceMediaID, mediaLink, absenceIDFK) values('3c2df0e6-eeeb-4929-a1ab-cfd8275ec3f5', 'https://www.nuevosproyectos.com/planificacion/estrategica', '8027786f-87b7-4ee6-a3d0-ccac90f77c03'); 
INSERT INTO absenceMedia(absenceMediaID, mediaLink, absenceIDFK) values('fcc66de6-352d-45ca-9a70-9f9145dbbe35', 'https://www.soluciones360.com/soporte/atencion-cliente', 'e15744e4-8c22-484e-bd25-a55181856125'); 
INSERT INTO absenceMedia(absenceMediaID, mediaLink, absenceIDFK) values('20ead601-95a5-4abc-839d-b1e0f7aea764', 'https://www.nuevosproyectos.com/planificacion/estrategica', '0a0077e8-da4f-4bfe-aee7-4bd37fa87150'); 

INSERT INTO fault(faultID, doneDate, summary, faultUserIDFK) VALUES('caa6eb3a-457c-4f20-bab4-e1e6d4cbbcd6', '2025-03-17', 'Incumplir con los plazos establecidos para la entrega de proyectos o tareas', '4bcb29b8-2a2b-41e9-9e78-5baf1aa3f419');
INSERT INTO fault(faultID, doneDate, summary, faultUserIDFK) VALUES('1d654dce-4544-4cec-a811-c839db6f2415', '2025-03-17', 'Llegar tarde de manera reiterada, lo cual puede generar problemas en la coordinación y en el flujo de trabajo.', 'b1048572-264c-435e-949d-6045926f332e');
INSERT INTO fault(faultID, doneDate, summary, faultUserIDFK) VALUES('d5da49b6-c11e-427d-b4e2-dfa4ff44f1ce', '2025-03-30', 'El empleado no se presenta al trabajo sin avisar o sin una razón válida, afectando la continuidad de las labores del equipo.', 'fbb168bd-ef04-4846-aa5b-a1e6796f7e1f');
INSERT INTO fault(faultID, doneDate, summary, faultUserIDFK) VALUES('76de5b3e-1836-4d3c-8c62-dde137b72aed', '2025-05-14', 'Incumplir con los plazos establecidos para la entrega de proyectos o tareas', '00f46195-fd5a-477a-ada7-b40d8109296a');
INSERT INTO fault(faultID, doneDate, summary, faultUserIDFK) VALUES('f63c52d5-e051-49d2-9fa2-086a18e6c557', '2025-05-16', 'El empleado no se presenta al trabajo sin avisar o sin una razón válida, afectando la continuidad de las labores del equipo.', '8a8e776f-45a5-4360-a964-b9b6292fa725');
INSERT INTO fault(faultID, doneDate, summary, faultUserIDFK) VALUES('3b486618-299d-4f53-8b48-9cfa3ed84c13', '2025-03-30', 'Incumplir con los plazos establecidos para la entrega de proyectos o tareas', '1a2c07d0-f1c4-4b47-8639-56ddc889fa33');
INSERT INTO fault(faultID, doneDate, summary, faultUserIDFK) VALUES('8bbdce93-27e7-49ed-be78-e942b331a9cb', '2025-05-14', 'Incumplir con los plazos establecidos para la entrega de proyectos o tareas', '9374a86b-3bbb-410b-8bd2-3892b647d3d1');
INSERT INTO fault(faultID, doneDate, summary, faultUserIDFK) VALUES('add1e249-cc20-4218-b3db-b65f66742ef9', '2025-05-14', 'Cometer fallos en el trabajo de forma repetitiva, a pesar de haber sido señalados previamente', 'b9a02999-d8c5-43cd-b72b-f6b37d905a26');
INSERT INTO fault(faultID, doneDate, summary, faultUserIDFK) VALUES('8853ea71-959d-423e-a8fc-8503aa56e5f3', '2025-03-17', 'No seguir las políticas o procedimientos establecidos por la empresa', '6d454fb2-4120-4ad8-b6dd-7a472b5a6f0d');
INSERT INTO fault(faultID, doneDate, summary, faultUserIDFK) VALUES('3b39f0f1-9956-45c7-8f01-dcc2892facfb', '2025-03-30', 'Incumplir con los plazos establecidos para la entrega de proyectos o tareas', '0af615c1-c080-4c69-8af1-187b7c1177ac');
INSERT INTO fault(faultID, doneDate, summary, faultUserIDFK) VALUES('03b29a88-b544-4e9b-b701-a14d3cda3d2d', '2025-05-16', 'Incumplir con los plazos establecidos para la entrega de proyectos o tareas', '8a8e776f-45a5-4360-a964-b9b6292fa725');
INSERT INTO fault(faultID, doneDate, summary, faultUserIDFK) VALUES('3ae39416-a51d-4552-980a-9cb60d4e5095', '2025-03-30', 'El empleado no se presenta al trabajo sin avisar o sin una razón válida, afectando la continuidad de las labores del equipo.', 'e22eff57-e308-4213-bd85-fe16a4707e30');
INSERT INTO fault(faultID, doneDate, summary, faultUserIDFK) VALUES('9fcb7440-18b0-4a56-9e8e-ea71c8cd05df', '2025-03-30', 'Incumplir con los plazos establecidos para la entrega de proyectos o tareas', '5ada3202-fbcc-4180-b3da-ea8f8ae89b58');
INSERT INTO fault(faultID, doneDate, summary, faultUserIDFK) VALUES('c53b2e61-f13b-4f41-90b3-d54452a0b892', '2025-03-30', 'Cometer fallos en el trabajo de forma repetitiva, a pesar de haber sido señalados previamente', '0632f95d-dcbc-4b0a-ab44-e0de32f6c73f');
INSERT INTO fault(faultID, doneDate, summary, faultUserIDFK) VALUES('0f473bf9-b803-46bd-a239-df07fe1a355f', '2025-05-16', 'Llegar tarde de manera reiterada, lo cual puede generar problemas en la coordinación y en el flujo de trabajo.', '08ce7a4c-bbbf-44a6-a5f4-fe7a2b587e28');
INSERT INTO fault(faultID, doneDate, summary, faultUserIDFK) VALUES('4c41c221-8515-423e-a77b-a7548aee8f83', '2025-05-16', 'No informar oportunamente sobre dificultades o retrasos que puedan afectar el cumplimiento de las metas', 'd504b432-12d1-46a4-809e-5509624ea3ba');
INSERT INTO fault(faultID, doneDate, summary, faultUserIDFK) VALUES('63758342-7c81-4db2-a168-23f0b564b2d6', '2025-05-14', 'Llegar tarde de manera reiterada, lo cual puede generar problemas en la coordinación y en el flujo de trabajo.', '243abe6f-2ba6-429c-97c7-21991d4e5e03');
INSERT INTO fault(faultID, doneDate, summary, faultUserIDFK) VALUES('286f13cf-c39d-4d53-a063-e66ac65bed08', '2025-05-14', 'No informar oportunamente sobre dificultades o retrasos que puedan afectar el cumplimiento de las metas', '1a2c07d0-f1c4-4b47-8639-56ddc889fa33');
INSERT INTO fault(faultID, doneDate, summary, faultUserIDFK) VALUES('8a4fcead-3f83-41f2-99fb-b9f2232805f2', '2025-03-30', 'Incumplir con los plazos establecidos para la entrega de proyectos o tareas', '10e6ecec-b12b-47c9-9347-3a8b39776544');
INSERT INTO fault(faultID, doneDate, summary, faultUserIDFK) VALUES('3fc31225-2dd8-401a-a158-8946e2d8148f', '2025-05-16', 'No informar oportunamente sobre dificultades o retrasos que puedan afectar el cumplimiento de las metas', '4bcb29b8-2a2b-41e9-9e78-5baf1aa3f419');
INSERT INTO fault(faultID, doneDate, summary, faultUserIDFK) VALUES('0af19cc3-e3c0-4ce8-b2d8-8b62174f743c', '2025-03-17', 'No informar oportunamente sobre dificultades o retrasos que puedan afectar el cumplimiento de las metas', '1ad858be-b08b-4641-bc20-d7e88c64f3d7');
INSERT INTO fault(faultID, doneDate, summary, faultUserIDFK) VALUES('972e1520-74f7-4889-8710-20281a11c4de', '2025-05-14', 'No informar oportunamente sobre dificultades o retrasos que puedan afectar el cumplimiento de las metas', 'fbb168bd-ef04-4846-aa5b-a1e6796f7e1f');
INSERT INTO fault(faultID, doneDate, summary, faultUserIDFK) VALUES('dd37a268-99b9-470d-b534-5ab1cb88c6eb', '2025-05-14', 'Incumplir con los plazos establecidos para la entrega de proyectos o tareas', 'b1048572-264c-435e-949d-6045926f332e');
INSERT INTO fault(faultID, doneDate, summary, faultUserIDFK) VALUES('8645f4a6-6d0e-4831-acac-b6b689ed58f2', '2025-03-30', 'Cometer fallos en el trabajo de forma repetitiva, a pesar de haber sido señalados previamente', '00f46195-fd5a-477a-ada7-b40d8109296a');
INSERT INTO fault(faultID, doneDate, summary, faultUserIDFK) VALUES('9306ddee-b8a8-467e-9373-3c77f9816ba0', '2025-05-14', 'Llegar tarde de manera reiterada, lo cual puede generar problemas en la coordinación y en el flujo de trabajo.', 'c1e05561-bfff-4b37-a06a-07efc37f217e');
INSERT INTO fault(faultID, doneDate, summary, faultUserIDFK) VALUES('206604d6-1c8e-4375-8049-8629dc8d07ca', '2025-05-14', 'No seguir las políticas o procedimientos establecidos por la empresa', '3465a4d7-c399-45fe-a323-2d263854b39b');
INSERT INTO fault(faultID, doneDate, summary, faultUserIDFK) VALUES('c343b400-baae-4125-8e70-9ea69004aa66', '2025-03-17', 'No informar oportunamente sobre dificultades o retrasos que puedan afectar el cumplimiento de las metas', '3d2028f3-f338-4235-8770-9f46908472b9');
INSERT INTO fault(faultID, doneDate, summary, faultUserIDFK) VALUES('96b8721c-e24e-49e9-99ee-985ab2db0eb2', '2025-05-14', 'Incumplir con los plazos establecidos para la entrega de proyectos o tareas', '4bc85d19-24ac-4445-a732-3a18a1fedefc');
INSERT INTO fault(faultID, doneDate, summary, faultUserIDFK) VALUES('ba0aa359-b033-4d5b-997e-93c2144c3431', '2025-03-30', 'Cometer fallos en el trabajo de forma repetitiva, a pesar de haber sido señalados previamente', '9374a86b-3bbb-410b-8bd2-3892b647d3d1');
INSERT INTO fault(faultID, doneDate, summary, faultUserIDFK) VALUES('179cc9af-f67b-4b04-ad20-c160dbcb0434', '2025-05-14', 'Llegar tarde de manera reiterada, lo cual puede generar problemas en la coordinación y en el flujo de trabajo.', '1a2c07d0-f1c4-4b47-8639-56ddc889fa33');
INSERT INTO fault(faultID, doneDate, summary, faultUserIDFK) VALUES('d7d1106a-9324-46c8-95e4-4b30fbe7f9ab', '2025-03-17', 'No seguir las políticas o procedimientos establecidos por la empresa', '8a3e8319-c9f7-4d36-9652-f6babcc27e0a');
INSERT INTO fault(faultID, doneDate, summary, faultUserIDFK) VALUES('e1a156a2-0131-4e05-a5ea-3df7c10e072b', '2025-03-12', 'Cometer fallos en el trabajo de forma repetitiva, a pesar de haber sido señalados previamente', 'be4668d4-aa00-4e07-840e-e00a33938165');
INSERT INTO fault(faultID, doneDate, summary, faultUserIDFK) VALUES('6981c6b4-b1c2-4baa-ad78-1ea35abff9fc', '2025-03-17', 'Llegar tarde de manera reiterada, lo cual puede generar problemas en la coordinación y en el flujo de trabajo.', '3d2028f3-f338-4235-8770-9f46908472b9');
INSERT INTO fault(faultID, doneDate, summary, faultUserIDFK) VALUES('c6905403-8715-418e-81b2-ba231c3be9d0', '2025-05-14', 'No seguir las políticas o procedimientos establecidos por la empresa', '76cf6199-f1cc-4b3c-a4e2-5461154d31bc');
INSERT INTO fault(faultID, doneDate, summary, faultUserIDFK) VALUES('9618e4b4-bb3e-43b5-bb33-e0a5f970fafc', '2025-05-14', 'No informar oportunamente sobre dificultades o retrasos que puedan afectar el cumplimiento de las metas', '40520c44-8437-4ffd-844b-66524cc77952');
INSERT INTO fault(faultID, doneDate, summary, faultUserIDFK) VALUES('8650c040-73dc-4b5d-ac67-0818fd21fdb1', '2025-05-16', 'No informar oportunamente sobre dificultades o retrasos que puedan afectar el cumplimiento de las metas', '6b6535ba-d888-4cfd-bdcd-c9bf19388058');
INSERT INTO fault(faultID, doneDate, summary, faultUserIDFK) VALUES('91765871-1c51-4216-8eda-255b60761ba1', '2025-03-30', 'No seguir las políticas o procedimientos establecidos por la empresa', '6b6535ba-d888-4cfd-bdcd-c9bf19388058');
INSERT INTO fault(faultID, doneDate, summary, faultUserIDFK) VALUES('46a4844f-bc81-40b9-b34c-f557de6baf4f', '2025-05-14', 'Llegar tarde de manera reiterada, lo cual puede generar problemas en la coordinación y en el flujo de trabajo.', 'e36bf29f-49f2-4a7c-baa5-7a1ff34f44dd');
INSERT INTO fault(faultID, doneDate, summary, faultUserIDFK) VALUES('9d4f0bc3-aa6c-49c6-8d22-bd296961adb8', '2025-03-17', 'No seguir las políticas o procedimientos establecidos por la empresa', 'ea4fdc0b-5bef-4985-8e28-441ad0ed19d2');
INSERT INTO fault(faultID, doneDate, summary, faultUserIDFK) VALUES('d76274cc-b952-4869-a2bf-6ad35db9df20', '2025-05-14', 'No informar oportunamente sobre dificultades o retrasos que puedan afectar el cumplimiento de las metas', '34df1283-62bd-4e6e-b427-b5743825e768');
INSERT INTO fault(faultID, doneDate, summary, faultUserIDFK) VALUES('29587be7-81e4-482f-9c66-5ec43ec0390a', '2025-05-14', 'No seguir las políticas o procedimientos establecidos por la empresa', '3690bcdb-413e-4d41-9f63-858bcc10e9e9');
INSERT INTO fault(faultID, doneDate, summary, faultUserIDFK) VALUES('e22d024c-015f-45e0-bf69-2bd892835379', '2025-03-17', 'No seguir las políticas o procedimientos establecidos por la empresa', 'a1ec5c8d-ea63-41c9-9cde-2aded0209ce9');
INSERT INTO fault(faultID, doneDate, summary, faultUserIDFK) VALUES('33d42891-9966-41d2-b1cb-5db3ad8bb5fa', '2025-03-17', 'Cometer fallos en el trabajo de forma repetitiva, a pesar de haber sido señalados previamente', '76cf6199-f1cc-4b3c-a4e2-5461154d31bc');
INSERT INTO fault(faultID, doneDate, summary, faultUserIDFK) VALUES('6c936897-6bfb-4abf-b41e-f73652cb5fe3', '2025-05-16', 'El empleado no se presenta al trabajo sin avisar o sin una razón válida, afectando la continuidad de las labores del equipo.', '1ad858be-b08b-4641-bc20-d7e88c64f3d7');
INSERT INTO fault(faultID, doneDate, summary, faultUserIDFK) VALUES('36360094-eaad-4f9f-a7ab-b4a717470fae', '2025-03-30', 'No informar oportunamente sobre dificultades o retrasos que puedan afectar el cumplimiento de las metas', '06008f73-48db-4dd4-ac57-e5af1ebb972b');
INSERT INTO fault(faultID, doneDate, summary, faultUserIDFK) VALUES('727fe669-b538-4414-9c99-da51cf105163', '2025-05-14', 'Incumplir con los plazos establecidos para la entrega de proyectos o tareas', '678d9362-545b-4c5b-b2f1-5f1e4423b8bf');
INSERT INTO fault(faultID, doneDate, summary, faultUserIDFK) VALUES('9aa62d4e-4d44-455c-b248-67babae6a123', '2025-03-17', 'Cometer fallos en el trabajo de forma repetitiva, a pesar de haber sido señalados previamente', '0af615c1-c080-4c69-8af1-187b7c1177ac');
INSERT INTO fault(faultID, doneDate, summary, faultUserIDFK) VALUES('b0f5f18a-46c0-4a97-a495-96a62f3cd47d', '2025-05-14', 'No seguir las políticas o procedimientos establecidos por la empresa', '80c88fdc-e641-4456-affb-a7fc16fcce89');
INSERT INTO fault(faultID, doneDate, summary, faultUserIDFK) VALUES('e50b5b4c-c515-4266-b9ce-40917e358208', '2025-03-17', 'Cometer fallos en el trabajo de forma repetitiva, a pesar de haber sido señalados previamente', '5cb5a143-7890-4a54-b710-88413b78b28d');
INSERT INTO fault(faultID, doneDate, summary, faultUserIDFK) VALUES('136637a9-0d66-45e1-a36e-f9f6540451a0', '2025-03-17', 'El empleado no se presenta al trabajo sin avisar o sin una razón válida, afectando la continuidad de las labores del equipo.', 'a00a2690-8fa6-4366-909f-24af4ab82f59');

INSERT INTO faultMedia(faultMediaID, mediaLink, faultIDFK) values('d3309fa1-7030-4fa6-b227-22f5c9355b01', 'https://www.mundodigital.com/tutoriales/marketing-digital', 'f63c52d5-e051-49d2-9fa2-086a18e6c557'); 
INSERT INTO faultMedia(faultMediaID, mediaLink, faultIDFK) values('67c4494b-3343-4187-8792-2711f8fa4298', 'https://www.empresainnovadora.com/noticias/lanzamientos', '3ae39416-a51d-4552-980a-9cb60d4e5095'); 
INSERT INTO faultMedia(faultMediaID, mediaLink, faultIDFK) values('c8ba587b-e17a-40ab-b0cb-ac8f3413537d', 'https://www.tutorialesweb.com/aprendizaje/codificacion', 'e1a156a2-0131-4e05-a5ea-3df7c10e072b'); 
INSERT INTO faultMedia(faultMediaID, mediaLink, faultIDFK) values('c09f0d08-3135-492a-af5b-c2cb0e8a8566', 'https://www.creacionsistemas.com/planificación/pymes', '9618e4b4-bb3e-43b5-bb33-e0a5f970fafc'); 
INSERT INTO faultMedia(faultMediaID, mediaLink, faultIDFK) values('e1751291-41be-4075-9173-f230fab3cf07', 'https://www.expertositio.com/blog/diseño-web', 'e1a156a2-0131-4e05-a5ea-3df7c10e072b'); 
INSERT INTO faultMedia(faultMediaID, mediaLink, faultIDFK) values('3cd42b6c-30ed-473e-b7bc-a47d2385f235', 'https://www.ecommerceplus.com/guias/venta-online', '136637a9-0d66-45e1-a36e-f9f6540451a0'); 
INSERT INTO faultMedia(faultMediaID, mediaLink, faultIDFK) values('f336a8c5-aa9b-45a4-8ec4-ab09c5e8ddf0', 'https://www.interactivewebs.com/proyectos/desarrollo-software', 'e50b5b4c-c515-4266-b9ce-40917e358208'); 
INSERT INTO faultMedia(faultMediaID, mediaLink, faultIDFK) values('dd8b4b55-47f0-426b-b5c4-a08cf894c2a0', 'https://www.micompany.com/servicios/consultoria-web', '63758342-7c81-4db2-a168-23f0b564b2d6'); 
INSERT INTO faultMedia(faultMediaID, mediaLink, faultIDFK) values('3b4e1089-12bc-42d8-a470-c8f87da683c9', 'https://www.ejemplo.com/productos/calculadora-interes', '1d654dce-4544-4cec-a811-c839db6f2415'); 
INSERT INTO faultMedia(faultMediaID, mediaLink, faultIDFK) values('b9cd352e-91d6-4a89-aa7d-2ac3e96511fa', 'https://www.tutorialesweb.com/aprendizaje/codificacion', 'c53b2e61-f13b-4f41-90b3-d54452a0b892'); 
INSERT INTO faultMedia(faultMediaID, mediaLink, faultIDFK) values('b681fb5a-f1c4-426f-aad5-38659ff132d5', 'https://www.digitalinnovators.com/estrategias/marketing', 'c53b2e61-f13b-4f41-90b3-d54452a0b892'); 
INSERT INTO faultMedia(faultMediaID, mediaLink, faultIDFK) values('abda4d15-5777-4840-9ce9-3acb0cf04d08', 'https://www.digitalinnovators.com/estrategias/marketing', '6c936897-6bfb-4abf-b41e-f73652cb5fe3'); 
INSERT INTO faultMedia(faultMediaID, mediaLink, faultIDFK) values('cc9cad36-71e5-4b11-96cd-e6f69091d0dd', 'https://www.tutorialesweb.com/aprendizaje/codificacion', '9306ddee-b8a8-467e-9373-3c77f9816ba0'); 
INSERT INTO faultMedia(faultMediaID, mediaLink, faultIDFK) values('547e6731-67a2-4c73-9249-7bdd88477935', 'https://www.interactivewebs.com/proyectos/desarrollo-software', '9d4f0bc3-aa6c-49c6-8d22-bd296961adb8'); 
INSERT INTO faultMedia(faultMediaID, mediaLink, faultIDFK) values('1b18fcf1-e5e2-4776-b3b7-5319dea89746', 'https://www.interactivewebs.com/proyectos/desarrollo-software', '3ae39416-a51d-4552-980a-9cb60d4e5095'); 
INSERT INTO faultMedia(faultMediaID, mediaLink, faultIDFK) values('e8d5717a-1fed-47a7-b4d1-dcb2bcf7cab8', 'https://www.tuempresa.com/contacto/soporte', 'e22d024c-015f-45e0-bf69-2bd892835379'); 
INSERT INTO faultMedia(faultMediaID, mediaLink, faultIDFK) values('9ad0260d-8879-4666-a1bd-acfabb94d02c', 'https://www.redescomunicacion.com/tutoriales/redes-sociales', '76de5b3e-1836-4d3c-8c62-dde137b72aed'); 
INSERT INTO faultMedia(faultMediaID, mediaLink, faultIDFK) values('1966964e-3772-40f3-aaca-ab537a4523a0', 'https://www.interactivewebs.com/proyectos/desarrollo-software', 'c53b2e61-f13b-4f41-90b3-d54452a0b892'); 
INSERT INTO faultMedia(faultMediaID, mediaLink, faultIDFK) values('1a78123b-35be-46f0-9306-1d62f536c88b', 'https://www.interactivewebs.com/proyectos/desarrollo-software', '9306ddee-b8a8-467e-9373-3c77f9816ba0'); 
INSERT INTO faultMedia(faultMediaID, mediaLink, faultIDFK) values('fd84f367-4f9f-4ac9-a4de-6a378984af9b', 'https://www.empresainnovadora.com/noticias/lanzamientos', 'dd37a268-99b9-470d-b534-5ab1cb88c6eb'); 
INSERT INTO faultMedia(faultMediaID, mediaLink, faultIDFK) values('5af5d5ad-fbf2-4ff0-a9d7-7badd77932cb', 'https://www.soluciones360.com/soporte/atencion-cliente', '76de5b3e-1836-4d3c-8c62-dde137b72aed'); 
INSERT INTO faultMedia(faultMediaID, mediaLink, faultIDFK) values('6a9b4a4e-79b4-4502-b835-9ef81af8edef', 'https://www.soluciones360.com/soporte/atencion-cliente', '9618e4b4-bb3e-43b5-bb33-e0a5f970fafc'); 
INSERT INTO faultMedia(faultMediaID, mediaLink, faultIDFK) values('e2b4d90b-8b55-4863-8eea-2eae6b9849b6', 'https://www.soluciones360.com/soporte/atencion-cliente', '8650c040-73dc-4b5d-ac67-0818fd21fdb1'); 
INSERT INTO faultMedia(faultMediaID, mediaLink, faultIDFK) values('6a6cc5a3-a163-4bbb-9b88-aa00718cb44b', 'https://www.creacionsistemas.com/planificación/pymes', '9fcb7440-18b0-4a56-9e8e-ea71c8cd05df'); 
INSERT INTO faultMedia(faultMediaID, mediaLink, faultIDFK) values('a050a26e-3ad0-4ca6-a866-5c4f28c6bbed', 'https://www.tiendavirtual.com/blog/estrategias-marketing', '6c936897-6bfb-4abf-b41e-f73652cb5fe3'); 
INSERT INTO faultMedia(faultMediaID, mediaLink, faultIDFK) values('500417ab-8dc1-4bfe-8e5f-49e59fe93541', 'https://www.nuevosproyectos.com/planificacion/estrategica', 'add1e249-cc20-4218-b3db-b65f66742ef9'); 
INSERT INTO faultMedia(faultMediaID, mediaLink, faultIDFK) values('1274167a-da72-4902-b884-f0a2e040a6f7', 'https://www.nuevosproyectos.com/planificacion/estrategica', '206604d6-1c8e-4375-8049-8629dc8d07ca'); 
INSERT INTO faultMedia(faultMediaID, mediaLink, faultIDFK) values('b9973207-f77b-4c96-a522-d7bc92e930a8', 'https://www.interactivewebs.com/proyectos/desarrollo-software', '63758342-7c81-4db2-a168-23f0b564b2d6'); 
INSERT INTO faultMedia(faultMediaID, mediaLink, faultIDFK) values('1a2d0d52-b2fd-4492-bd9b-8a29ce43c100', 'https://www.tuempresa.com/contacto/soporte', 'f63c52d5-e051-49d2-9fa2-086a18e6c557'); 
INSERT INTO faultMedia(faultMediaID, mediaLink, faultIDFK) values('7c364ee1-5825-4dea-8fce-9273d8aca0e5', 'https://www.redescomunicacion.com/tutoriales/redes-sociales', 'ba0aa359-b033-4d5b-997e-93c2144c3431'); 
INSERT INTO faultMedia(faultMediaID, mediaLink, faultIDFK) values('e2f3e520-8e6f-495d-b20a-5dfcc2d93210', 'https://www.mundodigital.com/tutoriales/marketing-digital', 'e22d024c-015f-45e0-bf69-2bd892835379'); 
INSERT INTO faultMedia(faultMediaID, mediaLink, faultIDFK) values('36587545-2608-48fe-b458-e4b3abc6a790', 'https://www.interactivewebs.com/proyectos/desarrollo-software', '63758342-7c81-4db2-a168-23f0b564b2d6'); 
INSERT INTO faultMedia(faultMediaID, mediaLink, faultIDFK) values('ff3092b1-3af0-4dfd-89df-0d846a43dce0', 'https://www.sistemasmodernos.com/tecnologia/innovacion', '8853ea71-959d-423e-a8fc-8503aa56e5f3'); 
INSERT INTO faultMedia(faultMediaID, mediaLink, faultIDFK) values('e840009c-99e4-4044-abf7-d4912cd3c1bf', 'https://www.tutorialesweb.com/aprendizaje/codificacion', '9618e4b4-bb3e-43b5-bb33-e0a5f970fafc'); 
INSERT INTO faultMedia(faultMediaID, mediaLink, faultIDFK) values('af31f978-1006-4c7b-8ad8-5bd2da4313db', 'https://www.empresainnovadora.com/noticias/lanzamientos', '9306ddee-b8a8-467e-9373-3c77f9816ba0'); 
INSERT INTO faultMedia(faultMediaID, mediaLink, faultIDFK) values('bf2ff06a-26c4-4c53-97bd-121bb9c14cb2', 'https://www.nuevosproyectos.com/planificacion/estrategica', '179cc9af-f67b-4b04-ad20-c160dbcb0434'); 
INSERT INTO faultMedia(faultMediaID, mediaLink, faultIDFK) values('b936d703-0e32-45e9-b5e8-c45594838484', 'https://www.empresainnovadora.com/noticias/lanzamientos', '3b39f0f1-9956-45c7-8f01-dcc2892facfb'); 
INSERT INTO faultMedia(faultMediaID, mediaLink, faultIDFK) values('48eafedf-a710-4a61-9146-130aa3cc407a', 'https://www.digitalinnovators.com/estrategias/marketing', '8853ea71-959d-423e-a8fc-8503aa56e5f3'); 
INSERT INTO faultMedia(faultMediaID, mediaLink, faultIDFK) values('ada53822-8dfc-4722-bffc-a66da7ef57a5', 'https://www.interactivewebs.com/proyectos/desarrollo-software', '6c936897-6bfb-4abf-b41e-f73652cb5fe3'); 
INSERT INTO faultMedia(faultMediaID, mediaLink, faultIDFK) values('b5c96086-0f73-40b2-80d1-2d0f20dab458', 'https://www.interactivewebs.com/proyectos/desarrollo-software', '6981c6b4-b1c2-4baa-ad78-1ea35abff9fc'); 
INSERT INTO faultMedia(faultMediaID, mediaLink, faultIDFK) values('547464d3-700a-4117-b998-bcc8977191f7', 'https://www.smartsolutions.com/servicios/paginas-web', 'ba0aa359-b033-4d5b-997e-93c2144c3431'); 
INSERT INTO faultMedia(faultMediaID, mediaLink, faultIDFK) values('6b8753ab-5880-4a78-9a6f-d056b124ca15', 'https://www.empresainnovadora.com/noticias/lanzamientos', '3fc31225-2dd8-401a-a158-8946e2d8148f'); 
INSERT INTO faultMedia(faultMediaID, mediaLink, faultIDFK) values('1f395119-d10d-4169-be72-607512cbfd65', 'https://www.tutorialesweb.com/aprendizaje/codificacion', 'dd37a268-99b9-470d-b534-5ab1cb88c6eb'); 
INSERT INTO faultMedia(faultMediaID, mediaLink, faultIDFK) values('e531ce3f-a09e-4651-8360-66bb9b85f4ec', 'https://www.nuevastecnologias.com/innovacion/digitalizacion', '91765871-1c51-4216-8eda-255b60761ba1'); 
INSERT INTO faultMedia(faultMediaID, mediaLink, faultIDFK) values('fa7f2e78-f18f-4e04-9aeb-69d1404f020e', 'https://www.ecommerceplus.com/guias/venta-online', 'c343b400-baae-4125-8e70-9ea69004aa66'); 
INSERT INTO faultMedia(faultMediaID, mediaLink, faultIDFK) values('ad24f370-8559-4b20-9e1f-0c7de406fc13', 'https://www.tutorialesweb.com/aprendizaje/codificacion', '9306ddee-b8a8-467e-9373-3c77f9816ba0'); 
INSERT INTO faultMedia(faultMediaID, mediaLink, faultIDFK) values('a26df2fc-585b-4d98-aacf-a73971545d64', 'https://www.mundodigital.com/tutoriales/marketing-digital', '3fc31225-2dd8-401a-a158-8946e2d8148f'); 
INSERT INTO faultMedia(faultMediaID, mediaLink, faultIDFK) values('bdef029c-0e0f-49f2-9515-059403a701f5', 'https://www.creacionsistemas.com/planificación/pymes', 'dd37a268-99b9-470d-b534-5ab1cb88c6eb'); 
INSERT INTO faultMedia(faultMediaID, mediaLink, faultIDFK) values('5171f2fb-4199-44b2-ad92-17b174d4a077', 'https://www.sistemasmodernos.com/tecnologia/innovacion', '0af19cc3-e3c0-4ce8-b2d8-8b62174f743c'); 
INSERT INTO faultMedia(faultMediaID, mediaLink, faultIDFK) values('8689a09b-9fa6-40a2-8d31-98f18be9637d', 'https://www.tutorialesweb.com/aprendizaje/codificacion', '03b29a88-b544-4e9b-b701-a14d3cda3d2d'); 

