INSERT INTO templateHoliday(templateHolidayID, holidayDate, title) VALUES('91a2b6de-3ecd-433f-8739-50a7090005b9', '2026-05-15', 'Día de reyes');
INSERT INTO templateHoliday(templateHolidayID, holidayDate, title) VALUES('eaf79aa1-8fde-44f5-b682-5a036aeca520', '2026-08-28', 'Día del Maestro');
INSERT INTO templateHoliday(templateHolidayID, holidayDate, title) VALUES('ed9d2335-d673-4ce0-b3e2-998775837e10', '1886-05-01', 'Día del Amor y la Amistad');
INSERT INTO templateHoliday(templateHolidayID, holidayDate, title) VALUES('ee9903e4-1b5d-4785-898c-a5137093b193', '1806-03-21', 'Semana Santa');
INSERT INTO templateHoliday(templateHolidayID, holidayDate, title) VALUES('06a46779-8600-40fc-847e-0ca88cfa418f', '2026-04-07', 'Navidad');
INSERT INTO templateHoliday(templateHolidayID, holidayDate, title) VALUES('ecc6e136-5387-49c3-9afa-56e2825c86e9', '2026-02-14', 'Día del Arquitecto');
INSERT INTO templateHoliday(templateHolidayID, holidayDate, title) VALUES('ead5096e-5315-46df-8f58-6eeeb45bb596', '2026-04-30', 'Día de la Virgen de Guadalupe');
INSERT INTO templateHoliday(templateHolidayID, holidayDate, title) VALUES('1ddacb37-d521-4957-bd9f-4052ac2a27b5', '2026-02-14', 'Día del Arquitecto');
INSERT INTO templateHoliday(templateHolidayID, holidayDate, title) VALUES('caaf5ada-07c8-48bb-a37d-51b4856e8f50', '2026-10-12', 'Día Internacional de la Paz');
INSERT INTO templateHoliday(templateHolidayID, holidayDate, title) VALUES('71bebbee-5efb-400a-a667-c0bee28a6d3c', '2026-02-14', 'Día del Padre');
INSERT INTO templateHoliday(templateHolidayID, holidayDate, title) VALUES('042d3028-aa81-4c30-b06b-8095cff2548a', '2026-02-14', 'Día del Estudiante');
INSERT INTO templateHoliday(templateHolidayID, holidayDate, title) VALUES('8621bcac-887c-4a6a-87d8-a66b4cab987c', '2026-04-02', 'Independencia');
INSERT INTO templateHoliday(templateHolidayID, holidayDate, title) VALUES('feaf73ee-1bf3-43ea-a5d7-75c689fbe746', '2000-01-07', 'Día Internacional de la Mujer');
INSERT INTO templateHoliday(templateHolidayID, holidayDate, title) VALUES('c211dac9-e980-4536-abcd-b2fe10b0ae83', '2026-11-02', 'Día del Trabajo');
INSERT INTO templateHoliday(templateHolidayID, holidayDate, title) VALUES('7722b35c-f928-4283-a309-c9ca798bdc53', '2026-04-30', 'Día Internacional de la Paz');
INSERT INTO templateHoliday(templateHolidayID, holidayDate, title) VALUES('d38afbff-57ae-4d68-9eab-ebfd74621f28', '1531-12-12', 'Día de Muertos');
INSERT INTO templateHoliday(templateHolidayID, holidayDate, title) VALUES('50e19b74-eb64-4e64-b01a-b745e08acfdb', '2026-05-10', 'Día de la Virgen de Guadalupe');
INSERT INTO templateHoliday(templateHolidayID, holidayDate, title) VALUES('89878ee8-327a-45a7-9c04-cf9b1c1f7db8', '2026-02-19', 'Día del Arquitecto');
INSERT INTO templateHoliday(templateHolidayID, holidayDate, title) VALUES('1cd2cc0c-ec83-41cc-8d20-a89747311ed5', '2026-05-10', 'Día del Arquitecto');
INSERT INTO templateHoliday(templateHolidayID, holidayDate, title) VALUES('4ffef72c-02c6-471f-a644-d779acf34b78', '2026-05-15', 'Día del Arquitecto');

INSERT INTO usedHoliday(usedHolidayID, usedDate, usedTemplateHolidayIDFK) VALUES('fb510409-72ac-40b9-9ebe-8ef70edef606', '2026-12-25', '06a46779-8600-40fc-847e-0ca88cfa418f'); 
INSERT INTO usedHoliday(usedHolidayID, usedDate, usedTemplateHolidayIDFK) VALUES('ccd117b2-16ee-4cc2-a277-3be2af3633b4', '2026-05-10', 'ead5096e-5315-46df-8f58-6eeeb45bb596'); 
INSERT INTO usedHoliday(usedHolidayID, usedDate, usedTemplateHolidayIDFK) VALUES('60df5e3e-9ded-46ac-8b2c-b2d5247ea63c', '1910-11-20', 'd38afbff-57ae-4d68-9eab-ebfd74621f28'); 
INSERT INTO usedHoliday(usedHolidayID, usedDate, usedTemplateHolidayIDFK) VALUES('2a5d7f0c-d4ba-4e84-b022-3830c7980f26', '2026-01-02', 'c211dac9-e980-4536-abcd-b2fe10b0ae83'); 
INSERT INTO usedHoliday(usedHolidayID, usedDate, usedTemplateHolidayIDFK) VALUES('130d59de-390b-435d-8959-99ba16c41795', '2026-06-05', 'ee9903e4-1b5d-4785-898c-a5137093b193'); 
INSERT INTO usedHoliday(usedHolidayID, usedDate, usedTemplateHolidayIDFK) VALUES('4fbf703f-e1a8-4fa8-807f-ce172ce12485', '1917-02-05', '50e19b74-eb64-4e64-b01a-b745e08acfdb'); 
INSERT INTO usedHoliday(usedHolidayID, usedDate, usedTemplateHolidayIDFK) VALUES('9072bb19-cc54-44e2-98eb-77e9d7c6a847', '2026-06-02', 'ee9903e4-1b5d-4785-898c-a5137093b193'); 
INSERT INTO usedHoliday(usedHolidayID, usedDate, usedTemplateHolidayIDFK) VALUES('ef753130-f400-4720-a16c-a5a1c9351384', '1910-11-20', '71bebbee-5efb-400a-a667-c0bee28a6d3c'); 
INSERT INTO usedHoliday(usedHolidayID, usedDate, usedTemplateHolidayIDFK) VALUES('d922c1f1-0e38-4ae5-be82-2d040b1c793d', '2026-09-21', 'ed9d2335-d673-4ce0-b3e2-998775837e10'); 
INSERT INTO usedHoliday(usedHolidayID, usedDate, usedTemplateHolidayIDFK) VALUES('3d948d1e-0032-4fc9-a7d3-4eb5b227d874', '2026-04-30', '91a2b6de-3ecd-433f-8739-50a7090005b9'); 
INSERT INTO usedHoliday(usedHolidayID, usedDate, usedTemplateHolidayIDFK) VALUES('acf3cbab-75f8-4f81-9528-be6195fbf522', '1920-09-15', '06a46779-8600-40fc-847e-0ca88cfa418f'); 
INSERT INTO usedHoliday(usedHolidayID, usedDate, usedTemplateHolidayIDFK) VALUES('54d9bfbb-ac0d-405e-b448-d24c2e7f3ffa', '2026-06-02', 'eaf79aa1-8fde-44f5-b682-5a036aeca520'); 
INSERT INTO usedHoliday(usedHolidayID, usedDate, usedTemplateHolidayIDFK) VALUES('f2d93607-01f4-4996-af5e-b808540ce113', '2026-04-30', 'ead5096e-5315-46df-8f58-6eeeb45bb596'); 
INSERT INTO usedHoliday(usedHolidayID, usedDate, usedTemplateHolidayIDFK) VALUES('2037ec54-80be-40ae-bde0-a867959b40cb', '1806-03-21', '4ffef72c-02c6-471f-a644-d779acf34b78'); 
INSERT INTO usedHoliday(usedHolidayID, usedDate, usedTemplateHolidayIDFK) VALUES('bf0bd7ae-6a8f-46be-9b98-d16225f19a11', '2026-04-30', '042d3028-aa81-4c30-b06b-8095cff2548a'); 
INSERT INTO usedHoliday(usedHolidayID, usedDate, usedTemplateHolidayIDFK) VALUES('d0e5c80d-c571-455a-8cb5-25aef7e4bace', '1920-09-15', 'eaf79aa1-8fde-44f5-b682-5a036aeca520'); 
INSERT INTO usedHoliday(usedHolidayID, usedDate, usedTemplateHolidayIDFK) VALUES('5e49e2f9-e1b3-4c06-a4f6-18e910e8ced8', '2026-05-10', '7722b35c-f928-4283-a309-c9ca798bdc53'); 
INSERT INTO usedHoliday(usedHolidayID, usedDate, usedTemplateHolidayIDFK) VALUES('496aee55-2014-4417-b8be-e58be243d4c4', '2026-02-14', '89878ee8-327a-45a7-9c04-cf9b1c1f7db8'); 
INSERT INTO usedHoliday(usedHolidayID, usedDate, usedTemplateHolidayIDFK) VALUES('7799bb1b-8fd3-449f-bbd2-77b166c11b55', '2026-04-30', '89878ee8-327a-45a7-9c04-cf9b1c1f7db8'); 
INSERT INTO usedHoliday(usedHolidayID, usedDate, usedTemplateHolidayIDFK) VALUES('691a5261-d838-4cba-bbc0-7eb875f55131', '1886-05-01', 'ed9d2335-d673-4ce0-b3e2-998775837e10'); 
INSERT INTO usedHoliday(usedHolidayID, usedDate, usedTemplateHolidayIDFK) VALUES('04147fc0-e7f7-414d-b88c-a2cec80be91a', '1917-02-05', 'caaf5ada-07c8-48bb-a37d-51b4856e8f50'); 
INSERT INTO usedHoliday(usedHolidayID, usedDate, usedTemplateHolidayIDFK) VALUES('52597cce-1afa-468f-b0d8-c000b8c51538', '2026-04-30', '89878ee8-327a-45a7-9c04-cf9b1c1f7db8'); 
INSERT INTO usedHoliday(usedHolidayID, usedDate, usedTemplateHolidayIDFK) VALUES('2ff649e7-82ec-454a-b79e-656460b7bedc', '2026-05-10', 'eaf79aa1-8fde-44f5-b682-5a036aeca520'); 
INSERT INTO usedHoliday(usedHolidayID, usedDate, usedTemplateHolidayIDFK) VALUES('d60c67c6-e428-479c-addc-d472d8036821', '2026-08-22', 'eaf79aa1-8fde-44f5-b682-5a036aeca520'); 
INSERT INTO usedHoliday(usedHolidayID, usedDate, usedTemplateHolidayIDFK) VALUES('0da03505-3e9a-499e-9127-7ad7ff51e367', '1934-02-24', '1cd2cc0c-ec83-41cc-8d20-a89747311ed5'); 
INSERT INTO usedHoliday(usedHolidayID, usedDate, usedTemplateHolidayIDFK) VALUES('8fde637c-ba38-4e92-bb56-b42640c1c675', '2026-09-21', '4ffef72c-02c6-471f-a644-d779acf34b78'); 
INSERT INTO usedHoliday(usedHolidayID, usedDate, usedTemplateHolidayIDFK) VALUES('0f30a361-571d-4857-ae1b-be86e24d6445', '2026-05-10', '7722b35c-f928-4283-a309-c9ca798bdc53'); 
INSERT INTO usedHoliday(usedHolidayID, usedDate, usedTemplateHolidayIDFK) VALUES('7db7b1b9-0d65-4f4d-a7a5-c3eda9d21d4c', '1886-05-01', 'c211dac9-e980-4536-abcd-b2fe10b0ae83'); 
INSERT INTO usedHoliday(usedHolidayID, usedDate, usedTemplateHolidayIDFK) VALUES('6a6bccd8-868a-4e68-97c3-aea0e22b5793', '2026-06-16', 'ee9903e4-1b5d-4785-898c-a5137093b193'); 
INSERT INTO usedHoliday(usedHolidayID, usedDate, usedTemplateHolidayIDFK) VALUES('f9c3b120-6874-4d12-872b-5e7aa0c8e66c', '2026-08-22', 'caaf5ada-07c8-48bb-a37d-51b4856e8f50'); 
INSERT INTO usedHoliday(usedHolidayID, usedDate, usedTemplateHolidayIDFK) VALUES('f6ffd5cd-c283-4da4-aec4-3893283156d9', '2026-02-14', 'eaf79aa1-8fde-44f5-b682-5a036aeca520'); 
INSERT INTO usedHoliday(usedHolidayID, usedDate, usedTemplateHolidayIDFK) VALUES('4e5ed195-892f-4f29-b8f5-9599628b9837', '2026-04-07', '89878ee8-327a-45a7-9c04-cf9b1c1f7db8'); 
INSERT INTO usedHoliday(usedHolidayID, usedDate, usedTemplateHolidayIDFK) VALUES('bac5ff68-8937-4bb1-a852-8bb911d918e2', '2026-08-28', '50e19b74-eb64-4e64-b01a-b745e08acfdb'); 
INSERT INTO usedHoliday(usedHolidayID, usedDate, usedTemplateHolidayIDFK) VALUES('117dcb09-7360-42d5-ac3b-0c4496c60a95', '1806-03-21', '042d3028-aa81-4c30-b06b-8095cff2548a'); 
INSERT INTO usedHoliday(usedHolidayID, usedDate, usedTemplateHolidayIDFK) VALUES('cd2a4535-7cd0-4f8d-a907-6f17a8809473', '2000-01-07', '7722b35c-f928-4283-a309-c9ca798bdc53'); 
INSERT INTO usedHoliday(usedHolidayID, usedDate, usedTemplateHolidayIDFK) VALUES('d42cdcc0-67e8-44fd-ae0e-93dda26007e7', '2026-03-08', '042d3028-aa81-4c30-b06b-8095cff2548a'); 
INSERT INTO usedHoliday(usedHolidayID, usedDate, usedTemplateHolidayIDFK) VALUES('b7841060-8b7f-4734-bf0b-a789137bb6ef', '2026-11-02', '89878ee8-327a-45a7-9c04-cf9b1c1f7db8'); 
INSERT INTO usedHoliday(usedHolidayID, usedDate, usedTemplateHolidayIDFK) VALUES('d8401b86-4eae-43f0-8e6a-d7a3ed8e28fd', '2026-06-05', '1ddacb37-d521-4957-bd9f-4052ac2a27b5'); 
INSERT INTO usedHoliday(usedHolidayID, usedDate, usedTemplateHolidayIDFK) VALUES('7c65e77c-718f-4584-8abb-7346d94b86f4', '2026-08-28', 'ead5096e-5315-46df-8f58-6eeeb45bb596'); 
INSERT INTO usedHoliday(usedHolidayID, usedDate, usedTemplateHolidayIDFK) VALUES('a235c5b0-a09c-438d-ab7b-8b192f077f16', '1917-02-05', '1cd2cc0c-ec83-41cc-8d20-a89747311ed5'); 
INSERT INTO usedHoliday(usedHolidayID, usedDate, usedTemplateHolidayIDFK) VALUES('a58974b0-44e7-461d-b37c-110550b33a15', '2026-02-14', 'ee9903e4-1b5d-4785-898c-a5137093b193'); 
INSERT INTO usedHoliday(usedHolidayID, usedDate, usedTemplateHolidayIDFK) VALUES('b2b768dd-32f3-4661-ba75-787e651d07d9', '2026-05-23', 'd38afbff-57ae-4d68-9eab-ebfd74621f28'); 
INSERT INTO usedHoliday(usedHolidayID, usedDate, usedTemplateHolidayIDFK) VALUES('c1c369f4-3f7a-4990-ae33-a5910e574876', '2000-01-07', 'c211dac9-e980-4536-abcd-b2fe10b0ae83'); 
INSERT INTO usedHoliday(usedHolidayID, usedDate, usedTemplateHolidayIDFK) VALUES('692bdc63-a054-4106-b2e8-df3f34a0039d', '2000-01-07', '91a2b6de-3ecd-433f-8739-50a7090005b9'); 
INSERT INTO usedHoliday(usedHolidayID, usedDate, usedTemplateHolidayIDFK) VALUES('178dd245-c178-47cf-8f1f-45049aae2f77', '2026-10-01', '50e19b74-eb64-4e64-b01a-b745e08acfdb'); 
INSERT INTO usedHoliday(usedHolidayID, usedDate, usedTemplateHolidayIDFK) VALUES('cbf3d53d-dbb5-4d0f-9580-aceac2c47795', '2000-01-07', 'c211dac9-e980-4536-abcd-b2fe10b0ae83'); 
INSERT INTO usedHoliday(usedHolidayID, usedDate, usedTemplateHolidayIDFK) VALUES('0de007dc-004c-409a-ba0f-110cdfddffb4', '1917-02-05', 'eaf79aa1-8fde-44f5-b682-5a036aeca520'); 
INSERT INTO usedHoliday(usedHolidayID, usedDate, usedTemplateHolidayIDFK) VALUES('6997eabf-1796-49da-9a20-6f64597c4460', '2026-04-02', 'ead5096e-5315-46df-8f58-6eeeb45bb596'); 
INSERT INTO usedHoliday(usedHolidayID, usedDate, usedTemplateHolidayIDFK) VALUES('ad39dfa7-48f0-4327-8db2-dce88d457f77', '2026-12-25', 'feaf73ee-1bf3-43ea-a5d7-75c689fbe746'); 
INSERT INTO usedHoliday(usedHolidayID, usedDate, usedTemplateHolidayIDFK) VALUES('0dad7168-cee0-4c27-9c10-87b45534ed34', '2026-09-21', 'feaf73ee-1bf3-43ea-a5d7-75c689fbe746'); 

INSERT INTO privilege(privilegeID, title, summary) values('dc36248f-5df2-4239-9acf-7f594683f053', 'Colaborador consulta ausencias', 'Colaborador consulta ausencias'); 
INSERT INTO privilege(privilegeID, title, summary) values('3161bbff-4187-469d-98ad-52ede23f21be', 'Colaborador consulta calendario', 'Colaborador consulta calendario'); 
INSERT INTO privilege(privilegeID, title, summary) values('75454dd3-378f-4c11-9e8b-6ba40f5bf840', 'Colaborador consulta días feriados', 'Colaborador consulta días feriados'); 
INSERT INTO privilege(privilegeID, title, summary) values('bdb33ffe-3b65-4cd3-92ee-c0f42de1b2a3', 'Colaborador consulta falta administrativa', 'Colaborador consulta falta administrativa'); 
INSERT INTO privilege(privilegeID, title, summary) values('2600765e-8f82-4fee-8eda-921d368a5df3', 'Colaborador consulta perfil', 'Colaborador consulta perfil'); 
INSERT INTO privilege(privilegeID, title, summary) values('3e9cf179-018d-4c13-bb0c-08a9edba4c13', 'Colaborador consulta sesión del One-On-One', 'Colaborador consulta sesión del One-On-One'); 
INSERT INTO privilege(privilegeID, title, summary) values('bac2714a-44e1-4852-bbca-6ff155cce493', 'Colaborador consulta solicitudes de vacaciones', 'Colaborador consulta solicitudes de vacaciones'); 
INSERT INTO privilege(privilegeID, title, summary) values('68d60c69-6358-4ddf-a485-88513fd464fa', 'Colaborador elimina solicitud de vacaciones', 'Colaborador elimina solicitud de vacaciones'); 
INSERT INTO privilege(privilegeID, title, summary) values('96d644da-b77c-4d72-869c-649b69482ed1', 'Colaborador modifica contraseña temporal', 'Colaborador modifica contraseña temporal'); 
INSERT INTO privilege(privilegeID, title, summary) values('1e3a3b82-92b8-41f6-bde9-477cbdac7653', 'Colaborador modifica solicitud de vacaciones', 'Colaborador modifica solicitud de vacaciones'); 
INSERT INTO privilege(privilegeID, title, summary) values('82ba2d39-365a-4b7d-b70f-186058473176', 'Colaborador registra ausencia', 'Colaborador registra ausencia'); 
INSERT INTO privilege(privilegeID, title, summary) values('816cf814-2459-4a61-8252-defffe545280', 'Colaborador registra inicio de sesión', 'Colaborador registra inicio de sesión'); 
INSERT INTO privilege(privilegeID, title, summary) values('0f80b945-da64-42d1-b4db-31cc226342a3', 'Colaborador registra solicitud de vacaciones', 'Colaborador registra solicitud de vacaciones'); 
INSERT INTO privilege(privilegeID, title, summary) values('cf3bb7f4-94c2-45d7-9433-d61288299297', 'Líder consulta ausencias de colaborador', 'Líder consulta ausencias de colaborador'); 
INSERT INTO privilege(privilegeID, title, summary) values('a94bdc83-af9f-4523-ba86-ef9ce9323fb9', 'Líder consulta colaboradores en su departamento', 'Líder consulta colaboradores en su departamento'); 
INSERT INTO privilege(privilegeID, title, summary) values('6df7ad01-b902-48cd-b6af-dfbed8715581', 'Líder consulta perfil de colaboradores', 'Líder consulta perfil de colaboradores'); 
INSERT INTO privilege(privilegeID, title, summary) values('bc31046b-d059-4f4a-a07e-e6c9b026821d', 'Líder consulta solicitudes de vacaciones de colaborador', 'Líder consulta solicitudes de vacaciones de colaborador'); 
INSERT INTO privilege(privilegeID, title, summary) values('1d2f1fd6-32f7-4368-a682-267ef37bffaf', 'Líder registra respuesta hacia ausencia de colaborador', 'Líder registra respuesta hacia ausencia de colaborador'); 
INSERT INTO privilege(privilegeID, title, summary) values('ac041a7d-5da9-473d-a8ae-07d8d489f6f1', 'Líder registra respuesta hacia solicitud de vacaciones de colaborador', 'Líder registra respuesta hacia solicitud de vacaciones de colaborador'); 
INSERT INTO privilege(privilegeID, title, summary) values('b915c7eb-0c6a-43b3-ac79-31dff4318ea0', 'Superadmin consulta ausencias de empleado', 'Superadmin consulta ausencias de empleado'); 
INSERT INTO privilege(privilegeID, title, summary) values('35a81d92-52e5-407a-93d7-526760485819', 'Superadmin consulta empleados', 'Superadmin consulta empleados'); 
INSERT INTO privilege(privilegeID, title, summary) values('5d1f046a-8957-4d75-904e-54c47fe265b4', 'Superadmin consulta sesión de One-On-One', 'Superadmin consulta sesión de One-On-One'); 
INSERT INTO privilege(privilegeID, title, summary) values('8a8247dc-6717-46fa-aea9-614ef1b9684f', 'Superadmin consulta solicitudes de vacaciones de empleado', 'Superadmin consulta solicitudes de vacaciones de empleado'); 
INSERT INTO privilege(privilegeID, title, summary) values('d86cb961-c4d6-4694-a42a-59a40cbe5897', 'Superadmin consultar reporte de rotación de empleos mensual', 'Superadmin consultar reporte de rotación de empleos mensual'); 
INSERT INTO privilege(privilegeID, title, summary) values('409f73a8-b6ca-42a4-b304-f364bd5bb396', 'Superadmin elimina departamento', 'Superadmin elimina departamento'); 
INSERT INTO privilege(privilegeID, title, summary) values('c76cf78b-42ce-4067-b879-0b0537639c77', 'Superadmin elimina día feriado', 'Superadmin elimina día feriado'); 
INSERT INTO privilege(privilegeID, title, summary) values('030f1fb9-d9c2-4e4c-8651-b183ac641973', 'Superadmin elimina falta administrativa', 'Superadmin elimina falta administrativa'); 
INSERT INTO privilege(privilegeID, title, summary) values('d111ff13-df1f-4ad7-9885-dccfe97846ec', 'Superadmin modifica datos de empleado', 'Superadmin modifica datos de empleado'); 
INSERT INTO privilege(privilegeID, title, summary) values('8866a561-2803-4eee-945f-7100c38b7494', 'Superadmin modifica departamento', 'Superadmin modifica departamento'); 
INSERT INTO privilege(privilegeID, title, summary) values('9c73a87b-9222-422a-a82f-f991a73f7d2f', 'Superadmin modifica día feriado', 'Superadmin modifica día feriado'); 
INSERT INTO privilege(privilegeID, title, summary) values('a52291cd-263f-4b7a-9e2d-7b61b8eff654', 'Superadmin modifica falta administrativa', 'Superadmin modifica falta administrativa'); 
INSERT INTO privilege(privilegeID, title, summary) values('629ecff4-c021-4e68-9017-f9f8567627fc', 'Superadmin registra alta de empleado', 'Superadmin registra alta de empleado'); 
INSERT INTO privilege(privilegeID, title, summary) values('99b8c9bf-f785-4995-b2b4-f76aa3edbe05', 'Superadmin registra baja de empleado', 'Superadmin registra baja de empleado'); 
INSERT INTO privilege(privilegeID, title, summary) values('8b8df94b-ae17-44ff-aead-f785241e81bd', 'Superadmin registra datos del One-On-One', 'Superadmin registra datos del One-On-One'); 
INSERT INTO privilege(privilegeID, title, summary) values('d74a7cce-cfb5-4481-aa5b-eb0d48a913d3', 'Superadmin registra departamento', 'Superadmin registra departamento'); 
INSERT INTO privilege(privilegeID, title, summary) values('360c1ee5-24d2-4452-80db-d7a4f95861d0', 'Superadmin registra día feriado', 'Superadmin registra día feriado'); 
INSERT INTO privilege(privilegeID, title, summary) values('a3dd9f72-9203-44fc-9edf-0aa6891d79bf', 'Superadmin registra falta administrativa', 'Superadmin registra falta administrativa'); 
INSERT INTO privilege(privilegeID, title, summary) values('2997a44d-6a88-40ea-a377-8e5dd0ef2d73', 'Superadmin registra evidencia de falta', 'Superadmin registra evidencia de falta'); 
INSERT INTO privilege(privilegeID, title, summary) values('cccce55e-cfd9-4b2d-b965-d342824c01ab', 'Superadmin registra fecha prevista de One-On-One', 'Superadmin registra fecha prevista de One-On-One'); 
INSERT INTO privilege(privilegeID, title, summary) values('e4a6f94e-2e99-4892-90c6-efe0b51c5381', 'Superadmin registra respuesta hacia ausencia de empleado', 'Superadmin registra respuesta hacia ausencia de empleado'); 
INSERT INTO privilege(privilegeID, title, summary) values('e939dfb8-123a-46cb-9fb9-0d21060fcdea', 'Superadmin registra respuesta hacia solicitud de vacaciones de empleado', 'Superadmin registra respuesta hacia solicitud de vacaciones de empleado'); 
INSERT INTO role(roleID, title) values('b5c638e3-5f70-456f-b664-50eb81a36c6a', 'Colaborator'); 
INSERT INTO role(roleID, title) values('dc4b22ef-8608-4a25-82c8-47c8d714b28c', 'Department Leader'); 
INSERT INTO role(roleID, title) values('daea6f39-5ae5-4890-89f8-7bca9ce73478', 'Human Resources'); 
INSERT INTO rolePrivilege(roleIDFK, privilegeIDFK) values('b5c638e3-5f70-456f-b664-50eb81a36c6a', 'dc36248f-5df2-4239-9acf-7f594683f053'); 
INSERT INTO rolePrivilege(roleIDFK, privilegeIDFK) values('b5c638e3-5f70-456f-b664-50eb81a36c6a', '3161bbff-4187-469d-98ad-52ede23f21be'); 
INSERT INTO rolePrivilege(roleIDFK, privilegeIDFK) values('b5c638e3-5f70-456f-b664-50eb81a36c6a', '75454dd3-378f-4c11-9e8b-6ba40f5bf840'); 
INSERT INTO rolePrivilege(roleIDFK, privilegeIDFK) values('b5c638e3-5f70-456f-b664-50eb81a36c6a', 'bdb33ffe-3b65-4cd3-92ee-c0f42de1b2a3'); 
INSERT INTO rolePrivilege(roleIDFK, privilegeIDFK) values('b5c638e3-5f70-456f-b664-50eb81a36c6a', '2600765e-8f82-4fee-8eda-921d368a5df3'); 
INSERT INTO rolePrivilege(roleIDFK, privilegeIDFK) values('b5c638e3-5f70-456f-b664-50eb81a36c6a', '3e9cf179-018d-4c13-bb0c-08a9edba4c13'); 
INSERT INTO rolePrivilege(roleIDFK, privilegeIDFK) values('b5c638e3-5f70-456f-b664-50eb81a36c6a', 'bac2714a-44e1-4852-bbca-6ff155cce493'); 
INSERT INTO rolePrivilege(roleIDFK, privilegeIDFK) values('b5c638e3-5f70-456f-b664-50eb81a36c6a', '68d60c69-6358-4ddf-a485-88513fd464fa'); 
INSERT INTO rolePrivilege(roleIDFK, privilegeIDFK) values('b5c638e3-5f70-456f-b664-50eb81a36c6a', '96d644da-b77c-4d72-869c-649b69482ed1'); 
INSERT INTO rolePrivilege(roleIDFK, privilegeIDFK) values('b5c638e3-5f70-456f-b664-50eb81a36c6a', '1e3a3b82-92b8-41f6-bde9-477cbdac7653'); 
INSERT INTO rolePrivilege(roleIDFK, privilegeIDFK) values('b5c638e3-5f70-456f-b664-50eb81a36c6a', '82ba2d39-365a-4b7d-b70f-186058473176'); 
INSERT INTO rolePrivilege(roleIDFK, privilegeIDFK) values('b5c638e3-5f70-456f-b664-50eb81a36c6a', '816cf814-2459-4a61-8252-defffe545280'); 
INSERT INTO rolePrivilege(roleIDFK, privilegeIDFK) values('b5c638e3-5f70-456f-b664-50eb81a36c6a', '0f80b945-da64-42d1-b4db-31cc226342a3'); 
INSERT INTO rolePrivilege(roleIDFK, privilegeIDFK) values('dc4b22ef-8608-4a25-82c8-47c8d714b28c', 'dc36248f-5df2-4239-9acf-7f594683f053'); 
INSERT INTO rolePrivilege(roleIDFK, privilegeIDFK) values('dc4b22ef-8608-4a25-82c8-47c8d714b28c', '3161bbff-4187-469d-98ad-52ede23f21be'); 
INSERT INTO rolePrivilege(roleIDFK, privilegeIDFK) values('dc4b22ef-8608-4a25-82c8-47c8d714b28c', '75454dd3-378f-4c11-9e8b-6ba40f5bf840'); 
INSERT INTO rolePrivilege(roleIDFK, privilegeIDFK) values('dc4b22ef-8608-4a25-82c8-47c8d714b28c', 'bdb33ffe-3b65-4cd3-92ee-c0f42de1b2a3'); 
INSERT INTO rolePrivilege(roleIDFK, privilegeIDFK) values('dc4b22ef-8608-4a25-82c8-47c8d714b28c', '2600765e-8f82-4fee-8eda-921d368a5df3'); 
INSERT INTO rolePrivilege(roleIDFK, privilegeIDFK) values('dc4b22ef-8608-4a25-82c8-47c8d714b28c', '3e9cf179-018d-4c13-bb0c-08a9edba4c13'); 
INSERT INTO rolePrivilege(roleIDFK, privilegeIDFK) values('dc4b22ef-8608-4a25-82c8-47c8d714b28c', 'bac2714a-44e1-4852-bbca-6ff155cce493'); 
INSERT INTO rolePrivilege(roleIDFK, privilegeIDFK) values('dc4b22ef-8608-4a25-82c8-47c8d714b28c', '68d60c69-6358-4ddf-a485-88513fd464fa'); 
INSERT INTO rolePrivilege(roleIDFK, privilegeIDFK) values('dc4b22ef-8608-4a25-82c8-47c8d714b28c', '96d644da-b77c-4d72-869c-649b69482ed1'); 
INSERT INTO rolePrivilege(roleIDFK, privilegeIDFK) values('dc4b22ef-8608-4a25-82c8-47c8d714b28c', '1e3a3b82-92b8-41f6-bde9-477cbdac7653'); 
INSERT INTO rolePrivilege(roleIDFK, privilegeIDFK) values('dc4b22ef-8608-4a25-82c8-47c8d714b28c', '82ba2d39-365a-4b7d-b70f-186058473176'); 
INSERT INTO rolePrivilege(roleIDFK, privilegeIDFK) values('dc4b22ef-8608-4a25-82c8-47c8d714b28c', '816cf814-2459-4a61-8252-defffe545280'); 
INSERT INTO rolePrivilege(roleIDFK, privilegeIDFK) values('dc4b22ef-8608-4a25-82c8-47c8d714b28c', '0f80b945-da64-42d1-b4db-31cc226342a3'); 
INSERT INTO rolePrivilege(roleIDFK, privilegeIDFK) values('dc4b22ef-8608-4a25-82c8-47c8d714b28c', 'cf3bb7f4-94c2-45d7-9433-d61288299297'); 
INSERT INTO rolePrivilege(roleIDFK, privilegeIDFK) values('dc4b22ef-8608-4a25-82c8-47c8d714b28c', 'a94bdc83-af9f-4523-ba86-ef9ce9323fb9'); 
INSERT INTO rolePrivilege(roleIDFK, privilegeIDFK) values('dc4b22ef-8608-4a25-82c8-47c8d714b28c', '6df7ad01-b902-48cd-b6af-dfbed8715581'); 
INSERT INTO rolePrivilege(roleIDFK, privilegeIDFK) values('dc4b22ef-8608-4a25-82c8-47c8d714b28c', 'bc31046b-d059-4f4a-a07e-e6c9b026821d'); 
INSERT INTO rolePrivilege(roleIDFK, privilegeIDFK) values('dc4b22ef-8608-4a25-82c8-47c8d714b28c', '1d2f1fd6-32f7-4368-a682-267ef37bffaf'); 
INSERT INTO rolePrivilege(roleIDFK, privilegeIDFK) values('dc4b22ef-8608-4a25-82c8-47c8d714b28c', 'ac041a7d-5da9-473d-a8ae-07d8d489f6f1'); 
INSERT INTO rolePrivilege(roleIDFK, privilegeIDFK) values('daea6f39-5ae5-4890-89f8-7bca9ce73478', 'dc36248f-5df2-4239-9acf-7f594683f053'); 
INSERT INTO rolePrivilege(roleIDFK, privilegeIDFK) values('daea6f39-5ae5-4890-89f8-7bca9ce73478', '3161bbff-4187-469d-98ad-52ede23f21be'); 
INSERT INTO rolePrivilege(roleIDFK, privilegeIDFK) values('daea6f39-5ae5-4890-89f8-7bca9ce73478', '75454dd3-378f-4c11-9e8b-6ba40f5bf840'); 
INSERT INTO rolePrivilege(roleIDFK, privilegeIDFK) values('daea6f39-5ae5-4890-89f8-7bca9ce73478', 'bdb33ffe-3b65-4cd3-92ee-c0f42de1b2a3'); 
INSERT INTO rolePrivilege(roleIDFK, privilegeIDFK) values('daea6f39-5ae5-4890-89f8-7bca9ce73478', '2600765e-8f82-4fee-8eda-921d368a5df3'); 
INSERT INTO rolePrivilege(roleIDFK, privilegeIDFK) values('daea6f39-5ae5-4890-89f8-7bca9ce73478', '3e9cf179-018d-4c13-bb0c-08a9edba4c13'); 
INSERT INTO rolePrivilege(roleIDFK, privilegeIDFK) values('daea6f39-5ae5-4890-89f8-7bca9ce73478', 'bac2714a-44e1-4852-bbca-6ff155cce493'); 
INSERT INTO rolePrivilege(roleIDFK, privilegeIDFK) values('daea6f39-5ae5-4890-89f8-7bca9ce73478', '68d60c69-6358-4ddf-a485-88513fd464fa'); 
INSERT INTO rolePrivilege(roleIDFK, privilegeIDFK) values('daea6f39-5ae5-4890-89f8-7bca9ce73478', '96d644da-b77c-4d72-869c-649b69482ed1'); 
INSERT INTO rolePrivilege(roleIDFK, privilegeIDFK) values('daea6f39-5ae5-4890-89f8-7bca9ce73478', '1e3a3b82-92b8-41f6-bde9-477cbdac7653'); 
INSERT INTO rolePrivilege(roleIDFK, privilegeIDFK) values('daea6f39-5ae5-4890-89f8-7bca9ce73478', '82ba2d39-365a-4b7d-b70f-186058473176'); 
INSERT INTO rolePrivilege(roleIDFK, privilegeIDFK) values('daea6f39-5ae5-4890-89f8-7bca9ce73478', '816cf814-2459-4a61-8252-defffe545280'); 
INSERT INTO rolePrivilege(roleIDFK, privilegeIDFK) values('daea6f39-5ae5-4890-89f8-7bca9ce73478', '0f80b945-da64-42d1-b4db-31cc226342a3'); 
INSERT INTO rolePrivilege(roleIDFK, privilegeIDFK) values('daea6f39-5ae5-4890-89f8-7bca9ce73478', 'cf3bb7f4-94c2-45d7-9433-d61288299297'); 
INSERT INTO rolePrivilege(roleIDFK, privilegeIDFK) values('daea6f39-5ae5-4890-89f8-7bca9ce73478', 'a94bdc83-af9f-4523-ba86-ef9ce9323fb9'); 
INSERT INTO rolePrivilege(roleIDFK, privilegeIDFK) values('daea6f39-5ae5-4890-89f8-7bca9ce73478', '6df7ad01-b902-48cd-b6af-dfbed8715581'); 
INSERT INTO rolePrivilege(roleIDFK, privilegeIDFK) values('daea6f39-5ae5-4890-89f8-7bca9ce73478', 'bc31046b-d059-4f4a-a07e-e6c9b026821d'); 
INSERT INTO rolePrivilege(roleIDFK, privilegeIDFK) values('daea6f39-5ae5-4890-89f8-7bca9ce73478', '1d2f1fd6-32f7-4368-a682-267ef37bffaf'); 
INSERT INTO rolePrivilege(roleIDFK, privilegeIDFK) values('daea6f39-5ae5-4890-89f8-7bca9ce73478', 'ac041a7d-5da9-473d-a8ae-07d8d489f6f1'); 
INSERT INTO rolePrivilege(roleIDFK, privilegeIDFK) values('daea6f39-5ae5-4890-89f8-7bca9ce73478', 'b915c7eb-0c6a-43b3-ac79-31dff4318ea0'); 
INSERT INTO rolePrivilege(roleIDFK, privilegeIDFK) values('daea6f39-5ae5-4890-89f8-7bca9ce73478', '35a81d92-52e5-407a-93d7-526760485819'); 
INSERT INTO rolePrivilege(roleIDFK, privilegeIDFK) values('daea6f39-5ae5-4890-89f8-7bca9ce73478', '5d1f046a-8957-4d75-904e-54c47fe265b4'); 
INSERT INTO rolePrivilege(roleIDFK, privilegeIDFK) values('daea6f39-5ae5-4890-89f8-7bca9ce73478', '8a8247dc-6717-46fa-aea9-614ef1b9684f'); 
INSERT INTO rolePrivilege(roleIDFK, privilegeIDFK) values('daea6f39-5ae5-4890-89f8-7bca9ce73478', 'd86cb961-c4d6-4694-a42a-59a40cbe5897'); 
INSERT INTO rolePrivilege(roleIDFK, privilegeIDFK) values('daea6f39-5ae5-4890-89f8-7bca9ce73478', '409f73a8-b6ca-42a4-b304-f364bd5bb396'); 
INSERT INTO rolePrivilege(roleIDFK, privilegeIDFK) values('daea6f39-5ae5-4890-89f8-7bca9ce73478', 'c76cf78b-42ce-4067-b879-0b0537639c77'); 
INSERT INTO rolePrivilege(roleIDFK, privilegeIDFK) values('daea6f39-5ae5-4890-89f8-7bca9ce73478', '030f1fb9-d9c2-4e4c-8651-b183ac641973'); 
INSERT INTO rolePrivilege(roleIDFK, privilegeIDFK) values('daea6f39-5ae5-4890-89f8-7bca9ce73478', 'd111ff13-df1f-4ad7-9885-dccfe97846ec'); 
INSERT INTO rolePrivilege(roleIDFK, privilegeIDFK) values('daea6f39-5ae5-4890-89f8-7bca9ce73478', '8866a561-2803-4eee-945f-7100c38b7494'); 
INSERT INTO rolePrivilege(roleIDFK, privilegeIDFK) values('daea6f39-5ae5-4890-89f8-7bca9ce73478', '9c73a87b-9222-422a-a82f-f991a73f7d2f'); 
INSERT INTO rolePrivilege(roleIDFK, privilegeIDFK) values('daea6f39-5ae5-4890-89f8-7bca9ce73478', 'a52291cd-263f-4b7a-9e2d-7b61b8eff654'); 
INSERT INTO rolePrivilege(roleIDFK, privilegeIDFK) values('daea6f39-5ae5-4890-89f8-7bca9ce73478', '629ecff4-c021-4e68-9017-f9f8567627fc'); 
INSERT INTO rolePrivilege(roleIDFK, privilegeIDFK) values('daea6f39-5ae5-4890-89f8-7bca9ce73478', '99b8c9bf-f785-4995-b2b4-f76aa3edbe05'); 
INSERT INTO rolePrivilege(roleIDFK, privilegeIDFK) values('daea6f39-5ae5-4890-89f8-7bca9ce73478', '8b8df94b-ae17-44ff-aead-f785241e81bd'); 
INSERT INTO rolePrivilege(roleIDFK, privilegeIDFK) values('daea6f39-5ae5-4890-89f8-7bca9ce73478', 'd74a7cce-cfb5-4481-aa5b-eb0d48a913d3'); 
INSERT INTO rolePrivilege(roleIDFK, privilegeIDFK) values('daea6f39-5ae5-4890-89f8-7bca9ce73478', '360c1ee5-24d2-4452-80db-d7a4f95861d0'); 
INSERT INTO rolePrivilege(roleIDFK, privilegeIDFK) values('daea6f39-5ae5-4890-89f8-7bca9ce73478', 'a3dd9f72-9203-44fc-9edf-0aa6891d79bf'); 
INSERT INTO rolePrivilege(roleIDFK, privilegeIDFK) values('daea6f39-5ae5-4890-89f8-7bca9ce73478', '2997a44d-6a88-40ea-a377-8e5dd0ef2d73'); 
INSERT INTO rolePrivilege(roleIDFK, privilegeIDFK) values('daea6f39-5ae5-4890-89f8-7bca9ce73478', 'cccce55e-cfd9-4b2d-b965-d342824c01ab'); 
INSERT INTO rolePrivilege(roleIDFK, privilegeIDFK) values('daea6f39-5ae5-4890-89f8-7bca9ce73478', 'e4a6f94e-2e99-4892-90c6-efe0b51c5381'); 
INSERT INTO rolePrivilege(roleIDFK, privilegeIDFK) values('daea6f39-5ae5-4890-89f8-7bca9ce73478', 'e939dfb8-123a-46cb-9fb9-0d21060fcdea'); 

INSERT INTO country(countryID, title) values('325767b8-5f22-4e21-aa25-e9c1399b4d13', 'Mexico'); 
INSERT INTO country(countryID, title) values('85bc4cdf-a1f4-4feb-adea-b589d1ea0104', 'United States'); 
INSERT INTO country(countryID, title) values('4169bca0-8b9a-4275-bfab-36f847830bcc', 'Colombia'); 
INSERT INTO country(countryID, title) values('3f57ace1-4c1b-4c39-8681-c2d76bc3dbac', 'Argentina'); 

INSERT INTO enterprise(enterpriseID, title) values('984db732-0f2c-42ba-a2ea-01e5f6ce254d', 'Oracle'); 
INSERT INTO enterprise(enterpriseID, title) values('069995d2-d29b-4394-b3bf-584e6b84e6b8', 'Apple'); 
INSERT INTO enterprise(enterpriseID, title) values('19c7680b-82cb-4583-b0eb-51d539cbdbd2', 'AMD'); 
INSERT INTO enterprise(enterpriseID, title) values('ada5fc01-396f-4091-be2b-16a4e452bdab', 'Amazon'); 
INSERT INTO enterprise(enterpriseID, title) values('c82d85be-b136-4902-8be2-cee7b52f945a', 'Google'); 
INSERT INTO enterprise(enterpriseID, title) values('95939b55-2559-413b-bd65-8dbb1047833e', 'Microsoft'); 
INSERT INTO enterprise(enterpriseID, title) values('41ef03eb-f10e-4dbf-b582-ee8adc1a1f70', 'Amazon'); 

INSERT INTO department(departmentID, enterpriseIDFK, title) values('950ef6d0-0b5b-4dc6-aba4-4aa9718b9874', '984db732-0f2c-42ba-a2ea-01e5f6ce254d', 'Legal'); 
INSERT INTO department(departmentID, enterpriseIDFK, title) values('83444978-c638-42a3-9222-130797a8158d', 'c82d85be-b136-4902-8be2-cee7b52f945a', 'Legal'); 
INSERT INTO department(departmentID, enterpriseIDFK, title) values('e8d5e753-7931-4deb-bc95-5f331fe27769', '069995d2-d29b-4394-b3bf-584e6b84e6b8', 'Marketing'); 
INSERT INTO department(departmentID, enterpriseIDFK, title) values('a15de0f3-7ff3-4a16-9b0f-a3132f8be816', '069995d2-d29b-4394-b3bf-584e6b84e6b8', 'Finanzas'); 
INSERT INTO department(departmentID, enterpriseIDFK, title) values('47dc4d04-71ac-4791-8fae-faeaeb9b47cc', 'ada5fc01-396f-4091-be2b-16a4e452bdab', 'Legal'); 
INSERT INTO department(departmentID, enterpriseIDFK, title) values('bf88dd5b-9781-4ec6-8c57-ddebb924c706', '069995d2-d29b-4394-b3bf-584e6b84e6b8', 'Atencion al cliene'); 
INSERT INTO department(departmentID, enterpriseIDFK, title) values('b25fca41-0dc4-4bf9-9f73-c5ed3a847517', '19c7680b-82cb-4583-b0eb-51d539cbdbd2', 'Marketing'); 
INSERT INTO department(departmentID, enterpriseIDFK, title) values('984ed2a5-a5af-405e-9458-64fc91165c5b', '95939b55-2559-413b-bd65-8dbb1047833e', 'Logística'); 
INSERT INTO department(departmentID, enterpriseIDFK, title) values('1f83627e-f627-4b30-ace0-488bece0d9be', '95939b55-2559-413b-bd65-8dbb1047833e', 'Logística'); 
INSERT INTO department(departmentID, enterpriseIDFK, title) values('6e16dc42-6e40-4eff-979a-5aaf04793266', '984db732-0f2c-42ba-a2ea-01e5f6ce254d', 'Ventas'); 
INSERT INTO department(departmentID, enterpriseIDFK, title) values('8e62593a-42a1-452e-829f-ec071d5a1dfa', 'c82d85be-b136-4902-8be2-cee7b52f945a', 'Producción'); 
INSERT INTO department(departmentID, enterpriseIDFK, title) values('3adb8a91-75e4-4079-9d73-e0549c6eb6f5', 'c82d85be-b136-4902-8be2-cee7b52f945a', 'Finanzas'); 
INSERT INTO department(departmentID, enterpriseIDFK, title) values('976d2619-0c13-402a-ad3e-240ac95ee554', '95939b55-2559-413b-bd65-8dbb1047833e', 'Producción'); 
INSERT INTO department(departmentID, enterpriseIDFK, title) values('3830d496-a3b4-4a3f-a2a1-35ca99cc37c0', 'ada5fc01-396f-4091-be2b-16a4e452bdab', 'Marketing'); 
INSERT INTO department(departmentID, enterpriseIDFK, title) values('d3056e40-4392-4a0d-b02f-61e08a99115e', '41ef03eb-f10e-4dbf-b582-ee8adc1a1f70', 'Ventas'); 
INSERT INTO department(departmentID, enterpriseIDFK, title) values('121af434-bb29-4e54-b535-14da79e7dfe7', '95939b55-2559-413b-bd65-8dbb1047833e', 'Atencion al cliene'); 
INSERT INTO department(departmentID, enterpriseIDFK, title) values('7972306a-a291-4a2c-aa5b-8a5a109c7404', '19c7680b-82cb-4583-b0eb-51d539cbdbd2', 'Finanzas'); 
INSERT INTO department(departmentID, enterpriseIDFK, title) values('2dce8322-0398-4c7d-bfdb-64a7fede1a2e', 'c82d85be-b136-4902-8be2-cee7b52f945a', 'Marketing'); 
INSERT INTO department(departmentID, enterpriseIDFK, title) values('bf92e8ea-ee72-44fe-8eb8-02dee72fac6a', '984db732-0f2c-42ba-a2ea-01e5f6ce254d', 'Producción'); 
INSERT INTO department(departmentID, enterpriseIDFK, title) values('024d2c82-2891-4927-af43-55b7ff1549e7', '41ef03eb-f10e-4dbf-b582-ee8adc1a1f70', 'Atencion al cliene'); 
INSERT INTO department(departmentID, enterpriseIDFK, title) values('59433567-fb37-45e2-a6f1-4cb7a14f04cd', '41ef03eb-f10e-4dbf-b582-ee8adc1a1f70', 'Finanzas'); 
INSERT INTO department(departmentID, enterpriseIDFK, title) values('5efa54cd-3ea9-443d-bece-25bd057e003b', '41ef03eb-f10e-4dbf-b582-ee8adc1a1f70', 'Producción'); 
INSERT INTO department(departmentID, enterpriseIDFK, title) values('722bddd9-1d2a-40be-b995-8b4ac2ea4416', '41ef03eb-f10e-4dbf-b582-ee8adc1a1f70', 'Atencion al cliene'); 
INSERT INTO department(departmentID, enterpriseIDFK, title) values('bf3cc07e-0ae5-4b0f-a33c-4a4937bd7515', '41ef03eb-f10e-4dbf-b582-ee8adc1a1f70', 'RRHH'); 
INSERT INTO department(departmentID, enterpriseIDFK, title) values('3f2650b8-bbdb-427d-8546-937dc953b989', '984db732-0f2c-42ba-a2ea-01e5f6ce254d', 'Legal'); 

INSERT INTO user(userID, curp, rfc, birthName, surname, mail, passwd, passwdFlag, zipCode, houseNumber, streetName, colony, workModality, workStatus, userRoleIDFK, countryUserIDFK) VALUES('de779dea-0c31-4972-8dc4-f3699a045adf', 'MOTF4524MBSYVN16', 'MOTF4524MBI7', 'Francisco', 'Moreno Torres', 'jemjmwaolsbk@yahoo.com', 'ylbxundajbyf', FALSE, 38633, '216.B', 'Calle del Sol', 'Colonia Lomas de Querétaro', 1, TRUE, 'daea6f39-5ae5-4890-89f8-7bca9ce73478', '3f57ace1-4c1b-4c39-8681-c2d76bc3dbac');
INSERT INTO user(userID, curp, rfc, birthName, surname, mail, passwd, passwdFlag, zipCode, houseNumber, streetName, colony, workModality, workStatus, userRoleIDFK, countryUserIDFK) VALUES('1bcc9557-6fef-476b-a80e-871d6112fc83', 'JIFC0116MMCEEF14', 'JIFC0116MMG5', 'Carlos', 'Jiménez Fernández', 'ylwyyqh@yahoo.com', 'gikgqnrvsspr', FALSE, 88538, '411.C', 'Calle de los Naranjos', 'Colonia El Laurel', 1, TRUE, 'b5c638e3-5f70-456f-b664-50eb81a36c6a', '325767b8-5f22-4e21-aa25-e9c1399b4d13');
INSERT INTO user(userID, curp, rfc, birthName, surname, mail, passwd, passwdFlag, zipCode, houseNumber, streetName, colony, workModality, workStatus, userRoleIDFK, countryUserIDFK) VALUES('faac50c0-0c04-4f37-8715-5c44a977a096', 'GORR4314MSRBXO56', 'GORR4314MSD0', 'Raquel', 'González Rodríguez', 'pvgewcchpegj@gmail.com', 'jhqusifexcloy', TRUE, 89495, '239.A', 'Avenida de la Libertad', 'Colonia El Campanario', 1, TRUE, 'dc4b22ef-8608-4a25-82c8-47c8d714b28c', '4169bca0-8b9a-4275-bfab-36f847830bcc');
INSERT INTO user(userID, curp, rfc, birthName, surname, mail, passwd, passwdFlag, zipCode, houseNumber, streetName, colony, workModality, workStatus, userRoleIDFK, countryUserIDFK) VALUES('110710d2-f1db-43fc-a53e-2dac515886e2', 'MAJB2327HNTSKX69', 'MAJB2327HNR4', 'Beatriz', 'Martínez Jiménez', 'fubvvxrrms@outlook.com', 'yglicyjfru', TRUE, 36569, '888.C', 'Calle de la Esperanza', 'Colonia San José', 2, FALSE, 'dc4b22ef-8608-4a25-82c8-47c8d714b28c', '85bc4cdf-a1f4-4feb-adea-b589d1ea0104');
INSERT INTO user(userID, curp, rfc, birthName, surname, mail, passwd, passwdFlag, zipCode, houseNumber, streetName, colony, workModality, workStatus, userRoleIDFK, countryUserIDFK) VALUES('2af30ea5-3cfa-42d2-88d9-5a3def33d40b', 'HEHA069MPLPEY89', 'HEHA069MPLE8', 'Ana', 'Hernández Hernández', 'aybsvstqeot@gmail.com', 'yvloxqxuie', TRUE, 44155, '63.A', 'Avenida Constituyentes', 'Colonia El Mirador', 0, FALSE, 'b5c638e3-5f70-456f-b664-50eb81a36c6a', '3f57ace1-4c1b-4c39-8681-c2d76bc3dbac');
INSERT INTO user(userID, curp, rfc, birthName, surname, mail, passwd, passwdFlag, zipCode, houseNumber, streetName, colony, workModality, workStatus, userRoleIDFK, countryUserIDFK) VALUES('491212f0-fcc7-4924-8a1c-a554d1c85cfd', 'MARA4929MQTRHI23', 'MARA4929MQO9', 'Adrián', 'Martínez Ruiz', 'qguyyfvjtw@gmail.com', 'qqsmmxakr', TRUE, 17269, '510.C', 'Avenida de la Independencia', 'Colonia Jardines de Querétaro', 2, FALSE, 'dc4b22ef-8608-4a25-82c8-47c8d714b28c', '3f57ace1-4c1b-4c39-8681-c2d76bc3dbac');
INSERT INTO user(userID, curp, rfc, birthName, surname, mail, passwd, passwdFlag, zipCode, houseNumber, streetName, colony, workModality, workStatus, userRoleIDFK, countryUserIDFK) VALUES('b728d98c-69f9-4372-b6d6-bcbbf084c43c', 'TOFJ3119MCMQNV86', 'TOFJ3119MCK0', 'Juan', 'Torres Fernández', 'xkstrackt@nuclea.solutions', 'avgsbwng', FALSE, 59449, '349.A', 'Avenida Constituyentes', 'Colonia Los Ángeles', 2, FALSE, 'daea6f39-5ae5-4890-89f8-7bca9ce73478', '85bc4cdf-a1f4-4feb-adea-b589d1ea0104');
INSERT INTO user(userID, curp, rfc, birthName, surname, mail, passwd, passwdFlag, zipCode, houseNumber, streetName, colony, workModality, workStatus, userRoleIDFK, countryUserIDFK) VALUES('b5863635-6fc2-45dd-9252-2722f016202b', 'HEFJ085HQTMQJ42', 'HEFJ085HQTQ8', 'Javier', 'Hernández Fernández', 'klekwlrf@gmail.com', 'qtwppxkxubx', FALSE, 77628, '914.A', 'Calle Vicente Guerrero', 'Colonia Los Ángeles', 2, FALSE, 'dc4b22ef-8608-4a25-82c8-47c8d714b28c', '3f57ace1-4c1b-4c39-8681-c2d76bc3dbac');
INSERT INTO user(userID, curp, rfc, birthName, surname, mail, passwd, passwdFlag, zipCode, houseNumber, streetName, colony, workModality, workStatus, userRoleIDFK, countryUserIDFK) VALUES('1be87837-4594-4e4a-84f9-1869c2fdef9e', 'ROMM3210HSLJKD17', 'ROMM3210HSU7', 'María', 'Rodríguez Moreno', 'ivgtvashx@outlook.com', 'fcsytaexnvclf', FALSE, 76209, '226.C', 'Calle 5 de Febrero', 'Colonia Jardines de Querétaro', 0, FALSE, 'daea6f39-5ae5-4890-89f8-7bca9ce73478', '325767b8-5f22-4e21-aa25-e9c1399b4d13');
INSERT INTO user(userID, curp, rfc, birthName, surname, mail, passwd, passwdFlag, zipCode, houseNumber, streetName, colony, workModality, workStatus, userRoleIDFK, countryUserIDFK) VALUES('2596033d-db5d-4e59-9709-46b966d9d38c', 'TORR1926HMSTGS66', 'TORR1926HMX6', 'Rafael', 'Torres Ruiz', 'nwbyxlsdim@yahoo.com', 'pjlgposvkof', TRUE, 90023, '448.C', 'Calle del Carmen', 'Colonia Morelos', 2, TRUE, 'daea6f39-5ae5-4890-89f8-7bca9ce73478', '85bc4cdf-a1f4-4feb-adea-b589d1ea0104');
INSERT INTO user(userID, curp, rfc, birthName, surname, mail, passwd, passwdFlag, zipCode, houseNumber, streetName, colony, workModality, workStatus, userRoleIDFK, countryUserIDFK) VALUES('6caaf8e4-c733-4035-861e-2c49bba1f0b7', 'MOHD3616HYNUBK66', 'MOHD3616HYS1', 'David', 'Moreno Hernández', 'tisdfjfk@yahoo.com', 'perkxdvxaykt', TRUE, 51596, '954.C', 'Calle del Sol', 'Colonia Centro', 0, TRUE, 'dc4b22ef-8608-4a25-82c8-47c8d714b28c', '85bc4cdf-a1f4-4feb-adea-b589d1ea0104');
INSERT INTO user(userID, curp, rfc, birthName, surname, mail, passwd, passwdFlag, zipCode, houseNumber, streetName, colony, workModality, workStatus, userRoleIDFK, countryUserIDFK) VALUES('6ffc6e25-81d9-4248-a5d9-42e248ed9bb5', 'GOTP2023MTCFHT30', 'GOTP2023MTP0', 'Patricia', 'González Torres', 'pokhvsd@outlook.com', 'agdmodjfiq', FALSE, 58519, '107.A', 'Avenida Constituyentes', 'Colonia El Campanario', 0, TRUE, 'daea6f39-5ae5-4890-89f8-7bca9ce73478', '4169bca0-8b9a-4275-bfab-36f847830bcc');
INSERT INTO user(userID, curp, rfc, birthName, surname, mail, passwd, passwdFlag, zipCode, houseNumber, streetName, colony, workModality, workStatus, userRoleIDFK, countryUserIDFK) VALUES('b7db9cd3-4a88-4566-8a5f-52406ded84f7', 'MOFA4128HDGBOS16', 'MOFA4128HDD1', 'Adrián', 'Moreno Fernández', 'vhwnrdy@outlook.com', 'btmfduslxhe', FALSE, 57537, '412.B', 'Calle Juárez', 'Colonia Morelos', 1, TRUE, 'dc4b22ef-8608-4a25-82c8-47c8d714b28c', '3f57ace1-4c1b-4c39-8681-c2d76bc3dbac');
INSERT INTO user(userID, curp, rfc, birthName, surname, mail, passwd, passwdFlag, zipCode, houseNumber, streetName, colony, workModality, workStatus, userRoleIDFK, countryUserIDFK) VALUES('2d834ad5-c46d-4765-a27a-7245f0773efe', 'RORA41119MGTDXQ42', 'RORA41119MI4', 'Adrián', 'Rodríguez Rodríguez', 'oimniplbb@yahoo.com', 'kqhrbif', FALSE, 19189, '3.A', 'Calle de la Paz', 'Colonia Emiliano Zapata', 0, FALSE, 'daea6f39-5ae5-4890-89f8-7bca9ce73478', '325767b8-5f22-4e21-aa25-e9c1399b4d13');
INSERT INTO user(userID, curp, rfc, birthName, surname, mail, passwd, passwdFlag, zipCode, houseNumber, streetName, colony, workModality, workStatus, userRoleIDFK, countryUserIDFK) VALUES('f8b4fee9-32a5-41ee-8ba6-4c6daa0c00c7', 'JIGA016HQRFDA22', 'JIGA016HQRY3', 'Adrián', 'Jiménez González', 'dkvtedwls@nuclea.solutions', 'kquwbryucqv', TRUE, 15854, '311.A', 'Avenida de la Constitución', 'Colonia El Campanario', 0, FALSE, 'daea6f39-5ae5-4890-89f8-7bca9ce73478', '85bc4cdf-a1f4-4feb-adea-b589d1ea0104');
INSERT INTO user(userID, curp, rfc, birthName, surname, mail, passwd, passwdFlag, zipCode, houseNumber, streetName, colony, workModality, workStatus, userRoleIDFK, countryUserIDFK) VALUES('aa0f1fa9-9d4b-49f2-a132-d09ae0ad03ee', 'TORL327HQRJGK61', 'TORL327HQRW8', 'Lucía', 'Torres Rodríguez', 'ubfmssawv@nuclea.solutions', 'iqrtujcsio', TRUE, 76668, '849.B', 'Calle de la Reforma', 'Colonia Morelos', 1, FALSE, 'daea6f39-5ae5-4890-89f8-7bca9ce73478', '85bc4cdf-a1f4-4feb-adea-b589d1ea0104');
INSERT INTO user(userID, curp, rfc, birthName, surname, mail, passwd, passwdFlag, zipCode, houseNumber, streetName, colony, workModality, workStatus, userRoleIDFK, countryUserIDFK) VALUES('212ca658-1721-4bfc-9ce6-de2af7c0906f', 'HERJ1628HASYSQ97', 'HERJ1628HAU1', 'Javier', 'Hernández Rodríguez', 'fviduoxovirr@gmail.com', 'ypekuateerg', TRUE, 72327, '721.C', 'Calle de los Abetos', 'Colonia Valle Verde', 2, FALSE, 'dc4b22ef-8608-4a25-82c8-47c8d714b28c', '3f57ace1-4c1b-4c39-8681-c2d76bc3dbac');
INSERT INTO user(userID, curp, rfc, birthName, surname, mail, passwd, passwdFlag, zipCode, houseNumber, streetName, colony, workModality, workStatus, userRoleIDFK, countryUserIDFK) VALUES('c8d8c836-b69d-42bf-a98e-58a42c6a4548', 'JIRJ000HQRRCJ48', 'JIRJ000HQRQ7', 'José', 'Jiménez Rodríguez', 'ucyfvtifklk@outlook.com', 'cbxnimk', FALSE, 87484, '11.C', 'Avenida de la Libertad', 'Colonia del Sol', 2, TRUE, 'dc4b22ef-8608-4a25-82c8-47c8d714b28c', '3f57ace1-4c1b-4c39-8681-c2d76bc3dbac');
INSERT INTO user(userID, curp, rfc, birthName, surname, mail, passwd, passwdFlag, zipCode, houseNumber, streetName, colony, workModality, workStatus, userRoleIDFK, countryUserIDFK) VALUES('931ed2c0-1052-46f9-9bf1-fbfd0d41f61f', 'FEHM2914HNTGPX82', 'FEHM2914HNI7', 'María', 'Fernández Hernández', 'dnpboompuos@gmail.com', 'tolqegsd', FALSE, 52368, '91.C', 'Avenida de los Insurgentes', 'Colonia La Pradera', 1, FALSE, 'daea6f39-5ae5-4890-89f8-7bca9ce73478', '85bc4cdf-a1f4-4feb-adea-b589d1ea0104');
INSERT INTO user(userID, curp, rfc, birthName, surname, mail, passwd, passwdFlag, zipCode, houseNumber, streetName, colony, workModality, workStatus, userRoleIDFK, countryUserIDFK) VALUES('eecf45c1-a226-46d1-871f-faaf8c260266', 'JITC4327MJCHJD19', 'JITC4327MJE8', 'Carlos', 'Jiménez Torres', 'kcmcpjcgvcys@nuclea.solutions', 'ccdmielb', TRUE, 23235, '578.C', 'Calle de los Cedros', 'Colonia Santa Fe', 0, TRUE, 'daea6f39-5ae5-4890-89f8-7bca9ce73478', '3f57ace1-4c1b-4c39-8681-c2d76bc3dbac');
INSERT INTO user(userID, curp, rfc, birthName, surname, mail, passwd, passwdFlag, zipCode, houseNumber, streetName, colony, workModality, workStatus, userRoleIDFK, countryUserIDFK) VALUES('f03f6ec3-f90e-44f3-87ea-0af9f98defd7', 'MAJE2429MOCTSO18', 'MAJE2429MOI1', 'Enrique', 'Martínez Jiménez', 'rqrbudtrh@outlook.com', 'ovigfuksskjo', FALSE, 90483, '143.A', 'Calle de la Corregidora', 'Colonia Santa Fe', 2, FALSE, 'dc4b22ef-8608-4a25-82c8-47c8d714b28c', '3f57ace1-4c1b-4c39-8681-c2d76bc3dbac');
INSERT INTO user(userID, curp, rfc, birthName, surname, mail, passwd, passwdFlag, zipCode, houseNumber, streetName, colony, workModality, workStatus, userRoleIDFK, countryUserIDFK) VALUES('48193c75-159b-40e9-8864-9a7311480c54', 'JIME441MCLOWK18', 'JIME441MCLM8', 'Enrique', 'Jiménez Martínez', 'fvbstxatcpe@nuclea.solutions', 'leidwioq', TRUE, 26767, '597.A', 'Avenida de la Libertad', 'Colonia del Sol', 1, FALSE, 'dc4b22ef-8608-4a25-82c8-47c8d714b28c', '85bc4cdf-a1f4-4feb-adea-b589d1ea0104');
INSERT INTO user(userID, curp, rfc, birthName, surname, mail, passwd, passwdFlag, zipCode, houseNumber, streetName, colony, workModality, workStatus, userRoleIDFK, countryUserIDFK) VALUES('ef313dff-8525-49bc-b8fb-2ce8cf9f815e', 'JIMI348HSLUXL17', 'JIMI348HSLA1', 'Isabel', 'Jiménez Martínez', 'kppslchoijb@nuclea.solutions', 'qjcrqhj', FALSE, 15210, '270.B', 'Calle de la Paz', 'Colonia El Cerrito', 2, TRUE, 'b5c638e3-5f70-456f-b664-50eb81a36c6a', '3f57ace1-4c1b-4c39-8681-c2d76bc3dbac');
INSERT INTO user(userID, curp, rfc, birthName, surname, mail, passwd, passwdFlag, zipCode, houseNumber, streetName, colony, workModality, workStatus, userRoleIDFK, countryUserIDFK) VALUES('1a84076f-2917-436d-a715-c35d56b350cf', 'JIFJ11113HBCPTJ53', 'JIFJ11113HB6', 'Juan', 'Jiménez Fernández', 'rffjfjip@outlook.com', 'jvkitnka', FALSE, 66576, '598.B', 'Avenida de los Insurgentes', 'Colonia El Mirador', 0, TRUE, 'daea6f39-5ae5-4890-89f8-7bca9ce73478', '325767b8-5f22-4e21-aa25-e9c1399b4d13');
INSERT INTO user(userID, curp, rfc, birthName, surname, mail, passwd, passwdFlag, zipCode, houseNumber, streetName, colony, workModality, workStatus, userRoleIDFK, countryUserIDFK) VALUES('37498b0d-c263-42dd-b9ef-c0eb65dcb9b0', 'FERR3110HMSUUP58', 'FERR3110HMP9', 'Roberto', 'Fernández Rodríguez', 'epbubwjbfmkn@outlook.com', 'hylhywliti', FALSE, 95689, '681.A', 'Calle Allende', 'Colonia Centro', 2, TRUE, 'daea6f39-5ae5-4890-89f8-7bca9ce73478', '4169bca0-8b9a-4275-bfab-36f847830bcc');
INSERT INTO user(userID, curp, rfc, birthName, surname, mail, passwd, passwdFlag, zipCode, houseNumber, streetName, colony, workModality, workStatus, userRoleIDFK, countryUserIDFK) VALUES('f32ae391-9401-4467-89f6-335cff662d6b', 'JIFL1619HBCFMB67', 'JIFL1619HBQ0', 'Laura', 'Jiménez Fernández', 'sfhrjgh@nuclea.solutions', 'ljydttcqbqubj', FALSE, 48394, '707.C', 'Calle de los Abetos', 'Colonia Los Ángeles', 2, TRUE, 'dc4b22ef-8608-4a25-82c8-47c8d714b28c', '325767b8-5f22-4e21-aa25-e9c1399b4d13');
INSERT INTO user(userID, curp, rfc, birthName, surname, mail, passwd, passwdFlag, zipCode, houseNumber, streetName, colony, workModality, workStatus, userRoleIDFK, countryUserIDFK) VALUES('6e9c6112-b0e1-4070-b299-6a119b841bc7', 'MAGA254MSLQJT10', 'MAGA254MSLM4', 'Alberto', 'Martínez González', 'oyrxtyui@gmail.com', 'jixcwidecngfe', FALSE, 40643, '263.B', 'Calle de la Reforma', 'Colonia Lomas de Querétaro', 0, TRUE, 'b5c638e3-5f70-456f-b664-50eb81a36c6a', '4169bca0-8b9a-4275-bfab-36f847830bcc');
INSERT INTO user(userID, curp, rfc, birthName, surname, mail, passwd, passwdFlag, zipCode, houseNumber, streetName, colony, workModality, workStatus, userRoleIDFK, countryUserIDFK) VALUES('3f596b36-07de-4e50-9461-60062b6bd07f', 'JIMC4219MOCKGM20', 'JIMC4219MOG5', 'Carlos', 'Jiménez Moreno', 'vrgkqeck@outlook.com', 'qxdbfdbords', FALSE, 48642, '578.B', 'Avenida de la Solidaridad', 'Colonia Reforma', 2, TRUE, 'dc4b22ef-8608-4a25-82c8-47c8d714b28c', '3f57ace1-4c1b-4c39-8681-c2d76bc3dbac');
INSERT INTO user(userID, curp, rfc, birthName, surname, mail, passwd, passwdFlag, zipCode, houseNumber, streetName, colony, workModality, workStatus, userRoleIDFK, countryUserIDFK) VALUES('8d4415ec-7267-405b-8317-9bfe5015ee6f', 'FEJR1228MCMUAY73', 'FEJR1228MCG4', 'Raquel', 'Fernández Jiménez', 'eivxnjmmm@yahoo.com', 'sppruifgfh', FALSE, 87666, '874.C', 'Calle de la Santa Cruz', 'Colonia El Campanario', 2, TRUE, 'daea6f39-5ae5-4890-89f8-7bca9ce73478', '3f57ace1-4c1b-4c39-8681-c2d76bc3dbac');
INSERT INTO user(userID, curp, rfc, birthName, surname, mail, passwd, passwdFlag, zipCode, houseNumber, streetName, colony, workModality, workStatus, userRoleIDFK, countryUserIDFK) VALUES('64bdab6f-7496-4ac2-8f1c-9362d4a94068', 'JIJM4918MSRMWE93', 'JIJM4918MSJ8', 'María', 'Jiménez Jiménez', 'lxgdhbp@yahoo.com', 'witxuuxwdjlc', FALSE, 73003, '748.B', 'Calle de los Cedros', 'Colonia Valle Verde', 0, FALSE, 'daea6f39-5ae5-4890-89f8-7bca9ce73478', '4169bca0-8b9a-4275-bfab-36f847830bcc');
INSERT INTO user(userID, curp, rfc, birthName, surname, mail, passwd, passwdFlag, zipCode, houseNumber, streetName, colony, workModality, workStatus, userRoleIDFK, countryUserIDFK) VALUES('8e733f17-b57f-4e13-9228-46ce22e1c599', 'MORE289MCSVRM15', 'MORE289MCSI9', 'Elena', 'Moreno Rodríguez', 'wnmvhbd@nuclea.solutions', 'uyeemlpsa', TRUE, 75619, '833.A', 'Calle Vicente Guerrero', 'Colonia El Campanario', 2, TRUE, 'daea6f39-5ae5-4890-89f8-7bca9ce73478', '325767b8-5f22-4e21-aa25-e9c1399b4d13');
INSERT INTO user(userID, curp, rfc, birthName, surname, mail, passwd, passwdFlag, zipCode, houseNumber, streetName, colony, workModality, workStatus, userRoleIDFK, countryUserIDFK) VALUES('4fc1e8bf-b378-482e-8a92-0aaf5b06d794', 'RORM2826HNTWJM33', 'RORM2826HNG2', 'María', 'Rodríguez Ruiz', 'tkraked@outlook.com', 'qsumaexvktut', TRUE, 42608, '416.B', 'Calle Juárez', 'Colonia La Pradera', 2, FALSE, 'b5c638e3-5f70-456f-b664-50eb81a36c6a', '3f57ace1-4c1b-4c39-8681-c2d76bc3dbac');
INSERT INTO user(userID, curp, rfc, birthName, surname, mail, passwd, passwdFlag, zipCode, houseNumber, streetName, colony, workModality, workStatus, userRoleIDFK, countryUserIDFK) VALUES('54d6c700-2854-4f6f-9cdc-f881663c1ea2', 'HEMF3622HNTIVH48', 'HEMF3622HNP3', 'Francisco', 'Hernández Martínez', 'rhvetjtlqay@gmail.com', 'jnngaacxfuk', FALSE, 51206, '178.C', 'Calle Juárez', 'Colonia San Francisco', 1, FALSE, 'b5c638e3-5f70-456f-b664-50eb81a36c6a', '325767b8-5f22-4e21-aa25-e9c1399b4d13');
INSERT INTO user(userID, curp, rfc, birthName, surname, mail, passwd, passwdFlag, zipCode, houseNumber, streetName, colony, workModality, workStatus, userRoleIDFK, countryUserIDFK) VALUES('7e8fa04e-7bda-4904-a318-ca3ae27f34cf', 'GOJR2727HQTXJY33', 'GOJR2727HQA9', 'Raquel', 'González Jiménez', 'pbnqlxiqeusra@nuclea.solutions', 'ekuijnjswjcxa', TRUE, 18231, '575.B', 'Calle Vicente Guerrero', 'Colonia Santa Fe', 0, FALSE, 'b5c638e3-5f70-456f-b664-50eb81a36c6a', '85bc4cdf-a1f4-4feb-adea-b589d1ea0104');
INSERT INTO user(userID, curp, rfc, birthName, surname, mail, passwd, passwdFlag, zipCode, houseNumber, streetName, colony, workModality, workStatus, userRoleIDFK, countryUserIDFK) VALUES('214c58cd-ed6f-48c3-960b-6a447a402a9d', 'TOJL203MYNJYL79', 'TOJL203MYNV7', 'Laura', 'Torres Jiménez', 'feyyfxk@yahoo.com', 'mpdgpqkiilt', FALSE, 70283, '543.B', 'Avenida de la Juventud', 'Colonia Emiliano Zapata', 1, TRUE, 'daea6f39-5ae5-4890-89f8-7bca9ce73478', '85bc4cdf-a1f4-4feb-adea-b589d1ea0104');
INSERT INTO user(userID, curp, rfc, birthName, surname, mail, passwd, passwdFlag, zipCode, houseNumber, streetName, colony, workModality, workStatus, userRoleIDFK, countryUserIDFK) VALUES('d65497d4-0daf-4472-bbc1-2fc8dcfd97c7', 'TOMF005HTLKCP61', 'TOMF005HTLT0', 'Fernando', 'Torres Martínez', 'msrebuuxsjevt@outlook.com', 'emvgledxwe', TRUE, 20334, '556.A', 'Avenida de la Libertad', 'Colonia del Sol', 1, TRUE, 'b5c638e3-5f70-456f-b664-50eb81a36c6a', '3f57ace1-4c1b-4c39-8681-c2d76bc3dbac');
INSERT INTO user(userID, curp, rfc, birthName, surname, mail, passwd, passwdFlag, zipCode, houseNumber, streetName, colony, workModality, workStatus, userRoleIDFK, countryUserIDFK) VALUES('5a0d829d-4c6b-46c7-8570-129324645ee9', 'FEGC01020MCMCPR94', 'FEGC01020ME0', 'Carlos', 'Fernández González', 'eumsigmwhg@gmail.com', 'tsfufrvkm', TRUE, 24745, '370.A', 'Calle de la Esperanza', 'Colonia El Campanario', 1, FALSE, 'dc4b22ef-8608-4a25-82c8-47c8d714b28c', '3f57ace1-4c1b-4c39-8681-c2d76bc3dbac');
INSERT INTO user(userID, curp, rfc, birthName, surname, mail, passwd, passwdFlag, zipCode, houseNumber, streetName, colony, workModality, workStatus, userRoleIDFK, countryUserIDFK) VALUES('5c924633-d7c5-4f41-9631-e611677f9b27', 'JITI31011MHGTLJ95', 'JITI31011MQ7', 'Isabel', 'Jiménez Torres', 'dlawimixpdbhn@nuclea.solutions', 'lfamnehcqos', TRUE, 56341, '328.B', 'Calle de la Merced', 'Colonia Centro', 2, FALSE, 'dc4b22ef-8608-4a25-82c8-47c8d714b28c', '3f57ace1-4c1b-4c39-8681-c2d76bc3dbac');
INSERT INTO user(userID, curp, rfc, birthName, surname, mail, passwd, passwdFlag, zipCode, houseNumber, streetName, colony, workModality, workStatus, userRoleIDFK, countryUserIDFK) VALUES('1638d6e6-09ff-4bfe-b325-23d7ed70f9f7', 'FEFR2413MMNUHV77', 'FEFR2413MMO4', 'Raquel', 'Fernández Fernández', 'botovjvpdkl@nuclea.solutions', 'eqqiqalauaiit', FALSE, 54753, '329.B', 'Avenida de la Libertad', 'Colonia Reforma', 2, TRUE, 'b5c638e3-5f70-456f-b664-50eb81a36c6a', '85bc4cdf-a1f4-4feb-adea-b589d1ea0104');
INSERT INTO user(userID, curp, rfc, birthName, surname, mail, passwd, passwdFlag, zipCode, houseNumber, streetName, colony, workModality, workStatus, userRoleIDFK, countryUserIDFK) VALUES('337388c5-3edf-4703-ad57-03c75445a7ee', 'MAFS3625HBCRMO14', 'MAFS3625HBL1', 'Susana', 'Martínez Fernández', 'ougpbgp@gmail.com', 'ocekknrroa', FALSE, 49188, '754.B', 'Calle de la Virgen', 'Colonia Santa Rosa', 0, FALSE, 'daea6f39-5ae5-4890-89f8-7bca9ce73478', '4169bca0-8b9a-4275-bfab-36f847830bcc');
INSERT INTO user(userID, curp, rfc, birthName, surname, mail, passwd, passwdFlag, zipCode, houseNumber, streetName, colony, workModality, workStatus, userRoleIDFK, countryUserIDFK) VALUES('7b5df169-5531-49ce-887c-15646d4e994a', 'MOJA4322HCMMLD99', 'MOJA4322HCD6', 'Alberto', 'Moreno Jiménez', 'ysncgyymx@yahoo.com', 'immrmswspehb', FALSE, 80462, '351.B', 'Calle 5 de Febrero', 'Colonia Morelos', 2, TRUE, 'daea6f39-5ae5-4890-89f8-7bca9ce73478', '325767b8-5f22-4e21-aa25-e9c1399b4d13');
INSERT INTO user(userID, curp, rfc, birthName, surname, mail, passwd, passwdFlag, zipCode, houseNumber, streetName, colony, workModality, workStatus, userRoleIDFK, countryUserIDFK) VALUES('d115bb51-4a71-443a-8cc5-2982927dc79c', 'FERB11114MSLBFF72', 'FERB11114MF7', 'Beatriz', 'Fernández Ruiz', 'sjqowxwuajuor@yahoo.com', 'ciouyvdrjklm', FALSE, 93041, '894.C', 'Calle Corregidora', 'Colonia Nuevo Milenio', 0, FALSE, 'dc4b22ef-8608-4a25-82c8-47c8d714b28c', '4169bca0-8b9a-4275-bfab-36f847830bcc');
INSERT INTO user(userID, curp, rfc, birthName, surname, mail, passwd, passwdFlag, zipCode, houseNumber, streetName, colony, workModality, workStatus, userRoleIDFK, countryUserIDFK) VALUES('cef3c5a5-f05f-442d-925e-4049367a0638', 'ROGJ393HVZXON42', 'ROGJ393HVZJ2', 'Juan', 'Rodríguez González', 'xnfvjcomm@gmail.com', 'exkuytiwefpev', TRUE, 76477, '453.A', 'Calle Vicente Guerrero', 'Colonia San José', 0, TRUE, 'daea6f39-5ae5-4890-89f8-7bca9ce73478', '85bc4cdf-a1f4-4feb-adea-b589d1ea0104');
INSERT INTO user(userID, curp, rfc, birthName, surname, mail, passwd, passwdFlag, zipCode, houseNumber, streetName, colony, workModality, workStatus, userRoleIDFK, countryUserIDFK) VALUES('bfca669c-8494-4fb7-88fa-ecc21f3f1770', 'RUMF2428HCSBIK26', 'RUMF2428HCA9', 'Francisco', 'Ruiz Moreno', 'exvalwixkopjq@yahoo.com', 'xcpxcek', TRUE, 72105, '474.A', 'Calle Vicente Guerrero', 'Colonia Morelos', 0, FALSE, 'dc4b22ef-8608-4a25-82c8-47c8d714b28c', '3f57ace1-4c1b-4c39-8681-c2d76bc3dbac');
INSERT INTO user(userID, curp, rfc, birthName, surname, mail, passwd, passwdFlag, zipCode, houseNumber, streetName, colony, workModality, workStatus, userRoleIDFK, countryUserIDFK) VALUES('c238cbd0-f62f-457b-8e47-c30b3923f948', 'HEGA0426MQTAWF86', 'HEGA0426MQE9', 'Alberto', 'Hernández González', 'unulqtt@gmail.com', 'jbeqrnwu', FALSE, 35234, '368.A', 'Calle Vicente Guerrero', 'Colonia Las Águilas', 1, FALSE, 'b5c638e3-5f70-456f-b664-50eb81a36c6a', '85bc4cdf-a1f4-4feb-adea-b589d1ea0104');
INSERT INTO user(userID, curp, rfc, birthName, surname, mail, passwd, passwdFlag, zipCode, houseNumber, streetName, colony, workModality, workStatus, userRoleIDFK, countryUserIDFK) VALUES('983da3e6-97a3-4095-8331-41cf5b1253bc', 'MARJ3220HVZCBN50', 'MARJ3220HVH7', 'José', 'Martínez Ruiz', 'jrhcrkpbauhm@yahoo.com', 'xpunkrbwkcfrv', FALSE, 96498, '73.C', 'Avenida de los Arcos', 'Colonia Emiliano Zapata', 1, FALSE, 'b5c638e3-5f70-456f-b664-50eb81a36c6a', '85bc4cdf-a1f4-4feb-adea-b589d1ea0104');
INSERT INTO user(userID, curp, rfc, birthName, surname, mail, passwd, passwdFlag, zipCode, houseNumber, streetName, colony, workModality, workStatus, userRoleIDFK, countryUserIDFK) VALUES('43c636b5-4393-4401-8d7d-517048727c55', 'JIHM0212HTLTYH52', 'JIHM0212HTW2', 'Mercedes', 'Jiménez Hernández', 'ppvwbgahpl@yahoo.com', 'rghcivq', FALSE, 11390, '424.C', 'Calle de la Reforma', 'Colonia El Campanario', 2, FALSE, 'dc4b22ef-8608-4a25-82c8-47c8d714b28c', '3f57ace1-4c1b-4c39-8681-c2d76bc3dbac');
INSERT INTO user(userID, curp, rfc, birthName, surname, mail, passwd, passwdFlag, zipCode, houseNumber, streetName, colony, workModality, workStatus, userRoleIDFK, countryUserIDFK) VALUES('21b74261-99b3-43ec-adf7-bb7b24eb145a', 'HEGF0527MGTGRW60', 'HEGF0527MGB8', 'Francisco', 'Hernández González', 'cyetvmrf@nuclea.solutions', 'hbuofft', TRUE, 99316, '838.B', 'Calle Corregidora', 'Colonia Los Ángeles', 2, FALSE, 'daea6f39-5ae5-4890-89f8-7bca9ce73478', '325767b8-5f22-4e21-aa25-e9c1399b4d13');
INSERT INTO user(userID, curp, rfc, birthName, surname, mail, passwd, passwdFlag, zipCode, houseNumber, streetName, colony, workModality, workStatus, userRoleIDFK, countryUserIDFK) VALUES('a4b51863-5042-47ee-9934-6f85fa1268eb', 'TORI4104MQTNFN30', 'TORI4104MQJ1', 'Isabel', 'Torres Rodríguez', 'vkylpvhfm@outlook.com', 'bimfeihmxnapt', TRUE, 52271, '923.C', 'Calle del Sol', 'Colonia El Laurel', 0, TRUE, 'b5c638e3-5f70-456f-b664-50eb81a36c6a', '325767b8-5f22-4e21-aa25-e9c1399b4d13');
INSERT INTO user(userID, curp, rfc, birthName, surname, mail, passwd, passwdFlag, zipCode, houseNumber, streetName, colony, workModality, workStatus, userRoleIDFK, countryUserIDFK) VALUES('55b0d0d8-fccb-4fb7-8b40-8533dd75ff39', 'ROTP1918HCMRVP54', 'ROTP1918HCC0', 'Pedro', 'Rodríguez Torres', 'tqosisd@yahoo.com', 'nwkuiwxfk', TRUE, 27552, '996.B', 'Avenida de la Constitución', 'Colonia El Cerrito', 2, TRUE, 'b5c638e3-5f70-456f-b664-50eb81a36c6a', '4169bca0-8b9a-4275-bfab-36f847830bcc');
INSERT INTO user(userID, curp, rfc, birthName, surname, mail, passwd, passwdFlag, zipCode, houseNumber, streetName, colony, workModality, workStatus, userRoleIDFK, countryUserIDFK) VALUES('f2abc43c-e1db-4840-bce1-a915313d6968', 'MAHA4927MMSOHR22', 'MAHA4927MMP7', 'Antonio', 'Martínez Hernández', 'nvbykonakhyg@outlook.com', 'fbgokikov', FALSE, 65194, '848.A', 'Calle de la Corregidora', 'Colonia Valle Verde', 1, TRUE, 'b5c638e3-5f70-456f-b664-50eb81a36c6a', '85bc4cdf-a1f4-4feb-adea-b589d1ea0104');
INSERT INTO user(userID, curp, rfc, birthName, surname, mail, passwd, passwdFlag, zipCode, houseNumber, streetName, colony, workModality, workStatus, userRoleIDFK, countryUserIDFK) VALUES('cb1061de-8e80-4915-aa49-fbbd62fb52c8', 'TOGL401HQRKGR44', 'TOGL401HQRD2', 'Lucía', 'Torres González', 'benbdiya@outlook.com', 'ochodjyrymtxy', FALSE, 68387, '158.B', 'Calle de la Luna', 'Colonia El Laurel', 1, TRUE, 'daea6f39-5ae5-4890-89f8-7bca9ce73478', '325767b8-5f22-4e21-aa25-e9c1399b4d13');
INSERT INTO user(userID, curp, rfc, birthName, surname, mail, passwd, passwdFlag, zipCode, houseNumber, streetName, colony, workModality, workStatus, userRoleIDFK, countryUserIDFK) VALUES('427f2ea8-76cf-4068-8300-1fa9f10eedde', 'GOMM406MTCAUT57', 'GOMM406MTCW9', 'Mercedes', 'González Martínez', 'ykhhskle@yahoo.com', 'wbdgryuvy', TRUE, 92114, '882.B', 'Calle de los Cedros', 'Colonia Santa Fe', 0, FALSE, 'b5c638e3-5f70-456f-b664-50eb81a36c6a', '325767b8-5f22-4e21-aa25-e9c1399b4d13');
INSERT INTO user(userID, curp, rfc, birthName, surname, mail, passwd, passwdFlag, zipCode, houseNumber, streetName, colony, workModality, workStatus, userRoleIDFK, countryUserIDFK) VALUES('ee359106-3edc-4738-b675-10d39415181e', 'MAJF3624MBSNDC39', 'MAJF3624MBU8', 'Fernando', 'Martínez Jiménez', 'snorocwrpicd@nuclea.solutions', 'rrbtktm', TRUE, 33963, '622.B', 'Calle de los Naranjos', 'Colonia El Cerrito', 0, TRUE, 'daea6f39-5ae5-4890-89f8-7bca9ce73478', '325767b8-5f22-4e21-aa25-e9c1399b4d13');
INSERT INTO user(userID, curp, rfc, birthName, surname, mail, passwd, passwdFlag, zipCode, houseNumber, streetName, colony, workModality, workStatus, userRoleIDFK, countryUserIDFK) VALUES('c2c0f571-a3a3-48a5-9684-00bc4a38932c', 'JITR061MSLHNJ20', 'JITR061MSLO0', 'Rafael', 'Jiménez Torres', 'txoqrso@gmail.com', 'qdvksoxnfdagn', FALSE, 89907, '758.A', 'Avenida de la Independencia', 'Colonia Reforma', 2, FALSE, 'dc4b22ef-8608-4a25-82c8-47c8d714b28c', '4169bca0-8b9a-4275-bfab-36f847830bcc');
INSERT INTO user(userID, curp, rfc, birthName, surname, mail, passwd, passwdFlag, zipCode, houseNumber, streetName, colony, workModality, workStatus, userRoleIDFK, countryUserIDFK) VALUES('fbcd2169-c7b0-40f9-9304-cee3a884587d', 'RUFF393MTCCAS99', 'RUFF393MTCM6', 'Fernando', 'Ruiz Fernández', 'enwooaqhresow@yahoo.com', 'fbumtwj', TRUE, 19801, '361.A', 'Calle Hidalgo', 'Colonia El Laurel', 0, FALSE, 'daea6f39-5ae5-4890-89f8-7bca9ce73478', '325767b8-5f22-4e21-aa25-e9c1399b4d13');
INSERT INTO user(userID, curp, rfc, birthName, surname, mail, passwd, passwdFlag, zipCode, houseNumber, streetName, colony, workModality, workStatus, userRoleIDFK, countryUserIDFK) VALUES('390d9080-e1e7-4697-a72f-a6645a6de8bc', 'FETC3928HCMVXQ19', 'FETC3928HCK3', 'Carlos', 'Fernández Torres', 'xdiyqeahqpy@yahoo.com', 'mdvcwld', FALSE, 67829, '1.B', 'Calle del Sol', 'Colonia Santa Fe', 0, FALSE, 'daea6f39-5ae5-4890-89f8-7bca9ce73478', '4169bca0-8b9a-4275-bfab-36f847830bcc');
INSERT INTO user(userID, curp, rfc, birthName, surname, mail, passwd, passwdFlag, zipCode, houseNumber, streetName, colony, workModality, workStatus, userRoleIDFK, countryUserIDFK) VALUES('99c2319c-786d-499c-9112-893aa104151d', 'JIGJ0422HMNAPM49', 'JIGJ0422HMT6', 'Javier', 'Jiménez González', 'ggbueas@gmail.com', 'djnrdaybmn', FALSE, 13315, '197.C', 'Calle de la Luna', 'Colonia Santa Fe', 2, FALSE, 'dc4b22ef-8608-4a25-82c8-47c8d714b28c', '3f57ace1-4c1b-4c39-8681-c2d76bc3dbac');
INSERT INTO user(userID, curp, rfc, birthName, surname, mail, passwd, passwdFlag, zipCode, houseNumber, streetName, colony, workModality, workStatus, userRoleIDFK, countryUserIDFK) VALUES('734d68bd-67d6-4849-827a-d779a7710477', 'MOML4518HASKKL64', 'MOML4518HAH8', 'Laura', 'Moreno Martínez', 'joqsdqmrv@yahoo.com', 'jlyyussejvqt', FALSE, 94138, '253.C', 'Calle del Carmen', 'Colonia Emiliano Zapata', 2, TRUE, 'daea6f39-5ae5-4890-89f8-7bca9ce73478', '325767b8-5f22-4e21-aa25-e9c1399b4d13');
INSERT INTO user(userID, curp, rfc, birthName, surname, mail, passwd, passwdFlag, zipCode, houseNumber, streetName, colony, workModality, workStatus, userRoleIDFK, countryUserIDFK) VALUES('92d23bdd-03f8-44d0-8ed0-77557ec50ed3', 'TOFR416MQTDVW62', 'TOFR416MQTN0', 'Roberto', 'Torres Fernández', 'jnhwxqtshjie@gmail.com', 'egbtnshecnqnn', TRUE, 60380, '849.A', 'Avenida de la Independencia', 'Colonia Las Águilas', 1, FALSE, 'daea6f39-5ae5-4890-89f8-7bca9ce73478', '325767b8-5f22-4e21-aa25-e9c1399b4d13');
INSERT INTO user(userID, curp, rfc, birthName, surname, mail, passwd, passwdFlag, zipCode, houseNumber, streetName, colony, workModality, workStatus, userRoleIDFK, countryUserIDFK) VALUES('9bf4dd44-a516-4363-a1d3-994be1d124cc', 'GORM0227MMSAGE57', 'GORM0227MMS5', 'Mercedes', 'González Ruiz', 'uyalhqwbt@nuclea.solutions', 'bnsbrcamis', FALSE, 15640, '782.C', 'Calle Guerrero', 'Colonia Morelos', 0, TRUE, 'dc4b22ef-8608-4a25-82c8-47c8d714b28c', '85bc4cdf-a1f4-4feb-adea-b589d1ea0104');
INSERT INTO user(userID, curp, rfc, birthName, surname, mail, passwd, passwdFlag, zipCode, houseNumber, streetName, colony, workModality, workStatus, userRoleIDFK, countryUserIDFK) VALUES('27ecad69-8b43-4fc3-a575-cd2b3850180e', 'HEMF1325MQRNLL12', 'HEMF1325MQW7', 'Fernando', 'Hernández Moreno', 'ujrhwyv@outlook.com', 'bjpajrb', FALSE, 40649, '95.B', 'Calle de la Santa Cruz', 'Colonia Emiliano Zapata', 0, TRUE, 'dc4b22ef-8608-4a25-82c8-47c8d714b28c', '4169bca0-8b9a-4275-bfab-36f847830bcc');
INSERT INTO user(userID, curp, rfc, birthName, surname, mail, passwd, passwdFlag, zipCode, houseNumber, streetName, colony, workModality, workStatus, userRoleIDFK, countryUserIDFK) VALUES('be1e0ad0-5e75-475f-9a9b-bf73a4cd99bb', 'JITR050MMNQGV19', 'JITR050MMNI3', 'Roberto', 'Jiménez Torres', 'dqasvtrsouo@gmail.com', 'gxnddsdfkupan', TRUE, 35556, '45.C', 'Calle de la Merced', 'Colonia El Cerrito', 2, FALSE, 'dc4b22ef-8608-4a25-82c8-47c8d714b28c', '4169bca0-8b9a-4275-bfab-36f847830bcc');
INSERT INTO user(userID, curp, rfc, birthName, surname, mail, passwd, passwdFlag, zipCode, houseNumber, streetName, colony, workModality, workStatus, userRoleIDFK, countryUserIDFK) VALUES('a209ab64-e91e-4807-aa0e-729d50307ffc', 'JITF4823MSLKEI90', 'JITF4823MSQ1', 'Fernando', 'Jiménez Torres', 'crlpxcloc@gmail.com', 'xdhsmwimh', FALSE, 83075, '585.A', 'Avenida Constituyentes', 'Colonia El Mirador', 1, FALSE, 'daea6f39-5ae5-4890-89f8-7bca9ce73478', '325767b8-5f22-4e21-aa25-e9c1399b4d13');
INSERT INTO user(userID, curp, rfc, birthName, surname, mail, passwd, passwdFlag, zipCode, houseNumber, streetName, colony, workModality, workStatus, userRoleIDFK, countryUserIDFK) VALUES('b0364e51-d6c5-4ea3-9caa-404679257109', 'RORF4226MGRKFB88', 'RORF4226MGY1', 'Fernando', 'Rodríguez Ruiz', 'mlwiqhyjayyh@gmail.com', 'qgrieqqauj', TRUE, 70452, '853.A', 'Calle Guerrero', 'Colonia Santa Fe', 0, TRUE, 'daea6f39-5ae5-4890-89f8-7bca9ce73478', '325767b8-5f22-4e21-aa25-e9c1399b4d13');
INSERT INTO user(userID, curp, rfc, birthName, surname, mail, passwd, passwdFlag, zipCode, houseNumber, streetName, colony, workModality, workStatus, userRoleIDFK, countryUserIDFK) VALUES('958cb01b-2388-4f07-953a-da0938bbdb62', 'TOJJ0722MBSHFQ62', 'TOJJ0722MBR9', 'Javier', 'Torres Jiménez', 'fkegfoeetcde@yahoo.com', 'qejejgbnox', FALSE, 13975, '750.A', 'Avenida de la Libertad', 'Colonia Centro', 0, FALSE, 'dc4b22ef-8608-4a25-82c8-47c8d714b28c', '85bc4cdf-a1f4-4feb-adea-b589d1ea0104');
INSERT INTO user(userID, curp, rfc, birthName, surname, mail, passwd, passwdFlag, zipCode, houseNumber, streetName, colony, workModality, workStatus, userRoleIDFK, countryUserIDFK) VALUES('b5cb2fb0-2517-46e1-afb4-eb4b10286b1d', 'JITL4220HOCYAX51', 'JITL4220HOL8', 'Lucía', 'Jiménez Torres', 'trfhedf@outlook.com', 'efdfrybia', FALSE, 37944, '874.C', 'Avenida Morelos', 'Colonia Santa Fe', 2, FALSE, 'dc4b22ef-8608-4a25-82c8-47c8d714b28c', '85bc4cdf-a1f4-4feb-adea-b589d1ea0104');
INSERT INTO user(userID, curp, rfc, birthName, surname, mail, passwd, passwdFlag, zipCode, houseNumber, streetName, colony, workModality, workStatus, userRoleIDFK, countryUserIDFK) VALUES('ff94faa6-940a-4bdf-9cf4-a3c183f31380', 'GOTP226MQRFLO39', 'GOTP226MQRU9', 'Pedro', 'González Torres', 'uhvfvhrnbj@nuclea.solutions', 'fbrctvi', FALSE, 58427, '774.A', 'Avenida Madero', 'Colonia Morelos', 2, FALSE, 'b5c638e3-5f70-456f-b664-50eb81a36c6a', '3f57ace1-4c1b-4c39-8681-c2d76bc3dbac');
INSERT INTO user(userID, curp, rfc, birthName, surname, mail, passwd, passwdFlag, zipCode, houseNumber, streetName, colony, workModality, workStatus, userRoleIDFK, countryUserIDFK) VALUES('9c9d6943-2b07-4d3a-9d8d-e524cf6e4686', 'HEME1514MGRJOK95', 'HEME1514MGO9', 'Enrique', 'Hernández Martínez', 'cbjfadq@outlook.com', 'cuiedsfoantvw', FALSE, 74526, '348.A', 'Calle de los Abetos', 'Colonia Santa Fe', 2, TRUE, 'b5c638e3-5f70-456f-b664-50eb81a36c6a', '85bc4cdf-a1f4-4feb-adea-b589d1ea0104');
INSERT INTO user(userID, curp, rfc, birthName, surname, mail, passwd, passwdFlag, zipCode, houseNumber, streetName, colony, workModality, workStatus, userRoleIDFK, countryUserIDFK) VALUES('01950f90-c7eb-4e3f-8df4-be312b0a9260', 'HEHE494MCLPXE79', 'HEHE494MCLO8', 'Elena', 'Hernández Hernández', 'irnearr@nuclea.solutions', 'snusgrciqpvxe', TRUE, 84914, '53.A', 'Calle Hidalgo', 'Colonia Emiliano Zapata', 1, FALSE, 'dc4b22ef-8608-4a25-82c8-47c8d714b28c', '3f57ace1-4c1b-4c39-8681-c2d76bc3dbac');
INSERT INTO user(userID, curp, rfc, birthName, surname, mail, passwd, passwdFlag, zipCode, houseNumber, streetName, colony, workModality, workStatus, userRoleIDFK, countryUserIDFK) VALUES('44211258-81e9-4dd4-bfc3-16c1fded9f7e', 'GOGM3419MTLBHJ53', 'GOGM3419MTN8', 'Mercedes', 'González González', 'exmvjtarmjr@gmail.com', 'ttatrvodma', FALSE, 22820, '30.B', 'Calle Hidalgo', 'Colonia El Mirador', 1, TRUE, 'daea6f39-5ae5-4890-89f8-7bca9ce73478', '3f57ace1-4c1b-4c39-8681-c2d76bc3dbac');
INSERT INTO user(userID, curp, rfc, birthName, surname, mail, passwd, passwdFlag, zipCode, houseNumber, streetName, colony, workModality, workStatus, userRoleIDFK, countryUserIDFK) VALUES('a900cf50-d426-4448-baba-ad97fb4e12a5', 'TOHR366MSLCUN40', 'TOHR366MSLG1', 'Rafael', 'Torres Hernández', 'gpsikjbnkrwy@nuclea.solutions', 'jfgnyefp', FALSE, 79684, '259.A', 'Calle Hidalgo', 'Colonia El Mirador', 0, FALSE, 'dc4b22ef-8608-4a25-82c8-47c8d714b28c', '325767b8-5f22-4e21-aa25-e9c1399b4d13');
INSERT INTO user(userID, curp, rfc, birthName, surname, mail, passwd, passwdFlag, zipCode, houseNumber, streetName, colony, workModality, workStatus, userRoleIDFK, countryUserIDFK) VALUES('0a7d3b13-aa39-4b0b-bf74-d0a34a9007c4', 'MOTP4312MTLESJ56', 'MOTP4312MTX6', 'Patricia', 'Moreno Torres', 'ctxbqhfdeumf@nuclea.solutions', 'hjbaowjfko', TRUE, 14125, '21.A', 'Avenida de la Constitución', 'Colonia Los Ángeles', 0, TRUE, 'dc4b22ef-8608-4a25-82c8-47c8d714b28c', '4169bca0-8b9a-4275-bfab-36f847830bcc');
INSERT INTO user(userID, curp, rfc, birthName, surname, mail, passwd, passwdFlag, zipCode, houseNumber, streetName, colony, workModality, workStatus, userRoleIDFK, countryUserIDFK) VALUES('31ed4d69-9bc5-4cd9-8433-51650795c7ce', 'GOTJ21111HDGPGO46', 'GOTJ21111HW4', 'Javier', 'González Torres', 'unejeexuf@gmail.com', 'toelttcrta', FALSE, 33032, '308.C', 'Calle Allende', 'Colonia Valle Verde', 0, TRUE, 'dc4b22ef-8608-4a25-82c8-47c8d714b28c', '4169bca0-8b9a-4275-bfab-36f847830bcc');
INSERT INTO user(userID, curp, rfc, birthName, surname, mail, passwd, passwdFlag, zipCode, houseNumber, streetName, colony, workModality, workStatus, userRoleIDFK, countryUserIDFK) VALUES('fbe3e0f3-fe2d-42e8-b0a6-447d3bb9a387', 'ROJP3920HCMITD37', 'ROJP3920HCN5', 'Pedro', 'Rodríguez Jiménez', 'omweupjyy@gmail.com', 'wuiowlvfwjt', FALSE, 49627, '385.A', 'Calle de la Amistad', 'Colonia Nuevo Milenio', 0, TRUE, 'b5c638e3-5f70-456f-b664-50eb81a36c6a', '85bc4cdf-a1f4-4feb-adea-b589d1ea0104');
INSERT INTO user(userID, curp, rfc, birthName, surname, mail, passwd, passwdFlag, zipCode, houseNumber, streetName, colony, workModality, workStatus, userRoleIDFK, countryUserIDFK) VALUES('5e00bc4f-834c-462a-a7b7-f0c4ddc2a6c2', 'ROMB438HVZUQN79', 'ROMB438HVZH5', 'Beatriz', 'Rodríguez Martínez', 'uwwqaoanjtetm@nuclea.solutions', 'maevawuyuqof', TRUE, 38337, '636.B', 'Calle de los Naranjos', 'Colonia El Cerrito', 0, TRUE, 'b5c638e3-5f70-456f-b664-50eb81a36c6a', '325767b8-5f22-4e21-aa25-e9c1399b4d13');
INSERT INTO user(userID, curp, rfc, birthName, surname, mail, passwd, passwdFlag, zipCode, houseNumber, streetName, colony, workModality, workStatus, userRoleIDFK, countryUserIDFK) VALUES('9d49c41e-8cd7-40ad-8490-d7e77cdc4a75', 'HEML067HSLVYH34', 'HEML067HSLE5', 'Lucía', 'Hernández Martínez', 'atfcikwdolh@nuclea.solutions', 'xegnxvfgxoru', TRUE, 73427, '408.C', 'Calle de los Pinos', 'Colonia Valle Verde', 2, TRUE, 'b5c638e3-5f70-456f-b664-50eb81a36c6a', '4169bca0-8b9a-4275-bfab-36f847830bcc');
INSERT INTO user(userID, curp, rfc, birthName, surname, mail, passwd, passwdFlag, zipCode, houseNumber, streetName, colony, workModality, workStatus, userRoleIDFK, countryUserIDFK) VALUES('385156cf-438d-49a4-89b0-2edd87a2c872', 'MAGJ205HPLDKE18', 'MAGJ205HPLM0', 'Javier', 'Martínez González', 'btqtasuj@gmail.com', 'ypfmjckbfyepd', FALSE, 87719, '520.C', 'Calle de la Estación', 'Colonia Centro', 0, FALSE, 'dc4b22ef-8608-4a25-82c8-47c8d714b28c', '325767b8-5f22-4e21-aa25-e9c1399b4d13');
INSERT INTO user(userID, curp, rfc, birthName, surname, mail, passwd, passwdFlag, zipCode, houseNumber, streetName, colony, workModality, workStatus, userRoleIDFK, countryUserIDFK) VALUES('241f7eed-c565-4934-be78-0afd64396a00', 'MARP2515HCMRNT12', 'MARP2515HCE6', 'Pedro', 'Martínez Ruiz', 'tbfxsstajtovb@yahoo.com', 'akfqsexk', FALSE, 31113, '941.C', 'Calle Hidalgo', 'Colonia El Cerrito', 2, TRUE, 'daea6f39-5ae5-4890-89f8-7bca9ce73478', '3f57ace1-4c1b-4c39-8681-c2d76bc3dbac');
INSERT INTO user(userID, curp, rfc, birthName, surname, mail, passwd, passwdFlag, zipCode, houseNumber, streetName, colony, workModality, workStatus, userRoleIDFK, countryUserIDFK) VALUES('22f86601-5401-4fd6-888e-f700fc950c70', 'RUJF31121HZSXVN54', 'RUJF31121HE9', 'Francisco', 'Ruiz Jiménez', 'fiqdxujfuoeet@gmail.com', 'haxlwpj', TRUE, 94252, '206.B', 'Calle de la Virgen', 'Colonia Santa Rosa', 0, TRUE, 'daea6f39-5ae5-4890-89f8-7bca9ce73478', '85bc4cdf-a1f4-4feb-adea-b589d1ea0104');
INSERT INTO user(userID, curp, rfc, birthName, surname, mail, passwd, passwdFlag, zipCode, houseNumber, streetName, colony, workModality, workStatus, userRoleIDFK, countryUserIDFK) VALUES('e1e45f73-382f-464f-999e-e15879c5b87f', 'HEGR417HPLAPW90', 'HEGR417HPLS7', 'Rafael', 'Hernández González', 'dujnbqajl@yahoo.com', 'yuutcvaqrxjt', TRUE, 39505, '238.A', 'Calle de la Reforma', 'Colonia El Mirador', 2, TRUE, 'daea6f39-5ae5-4890-89f8-7bca9ce73478', '4169bca0-8b9a-4275-bfab-36f847830bcc');
INSERT INTO user(userID, curp, rfc, birthName, surname, mail, passwd, passwdFlag, zipCode, houseNumber, streetName, colony, workModality, workStatus, userRoleIDFK, countryUserIDFK) VALUES('6d12d8da-d88a-4c57-bcf5-51476a20f81b', 'HERA1119HQTIPY87', 'HERA1119HQC6', 'Alberto', 'Hernández Ruiz', 'aayaeyrw@nuclea.solutions', 'pisreodnlh', TRUE, 28898, '225.A', 'Calle Benito Juárez', 'Colonia La Pradera', 1, FALSE, 'b5c638e3-5f70-456f-b664-50eb81a36c6a', '3f57ace1-4c1b-4c39-8681-c2d76bc3dbac');
INSERT INTO user(userID, curp, rfc, birthName, surname, mail, passwd, passwdFlag, zipCode, houseNumber, streetName, colony, workModality, workStatus, userRoleIDFK, countryUserIDFK) VALUES('21dbd292-2837-4d90-b290-93e8b8d00243', 'TOMA0810MBSOBC49', 'TOMA0810MBC7', 'Antonio', 'Torres Martínez', 'pfvtwdbmgljf@outlook.com', 'oxngsnx', TRUE, 35093, '152.C', 'Calle Juárez', 'Colonia Centro', 2, TRUE, 'dc4b22ef-8608-4a25-82c8-47c8d714b28c', '4169bca0-8b9a-4275-bfab-36f847830bcc');
INSERT INTO user(userID, curp, rfc, birthName, surname, mail, passwd, passwdFlag, zipCode, houseNumber, streetName, colony, workModality, workStatus, userRoleIDFK, countryUserIDFK) VALUES('946d7867-b4e9-4c31-9cea-dd16938ee01c', 'FEJJ1103MSRDMQ40', 'FEJJ1103MSX4', 'Juan', 'Fernández Jiménez', 'vgounyqq@gmail.com', 'ftwuxvltdpxpi', TRUE, 41059, '656.B', 'Calle de la Santa Cruz', 'Colonia Lomas de Querétaro', 0, TRUE, 'dc4b22ef-8608-4a25-82c8-47c8d714b28c', '3f57ace1-4c1b-4c39-8681-c2d76bc3dbac');
INSERT INTO user(userID, curp, rfc, birthName, surname, mail, passwd, passwdFlag, zipCode, houseNumber, streetName, colony, workModality, workStatus, userRoleIDFK, countryUserIDFK) VALUES('74265aa8-b4d2-4620-a077-1ace459ad248', 'HETM4417MSLLKQ72', 'HETM4417MSN9', 'Mercedes', 'Hernández Torres', 'aqhnjsb@nuclea.solutions', 'ybeabgyg', FALSE, 76481, '927.C', 'Calle de la Amistad', 'Colonia Lomas de Querétaro', 2, TRUE, 'daea6f39-5ae5-4890-89f8-7bca9ce73478', '3f57ace1-4c1b-4c39-8681-c2d76bc3dbac');
INSERT INTO user(userID, curp, rfc, birthName, surname, mail, passwd, passwdFlag, zipCode, houseNumber, streetName, colony, workModality, workStatus, userRoleIDFK, countryUserIDFK) VALUES('005dc80a-470b-43bf-b1c1-5ac774a4db35', 'HEMB327HNTOKL36', 'HEMB327HNTX5', 'Beatriz', 'Hernández Moreno', 'sbeyfqaqshj@yahoo.com', 'yrtsfoeyxyqik', FALSE, 96428, '528.B', 'Avenida Revolución', 'Colonia El Campanario', 0, TRUE, 'daea6f39-5ae5-4890-89f8-7bca9ce73478', '325767b8-5f22-4e21-aa25-e9c1399b4d13');
INSERT INTO user(userID, curp, rfc, birthName, surname, mail, passwd, passwdFlag, zipCode, houseNumber, streetName, colony, workModality, workStatus, userRoleIDFK, countryUserIDFK) VALUES('c0a76bd8-dfac-4271-b400-a797837adb31', 'JIGA086HZSBGP67', 'JIGA086HZSK2', 'Alberto', 'Jiménez González', 'bnehgge@outlook.com', 'yusxmlxlhe', FALSE, 12498, '415.A', 'Avenida Morelos', 'Colonia El Cerrito', 2, FALSE, 'b5c638e3-5f70-456f-b664-50eb81a36c6a', '325767b8-5f22-4e21-aa25-e9c1399b4d13');
INSERT INTO user(userID, curp, rfc, birthName, surname, mail, passwd, passwdFlag, zipCode, houseNumber, streetName, colony, workModality, workStatus, userRoleIDFK, countryUserIDFK) VALUES('1baf31b0-5077-47d8-990c-ec1fc7264a95', 'ROFE1327HDGMUD61', 'ROFE1327HDI7', 'Elena', 'Rodríguez Fernández', 'sglstgbrejgfp@outlook.com', 'efvgyvjyxsme', TRUE, 25903, '65.A', 'Calle Benito Juárez', 'Colonia El Mirador', 2, TRUE, 'dc4b22ef-8608-4a25-82c8-47c8d714b28c', '4169bca0-8b9a-4275-bfab-36f847830bcc');
INSERT INTO user(userID, curp, rfc, birthName, surname, mail, passwd, passwdFlag, zipCode, houseNumber, streetName, colony, workModality, workStatus, userRoleIDFK, countryUserIDFK) VALUES('1a258d08-c27e-4afc-ab17-92d2f47dd50f', 'MAME0910MCMWEQ96', 'MAME0910MCX9', 'Enrique', 'Martínez Martínez', 'dwfrpwfkxnlx@outlook.com', 'rnkhpmyexyi', FALSE, 58712, '292.B', 'Calle de los Cedros', 'Colonia Emiliano Zapata', 0, TRUE, 'daea6f39-5ae5-4890-89f8-7bca9ce73478', '85bc4cdf-a1f4-4feb-adea-b589d1ea0104');
INSERT INTO user(userID, curp, rfc, birthName, surname, mail, passwd, passwdFlag, zipCode, houseNumber, streetName, colony, workModality, workStatus, userRoleIDFK, countryUserIDFK) VALUES('177db711-5473-4dfc-a3a7-7ae24646b9ed', 'HETM316MCMTHN22', 'HETM316MCML6', 'Mercedes', 'Hernández Torres', 'mgcqcmewep@gmail.com', 'rbexphkx', FALSE, 13244, '876.A', 'Avenida Madero', 'Colonia Reforma', 2, FALSE, 'dc4b22ef-8608-4a25-82c8-47c8d714b28c', '4169bca0-8b9a-4275-bfab-36f847830bcc');
INSERT INTO user(userID, curp, rfc, birthName, surname, mail, passwd, passwdFlag, zipCode, houseNumber, streetName, colony, workModality, workStatus, userRoleIDFK, countryUserIDFK) VALUES('4e875f73-b967-42cd-b5f7-9bf0e0550fa7', 'FETR1108HCLCWG62', 'FETR1108HCD2', 'Raquel', 'Fernández Torres', 'ssopbcdh@yahoo.com', 'abvxqcirll', FALSE, 23103, '206.C', 'Calle Juárez', 'Colonia Reforma', 1, FALSE, 'dc4b22ef-8608-4a25-82c8-47c8d714b28c', '3f57ace1-4c1b-4c39-8681-c2d76bc3dbac');
INSERT INTO user(userID, curp, rfc, birthName, surname, mail, passwd, passwdFlag, zipCode, houseNumber, streetName, colony, workModality, workStatus, userRoleIDFK, countryUserIDFK) VALUES('44930475-0d8c-452f-bf07-65d2939efe53', 'TOMJ31012HVZPRF44', 'TOMJ31012HV0', 'Javier', 'Torres Moreno', 'lrdrnykvsac@gmail.com', 'typsoumxn', FALSE, 22106, '788.B', 'Calle de la Santa Cruz', 'Colonia El Laurel', 1, TRUE, 'dc4b22ef-8608-4a25-82c8-47c8d714b28c', '325767b8-5f22-4e21-aa25-e9c1399b4d13');
INSERT INTO user(userID, curp, rfc, birthName, surname, mail, passwd, passwdFlag, zipCode, houseNumber, streetName, colony, workModality, workStatus, userRoleIDFK, countryUserIDFK) VALUES('ffb9ee2f-7c4b-42dd-a709-a0d745528205', 'GOMS4313MBCXJX37', 'GOMS4313MBH7', 'Susana', 'González Martínez', 'gwmrvjsoda@nuclea.solutions', 'nocmcpx', TRUE, 83809, '443.C', 'Calle de los Cedros', 'Colonia Las Águilas', 1, TRUE, 'dc4b22ef-8608-4a25-82c8-47c8d714b28c', '85bc4cdf-a1f4-4feb-adea-b589d1ea0104');
INSERT INTO user(userID, curp, rfc, birthName, surname, mail, passwd, passwdFlag, zipCode, houseNumber, streetName, colony, workModality, workStatus, userRoleIDFK, countryUserIDFK) VALUES('008fd8fd-16b3-4fe2-bab7-9d2e01ac5ab3', 'ROJF2924MTLVIO30', 'ROJF2924MTW7', 'Francisco', 'Rodríguez Jiménez', 'wkgswim@yahoo.com', 'winlaethcc', TRUE, 15452, '560.B', 'Calle de la Luna', 'Colonia El Laurel', 1, FALSE, 'dc4b22ef-8608-4a25-82c8-47c8d714b28c', '3f57ace1-4c1b-4c39-8681-c2d76bc3dbac');
INSERT INTO user(userID, curp, rfc, birthName, surname, mail, passwd, passwdFlag, zipCode, houseNumber, streetName, colony, workModality, workStatus, userRoleIDFK, countryUserIDFK) VALUES('8eb1e269-391d-4f1b-8be7-ab9da1be65fd', 'MAGJ4622HMCVCU90', 'MAGJ4622HML1', 'José', 'Martínez González', 'ttnppfjuxo@yahoo.com', 'hcyvjvv', FALSE, 29490, '596.A', 'Calle de la Santa Cruz', 'Colonia Nuevo Milenio', 1, FALSE, 'dc4b22ef-8608-4a25-82c8-47c8d714b28c', '85bc4cdf-a1f4-4feb-adea-b589d1ea0104');
INSERT INTO user(userID, curp, rfc, birthName, surname, mail, passwd, passwdFlag, zipCode, houseNumber, streetName, colony, workModality, workStatus, userRoleIDFK, countryUserIDFK) VALUES('04ecb4b7-fe92-4165-bceb-46c3bc4af6d4', 'MAMC31021HCMIGJ99', 'MAMC31021HF0', 'Carlos', 'Martínez Moreno', 'nvbsomjnxlren@nuclea.solutions', 'wmmcrsmhwupgr', FALSE, 70058, '32.A', 'Calle de la Amistad', 'Colonia Valle Verde', 2, TRUE, 'dc4b22ef-8608-4a25-82c8-47c8d714b28c', '325767b8-5f22-4e21-aa25-e9c1399b4d13');
INSERT INTO user(userID, curp, rfc, birthName, surname, mail, passwd, passwdFlag, zipCode, houseNumber, streetName, colony, workModality, workStatus, userRoleIDFK, countryUserIDFK) VALUES('d684e22d-f1e7-48b1-a9ef-ee3328fe3b7d', 'HEMP3526HSLWYQ51', 'HEMP3526HSQ7', 'Pedro', 'Hernández Martínez', 'wkegbdovnn@gmail.com', 'olkhjeax', FALSE, 95611, '131.A', 'Avenida de los Insurgentes', 'Colonia Jardines de Querétaro', 2, TRUE, 'daea6f39-5ae5-4890-89f8-7bca9ce73478', '3f57ace1-4c1b-4c39-8681-c2d76bc3dbac');
INSERT INTO user(userID, curp, rfc, birthName, surname, mail, passwd, passwdFlag, zipCode, houseNumber, streetName, colony, workModality, workStatus, userRoleIDFK, countryUserIDFK) VALUES('56160437-bb91-4ba4-9048-667c4c1110b1', 'JIMI429HMNUJE84', 'JIMI429HMNQ2', 'Isabel', 'Jiménez Martínez', 'xyakkajergd@gmail.com', 'cdmvhqvom', TRUE, 66741, '91.A', 'Calle Guerrero', 'Colonia Morelos', 2, FALSE, 'dc4b22ef-8608-4a25-82c8-47c8d714b28c', '85bc4cdf-a1f4-4feb-adea-b589d1ea0104');
INSERT INTO user(userID, curp, rfc, birthName, surname, mail, passwd, passwdFlag, zipCode, houseNumber, streetName, colony, workModality, workStatus, userRoleIDFK, countryUserIDFK) VALUES('306cf214-4559-4185-bdb9-d631e350f8c1', 'MOFP0129MCSRRB54', 'MOFP0129MCC6', 'Pedro', 'Moreno Fernández', 'owrjqtrb@gmail.com', 'nxmevhf', TRUE, 54072, '170.A', 'Avenida de la Constitución', 'Colonia Lomas de Querétaro', 1, FALSE, 'dc4b22ef-8608-4a25-82c8-47c8d714b28c', '3f57ace1-4c1b-4c39-8681-c2d76bc3dbac');
INSERT INTO user(userID, curp, rfc, birthName, surname, mail, passwd, passwdFlag, zipCode, houseNumber, streetName, colony, workModality, workStatus, userRoleIDFK, countryUserIDFK) VALUES('75a4c152-b438-4c7d-85b8-2922fc979a96', 'TOGE3717MBSSMW31', 'TOGE3717MBF8', 'Elena', 'Torres González', 'dauvnus@yahoo.com', 'pwqpspe', TRUE, 70972, '130.A', 'Avenida Revolución', 'Colonia Nuevo Milenio', 2, TRUE, 'dc4b22ef-8608-4a25-82c8-47c8d714b28c', '85bc4cdf-a1f4-4feb-adea-b589d1ea0104');

INSERT INTO userDepartment(departmentIDFK, userIDFK) values ('6e16dc42-6e40-4eff-979a-5aaf04793266', '241f7eed-c565-4934-be78-0afd64396a00'); 
INSERT INTO userDepartment(departmentIDFK, userIDFK) values ('8e62593a-42a1-452e-829f-ec071d5a1dfa', 'b5cb2fb0-2517-46e1-afb4-eb4b10286b1d'); 
INSERT INTO userDepartment(departmentIDFK, userIDFK) values ('950ef6d0-0b5b-4dc6-aba4-4aa9718b9874', 'f2abc43c-e1db-4840-bce1-a915313d6968'); 
INSERT INTO userDepartment(departmentIDFK, userIDFK) values ('950ef6d0-0b5b-4dc6-aba4-4aa9718b9874', '1638d6e6-09ff-4bfe-b325-23d7ed70f9f7'); 
INSERT INTO userDepartment(departmentIDFK, userIDFK) values ('3adb8a91-75e4-4079-9d73-e0549c6eb6f5', 'd684e22d-f1e7-48b1-a9ef-ee3328fe3b7d'); 
INSERT INTO userDepartment(departmentIDFK, userIDFK) values ('7972306a-a291-4a2c-aa5b-8a5a109c7404', '1a258d08-c27e-4afc-ab17-92d2f47dd50f'); 
INSERT INTO userDepartment(departmentIDFK, userIDFK) values ('b25fca41-0dc4-4bf9-9f73-c5ed3a847517', '22f86601-5401-4fd6-888e-f700fc950c70'); 
INSERT INTO userDepartment(departmentIDFK, userIDFK) values ('121af434-bb29-4e54-b535-14da79e7dfe7', '31ed4d69-9bc5-4cd9-8433-51650795c7ce'); 
INSERT INTO userDepartment(departmentIDFK, userIDFK) values ('121af434-bb29-4e54-b535-14da79e7dfe7', '6ffc6e25-81d9-4248-a5d9-42e248ed9bb5'); 
INSERT INTO userDepartment(departmentIDFK, userIDFK) values ('83444978-c638-42a3-9222-130797a8158d', '8e733f17-b57f-4e13-9228-46ce22e1c599'); 
INSERT INTO userDepartment(departmentIDFK, userIDFK) values ('47dc4d04-71ac-4791-8fae-faeaeb9b47cc', 'b5863635-6fc2-45dd-9252-2722f016202b'); 
INSERT INTO userDepartment(departmentIDFK, userIDFK) values ('2dce8322-0398-4c7d-bfdb-64a7fede1a2e', 'de779dea-0c31-4972-8dc4-f3699a045adf'); 
INSERT INTO userDepartment(departmentIDFK, userIDFK) values ('bf3cc07e-0ae5-4b0f-a33c-4a4937bd7515', '337388c5-3edf-4703-ad57-03c75445a7ee'); 
INSERT INTO userDepartment(departmentIDFK, userIDFK) values ('59433567-fb37-45e2-a6f1-4cb7a14f04cd', '6caaf8e4-c733-4035-861e-2c49bba1f0b7'); 
INSERT INTO userDepartment(departmentIDFK, userIDFK) values ('a15de0f3-7ff3-4a16-9b0f-a3132f8be816', '5c924633-d7c5-4f41-9631-e611677f9b27'); 
INSERT INTO userDepartment(departmentIDFK, userIDFK) values ('2dce8322-0398-4c7d-bfdb-64a7fede1a2e', '931ed2c0-1052-46f9-9bf1-fbfd0d41f61f'); 
INSERT INTO userDepartment(departmentIDFK, userIDFK) values ('6e16dc42-6e40-4eff-979a-5aaf04793266', 'f8b4fee9-32a5-41ee-8ba6-4c6daa0c00c7'); 
INSERT INTO userDepartment(departmentIDFK, userIDFK) values ('d3056e40-4392-4a0d-b02f-61e08a99115e', '427f2ea8-76cf-4068-8300-1fa9f10eedde'); 
INSERT INTO userDepartment(departmentIDFK, userIDFK) values ('2dce8322-0398-4c7d-bfdb-64a7fede1a2e', '1baf31b0-5077-47d8-990c-ec1fc7264a95'); 
INSERT INTO userDepartment(departmentIDFK, userIDFK) values ('1f83627e-f627-4b30-ace0-488bece0d9be', 'b0364e51-d6c5-4ea3-9caa-404679257109'); 
INSERT INTO userDepartment(departmentIDFK, userIDFK) values ('a15de0f3-7ff3-4a16-9b0f-a3132f8be816', '8d4415ec-7267-405b-8317-9bfe5015ee6f'); 
INSERT INTO userDepartment(departmentIDFK, userIDFK) values ('8e62593a-42a1-452e-829f-ec071d5a1dfa', '9d49c41e-8cd7-40ad-8490-d7e77cdc4a75'); 
INSERT INTO userDepartment(departmentIDFK, userIDFK) values ('3f2650b8-bbdb-427d-8546-937dc953b989', '6ffc6e25-81d9-4248-a5d9-42e248ed9bb5'); 
INSERT INTO userDepartment(departmentIDFK, userIDFK) values ('3f2650b8-bbdb-427d-8546-937dc953b989', 'de779dea-0c31-4972-8dc4-f3699a045adf'); 
INSERT INTO userDepartment(departmentIDFK, userIDFK) values ('b25fca41-0dc4-4bf9-9f73-c5ed3a847517', 'b0364e51-d6c5-4ea3-9caa-404679257109'); 
INSERT INTO userDepartment(departmentIDFK, userIDFK) values ('5efa54cd-3ea9-443d-bece-25bd057e003b', 'f32ae391-9401-4467-89f6-335cff662d6b'); 
INSERT INTO userDepartment(departmentIDFK, userIDFK) values ('950ef6d0-0b5b-4dc6-aba4-4aa9718b9874', 'be1e0ad0-5e75-475f-9a9b-bf73a4cd99bb'); 
INSERT INTO userDepartment(departmentIDFK, userIDFK) values ('83444978-c638-42a3-9222-130797a8158d', 'aa0f1fa9-9d4b-49f2-a132-d09ae0ad03ee'); 
INSERT INTO userDepartment(departmentIDFK, userIDFK) values ('83444978-c638-42a3-9222-130797a8158d', '75a4c152-b438-4c7d-85b8-2922fc979a96'); 
INSERT INTO userDepartment(departmentIDFK, userIDFK) values ('3830d496-a3b4-4a3f-a2a1-35ca99cc37c0', '31ed4d69-9bc5-4cd9-8433-51650795c7ce'); 
INSERT INTO userDepartment(departmentIDFK, userIDFK) values ('2dce8322-0398-4c7d-bfdb-64a7fede1a2e', '4fc1e8bf-b378-482e-8a92-0aaf5b06d794'); 
INSERT INTO userDepartment(departmentIDFK, userIDFK) values ('59433567-fb37-45e2-a6f1-4cb7a14f04cd', 'fbcd2169-c7b0-40f9-9304-cee3a884587d'); 
INSERT INTO userDepartment(departmentIDFK, userIDFK) values ('8e62593a-42a1-452e-829f-ec071d5a1dfa', '8d4415ec-7267-405b-8317-9bfe5015ee6f'); 
INSERT INTO userDepartment(departmentIDFK, userIDFK) values ('121af434-bb29-4e54-b535-14da79e7dfe7', '2596033d-db5d-4e59-9709-46b966d9d38c'); 
INSERT INTO userDepartment(departmentIDFK, userIDFK) values ('bf3cc07e-0ae5-4b0f-a33c-4a4937bd7515', 'faac50c0-0c04-4f37-8715-5c44a977a096'); 
INSERT INTO userDepartment(departmentIDFK, userIDFK) values ('b25fca41-0dc4-4bf9-9f73-c5ed3a847517', 'f2abc43c-e1db-4840-bce1-a915313d6968'); 
INSERT INTO userDepartment(departmentIDFK, userIDFK) values ('83444978-c638-42a3-9222-130797a8158d', '241f7eed-c565-4934-be78-0afd64396a00'); 
INSERT INTO userDepartment(departmentIDFK, userIDFK) values ('121af434-bb29-4e54-b535-14da79e7dfe7', '44930475-0d8c-452f-bf07-65d2939efe53'); 
INSERT INTO userDepartment(departmentIDFK, userIDFK) values ('bf92e8ea-ee72-44fe-8eb8-02dee72fac6a', '9d49c41e-8cd7-40ad-8490-d7e77cdc4a75'); 
INSERT INTO userDepartment(departmentIDFK, userIDFK) values ('2dce8322-0398-4c7d-bfdb-64a7fede1a2e', '212ca658-1721-4bfc-9ce6-de2af7c0906f'); 
INSERT INTO userDepartment(departmentIDFK, userIDFK) values ('2dce8322-0398-4c7d-bfdb-64a7fede1a2e', 'fbe3e0f3-fe2d-42e8-b0a6-447d3bb9a387'); 
INSERT INTO userDepartment(departmentIDFK, userIDFK) values ('3830d496-a3b4-4a3f-a2a1-35ca99cc37c0', '212ca658-1721-4bfc-9ce6-de2af7c0906f'); 
INSERT INTO userDepartment(departmentIDFK, userIDFK) values ('b25fca41-0dc4-4bf9-9f73-c5ed3a847517', 'ff94faa6-940a-4bdf-9cf4-a3c183f31380'); 
INSERT INTO userDepartment(departmentIDFK, userIDFK) values ('bf92e8ea-ee72-44fe-8eb8-02dee72fac6a', '4e875f73-b967-42cd-b5f7-9bf0e0550fa7'); 
INSERT INTO userDepartment(departmentIDFK, userIDFK) values ('3830d496-a3b4-4a3f-a2a1-35ca99cc37c0', '2596033d-db5d-4e59-9709-46b966d9d38c'); 
INSERT INTO userDepartment(departmentIDFK, userIDFK) values ('121af434-bb29-4e54-b535-14da79e7dfe7', 'b728d98c-69f9-4372-b6d6-bcbbf084c43c'); 
INSERT INTO userDepartment(departmentIDFK, userIDFK) values ('d3056e40-4392-4a0d-b02f-61e08a99115e', 'b5863635-6fc2-45dd-9252-2722f016202b'); 
INSERT INTO userDepartment(departmentIDFK, userIDFK) values ('3830d496-a3b4-4a3f-a2a1-35ca99cc37c0', '005dc80a-470b-43bf-b1c1-5ac774a4db35'); 
INSERT INTO userDepartment(departmentIDFK, userIDFK) values ('5efa54cd-3ea9-443d-bece-25bd057e003b', 'fbe3e0f3-fe2d-42e8-b0a6-447d3bb9a387'); 
INSERT INTO userDepartment(departmentIDFK, userIDFK) values ('83444978-c638-42a3-9222-130797a8158d', 'fbcd2169-c7b0-40f9-9304-cee3a884587d'); 
INSERT INTO userDepartment(departmentIDFK, userIDFK) values ('b25fca41-0dc4-4bf9-9f73-c5ed3a847517', 'f03f6ec3-f90e-44f3-87ea-0af9f98defd7'); 
INSERT INTO userDepartment(departmentIDFK, userIDFK) values ('bf3cc07e-0ae5-4b0f-a33c-4a4937bd7515', '92d23bdd-03f8-44d0-8ed0-77557ec50ed3'); 
INSERT INTO userDepartment(departmentIDFK, userIDFK) values ('e8d5e753-7931-4deb-bc95-5f331fe27769', '54d6c700-2854-4f6f-9cdc-f881663c1ea2'); 
INSERT INTO userDepartment(departmentIDFK, userIDFK) values ('8e62593a-42a1-452e-829f-ec071d5a1dfa', '7b5df169-5531-49ce-887c-15646d4e994a'); 
INSERT INTO userDepartment(departmentIDFK, userIDFK) values ('984ed2a5-a5af-405e-9458-64fc91165c5b', '43c636b5-4393-4401-8d7d-517048727c55'); 
INSERT INTO userDepartment(departmentIDFK, userIDFK) values ('722bddd9-1d2a-40be-b995-8b4ac2ea4416', '491212f0-fcc7-4924-8a1c-a554d1c85cfd'); 
INSERT INTO userDepartment(departmentIDFK, userIDFK) values ('5efa54cd-3ea9-443d-bece-25bd057e003b', 'cb1061de-8e80-4915-aa49-fbbd62fb52c8'); 
INSERT INTO userDepartment(departmentIDFK, userIDFK) values ('bf92e8ea-ee72-44fe-8eb8-02dee72fac6a', '27ecad69-8b43-4fc3-a575-cd2b3850180e'); 
INSERT INTO userDepartment(departmentIDFK, userIDFK) values ('a15de0f3-7ff3-4a16-9b0f-a3132f8be816', '2af30ea5-3cfa-42d2-88d9-5a3def33d40b'); 
INSERT INTO userDepartment(departmentIDFK, userIDFK) values ('7972306a-a291-4a2c-aa5b-8a5a109c7404', '177db711-5473-4dfc-a3a7-7ae24646b9ed'); 
INSERT INTO userDepartment(departmentIDFK, userIDFK) values ('722bddd9-1d2a-40be-b995-8b4ac2ea4416', 'b5cb2fb0-2517-46e1-afb4-eb4b10286b1d'); 
INSERT INTO userDepartment(departmentIDFK, userIDFK) values ('83444978-c638-42a3-9222-130797a8158d', 'b728d98c-69f9-4372-b6d6-bcbbf084c43c'); 
INSERT INTO userDepartment(departmentIDFK, userIDFK) values ('024d2c82-2891-4927-af43-55b7ff1549e7', '27ecad69-8b43-4fc3-a575-cd2b3850180e'); 
INSERT INTO userDepartment(departmentIDFK, userIDFK) values ('8e62593a-42a1-452e-829f-ec071d5a1dfa', 'f8b4fee9-32a5-41ee-8ba6-4c6daa0c00c7'); 
INSERT INTO userDepartment(departmentIDFK, userIDFK) values ('5efa54cd-3ea9-443d-bece-25bd057e003b', '4e875f73-b967-42cd-b5f7-9bf0e0550fa7'); 
INSERT INTO userDepartment(departmentIDFK, userIDFK) values ('976d2619-0c13-402a-ad3e-240ac95ee554', 'b0364e51-d6c5-4ea3-9caa-404679257109'); 
INSERT INTO userDepartment(departmentIDFK, userIDFK) values ('bf3cc07e-0ae5-4b0f-a33c-4a4937bd7515', '3f596b36-07de-4e50-9461-60062b6bd07f'); 
INSERT INTO userDepartment(departmentIDFK, userIDFK) values ('976d2619-0c13-402a-ad3e-240ac95ee554', '27ecad69-8b43-4fc3-a575-cd2b3850180e'); 
INSERT INTO userDepartment(departmentIDFK, userIDFK) values ('a15de0f3-7ff3-4a16-9b0f-a3132f8be816', '241f7eed-c565-4934-be78-0afd64396a00'); 
INSERT INTO userDepartment(departmentIDFK, userIDFK) values ('3f2650b8-bbdb-427d-8546-937dc953b989', '37498b0d-c263-42dd-b9ef-c0eb65dcb9b0'); 
INSERT INTO userDepartment(departmentIDFK, userIDFK) values ('47dc4d04-71ac-4791-8fae-faeaeb9b47cc', 'be1e0ad0-5e75-475f-9a9b-bf73a4cd99bb'); 
INSERT INTO userDepartment(departmentIDFK, userIDFK) values ('3830d496-a3b4-4a3f-a2a1-35ca99cc37c0', 'a4b51863-5042-47ee-9934-6f85fa1268eb'); 
INSERT INTO userDepartment(departmentIDFK, userIDFK) values ('6e16dc42-6e40-4eff-979a-5aaf04793266', 'faac50c0-0c04-4f37-8715-5c44a977a096'); 
INSERT INTO userDepartment(departmentIDFK, userIDFK) values ('984ed2a5-a5af-405e-9458-64fc91165c5b', '74265aa8-b4d2-4620-a077-1ace459ad248'); 
INSERT INTO userDepartment(departmentIDFK, userIDFK) values ('bf3cc07e-0ae5-4b0f-a33c-4a4937bd7515', 'b0364e51-d6c5-4ea3-9caa-404679257109'); 
INSERT INTO userDepartment(departmentIDFK, userIDFK) values ('b25fca41-0dc4-4bf9-9f73-c5ed3a847517', '31ed4d69-9bc5-4cd9-8433-51650795c7ce'); 
INSERT INTO userDepartment(departmentIDFK, userIDFK) values ('b25fca41-0dc4-4bf9-9f73-c5ed3a847517', 'f03f6ec3-f90e-44f3-87ea-0af9f98defd7'); 
INSERT INTO userDepartment(departmentIDFK, userIDFK) values ('6e16dc42-6e40-4eff-979a-5aaf04793266', '2596033d-db5d-4e59-9709-46b966d9d38c'); 
INSERT INTO userDepartment(departmentIDFK, userIDFK) values ('950ef6d0-0b5b-4dc6-aba4-4aa9718b9874', '3f596b36-07de-4e50-9461-60062b6bd07f'); 
INSERT INTO userDepartment(departmentIDFK, userIDFK) values ('bf92e8ea-ee72-44fe-8eb8-02dee72fac6a', '48193c75-159b-40e9-8864-9a7311480c54'); 
INSERT INTO userDepartment(departmentIDFK, userIDFK) values ('8e62593a-42a1-452e-829f-ec071d5a1dfa', 'd684e22d-f1e7-48b1-a9ef-ee3328fe3b7d'); 
INSERT INTO userDepartment(departmentIDFK, userIDFK) values ('3f2650b8-bbdb-427d-8546-937dc953b989', 'e1e45f73-382f-464f-999e-e15879c5b87f'); 
INSERT INTO userDepartment(departmentIDFK, userIDFK) values ('bf92e8ea-ee72-44fe-8eb8-02dee72fac6a', '27ecad69-8b43-4fc3-a575-cd2b3850180e'); 
INSERT INTO userDepartment(departmentIDFK, userIDFK) values ('d3056e40-4392-4a0d-b02f-61e08a99115e', '1a258d08-c27e-4afc-ab17-92d2f47dd50f'); 
INSERT INTO userDepartment(departmentIDFK, userIDFK) values ('976d2619-0c13-402a-ad3e-240ac95ee554', '75a4c152-b438-4c7d-85b8-2922fc979a96'); 
INSERT INTO userDepartment(departmentIDFK, userIDFK) values ('3830d496-a3b4-4a3f-a2a1-35ca99cc37c0', 'aa0f1fa9-9d4b-49f2-a132-d09ae0ad03ee'); 
INSERT INTO userDepartment(departmentIDFK, userIDFK) values ('3830d496-a3b4-4a3f-a2a1-35ca99cc37c0', '8eb1e269-391d-4f1b-8be7-ab9da1be65fd'); 
INSERT INTO userDepartment(departmentIDFK, userIDFK) values ('5efa54cd-3ea9-443d-bece-25bd057e003b', '3f596b36-07de-4e50-9461-60062b6bd07f'); 
INSERT INTO userDepartment(departmentIDFK, userIDFK) values ('3830d496-a3b4-4a3f-a2a1-35ca99cc37c0', 'f32ae391-9401-4467-89f6-335cff662d6b'); 
INSERT INTO userDepartment(departmentIDFK, userIDFK) values ('d3056e40-4392-4a0d-b02f-61e08a99115e', 'fbcd2169-c7b0-40f9-9304-cee3a884587d'); 
INSERT INTO userDepartment(departmentIDFK, userIDFK) values ('bf88dd5b-9781-4ec6-8c57-ddebb924c706', '1a258d08-c27e-4afc-ab17-92d2f47dd50f'); 
INSERT INTO userDepartment(departmentIDFK, userIDFK) values ('8e62593a-42a1-452e-829f-ec071d5a1dfa', '0a7d3b13-aa39-4b0b-bf74-d0a34a9007c4'); 
INSERT INTO userDepartment(departmentIDFK, userIDFK) values ('b25fca41-0dc4-4bf9-9f73-c5ed3a847517', 'b7db9cd3-4a88-4566-8a5f-52406ded84f7'); 
INSERT INTO userDepartment(departmentIDFK, userIDFK) values ('d3056e40-4392-4a0d-b02f-61e08a99115e', '8eb1e269-391d-4f1b-8be7-ab9da1be65fd'); 
INSERT INTO userDepartment(departmentIDFK, userIDFK) values ('7972306a-a291-4a2c-aa5b-8a5a109c7404', '1be87837-4594-4e4a-84f9-1869c2fdef9e'); 
INSERT INTO userDepartment(departmentIDFK, userIDFK) values ('bf88dd5b-9781-4ec6-8c57-ddebb924c706', '2596033d-db5d-4e59-9709-46b966d9d38c'); 
INSERT INTO userDepartment(departmentIDFK, userIDFK) values ('2dce8322-0398-4c7d-bfdb-64a7fede1a2e', 'ee359106-3edc-4738-b675-10d39415181e'); 
INSERT INTO userDepartment(departmentIDFK, userIDFK) values ('d3056e40-4392-4a0d-b02f-61e08a99115e', '6d12d8da-d88a-4c57-bcf5-51476a20f81b'); 
INSERT INTO userDepartment(departmentIDFK, userIDFK) values ('024d2c82-2891-4927-af43-55b7ff1549e7', '1baf31b0-5077-47d8-990c-ec1fc7264a95'); 
INSERT INTO userDepartment(departmentIDFK, userIDFK) values ('3adb8a91-75e4-4079-9d73-e0549c6eb6f5', '491212f0-fcc7-4924-8a1c-a554d1c85cfd'); 
INSERT INTO userDepartment(departmentIDFK, userIDFK) values ('722bddd9-1d2a-40be-b995-8b4ac2ea4416', '7e8fa04e-7bda-4904-a318-ca3ae27f34cf'); 
INSERT INTO userDepartment(departmentIDFK, userIDFK) values ('e8d5e753-7931-4deb-bc95-5f331fe27769', 'de779dea-0c31-4972-8dc4-f3699a045adf'); 
INSERT INTO userDepartment(departmentIDFK, userIDFK) values ('47dc4d04-71ac-4791-8fae-faeaeb9b47cc', '5a0d829d-4c6b-46c7-8570-129324645ee9'); 
INSERT INTO userDepartment(departmentIDFK, userIDFK) values ('3830d496-a3b4-4a3f-a2a1-35ca99cc37c0', '9d49c41e-8cd7-40ad-8490-d7e77cdc4a75'); 
INSERT INTO userDepartment(departmentIDFK, userIDFK) values ('b25fca41-0dc4-4bf9-9f73-c5ed3a847517', '8eb1e269-391d-4f1b-8be7-ab9da1be65fd'); 
INSERT INTO userDepartment(departmentIDFK, userIDFK) values ('984ed2a5-a5af-405e-9458-64fc91165c5b', 'faac50c0-0c04-4f37-8715-5c44a977a096'); 
INSERT INTO userDepartment(departmentIDFK, userIDFK) values ('e8d5e753-7931-4deb-bc95-5f331fe27769', 'b7db9cd3-4a88-4566-8a5f-52406ded84f7'); 
INSERT INTO userDepartment(departmentIDFK, userIDFK) values ('83444978-c638-42a3-9222-130797a8158d', 'cef3c5a5-f05f-442d-925e-4049367a0638'); 
INSERT INTO userDepartment(departmentIDFK, userIDFK) values ('976d2619-0c13-402a-ad3e-240ac95ee554', '9bf4dd44-a516-4363-a1d3-994be1d124cc'); 
INSERT INTO userDepartment(departmentIDFK, userIDFK) values ('024d2c82-2891-4927-af43-55b7ff1549e7', 'ff94faa6-940a-4bdf-9cf4-a3c183f31380'); 
INSERT INTO userDepartment(departmentIDFK, userIDFK) values ('47dc4d04-71ac-4791-8fae-faeaeb9b47cc', '491212f0-fcc7-4924-8a1c-a554d1c85cfd'); 
INSERT INTO userDepartment(departmentIDFK, userIDFK) values ('1f83627e-f627-4b30-ace0-488bece0d9be', 'fbe3e0f3-fe2d-42e8-b0a6-447d3bb9a387'); 
INSERT INTO userDepartment(departmentIDFK, userIDFK) values ('984ed2a5-a5af-405e-9458-64fc91165c5b', 'a900cf50-d426-4448-baba-ad97fb4e12a5'); 
INSERT INTO userDepartment(departmentIDFK, userIDFK) values ('1f83627e-f627-4b30-ace0-488bece0d9be', 'f32ae391-9401-4467-89f6-335cff662d6b'); 
INSERT INTO userDepartment(departmentIDFK, userIDFK) values ('984ed2a5-a5af-405e-9458-64fc91165c5b', '9d49c41e-8cd7-40ad-8490-d7e77cdc4a75'); 
INSERT INTO userDepartment(departmentIDFK, userIDFK) values ('3adb8a91-75e4-4079-9d73-e0549c6eb6f5', '56160437-bb91-4ba4-9048-667c4c1110b1'); 
INSERT INTO userDepartment(departmentIDFK, userIDFK) values ('3f2650b8-bbdb-427d-8546-937dc953b989', 'fbcd2169-c7b0-40f9-9304-cee3a884587d'); 
INSERT INTO userDepartment(departmentIDFK, userIDFK) values ('bf92e8ea-ee72-44fe-8eb8-02dee72fac6a', '177db711-5473-4dfc-a3a7-7ae24646b9ed'); 
INSERT INTO userDepartment(departmentIDFK, userIDFK) values ('121af434-bb29-4e54-b535-14da79e7dfe7', '8d4415ec-7267-405b-8317-9bfe5015ee6f'); 
INSERT INTO userDepartment(departmentIDFK, userIDFK) values ('3f2650b8-bbdb-427d-8546-937dc953b989', '390d9080-e1e7-4697-a72f-a6645a6de8bc'); 
INSERT INTO userDepartment(departmentIDFK, userIDFK) values ('8e62593a-42a1-452e-829f-ec071d5a1dfa', 'a4b51863-5042-47ee-9934-6f85fa1268eb'); 
INSERT INTO userDepartment(departmentIDFK, userIDFK) values ('8e62593a-42a1-452e-829f-ec071d5a1dfa', '390d9080-e1e7-4697-a72f-a6645a6de8bc'); 
INSERT INTO userDepartment(departmentIDFK, userIDFK) values ('950ef6d0-0b5b-4dc6-aba4-4aa9718b9874', '5c924633-d7c5-4f41-9631-e611677f9b27'); 
INSERT INTO userDepartment(departmentIDFK, userIDFK) values ('bf3cc07e-0ae5-4b0f-a33c-4a4937bd7515', '1a258d08-c27e-4afc-ab17-92d2f47dd50f'); 
INSERT INTO userDepartment(departmentIDFK, userIDFK) values ('1f83627e-f627-4b30-ace0-488bece0d9be', '337388c5-3edf-4703-ad57-03c75445a7ee'); 
INSERT INTO userDepartment(departmentIDFK, userIDFK) values ('024d2c82-2891-4927-af43-55b7ff1549e7', 'eecf45c1-a226-46d1-871f-faaf8c260266'); 
INSERT INTO userDepartment(departmentIDFK, userIDFK) values ('59433567-fb37-45e2-a6f1-4cb7a14f04cd', '5c924633-d7c5-4f41-9631-e611677f9b27'); 
INSERT INTO userDepartment(departmentIDFK, userIDFK) values ('8e62593a-42a1-452e-829f-ec071d5a1dfa', 'fbcd2169-c7b0-40f9-9304-cee3a884587d'); 
INSERT INTO userDepartment(departmentIDFK, userIDFK) values ('bf88dd5b-9781-4ec6-8c57-ddebb924c706', '427f2ea8-76cf-4068-8300-1fa9f10eedde'); 
INSERT INTO userDepartment(departmentIDFK, userIDFK) values ('bf88dd5b-9781-4ec6-8c57-ddebb924c706', '931ed2c0-1052-46f9-9bf1-fbfd0d41f61f'); 
INSERT INTO userDepartment(departmentIDFK, userIDFK) values ('121af434-bb29-4e54-b535-14da79e7dfe7', 'be1e0ad0-5e75-475f-9a9b-bf73a4cd99bb'); 
INSERT INTO userDepartment(departmentIDFK, userIDFK) values ('2dce8322-0398-4c7d-bfdb-64a7fede1a2e', 'd115bb51-4a71-443a-8cc5-2982927dc79c'); 
INSERT INTO userDepartment(departmentIDFK, userIDFK) values ('bf88dd5b-9781-4ec6-8c57-ddebb924c706', 'b0364e51-d6c5-4ea3-9caa-404679257109'); 
INSERT INTO userDepartment(departmentIDFK, userIDFK) values ('024d2c82-2891-4927-af43-55b7ff1549e7', '9bf4dd44-a516-4363-a1d3-994be1d124cc'); 
INSERT INTO userDepartment(departmentIDFK, userIDFK) values ('bf92e8ea-ee72-44fe-8eb8-02dee72fac6a', '21b74261-99b3-43ec-adf7-bb7b24eb145a'); 
INSERT INTO userDepartment(departmentIDFK, userIDFK) values ('5efa54cd-3ea9-443d-bece-25bd057e003b', '931ed2c0-1052-46f9-9bf1-fbfd0d41f61f'); 
INSERT INTO userDepartment(departmentIDFK, userIDFK) values ('83444978-c638-42a3-9222-130797a8158d', '22f86601-5401-4fd6-888e-f700fc950c70'); 
INSERT INTO userDepartment(departmentIDFK, userIDFK) values ('bf92e8ea-ee72-44fe-8eb8-02dee72fac6a', '1be87837-4594-4e4a-84f9-1869c2fdef9e'); 
INSERT INTO userDepartment(departmentIDFK, userIDFK) values ('3f2650b8-bbdb-427d-8546-937dc953b989', '385156cf-438d-49a4-89b0-2edd87a2c872'); 
INSERT INTO userDepartment(departmentIDFK, userIDFK) values ('bf92e8ea-ee72-44fe-8eb8-02dee72fac6a', 'b5cb2fb0-2517-46e1-afb4-eb4b10286b1d'); 
INSERT INTO userDepartment(departmentIDFK, userIDFK) values ('8e62593a-42a1-452e-829f-ec071d5a1dfa', '99c2319c-786d-499c-9112-893aa104151d'); 
INSERT INTO userDepartment(departmentIDFK, userIDFK) values ('5efa54cd-3ea9-443d-bece-25bd057e003b', '2d834ad5-c46d-4765-a27a-7245f0773efe'); 
INSERT INTO userDepartment(departmentIDFK, userIDFK) values ('bf92e8ea-ee72-44fe-8eb8-02dee72fac6a', '8e733f17-b57f-4e13-9228-46ce22e1c599'); 
INSERT INTO userDepartment(departmentIDFK, userIDFK) values ('6e16dc42-6e40-4eff-979a-5aaf04793266', 'b728d98c-69f9-4372-b6d6-bcbbf084c43c'); 
INSERT INTO userDepartment(departmentIDFK, userIDFK) values ('3f2650b8-bbdb-427d-8546-937dc953b989', 'de779dea-0c31-4972-8dc4-f3699a045adf'); 
INSERT INTO userDepartment(departmentIDFK, userIDFK) values ('976d2619-0c13-402a-ad3e-240ac95ee554', 'f8b4fee9-32a5-41ee-8ba6-4c6daa0c00c7'); 
INSERT INTO userDepartment(departmentIDFK, userIDFK) values ('1f83627e-f627-4b30-ace0-488bece0d9be', 'ffb9ee2f-7c4b-42dd-a709-a0d745528205'); 
INSERT INTO userDepartment(departmentIDFK, userIDFK) values ('1f83627e-f627-4b30-ace0-488bece0d9be', '54d6c700-2854-4f6f-9cdc-f881663c1ea2'); 
INSERT INTO userDepartment(departmentIDFK, userIDFK) values ('024d2c82-2891-4927-af43-55b7ff1549e7', '4e875f73-b967-42cd-b5f7-9bf0e0550fa7'); 
INSERT INTO userDepartment(departmentIDFK, userIDFK) values ('3830d496-a3b4-4a3f-a2a1-35ca99cc37c0', '491212f0-fcc7-4924-8a1c-a554d1c85cfd'); 
INSERT INTO userDepartment(departmentIDFK, userIDFK) values ('bf3cc07e-0ae5-4b0f-a33c-4a4937bd7515', '2d834ad5-c46d-4765-a27a-7245f0773efe'); 
INSERT INTO userDepartment(departmentIDFK, userIDFK) values ('024d2c82-2891-4927-af43-55b7ff1549e7', 'c0a76bd8-dfac-4271-b400-a797837adb31'); 
INSERT INTO userDepartment(departmentIDFK, userIDFK) values ('5efa54cd-3ea9-443d-bece-25bd057e003b', 'faac50c0-0c04-4f37-8715-5c44a977a096'); 
INSERT INTO userDepartment(departmentIDFK, userIDFK) values ('b25fca41-0dc4-4bf9-9f73-c5ed3a847517', 'b7db9cd3-4a88-4566-8a5f-52406ded84f7'); 
INSERT INTO userDepartment(departmentIDFK, userIDFK) values ('b25fca41-0dc4-4bf9-9f73-c5ed3a847517', '04ecb4b7-fe92-4165-bceb-46c3bc4af6d4'); 
INSERT INTO userDepartment(departmentIDFK, userIDFK) values ('47dc4d04-71ac-4791-8fae-faeaeb9b47cc', '75a4c152-b438-4c7d-85b8-2922fc979a96'); 
INSERT INTO userDepartment(departmentIDFK, userIDFK) values ('d3056e40-4392-4a0d-b02f-61e08a99115e', '9c9d6943-2b07-4d3a-9d8d-e524cf6e4686'); 
INSERT INTO userDepartment(departmentIDFK, userIDFK) values ('83444978-c638-42a3-9222-130797a8158d', 'f2abc43c-e1db-4840-bce1-a915313d6968'); 
INSERT INTO userDepartment(departmentIDFK, userIDFK) values ('b25fca41-0dc4-4bf9-9f73-c5ed3a847517', '74265aa8-b4d2-4620-a077-1ace459ad248'); 
INSERT INTO userDepartment(departmentIDFK, userIDFK) values ('6e16dc42-6e40-4eff-979a-5aaf04793266', '005dc80a-470b-43bf-b1c1-5ac774a4db35'); 

UPDATE user SET prioritaryDepartmentFK = '3f2650b8-bbdb-427d-8546-937dc953b989' WHERE userID = 'de779dea-0c31-4972-8dc4-f3699a045adf'; 
UPDATE user SET prioritaryDepartmentFK = 'bf3cc07e-0ae5-4b0f-a33c-4a4937bd7515' WHERE userID = 'faac50c0-0c04-4f37-8715-5c44a977a096'; 
UPDATE user SET prioritaryDepartmentFK = 'a15de0f3-7ff3-4a16-9b0f-a3132f8be816' WHERE userID = '2af30ea5-3cfa-42d2-88d9-5a3def33d40b'; 
UPDATE user SET prioritaryDepartmentFK = '3adb8a91-75e4-4079-9d73-e0549c6eb6f5' WHERE userID = '491212f0-fcc7-4924-8a1c-a554d1c85cfd'; 
UPDATE user SET prioritaryDepartmentFK = '121af434-bb29-4e54-b535-14da79e7dfe7' WHERE userID = 'b728d98c-69f9-4372-b6d6-bcbbf084c43c'; 
UPDATE user SET prioritaryDepartmentFK = 'd3056e40-4392-4a0d-b02f-61e08a99115e' WHERE userID = 'b5863635-6fc2-45dd-9252-2722f016202b'; 
UPDATE user SET prioritaryDepartmentFK = 'bf92e8ea-ee72-44fe-8eb8-02dee72fac6a' WHERE userID = '1be87837-4594-4e4a-84f9-1869c2fdef9e'; 
UPDATE user SET prioritaryDepartmentFK = '6e16dc42-6e40-4eff-979a-5aaf04793266' WHERE userID = '2596033d-db5d-4e59-9709-46b966d9d38c'; 
UPDATE user SET prioritaryDepartmentFK = '59433567-fb37-45e2-a6f1-4cb7a14f04cd' WHERE userID = '6caaf8e4-c733-4035-861e-2c49bba1f0b7'; 
UPDATE user SET prioritaryDepartmentFK = '121af434-bb29-4e54-b535-14da79e7dfe7' WHERE userID = '6ffc6e25-81d9-4248-a5d9-42e248ed9bb5'; 
UPDATE user SET prioritaryDepartmentFK = 'b25fca41-0dc4-4bf9-9f73-c5ed3a847517' WHERE userID = 'b7db9cd3-4a88-4566-8a5f-52406ded84f7'; 
UPDATE user SET prioritaryDepartmentFK = '5efa54cd-3ea9-443d-bece-25bd057e003b' WHERE userID = '2d834ad5-c46d-4765-a27a-7245f0773efe'; 
UPDATE user SET prioritaryDepartmentFK = '8e62593a-42a1-452e-829f-ec071d5a1dfa' WHERE userID = 'f8b4fee9-32a5-41ee-8ba6-4c6daa0c00c7'; 
UPDATE user SET prioritaryDepartmentFK = '83444978-c638-42a3-9222-130797a8158d' WHERE userID = 'aa0f1fa9-9d4b-49f2-a132-d09ae0ad03ee'; 
UPDATE user SET prioritaryDepartmentFK = '2dce8322-0398-4c7d-bfdb-64a7fede1a2e' WHERE userID = '212ca658-1721-4bfc-9ce6-de2af7c0906f'; 
UPDATE user SET prioritaryDepartmentFK = 'bf88dd5b-9781-4ec6-8c57-ddebb924c706' WHERE userID = '931ed2c0-1052-46f9-9bf1-fbfd0d41f61f'; 
UPDATE user SET prioritaryDepartmentFK = '024d2c82-2891-4927-af43-55b7ff1549e7' WHERE userID = 'eecf45c1-a226-46d1-871f-faaf8c260266'; 
UPDATE user SET prioritaryDepartmentFK = 'b25fca41-0dc4-4bf9-9f73-c5ed3a847517' WHERE userID = 'f03f6ec3-f90e-44f3-87ea-0af9f98defd7'; 
UPDATE user SET prioritaryDepartmentFK = 'bf92e8ea-ee72-44fe-8eb8-02dee72fac6a' WHERE userID = '48193c75-159b-40e9-8864-9a7311480c54'; 
UPDATE user SET prioritaryDepartmentFK = '3f2650b8-bbdb-427d-8546-937dc953b989' WHERE userID = '37498b0d-c263-42dd-b9ef-c0eb65dcb9b0'; 
UPDATE user SET prioritaryDepartmentFK = '5efa54cd-3ea9-443d-bece-25bd057e003b' WHERE userID = 'f32ae391-9401-4467-89f6-335cff662d6b'; 
UPDATE user SET prioritaryDepartmentFK = 'bf3cc07e-0ae5-4b0f-a33c-4a4937bd7515' WHERE userID = '3f596b36-07de-4e50-9461-60062b6bd07f'; 
UPDATE user SET prioritaryDepartmentFK = '121af434-bb29-4e54-b535-14da79e7dfe7' WHERE userID = '8d4415ec-7267-405b-8317-9bfe5015ee6f'; 
UPDATE user SET prioritaryDepartmentFK = '83444978-c638-42a3-9222-130797a8158d' WHERE userID = '8e733f17-b57f-4e13-9228-46ce22e1c599'; 
UPDATE user SET prioritaryDepartmentFK = '2dce8322-0398-4c7d-bfdb-64a7fede1a2e' WHERE userID = '4fc1e8bf-b378-482e-8a92-0aaf5b06d794'; 
UPDATE user SET prioritaryDepartmentFK = '1f83627e-f627-4b30-ace0-488bece0d9be' WHERE userID = '54d6c700-2854-4f6f-9cdc-f881663c1ea2'; 
UPDATE user SET prioritaryDepartmentFK = '722bddd9-1d2a-40be-b995-8b4ac2ea4416' WHERE userID = '7e8fa04e-7bda-4904-a318-ca3ae27f34cf'; 
UPDATE user SET prioritaryDepartmentFK = '47dc4d04-71ac-4791-8fae-faeaeb9b47cc' WHERE userID = '5a0d829d-4c6b-46c7-8570-129324645ee9'; 
UPDATE user SET prioritaryDepartmentFK = '59433567-fb37-45e2-a6f1-4cb7a14f04cd' WHERE userID = '5c924633-d7c5-4f41-9631-e611677f9b27'; 
UPDATE user SET prioritaryDepartmentFK = '950ef6d0-0b5b-4dc6-aba4-4aa9718b9874' WHERE userID = '1638d6e6-09ff-4bfe-b325-23d7ed70f9f7'; 
UPDATE user SET prioritaryDepartmentFK = 'bf3cc07e-0ae5-4b0f-a33c-4a4937bd7515' WHERE userID = '337388c5-3edf-4703-ad57-03c75445a7ee'; 
UPDATE user SET prioritaryDepartmentFK = '8e62593a-42a1-452e-829f-ec071d5a1dfa' WHERE userID = '7b5df169-5531-49ce-887c-15646d4e994a'; 
UPDATE user SET prioritaryDepartmentFK = '2dce8322-0398-4c7d-bfdb-64a7fede1a2e' WHERE userID = 'd115bb51-4a71-443a-8cc5-2982927dc79c'; 
UPDATE user SET prioritaryDepartmentFK = '83444978-c638-42a3-9222-130797a8158d' WHERE userID = 'cef3c5a5-f05f-442d-925e-4049367a0638'; 
UPDATE user SET prioritaryDepartmentFK = '984ed2a5-a5af-405e-9458-64fc91165c5b' WHERE userID = '43c636b5-4393-4401-8d7d-517048727c55'; 
UPDATE user SET prioritaryDepartmentFK = 'bf92e8ea-ee72-44fe-8eb8-02dee72fac6a' WHERE userID = '21b74261-99b3-43ec-adf7-bb7b24eb145a'; 
UPDATE user SET prioritaryDepartmentFK = '3830d496-a3b4-4a3f-a2a1-35ca99cc37c0' WHERE userID = 'a4b51863-5042-47ee-9934-6f85fa1268eb'; 
UPDATE user SET prioritaryDepartmentFK = 'b25fca41-0dc4-4bf9-9f73-c5ed3a847517' WHERE userID = 'f2abc43c-e1db-4840-bce1-a915313d6968'; 
UPDATE user SET prioritaryDepartmentFK = '5efa54cd-3ea9-443d-bece-25bd057e003b' WHERE userID = 'cb1061de-8e80-4915-aa49-fbbd62fb52c8'; 
UPDATE user SET prioritaryDepartmentFK = 'bf88dd5b-9781-4ec6-8c57-ddebb924c706' WHERE userID = '427f2ea8-76cf-4068-8300-1fa9f10eedde'; 
UPDATE user SET prioritaryDepartmentFK = '2dce8322-0398-4c7d-bfdb-64a7fede1a2e' WHERE userID = 'ee359106-3edc-4738-b675-10d39415181e'; 
UPDATE user SET prioritaryDepartmentFK = '8e62593a-42a1-452e-829f-ec071d5a1dfa' WHERE userID = 'fbcd2169-c7b0-40f9-9304-cee3a884587d'; 
UPDATE user SET prioritaryDepartmentFK = '3f2650b8-bbdb-427d-8546-937dc953b989' WHERE userID = '390d9080-e1e7-4697-a72f-a6645a6de8bc'; 
UPDATE user SET prioritaryDepartmentFK = '8e62593a-42a1-452e-829f-ec071d5a1dfa' WHERE userID = '99c2319c-786d-499c-9112-893aa104151d'; 
UPDATE user SET prioritaryDepartmentFK = 'bf3cc07e-0ae5-4b0f-a33c-4a4937bd7515' WHERE userID = '92d23bdd-03f8-44d0-8ed0-77557ec50ed3'; 
UPDATE user SET prioritaryDepartmentFK = '976d2619-0c13-402a-ad3e-240ac95ee554' WHERE userID = '9bf4dd44-a516-4363-a1d3-994be1d124cc'; 
UPDATE user SET prioritaryDepartmentFK = 'bf92e8ea-ee72-44fe-8eb8-02dee72fac6a' WHERE userID = '27ecad69-8b43-4fc3-a575-cd2b3850180e'; 
UPDATE user SET prioritaryDepartmentFK = '47dc4d04-71ac-4791-8fae-faeaeb9b47cc' WHERE userID = 'be1e0ad0-5e75-475f-9a9b-bf73a4cd99bb'; 
UPDATE user SET prioritaryDepartmentFK = 'bf88dd5b-9781-4ec6-8c57-ddebb924c706' WHERE userID = 'b0364e51-d6c5-4ea3-9caa-404679257109'; 
UPDATE user SET prioritaryDepartmentFK = 'bf92e8ea-ee72-44fe-8eb8-02dee72fac6a' WHERE userID = 'b5cb2fb0-2517-46e1-afb4-eb4b10286b1d'; 
UPDATE user SET prioritaryDepartmentFK = 'b25fca41-0dc4-4bf9-9f73-c5ed3a847517' WHERE userID = 'ff94faa6-940a-4bdf-9cf4-a3c183f31380'; 
UPDATE user SET prioritaryDepartmentFK = 'd3056e40-4392-4a0d-b02f-61e08a99115e' WHERE userID = '9c9d6943-2b07-4d3a-9d8d-e524cf6e4686'; 
UPDATE user SET prioritaryDepartmentFK = '984ed2a5-a5af-405e-9458-64fc91165c5b' WHERE userID = 'a900cf50-d426-4448-baba-ad97fb4e12a5'; 
UPDATE user SET prioritaryDepartmentFK = '8e62593a-42a1-452e-829f-ec071d5a1dfa' WHERE userID = '0a7d3b13-aa39-4b0b-bf74-d0a34a9007c4'; 
UPDATE user SET prioritaryDepartmentFK = '121af434-bb29-4e54-b535-14da79e7dfe7' WHERE userID = '31ed4d69-9bc5-4cd9-8433-51650795c7ce'; 
UPDATE user SET prioritaryDepartmentFK = '2dce8322-0398-4c7d-bfdb-64a7fede1a2e' WHERE userID = 'fbe3e0f3-fe2d-42e8-b0a6-447d3bb9a387'; 
UPDATE user SET prioritaryDepartmentFK = '8e62593a-42a1-452e-829f-ec071d5a1dfa' WHERE userID = '9d49c41e-8cd7-40ad-8490-d7e77cdc4a75'; 
UPDATE user SET prioritaryDepartmentFK = '3f2650b8-bbdb-427d-8546-937dc953b989' WHERE userID = '385156cf-438d-49a4-89b0-2edd87a2c872'; 
UPDATE user SET prioritaryDepartmentFK = 'a15de0f3-7ff3-4a16-9b0f-a3132f8be816' WHERE userID = '241f7eed-c565-4934-be78-0afd64396a00'; 
UPDATE user SET prioritaryDepartmentFK = 'b25fca41-0dc4-4bf9-9f73-c5ed3a847517' WHERE userID = '22f86601-5401-4fd6-888e-f700fc950c70'; 
UPDATE user SET prioritaryDepartmentFK = '3f2650b8-bbdb-427d-8546-937dc953b989' WHERE userID = 'e1e45f73-382f-464f-999e-e15879c5b87f'; 
UPDATE user SET prioritaryDepartmentFK = 'd3056e40-4392-4a0d-b02f-61e08a99115e' WHERE userID = '6d12d8da-d88a-4c57-bcf5-51476a20f81b'; 
UPDATE user SET prioritaryDepartmentFK = 'b25fca41-0dc4-4bf9-9f73-c5ed3a847517' WHERE userID = '74265aa8-b4d2-4620-a077-1ace459ad248'; 
UPDATE user SET prioritaryDepartmentFK = '6e16dc42-6e40-4eff-979a-5aaf04793266' WHERE userID = '005dc80a-470b-43bf-b1c1-5ac774a4db35'; 
UPDATE user SET prioritaryDepartmentFK = '024d2c82-2891-4927-af43-55b7ff1549e7' WHERE userID = 'c0a76bd8-dfac-4271-b400-a797837adb31'; 
UPDATE user SET prioritaryDepartmentFK = '024d2c82-2891-4927-af43-55b7ff1549e7' WHERE userID = '1baf31b0-5077-47d8-990c-ec1fc7264a95'; 
UPDATE user SET prioritaryDepartmentFK = 'bf88dd5b-9781-4ec6-8c57-ddebb924c706' WHERE userID = '1a258d08-c27e-4afc-ab17-92d2f47dd50f'; 
UPDATE user SET prioritaryDepartmentFK = 'bf92e8ea-ee72-44fe-8eb8-02dee72fac6a' WHERE userID = '177db711-5473-4dfc-a3a7-7ae24646b9ed'; 
UPDATE user SET prioritaryDepartmentFK = '024d2c82-2891-4927-af43-55b7ff1549e7' WHERE userID = '4e875f73-b967-42cd-b5f7-9bf0e0550fa7'; 
UPDATE user SET prioritaryDepartmentFK = '121af434-bb29-4e54-b535-14da79e7dfe7' WHERE userID = '44930475-0d8c-452f-bf07-65d2939efe53'; 
UPDATE user SET prioritaryDepartmentFK = '1f83627e-f627-4b30-ace0-488bece0d9be' WHERE userID = 'ffb9ee2f-7c4b-42dd-a709-a0d745528205'; 
UPDATE user SET prioritaryDepartmentFK = '3830d496-a3b4-4a3f-a2a1-35ca99cc37c0' WHERE userID = '8eb1e269-391d-4f1b-8be7-ab9da1be65fd'; 
UPDATE user SET prioritaryDepartmentFK = 'b25fca41-0dc4-4bf9-9f73-c5ed3a847517' WHERE userID = '04ecb4b7-fe92-4165-bceb-46c3bc4af6d4'; 
UPDATE user SET prioritaryDepartmentFK = '3adb8a91-75e4-4079-9d73-e0549c6eb6f5' WHERE userID = 'd684e22d-f1e7-48b1-a9ef-ee3328fe3b7d'; 
UPDATE user SET prioritaryDepartmentFK = '3adb8a91-75e4-4079-9d73-e0549c6eb6f5' WHERE userID = '56160437-bb91-4ba4-9048-667c4c1110b1'; 
UPDATE user SET prioritaryDepartmentFK = '83444978-c638-42a3-9222-130797a8158d' WHERE userID = '75a4c152-b438-4c7d-85b8-2922fc979a96'; 
INSERT INTO workStatus(workStatusID, startDate,endDate, userStatusIDFK) VALUES('1e705462-7175-4e0a-a18d-c2da0e62b367', '1917-02-05', '2026-06-02', '22f86601-5401-4fd6-888e-f700fc950c70'); 
INSERT INTO workStatus(workStatusID, startDate,endDate, userStatusIDFK) VALUES('16b29cc0-fbf6-4934-be78-654a96d59ef8', '2026-05-23', '2026-08-28', 'd115bb51-4a71-443a-8cc5-2982927dc79c'); 
INSERT INTO workStatus(workStatusID, startDate,endDate, userStatusIDFK) VALUES('50752412-4f32-4402-9941-a953575bef18', '2026-04-02', '2000-01-07', '8e733f17-b57f-4e13-9228-46ce22e1c599'); 
INSERT INTO workStatus(workStatusID, startDate,endDate, userStatusIDFK) VALUES('8a6449ef-aedf-444d-980b-606e5bd5926e', '2026-04-30', '2026-06-16', '931ed2c0-1052-46f9-9bf1-fbfd0d41f61f'); 
INSERT INTO workStatus(workStatusID, startDate,endDate, userStatusIDFK) VALUES('275e24d0-b17b-4ca1-9382-86640deaadfc', '2026-10-12', '1917-02-05', '5a0d829d-4c6b-46c7-8570-129324645ee9'); 
INSERT INTO workStatus(workStatusID, startDate,endDate, userStatusIDFK) VALUES('e665cc46-d327-4c66-9540-2a7867889c38', '2026-06-02', '1910-11-20', '491212f0-fcc7-4924-8a1c-a554d1c85cfd'); 
INSERT INTO workStatus(workStatusID, startDate,endDate, userStatusIDFK) VALUES('dbabe661-0ff3-4cbd-b0e5-4ab1cbaf7d11', '2026-01-02', '2026-03-08', '306cf214-4559-4185-bdb9-d631e350f8c1'); 
INSERT INTO workStatus(workStatusID, startDate,endDate, userStatusIDFK) VALUES('e83a6e13-b2d5-4b4e-8dd5-6571b0105812', '1806-03-21', '2026-08-22', '214c58cd-ed6f-48c3-960b-6a447a402a9d'); 
INSERT INTO workStatus(workStatusID, startDate,endDate, userStatusIDFK) VALUES('dd3b4327-ec0e-4669-9f58-0e4d4148bb54', '1934-02-24', '2026-09-21', 'a4b51863-5042-47ee-9934-6f85fa1268eb'); 
INSERT INTO workStatus(workStatusID, startDate,endDate, userStatusIDFK) VALUES('489ec5ad-0f75-4e67-87de-b3e5bbee28e2', '2026-11-02', '1917-02-05', 'c2c0f571-a3a3-48a5-9684-00bc4a38932c'); 
INSERT INTO workStatus(workStatusID, startDate,endDate, userStatusIDFK) VALUES('44561052-a351-4a5e-a594-ee95dc8c5a8a', '2026-12-25', '2026-10-12', 'd65497d4-0daf-4472-bbc1-2fc8dcfd97c7'); 
INSERT INTO workStatus(workStatusID, startDate,endDate, userStatusIDFK) VALUES('035726b6-3ce1-4565-8380-9b7bc4f18b17', '2026-12-25', '1886-05-01', 'de779dea-0c31-4972-8dc4-f3699a045adf'); 
INSERT INTO workStatus(workStatusID, startDate,endDate, userStatusIDFK) VALUES('f28246e1-1722-4d71-ac09-41f40d981ac3', '2026-04-30', '2026-06-16', '212ca658-1721-4bfc-9ce6-de2af7c0906f'); 
INSERT INTO workStatus(workStatusID, startDate,endDate, userStatusIDFK) VALUES('39bee8d5-39ad-46c5-845b-a2754d24bb2e', '2026-02-14', '2026-03-08', '9c9d6943-2b07-4d3a-9d8d-e524cf6e4686'); 
INSERT INTO workStatus(workStatusID, startDate,endDate, userStatusIDFK) VALUES('ad8aa5ee-7fb2-4699-b65b-95de9453c769', '2026-12-25', '2026-02-19', '9c9d6943-2b07-4d3a-9d8d-e524cf6e4686'); 
INSERT INTO workStatus(workStatusID, startDate,endDate, userStatusIDFK) VALUES('52388bf4-add8-4869-8754-47a302d148f0', '2026-12-25', '2026-05-10', '27ecad69-8b43-4fc3-a575-cd2b3850180e'); 
INSERT INTO workStatus(workStatusID, startDate,endDate, userStatusIDFK) VALUES('ea71d27f-4f66-4216-905f-8a00b1c28ba5', '2026-11-02', '2026-08-28', '7b5df169-5531-49ce-887c-15646d4e994a'); 
INSERT INTO workStatus(workStatusID, startDate,endDate, userStatusIDFK) VALUES('d96a1220-0d14-4156-8542-517c2cc24eab', '1934-02-24', '2026-08-28', 'b7db9cd3-4a88-4566-8a5f-52406ded84f7'); 
INSERT INTO workStatus(workStatusID, startDate,endDate, userStatusIDFK) VALUES('2884ddb2-848e-450f-b4e5-73f2bedd04de', '2026-06-05', '2026-08-22', '983da3e6-97a3-4095-8331-41cf5b1253bc'); 
INSERT INTO workStatus(workStatusID, startDate,endDate, userStatusIDFK) VALUES('411e1192-9a3d-44e8-a865-9c668d214340', '2026-08-28', '2026-04-30', '75a4c152-b438-4c7d-85b8-2922fc979a96'); 
INSERT INTO workStatus(workStatusID, startDate,endDate, userStatusIDFK) VALUES('b5059a28-f758-45fc-b6f0-1505313317c3', '2026-04-30', '2026-04-30', 'd115bb51-4a71-443a-8cc5-2982927dc79c'); 
INSERT INTO workStatus(workStatusID, startDate,endDate, userStatusIDFK) VALUES('b53d7d51-a30a-42e6-8a18-b7ffcdbd99f5', '2026-09-21', '2026-02-14', '5c924633-d7c5-4f41-9631-e611677f9b27'); 
INSERT INTO workStatus(workStatusID, startDate,endDate, userStatusIDFK) VALUES('b027ebc5-2d1c-4844-a0c5-98f77ad574cc', '2026-05-23', '1806-03-21', '9d49c41e-8cd7-40ad-8490-d7e77cdc4a75'); 
INSERT INTO workStatus(workStatusID, startDate,endDate, userStatusIDFK) VALUES('5ec95616-c923-4362-9887-5413387bfefd', '1920-09-15', '2026-08-28', 'de779dea-0c31-4972-8dc4-f3699a045adf'); 
INSERT INTO workStatus(workStatusID, startDate,endDate, userStatusIDFK) VALUES('ecfabb85-f236-4a66-82d3-e54031af9747', '2026-10-01', '1920-09-15', '9bf4dd44-a516-4363-a1d3-994be1d124cc'); 
INSERT INTO workStatus(workStatusID, startDate,endDate, userStatusIDFK) VALUES('dad3a22e-e6da-4ae4-9752-fecd3ff989c4', '2026-04-02', '2026-10-12', 'e1e45f73-382f-464f-999e-e15879c5b87f'); 
INSERT INTO workStatus(workStatusID, startDate,endDate, userStatusIDFK) VALUES('51c1f137-0123-4698-aa5e-538538262767', '1934-02-24', '1886-05-01', '3f596b36-07de-4e50-9461-60062b6bd07f'); 
INSERT INTO workStatus(workStatusID, startDate,endDate, userStatusIDFK) VALUES('f0d863ee-a6a2-472f-a6d2-ee8524af765b', '2026-06-02', '2026-04-30', '8d4415ec-7267-405b-8317-9bfe5015ee6f'); 
INSERT INTO workStatus(workStatusID, startDate,endDate, userStatusIDFK) VALUES('49049f9c-89d7-42b0-bece-b14fbe89b3ac', '2026-04-30', '2026-06-05', '2af30ea5-3cfa-42d2-88d9-5a3def33d40b'); 
INSERT INTO workStatus(workStatusID, startDate,endDate, userStatusIDFK) VALUES('5ebc664c-418a-4bb7-a5ac-5126f555c591', '1917-02-05', '2026-06-02', '44930475-0d8c-452f-bf07-65d2939efe53'); 
INSERT INTO workStatus(workStatusID, startDate,endDate, userStatusIDFK) VALUES('8edb213f-2bdf-48de-8bf8-331f56ef86a3', '2026-04-07', '2026-06-02', '4e875f73-b967-42cd-b5f7-9bf0e0550fa7'); 
INSERT INTO workStatus(workStatusID, startDate,endDate, userStatusIDFK) VALUES('e8f64a39-1c3f-4ee2-906c-7f23fa5a4439', '2026-04-02', '2026-01-02', '74265aa8-b4d2-4620-a077-1ace459ad248'); 
INSERT INTO workStatus(workStatusID, startDate,endDate, userStatusIDFK) VALUES('63aff997-ce50-4654-b3b7-65919f5bdcd8', '1910-11-20', '2026-03-08', '1bcc9557-6fef-476b-a80e-871d6112fc83'); 
INSERT INTO workStatus(workStatusID, startDate,endDate, userStatusIDFK) VALUES('59ecd2d8-0fcc-4354-85b8-77061c2600b3', '2026-04-02', '2026-11-02', '92d23bdd-03f8-44d0-8ed0-77557ec50ed3'); 
INSERT INTO workStatus(workStatusID, startDate,endDate, userStatusIDFK) VALUES('4943f0ae-d48f-49b0-a781-cccddab89fb3', '1910-11-20', '1917-02-05', '005dc80a-470b-43bf-b1c1-5ac774a4db35'); 
INSERT INTO workStatus(workStatusID, startDate,endDate, userStatusIDFK) VALUES('1b709e93-77ba-4977-adae-c7a7f80a97a6', '1934-02-24', '2026-03-08', '946d7867-b4e9-4c31-9cea-dd16938ee01c'); 
INSERT INTO workStatus(workStatusID, startDate,endDate, userStatusIDFK) VALUES('8f8e315b-5c0b-43fb-beda-67a4f6d74389', '2026-01-02', '2026-03-08', 'fbe3e0f3-fe2d-42e8-b0a6-447d3bb9a387'); 
INSERT INTO workStatus(workStatusID, startDate,endDate, userStatusIDFK) VALUES('c56bf18c-12e9-46a9-8f75-d03f045f705f', '2026-10-12', '1910-11-20', 'b728d98c-69f9-4372-b6d6-bcbbf084c43c'); 
INSERT INTO workStatus(workStatusID, startDate,endDate, userStatusIDFK) VALUES('b63a4c1d-df42-4522-8b43-1f0e098aff95', '2026-10-12', '2026-05-15', '337388c5-3edf-4703-ad57-03c75445a7ee'); 
INSERT INTO workStatus(workStatusID, startDate,endDate, userStatusIDFK) VALUES('4677a116-b7a5-4527-8430-a376e7dec204', '2026-05-15', '2026-08-22', '0a7d3b13-aa39-4b0b-bf74-d0a34a9007c4'); 
INSERT INTO workStatus(workStatusID, startDate,endDate, userStatusIDFK) VALUES('dfd03dfe-de46-49dd-9b25-c5076b3da882', '1806-03-21', '2026-06-05', 'd115bb51-4a71-443a-8cc5-2982927dc79c'); 
INSERT INTO workStatus(workStatusID, startDate,endDate, userStatusIDFK) VALUES('1b5128bf-c70f-4d8a-935a-8f0d395f4a37', '2026-03-08', '1806-03-21', 'b7db9cd3-4a88-4566-8a5f-52406ded84f7'); 
INSERT INTO workStatus(workStatusID, startDate,endDate, userStatusIDFK) VALUES('1b6be6e1-7351-4e1b-9312-69cb2dbaf3ec', '2026-05-15', '1917-02-05', '44211258-81e9-4dd4-bfc3-16c1fded9f7e'); 
INSERT INTO workStatus(workStatusID, startDate,endDate, userStatusIDFK) VALUES('0c15e39b-221c-4a6c-9438-fc145468fa35', '1806-03-21', '2026-02-19', 'b5cb2fb0-2517-46e1-afb4-eb4b10286b1d'); 
INSERT INTO workStatus(workStatusID, startDate,endDate, userStatusIDFK) VALUES('f61f655f-ea92-4add-bf9c-df08a8f5ec43', '2026-11-02', '2026-01-02', '6ffc6e25-81d9-4248-a5d9-42e248ed9bb5'); 
INSERT INTO workStatus(workStatusID, startDate,endDate, userStatusIDFK) VALUES('845c7680-71ca-486b-bfc3-b752bad7b719', '2026-06-02', '2026-12-25', 'a900cf50-d426-4448-baba-ad97fb4e12a5'); 
INSERT INTO workStatus(workStatusID, startDate,endDate, userStatusIDFK) VALUES('9fc8cf7e-d177-43bd-ba8b-c5f80f226e8f', '2026-08-28', '1531-12-12', '55b0d0d8-fccb-4fb7-8b40-8533dd75ff39'); 
INSERT INTO workStatus(workStatusID, startDate,endDate, userStatusIDFK) VALUES('fe373bb6-89f5-4d40-8f4e-8942ed52126c', '2026-05-10', '2026-01-02', '04ecb4b7-fe92-4165-bceb-46c3bc4af6d4'); 
INSERT INTO workStatus(workStatusID, startDate,endDate, userStatusIDFK) VALUES('e0446aa5-3c79-47aa-895a-e2815919bc0f', '1886-05-01', '2026-06-16', 'aa0f1fa9-9d4b-49f2-a132-d09ae0ad03ee'); 
INSERT INTO workStatus(workStatusID, startDate,endDate, userStatusIDFK) VALUES('e2c1ea6b-03d8-4d15-84e0-9f23c0e38e66', '2026-05-15', '1920-09-15', '6caaf8e4-c733-4035-861e-2c49bba1f0b7'); 
INSERT INTO workStatus(workStatusID, startDate,endDate, userStatusIDFK) VALUES('c91088ab-91e1-444e-b066-008c48c176b3', '1910-11-20', '2000-01-07', '04ecb4b7-fe92-4165-bceb-46c3bc4af6d4'); 
INSERT INTO workStatus(workStatusID, startDate,endDate, userStatusIDFK) VALUES('da925179-b612-4c44-b87b-4ba5445c2def', '2026-06-05', '1934-02-24', '74265aa8-b4d2-4620-a077-1ace459ad248'); 
INSERT INTO workStatus(workStatusID, startDate,endDate, userStatusIDFK) VALUES('3bfe193b-8a61-4c01-94c1-4f859be2d714', '1886-05-01', '1920-09-15', '2d834ad5-c46d-4765-a27a-7245f0773efe'); 
INSERT INTO workStatus(workStatusID, startDate,endDate, userStatusIDFK) VALUES('dc61eb27-062f-4334-9e71-42d1ac41eae8', '1917-02-05', '1910-11-20', 'f03f6ec3-f90e-44f3-87ea-0af9f98defd7'); 
INSERT INTO workStatus(workStatusID, startDate,endDate, userStatusIDFK) VALUES('cc5fa51c-e540-4ebc-9496-a5c47206af99', '2026-05-10', '2026-09-21', 'aa0f1fa9-9d4b-49f2-a132-d09ae0ad03ee'); 
INSERT INTO workStatus(workStatusID, startDate,endDate, userStatusIDFK) VALUES('40fc8e83-cd3a-44b7-a28f-02075c62ac78', '1531-12-12', '1934-02-24', '5a0d829d-4c6b-46c7-8570-129324645ee9'); 
INSERT INTO workStatus(workStatusID, startDate,endDate, userStatusIDFK) VALUES('03410ca8-067e-4eb5-97ba-9434fb90c27e', '1920-09-15', '2026-06-02', 'a900cf50-d426-4448-baba-ad97fb4e12a5'); 
INSERT INTO workStatus(workStatusID, startDate,endDate, userStatusIDFK) VALUES('151fd118-262d-4ad3-a5c1-c01bc401276c', '2026-10-12', '1531-12-12', '1638d6e6-09ff-4bfe-b325-23d7ed70f9f7'); 
INSERT INTO workStatus(workStatusID, startDate,endDate, userStatusIDFK) VALUES('bdbdd451-f1cf-41b4-8d3f-b18f55d0616d', '2026-02-19', '1806-03-21', '92d23bdd-03f8-44d0-8ed0-77557ec50ed3'); 
INSERT INTO workStatus(workStatusID, startDate,endDate, userStatusIDFK) VALUES('ca34a88a-4f6c-4b77-9893-1cf250d9c6a1', '2026-08-28', '1934-02-24', '110710d2-f1db-43fc-a53e-2dac515886e2'); 

INSERT INTO oneOnOneQuestion(questionID, question) VALUES('96827fe3-c230-4317-80d4-84f7626bc196', '¿Cuál va a ser tu meta del mes?'); 
INSERT INTO oneOnOneQuestion(questionID, question) VALUES('4be67fd7-5d57-4a79-89ba-530f5b1ea5dd', '¿El trabajo y las entregas van en el tiempo planeado?'); 
INSERT INTO oneOnOneQuestion(questionID, question) VALUES('899fcdfc-b6cd-403a-8532-a586c9b8d2af', '¿El trabajo y las entregas van en el tiempo planeado?'); 
INSERT INTO oneOnOneQuestion(questionID, question) VALUES('a90c8e13-85d7-4dd8-a728-f68c059315a5', '¿Qué vamos hacer para cumplir las metas?'); 

INSERT INTO oneOnOneMeasurable(measurableID, summary) VALUES('115b2ee1-96f3-443b-b9dd-f44b8c2bf498', 'Salud emocional: El colaborador se siente regular emocionalmente y con emociones poco positivas'); 
INSERT INTO oneOnOneMeasurable(measurableID, summary) VALUES('071d91d4-f678-4cec-8502-801aa7e02c02', 'Salud emocional: El colaborador se siente muy bien emocionalmente y con emociones positivas'); 
INSERT INTO oneOnOneMeasurable(measurableID, summary) VALUES('0d980121-d47b-4ec8-868a-f3bb22adc240', 'Carga de trabajo: El colaborador siente que su carga es poco manejable'); 
INSERT INTO oneOnOneMeasurable(measurableID, summary) VALUES('9736b793-22bc-45a2-973c-83033f9110d7', 'Equiilibrio: El colaborador siente que hay poco equilibrio entre su vida personal y trabajo'); 
INSERT INTO oneOnOneMeasurable(measurableID, summary) VALUES('32ab0e30-73d4-4b67-8fdd-14521d53e953', 'Equiilibrio: El colaborador siente que hay poco equilibrio entre su vida personal y trabajo'); 

INSERT INTO oneOnOne(oneOnOneID, expectedTime, meetingDate, meetingLink, oneOnOneUserIDFK) VALUES('c712189e-4e9b-418d-adb2-65c0e410ce14', 15, '2025-05-07 14:45:00', 'https://meet.google.com/abc-defg-hij', '1a84076f-2917-436d-a715-c35d56b350cf');
INSERT INTO oneOnOne(oneOnOneID, expectedTime, meetingDate, meetingLink, oneOnOneUserIDFK) VALUES('eb32adff-84ca-436d-9e5e-e99425fbacc4', 15, '2025-03-05 09:45:00', 'https://meet.google.com/abc-defg-hij', '1be87837-4594-4e4a-84f9-1869c2fdef9e');
INSERT INTO oneOnOne(oneOnOneID, expectedTime, meetingDate, meetingLink, oneOnOneUserIDFK) VALUES('d775173c-35fb-4d03-90d1-a5dfbcd78cbb', 15, '2025-05-07 07:30:00', 'https://meet.google.com/abc-defg-hij', '6e9c6112-b0e1-4070-b299-6a119b841bc7');
INSERT INTO oneOnOne(oneOnOneID, expectedTime, meetingDate, meetingLink, oneOnOneUserIDFK) VALUES('c8756cb2-0992-4db5-96f7-fdbbcf72d30b', 15, '2025-03-21 16:15:00', 'https://meet.google.com/abc-defg-hij', 'b5863635-6fc2-45dd-9252-2722f016202b');
INSERT INTO oneOnOne(oneOnOneID, expectedTime, meetingDate, meetingLink, oneOnOneUserIDFK) VALUES('aade2950-bee5-474a-a183-a1af4b161cfd', 15, '2025-05-12 14:30:00', 'https://meet.google.com/abc-defg-hij', '946d7867-b4e9-4c31-9cea-dd16938ee01c');
INSERT INTO oneOnOne(oneOnOneID, expectedTime, meetingDate, meetingLink, oneOnOneUserIDFK) VALUES('d504a2d2-bf71-4592-bdec-61d5973fffe7', 15, '2025-05-12 14:30:00', 'https://meet.google.com/abc-defg-hij', 'ff94faa6-940a-4bdf-9cf4-a3c183f31380');
INSERT INTO oneOnOne(oneOnOneID, expectedTime, meetingDate, meetingLink, oneOnOneUserIDFK) VALUES('488591e9-35dd-4051-9a1f-ff85f40328c7', 15, '2025-03-20 13:30:00', 'https://meet.google.com/abc-defg-hij', '008fd8fd-16b3-4fe2-bab7-9d2e01ac5ab3');
INSERT INTO oneOnOne(oneOnOneID, expectedTime, meetingDate, meetingLink, oneOnOneUserIDFK) VALUES('5516f8b6-ec8f-45eb-b6f3-cf853b551624', 15, '2025-05-07 07:00:00', 'https://meet.google.com/abc-defg-hij', 'f8b4fee9-32a5-41ee-8ba6-4c6daa0c00c7');
INSERT INTO oneOnOne(oneOnOneID, expectedTime, meetingDate, meetingLink, oneOnOneUserIDFK) VALUES('dbce44da-5338-4d7b-bf9f-150bf42b04aa', 15, '2025-03-20 13:15:00', 'https://meet.google.com/abc-defg-hij', '44211258-81e9-4dd4-bfc3-16c1fded9f7e');
INSERT INTO oneOnOne(oneOnOneID, expectedTime, meetingDate, meetingLink, oneOnOneUserIDFK) VALUES('020a93d2-8fce-47a5-b2b1-99178c675b66', 15, '2025-03-20 13:15:00', 'https://meet.google.com/abc-defg-hij', 'aa0f1fa9-9d4b-49f2-a132-d09ae0ad03ee');
INSERT INTO oneOnOne(oneOnOneID, expectedTime, meetingDate, meetingLink, oneOnOneUserIDFK) VALUES('3693e24b-9ed7-46a2-818e-36219040b462', 15, '2025-03-20 13:15:00', 'https://meet.google.com/abc-defg-hij', 'b728d98c-69f9-4372-b6d6-bcbbf084c43c');
INSERT INTO oneOnOne(oneOnOneID, expectedTime, meetingDate, meetingLink, oneOnOneUserIDFK) VALUES('74753a0d-8cc6-44e7-ac2f-7a6f650d52b0', 15, '2025-03-05 09:45:00', 'https://meet.google.com/abc-defg-hij', '1baf31b0-5077-47d8-990c-ec1fc7264a95');
INSERT INTO oneOnOne(oneOnOneID, expectedTime, meetingDate, meetingLink, oneOnOneUserIDFK) VALUES('4eaab484-cc45-4480-a793-033108786b15', 15, '2025-05-07 07:00:00', 'https://meet.google.com/abc-defg-hij', '1be87837-4594-4e4a-84f9-1869c2fdef9e');
INSERT INTO oneOnOne(oneOnOneID, expectedTime, meetingDate, meetingLink, oneOnOneUserIDFK) VALUES('eb5eb965-ce1e-4320-8e1f-49f46df3a9f2', 15, '2025-03-05 09:45:00', 'https://meet.google.com/abc-defg-hij', 'a4b51863-5042-47ee-9934-6f85fa1268eb');
INSERT INTO oneOnOne(oneOnOneID, expectedTime, meetingDate, meetingLink, oneOnOneUserIDFK) VALUES('40954a43-c652-4b32-a7bf-64f1aac2aa0f', 15, '2025-05-12 14:30:00', 'https://meet.google.com/abc-defg-hij', 'cb1061de-8e80-4915-aa49-fbbd62fb52c8');
INSERT INTO oneOnOne(oneOnOneID, expectedTime, meetingDate, meetingLink, oneOnOneUserIDFK) VALUES('b096a1f9-8b0f-4d34-81ac-22b7ecb7012f', 15, '2025-05-07 07:30:00', 'https://meet.google.com/abc-defg-hij', '74265aa8-b4d2-4620-a077-1ace459ad248');
INSERT INTO oneOnOne(oneOnOneID, expectedTime, meetingDate, meetingLink, oneOnOneUserIDFK) VALUES('b0bba914-ac53-4657-a367-1fe517b68711', 15, '2025-03-20 13:15:00', 'https://meet.google.com/abc-defg-hij', '8eb1e269-391d-4f1b-8be7-ab9da1be65fd');
INSERT INTO oneOnOne(oneOnOneID, expectedTime, meetingDate, meetingLink, oneOnOneUserIDFK) VALUES('7597aa97-4e97-4e50-86cc-a3b17c5e5a90', 15, '2025-03-21 16:00:00', 'https://meet.google.com/abc-defg-hij', 'd115bb51-4a71-443a-8cc5-2982927dc79c');
INSERT INTO oneOnOne(oneOnOneID, expectedTime, meetingDate, meetingLink, oneOnOneUserIDFK) VALUES('6211ce81-f6e5-477d-b678-13f4edaa9f84', 15, '2025-05-12 14:30:00', 'https://meet.google.com/abc-defg-hij', '3f596b36-07de-4e50-9461-60062b6bd07f');
INSERT INTO oneOnOne(oneOnOneID, expectedTime, meetingDate, meetingLink, oneOnOneUserIDFK) VALUES('49fc9fec-ad1c-4b08-ac56-b613b8c7e139', 15, '2025-03-21 16:00:00', 'https://meet.google.com/abc-defg-hij', 'f32ae391-9401-4467-89f6-335cff662d6b');
INSERT INTO oneOnOne(oneOnOneID, expectedTime, meetingDate, meetingLink, oneOnOneUserIDFK) VALUES('3bbde94e-b2d7-4951-9bf2-872e3b83ce27', 15, '2025-03-21 16:15:00', 'https://meet.google.com/abc-defg-hij', '5c924633-d7c5-4f41-9631-e611677f9b27');
INSERT INTO oneOnOne(oneOnOneID, expectedTime, meetingDate, meetingLink, oneOnOneUserIDFK) VALUES('3996c8ef-aa80-468b-ba73-522bae1014fd', 15, '2025-05-07 14:15:00', 'https://meet.google.com/abc-defg-hij', '005dc80a-470b-43bf-b1c1-5ac774a4db35');
INSERT INTO oneOnOne(oneOnOneID, expectedTime, meetingDate, meetingLink, oneOnOneUserIDFK) VALUES('1347e89a-7523-4d43-8a4e-2dbd87c48576', 15, '2025-05-07 14:30:00', 'https://meet.google.com/abc-defg-hij', '734d68bd-67d6-4849-827a-d779a7710477');
INSERT INTO oneOnOne(oneOnOneID, expectedTime, meetingDate, meetingLink, oneOnOneUserIDFK) VALUES('f9c0a04c-eb4e-4cff-8b1e-eb41313229cb', 15, '2025-03-21 16:00:00', 'https://meet.google.com/abc-defg-hij', '21dbd292-2837-4d90-b290-93e8b8d00243');
INSERT INTO oneOnOne(oneOnOneID, expectedTime, meetingDate, meetingLink, oneOnOneUserIDFK) VALUES('eb973718-54be-4cd9-b54a-df61449f0190', 15, '2025-05-07 14:45:00', 'https://meet.google.com/abc-defg-hij', 'aa0f1fa9-9d4b-49f2-a132-d09ae0ad03ee');
INSERT INTO oneOnOne(oneOnOneID, expectedTime, meetingDate, meetingLink, oneOnOneUserIDFK) VALUES('8a9b0a75-dd3b-4706-864e-53ee39ea2552', 15, '2025-03-05 09:15:00', 'https://meet.google.com/abc-defg-hij', '6e9c6112-b0e1-4070-b299-6a119b841bc7');
INSERT INTO oneOnOne(oneOnOneID, expectedTime, meetingDate, meetingLink, oneOnOneUserIDFK) VALUES('171979f7-7abd-467c-8d21-cc39ab674320', 15, '2025-03-20 13:30:00', 'https://meet.google.com/abc-defg-hij', '44211258-81e9-4dd4-bfc3-16c1fded9f7e');
INSERT INTO oneOnOne(oneOnOneID, expectedTime, meetingDate, meetingLink, oneOnOneUserIDFK) VALUES('4b84159e-724f-4898-a1c6-7ccfdd9548d4', 15, '2025-05-12 14:30:00', 'https://meet.google.com/abc-defg-hij', '2af30ea5-3cfa-42d2-88d9-5a3def33d40b');
INSERT INTO oneOnOne(oneOnOneID, expectedTime, meetingDate, meetingLink, oneOnOneUserIDFK) VALUES('8b528c57-8b37-4fce-9703-4c1e4ed033ec', 15, '2025-03-20 13:45:00', 'https://meet.google.com/abc-defg-hij', 'bfca669c-8494-4fb7-88fa-ecc21f3f1770');
INSERT INTO oneOnOne(oneOnOneID, expectedTime, meetingDate, meetingLink, oneOnOneUserIDFK) VALUES('db233a57-f318-4c3b-acfb-41578793e3de', 15, '2025-03-05 09:45:00', 'https://meet.google.com/abc-defg-hij', '44930475-0d8c-452f-bf07-65d2939efe53');
INSERT INTO oneOnOne(oneOnOneID, expectedTime, meetingDate, meetingLink, oneOnOneUserIDFK) VALUES('ed71a13a-8fef-4ac3-9c4d-455028698b7f', 15, '2025-05-07 14:15:00', 'https://meet.google.com/abc-defg-hij', '04ecb4b7-fe92-4165-bceb-46c3bc4af6d4');
INSERT INTO oneOnOne(oneOnOneID, expectedTime, meetingDate, meetingLink, oneOnOneUserIDFK) VALUES('978f67d8-e7ee-4cca-8c8b-e56a78560bb2', 15, '2025-03-20 13:15:00', 'https://meet.google.com/abc-defg-hij', 'a4b51863-5042-47ee-9934-6f85fa1268eb');
INSERT INTO oneOnOne(oneOnOneID, expectedTime, meetingDate, meetingLink, oneOnOneUserIDFK) VALUES('a9d60aee-2733-47b2-b2b3-551e4be48523', 15, '2025-05-07 14:15:00', 'https://meet.google.com/abc-defg-hij', 'be1e0ad0-5e75-475f-9a9b-bf73a4cd99bb');
INSERT INTO oneOnOne(oneOnOneID, expectedTime, meetingDate, meetingLink, oneOnOneUserIDFK) VALUES('963f1a7b-a993-41b4-85b7-af0260850d4f', 15, '2025-03-20 13:15:00', 'https://meet.google.com/abc-defg-hij', 'cb1061de-8e80-4915-aa49-fbbd62fb52c8');
INSERT INTO oneOnOne(oneOnOneID, expectedTime, meetingDate, meetingLink, oneOnOneUserIDFK) VALUES('5ef25ab3-10a5-4895-8863-0858f9487274', 15, '2025-03-05 09:15:00', 'https://meet.google.com/abc-defg-hij', '2af30ea5-3cfa-42d2-88d9-5a3def33d40b');
INSERT INTO oneOnOne(oneOnOneID, expectedTime, meetingDate, meetingLink, oneOnOneUserIDFK) VALUES('a64bfd55-4d5e-4a5a-ad87-9a53e58dad99', 15, '2025-03-20 13:45:00', 'https://meet.google.com/abc-defg-hij', '7e8fa04e-7bda-4904-a318-ca3ae27f34cf');
INSERT INTO oneOnOne(oneOnOneID, expectedTime, meetingDate, meetingLink, oneOnOneUserIDFK) VALUES('331b943b-738e-43e5-8275-eb481b364670', 15, '2025-03-05 09:45:00', 'https://meet.google.com/abc-defg-hij', '005dc80a-470b-43bf-b1c1-5ac774a4db35');
INSERT INTO oneOnOne(oneOnOneID, expectedTime, meetingDate, meetingLink, oneOnOneUserIDFK) VALUES('de51d178-a4b7-4552-90a3-a481d6bf1511', 15, '2025-03-20 13:30:00', 'https://meet.google.com/abc-defg-hij', 'b5863635-6fc2-45dd-9252-2722f016202b');
INSERT INTO oneOnOne(oneOnOneID, expectedTime, meetingDate, meetingLink, oneOnOneUserIDFK) VALUES('18a60a03-ee25-4934-95bc-d8df9a29b113', 15, '2025-03-20 13:15:00', 'https://meet.google.com/abc-defg-hij', 'ef313dff-8525-49bc-b8fb-2ce8cf9f815e');
INSERT INTO oneOnOne(oneOnOneID, expectedTime, meetingDate, meetingLink, oneOnOneUserIDFK) VALUES('20b8bbc4-3991-444e-a3b6-f238ce9842d1', 15, '2025-05-07 07:30:00', 'https://meet.google.com/abc-defg-hij', '6caaf8e4-c733-4035-861e-2c49bba1f0b7');
INSERT INTO oneOnOne(oneOnOneID, expectedTime, meetingDate, meetingLink, oneOnOneUserIDFK) VALUES('bbfcc793-db61-4d8c-b48b-f48dabac486f', 15, '2025-03-21 16:15:00', 'https://meet.google.com/abc-defg-hij', '21dbd292-2837-4d90-b290-93e8b8d00243');
INSERT INTO oneOnOne(oneOnOneID, expectedTime, meetingDate, meetingLink, oneOnOneUserIDFK) VALUES('347daa26-b578-4ef7-8a44-5e54ff5a1b93', 15, '2025-05-07 14:15:00', 'https://meet.google.com/abc-defg-hij', '48193c75-159b-40e9-8864-9a7311480c54');
INSERT INTO oneOnOne(oneOnOneID, expectedTime, meetingDate, meetingLink, oneOnOneUserIDFK) VALUES('c2f1dbb6-7e86-43c7-b548-a1e97c1e93a2', 15, '2025-05-12 14:15:00', 'https://meet.google.com/abc-defg-hij', 'f32ae391-9401-4467-89f6-335cff662d6b');
INSERT INTO oneOnOne(oneOnOneID, expectedTime, meetingDate, meetingLink, oneOnOneUserIDFK) VALUES('ca55a528-aaa4-42c5-b7b7-428779346230', 15, '2025-05-07 14:30:00', 'https://meet.google.com/abc-defg-hij', '21b74261-99b3-43ec-adf7-bb7b24eb145a');
INSERT INTO oneOnOne(oneOnOneID, expectedTime, meetingDate, meetingLink, oneOnOneUserIDFK) VALUES('79dedb1a-c758-485a-ba0b-655bd5bb00fd', 15, '2025-05-07 07:30:00', 'https://meet.google.com/abc-defg-hij', 'f2abc43c-e1db-4840-bce1-a915313d6968');
INSERT INTO oneOnOne(oneOnOneID, expectedTime, meetingDate, meetingLink, oneOnOneUserIDFK) VALUES('2adc376d-63b0-41c6-a053-ae73cd8c4fe7', 15, '2025-03-20 13:30:00', 'https://meet.google.com/abc-defg-hij', '55b0d0d8-fccb-4fb7-8b40-8533dd75ff39');
INSERT INTO oneOnOne(oneOnOneID, expectedTime, meetingDate, meetingLink, oneOnOneUserIDFK) VALUES('ada12b13-fc01-4efc-be33-a17e5d7db5ca', 15, '2025-03-21 16:15:00', 'https://meet.google.com/abc-defg-hij', '44930475-0d8c-452f-bf07-65d2939efe53');
INSERT INTO oneOnOne(oneOnOneID, expectedTime, meetingDate, meetingLink, oneOnOneUserIDFK) VALUES('a646bf55-b98c-4108-b335-af93e251bff5', 15, '2025-03-20 13:45:00', 'https://meet.google.com/abc-defg-hij', '390d9080-e1e7-4697-a72f-a6645a6de8bc');
INSERT INTO oneOnOne(oneOnOneID, expectedTime, meetingDate, meetingLink, oneOnOneUserIDFK) VALUES('4abef6eb-3c54-48f1-9e48-578aef9d4944', 15, '2025-03-05 09:15:00', 'https://meet.google.com/abc-defg-hij', '2596033d-db5d-4e59-9709-46b966d9d38c');
INSERT INTO oneOnOne(oneOnOneID, expectedTime, meetingDate, meetingLink, oneOnOneUserIDFK) VALUES('5f485a0e-dc3d-4f9b-b2ad-5bf6f719ece2', 15, '2025-03-20 13:45:00', 'https://meet.google.com/abc-defg-hij', '6e9c6112-b0e1-4070-b299-6a119b841bc7');
INSERT INTO oneOnOne(oneOnOneID, expectedTime, meetingDate, meetingLink, oneOnOneUserIDFK) VALUES('475f929e-e981-4b32-8592-07ebf14f45ff', 15, '2025-03-05 09:15:00', 'https://meet.google.com/abc-defg-hij', '241f7eed-c565-4934-be78-0afd64396a00');
INSERT INTO oneOnOne(oneOnOneID, expectedTime, meetingDate, meetingLink, oneOnOneUserIDFK) VALUES('c6b50c21-ab03-4b97-a591-d82fd837c177', 15, '2025-03-05 09:45:00', 'https://meet.google.com/abc-defg-hij', '04ecb4b7-fe92-4165-bceb-46c3bc4af6d4');
INSERT INTO oneOnOne(oneOnOneID, expectedTime, meetingDate, meetingLink, oneOnOneUserIDFK) VALUES('52084459-f335-4839-b5d4-bb949a70a0bc', 15, '2025-03-20 13:15:00', 'https://meet.google.com/abc-defg-hij', '212ca658-1721-4bfc-9ce6-de2af7c0906f');
INSERT INTO oneOnOne(oneOnOneID, expectedTime, meetingDate, meetingLink, oneOnOneUserIDFK) VALUES('b388888b-b760-4278-97e2-bb8a34c4ce8d', 15, '2025-03-20 13:15:00', 'https://meet.google.com/abc-defg-hij', '44930475-0d8c-452f-bf07-65d2939efe53');
INSERT INTO oneOnOne(oneOnOneID, expectedTime, meetingDate, meetingLink, oneOnOneUserIDFK) VALUES('f03909ac-cda4-4c6d-a038-1057eb98df76', 15, '2025-03-20 13:30:00', 'https://meet.google.com/abc-defg-hij', '1baf31b0-5077-47d8-990c-ec1fc7264a95');
INSERT INTO oneOnOne(oneOnOneID, expectedTime, meetingDate, meetingLink, oneOnOneUserIDFK) VALUES('c7171a83-a14e-476f-9bfe-7310efac1a9b', 15, '2025-05-12 14:45:00', 'https://meet.google.com/abc-defg-hij', 'bfca669c-8494-4fb7-88fa-ecc21f3f1770');
INSERT INTO oneOnOne(oneOnOneID, expectedTime, meetingDate, meetingLink, oneOnOneUserIDFK) VALUES('e61eeff6-75da-4e54-90dd-9388a5aaa228', 15, '2025-05-12 14:30:00', 'https://meet.google.com/abc-defg-hij', '64bdab6f-7496-4ac2-8f1c-9362d4a94068');
INSERT INTO oneOnOne(oneOnOneID, expectedTime, meetingDate, meetingLink, oneOnOneUserIDFK) VALUES('bbcb6d2e-dc5c-4bf6-b754-b4af3bd29e31', 15, '2025-03-05 09:15:00', 'https://meet.google.com/abc-defg-hij', 'a209ab64-e91e-4807-aa0e-729d50307ffc');
INSERT INTO oneOnOne(oneOnOneID, expectedTime, meetingDate, meetingLink, oneOnOneUserIDFK) VALUES('9bc99d2e-5242-49f4-aa24-e5d9dfb0470e', 15, '2025-05-07 07:00:00', 'https://meet.google.com/abc-defg-hij', 'd65497d4-0daf-4472-bbc1-2fc8dcfd97c7');
INSERT INTO oneOnOne(oneOnOneID, expectedTime, meetingDate, meetingLink, oneOnOneUserIDFK) VALUES('829b3d36-4a78-48e8-aa4f-616aea2b0719', 15, '2025-03-20 13:15:00', 'https://meet.google.com/abc-defg-hij', '8d4415ec-7267-405b-8317-9bfe5015ee6f');
INSERT INTO oneOnOne(oneOnOneID, expectedTime, meetingDate, meetingLink, oneOnOneUserIDFK) VALUES('71b41656-8ef6-47d5-8493-78ed16132a4c', 15, '2025-05-07 14:15:00', 'https://meet.google.com/abc-defg-hij', '2596033d-db5d-4e59-9709-46b966d9d38c');
INSERT INTO oneOnOne(oneOnOneID, expectedTime, meetingDate, meetingLink, oneOnOneUserIDFK) VALUES('464da4a7-b78f-42be-a84f-089ac1bdb017', 15, '2025-03-20 13:15:00', 'https://meet.google.com/abc-defg-hij', '005dc80a-470b-43bf-b1c1-5ac774a4db35');
INSERT INTO oneOnOne(oneOnOneID, expectedTime, meetingDate, meetingLink, oneOnOneUserIDFK) VALUES('20aab298-97c8-4cc2-9409-65694fb20ef7', 15, '2025-03-21 16:00:00', 'https://meet.google.com/abc-defg-hij', '4fc1e8bf-b378-482e-8a92-0aaf5b06d794');
INSERT INTO oneOnOne(oneOnOneID, expectedTime, meetingDate, meetingLink, oneOnOneUserIDFK) VALUES('27451930-dfda-4d8f-b138-361058e0c2f0', 15, '2025-05-12 14:15:00', 'https://meet.google.com/abc-defg-hij', 'c8d8c836-b69d-42bf-a98e-58a42c6a4548');
INSERT INTO oneOnOne(oneOnOneID, expectedTime, meetingDate, meetingLink, oneOnOneUserIDFK) VALUES('3a9ea69f-08f5-4116-acba-b3b6e1f8cf11', 15, '2025-05-07 14:15:00', 'https://meet.google.com/abc-defg-hij', '74265aa8-b4d2-4620-a077-1ace459ad248');
INSERT INTO oneOnOne(oneOnOneID, expectedTime, meetingDate, meetingLink, oneOnOneUserIDFK) VALUES('669a369c-aa8e-4d6c-bff5-f61b2f95c1ce', 15, '2025-05-07 07:00:00', 'https://meet.google.com/abc-defg-hij', 'fbcd2169-c7b0-40f9-9304-cee3a884587d');
INSERT INTO oneOnOne(oneOnOneID, expectedTime, meetingDate, meetingLink, oneOnOneUserIDFK) VALUES('b3a3d966-59ba-4e28-8c35-d1ca9b6c0138', 15, '2025-03-21 16:15:00', 'https://meet.google.com/abc-defg-hij', '6d12d8da-d88a-4c57-bcf5-51476a20f81b');
INSERT INTO oneOnOne(oneOnOneID, expectedTime, meetingDate, meetingLink, oneOnOneUserIDFK) VALUES('830eaa79-2ad9-4eeb-a7ab-a2c65e469fc4', 15, '2025-05-12 14:45:00', 'https://meet.google.com/abc-defg-hij', 'f8b4fee9-32a5-41ee-8ba6-4c6daa0c00c7');
INSERT INTO oneOnOne(oneOnOneID, expectedTime, meetingDate, meetingLink, oneOnOneUserIDFK) VALUES('c8255799-f0f3-45f1-ab1c-80e09f8f8a18', 15, '2025-05-07 07:00:00', 'https://meet.google.com/abc-defg-hij', '21b74261-99b3-43ec-adf7-bb7b24eb145a');
INSERT INTO oneOnOne(oneOnOneID, expectedTime, meetingDate, meetingLink, oneOnOneUserIDFK) VALUES('a40ad247-d031-4d6f-b52c-c818f4ee6f8e', 15, '2025-03-20 13:15:00', 'https://meet.google.com/abc-defg-hij', '5c924633-d7c5-4f41-9631-e611677f9b27');

INSERT INTO oneOnOneAnswer(answer, answerOneOnOneIDFK, questionIDFK) VALUES('Por el momento, estamos cumpliendo los plazos establecidos y el progreso es consistente.', '4abef6eb-3c54-48f1-9e48-578aef9d4944', '899fcdfc-b6cd-403a-8532-a586c9b8d2af');
INSERT INTO oneOnOneAnswer(answer, answerOneOnOneIDFK, questionIDFK) VALUES('Por el momento, estamos cumpliendo los plazos establecidos y el progreso es consistente.', '978f67d8-e7ee-4cca-8c8b-e56a78560bb2', 'a90c8e13-85d7-4dd8-a728-f68c059315a5');
INSERT INTO oneOnOneAnswer(answer, answerOneOnOneIDFK, questionIDFK) VALUES('Actualmente estoy enfocado en el desarrollo del proyecto Y, colaborando estrechamente con mi equipo para alcanzar los objetivos.', 'db233a57-f318-4c3b-acfb-41578793e3de', 'a90c8e13-85d7-4dd8-a728-f68c059315a5');
INSERT INTO oneOnOneAnswer(answer, answerOneOnOneIDFK, questionIDFK) VALUES('Quiero destacar el esfuerzo y la colaboración de todo el equipo, que ha sido fundamental para alcanzar los objetivos planteados.', 'b096a1f9-8b0f-4d34-81ac-22b7ecb7012f', '899fcdfc-b6cd-403a-8532-a586c9b8d2af');
INSERT INTO oneOnOneAnswer(answer, answerOneOnOneIDFK, questionIDFK) VALUES('Si bien hubo momentos de presión, no me siento decepcionado y estoy enfocado en encontrar soluciones.', 'ada12b13-fc01-4efc-be33-a17e5d7db5ca', 'a90c8e13-85d7-4dd8-a728-f68c059315a5');
INSERT INTO oneOnOneAnswer(answer, answerOneOnOneIDFK, questionIDFK) VALUES('En general tengo lo necesario, aunque en algunas áreas podría beneficiarme de recursos adicionales para acelerar ciertos procesos.', '9bc99d2e-5242-49f4-aa24-e5d9dfb0470e', '96827fe3-c230-4317-80d4-84f7626bc196');
INSERT INTO oneOnOneAnswer(answer, answerOneOnOneIDFK, questionIDFK) VALUES('Me encuentro trabajando en la optimización de procesos internos y en la implementación de mejoras para el próximo trimestre.', 'ada12b13-fc01-4efc-be33-a17e5d7db5ca', 'a90c8e13-85d7-4dd8-a728-f68c059315a5');
INSERT INTO oneOnOneAnswer(answer, answerOneOnOneIDFK, questionIDFK) VALUES('Si bien hubo momentos de presión, no me siento decepcionado y estoy enfocado en encontrar soluciones.', '5f485a0e-dc3d-4f9b-b2ad-5bf6f719ece2', '96827fe3-c230-4317-80d4-84f7626bc196');
INSERT INTO oneOnOneAnswer(answer, answerOneOnOneIDFK, questionIDFK) VALUES('En general, me siento tranquilo, aunque reconozco que en algunas situaciones se presenta algo de estrés que manejo con calma.', '6211ce81-f6e5-477d-b678-13f4edaa9f84', '96827fe3-c230-4317-80d4-84f7626bc196');
INSERT INTO oneOnOneAnswer(answer, answerOneOnOneIDFK, questionIDFK) VALUES('La mayoría de las entregas están en línea con el cronograma, aunque se requieren pequeños ajustes en algunas tareas.', '9bc99d2e-5242-49f4-aa24-e5d9dfb0470e', '4be67fd7-5d57-4a79-89ba-530f5b1ea5dd');
INSERT INTO oneOnOneAnswer(answer, answerOneOnOneIDFK, questionIDFK) VALUES('Actualmente estoy enfocado en el desarrollo del proyecto Y, colaborando estrechamente con mi equipo para alcanzar los objetivos.', '1347e89a-7523-4d43-8a4e-2dbd87c48576', 'a90c8e13-85d7-4dd8-a728-f68c059315a5');
INSERT INTO oneOnOneAnswer(answer, answerOneOnOneIDFK, questionIDFK) VALUES('Si bien hubo momentos de presión, no me siento decepcionado y estoy enfocado en encontrar soluciones.', '8a9b0a75-dd3b-4706-864e-53ee39ea2552', '899fcdfc-b6cd-403a-8532-a586c9b8d2af');
INSERT INTO oneOnOneAnswer(answer, answerOneOnOneIDFK, questionIDFK) VALUES('Estoy satisfecho por haber superado varios desafíos y mejorar mi organización y gestión del tiempo.', 'dbce44da-5338-4d7b-bf9f-150bf42b04aa', '899fcdfc-b6cd-403a-8532-a586c9b8d2af');
INSERT INTO oneOnOneAnswer(answer, answerOneOnOneIDFK, questionIDFK) VALUES('Por el momento, estamos cumpliendo los plazos establecidos y el progreso es consistente.', '20b8bbc4-3991-444e-a3b6-f238ce9842d1', '96827fe3-c230-4317-80d4-84f7626bc196');
INSERT INTO oneOnOneAnswer(answer, answerOneOnOneIDFK, questionIDFK) VALUES('Me siento orgulloso de haber cumplido mis objetivos en el proyecto X, lo que me permitió crecer profesionalmente.', '3693e24b-9ed7-46a2-818e-36219040b462', 'a90c8e13-85d7-4dd8-a728-f68c059315a5');
INSERT INTO oneOnOneAnswer(answer, answerOneOnOneIDFK, questionIDFK) VALUES('En general, me siento tranquilo, aunque reconozco que en algunas situaciones se presenta algo de estrés que manejo con calma.', '3bbde94e-b2d7-4951-9bf2-872e3b83ce27', '4be67fd7-5d57-4a79-89ba-530f5b1ea5dd');
INSERT INTO oneOnOneAnswer(answer, answerOneOnOneIDFK, questionIDFK) VALUES('En general tengo lo necesario, aunque en algunas áreas podría beneficiarme de recursos adicionales para acelerar ciertos procesos.', '347daa26-b578-4ef7-8a44-5e54ff5a1b93', '899fcdfc-b6cd-403a-8532-a586c9b8d2af');
INSERT INTO oneOnOneAnswer(answer, answerOneOnOneIDFK, questionIDFK) VALUES('En su mayoría la semana fue fluida, aunque surgió una situación que requirió reordenar prioridades, lo cual se solucionó rápidamente.', '347daa26-b578-4ef7-8a44-5e54ff5a1b93', 'a90c8e13-85d7-4dd8-a728-f68c059315a5');
INSERT INTO oneOnOneAnswer(answer, answerOneOnOneIDFK, questionIDFK) VALUES('Actualmente estoy enfocado en el desarrollo del proyecto Y, colaborando estrechamente con mi equipo para alcanzar los objetivos.', 'dbce44da-5338-4d7b-bf9f-150bf42b04aa', '899fcdfc-b6cd-403a-8532-a586c9b8d2af');
INSERT INTO oneOnOneAnswer(answer, answerOneOnOneIDFK, questionIDFK) VALUES('En general, me siento tranquilo, aunque reconozco que en algunas situaciones se presenta algo de estrés que manejo con calma.', 'd504a2d2-bf71-4592-bdec-61d5973fffe7', '4be67fd7-5d57-4a79-89ba-530f5b1ea5dd');
INSERT INTO oneOnOneAnswer(answer, answerOneOnOneIDFK, questionIDFK) VALUES('Planeamos definir un plan de acción detallado, distribuir responsabilidades claramente y realizar seguimientos semanales para ajustar el rumbo si es necesario.', '3bbde94e-b2d7-4951-9bf2-872e3b83ce27', '96827fe3-c230-4317-80d4-84f7626bc196');
INSERT INTO oneOnOneAnswer(answer, answerOneOnOneIDFK, questionIDFK) VALUES('Me siento orgulloso de haber cumplido mis objetivos en el proyecto X, lo que me permitió crecer profesionalmente.', 'f03909ac-cda4-4c6d-a038-1057eb98df76', '4be67fd7-5d57-4a79-89ba-530f5b1ea5dd');
INSERT INTO oneOnOneAnswer(answer, answerOneOnOneIDFK, questionIDFK) VALUES('Estoy satisfecho por haber superado varios desafíos y mejorar mi organización y gestión del tiempo.', 'b0bba914-ac53-4657-a367-1fe517b68711', 'a90c8e13-85d7-4dd8-a728-f68c059315a5');
INSERT INTO oneOnOneAnswer(answer, answerOneOnOneIDFK, questionIDFK) VALUES('Por el momento, estamos cumpliendo los plazos establecidos y el progreso es consistente.', 'b388888b-b760-4278-97e2-bb8a34c4ce8d', 'a90c8e13-85d7-4dd8-a728-f68c059315a5');
INSERT INTO oneOnOneAnswer(answer, answerOneOnOneIDFK, questionIDFK) VALUES('Quiero concentrarme en perfeccionar mis habilidades técnicas y cumplir con los plazos establecidos en mis tareas.', '40954a43-c652-4b32-a7bf-64f1aac2aa0f', 'a90c8e13-85d7-4dd8-a728-f68c059315a5');
INSERT INTO oneOnOneAnswer(answer, answerOneOnOneIDFK, questionIDFK) VALUES('Me siento orgulloso de haber cumplido mis objetivos en el proyecto X, lo que me permitió crecer profesionalmente.', '5ef25ab3-10a5-4895-8863-0858f9487274', '4be67fd7-5d57-4a79-89ba-530f5b1ea5dd');
INSERT INTO oneOnOneAnswer(answer, answerOneOnOneIDFK, questionIDFK) VALUES('Por el momento, estamos cumpliendo los plazos establecidos y el progreso es consistente.', '40954a43-c652-4b32-a7bf-64f1aac2aa0f', 'a90c8e13-85d7-4dd8-a728-f68c059315a5');
INSERT INTO oneOnOneAnswer(answer, answerOneOnOneIDFK, questionIDFK) VALUES('Mi meta es finalizar el proyecto pendiente y comenzar a implementar nuevas estrategias para mejorar la productividad.', '27451930-dfda-4d8f-b138-361058e0c2f0', '899fcdfc-b6cd-403a-8532-a586c9b8d2af');
INSERT INTO oneOnOneAnswer(answer, answerOneOnOneIDFK, questionIDFK) VALUES('Actualmente estoy enfocado en el desarrollo del proyecto Y, colaborando estrechamente con mi equipo para alcanzar los objetivos.', '8b528c57-8b37-4fce-9703-4c1e4ed033ec', '4be67fd7-5d57-4a79-89ba-530f5b1ea5dd');
INSERT INTO oneOnOneAnswer(answer, answerOneOnOneIDFK, questionIDFK) VALUES('Sí, cuento con las herramientas y el apoyo necesario, lo que me permite avanzar sin mayores inconvenientes.', 'c8756cb2-0992-4db5-96f7-fdbbcf72d30b', 'a90c8e13-85d7-4dd8-a728-f68c059315a5');
INSERT INTO oneOnOneAnswer(answer, answerOneOnOneIDFK, questionIDFK) VALUES('Mi meta es finalizar el proyecto pendiente y comenzar a implementar nuevas estrategias para mejorar la productividad.', 'bbcb6d2e-dc5c-4bf6-b754-b4af3bd29e31', '96827fe3-c230-4317-80d4-84f7626bc196');
INSERT INTO oneOnOneAnswer(answer, answerOneOnOneIDFK, questionIDFK) VALUES('Planeamos definir un plan de acción detallado, distribuir responsabilidades claramente y realizar seguimientos semanales para ajustar el rumbo si es necesario.', '8b528c57-8b37-4fce-9703-4c1e4ed033ec', '96827fe3-c230-4317-80d4-84f7626bc196');
INSERT INTO oneOnOneAnswer(answer, answerOneOnOneIDFK, questionIDFK) VALUES('Quiero destacar el esfuerzo y la colaboración de todo el equipo, que ha sido fundamental para alcanzar los objetivos planteados.', '6211ce81-f6e5-477d-b678-13f4edaa9f84', '96827fe3-c230-4317-80d4-84f7626bc196');
INSERT INTO oneOnOneAnswer(answer, answerOneOnOneIDFK, questionIDFK) VALUES('Planeamos definir un plan de acción detallado, distribuir responsabilidades claramente y realizar seguimientos semanales para ajustar el rumbo si es necesario.', '830eaa79-2ad9-4eeb-a7ab-a2c65e469fc4', '899fcdfc-b6cd-403a-8532-a586c9b8d2af');
INSERT INTO oneOnOneAnswer(answer, answerOneOnOneIDFK, questionIDFK) VALUES('Planeamos definir un plan de acción detallado, distribuir responsabilidades claramente y realizar seguimientos semanales para ajustar el rumbo si es necesario.', '52084459-f335-4839-b5d4-bb949a70a0bc', '4be67fd7-5d57-4a79-89ba-530f5b1ea5dd');
INSERT INTO oneOnOneAnswer(answer, answerOneOnOneIDFK, questionIDFK) VALUES('En general, me siento tranquilo, aunque reconozco que en algunas situaciones se presenta algo de estrés que manejo con calma.', 'c7171a83-a14e-476f-9bfe-7310efac1a9b', '96827fe3-c230-4317-80d4-84f7626bc196');
INSERT INTO oneOnOneAnswer(answer, answerOneOnOneIDFK, questionIDFK) VALUES('Si bien hubo momentos de presión, no me siento decepcionado y estoy enfocado en encontrar soluciones.', '347daa26-b578-4ef7-8a44-5e54ff5a1b93', '96827fe3-c230-4317-80d4-84f7626bc196');
INSERT INTO oneOnOneAnswer(answer, answerOneOnOneIDFK, questionIDFK) VALUES('Me siento orgulloso de haber cumplido mis objetivos en el proyecto X, lo que me permitió crecer profesionalmente.', '020a93d2-8fce-47a5-b2b1-99178c675b66', '96827fe3-c230-4317-80d4-84f7626bc196');
INSERT INTO oneOnOneAnswer(answer, answerOneOnOneIDFK, questionIDFK) VALUES('En general, me siento tranquilo, aunque reconozco que en algunas situaciones se presenta algo de estrés que manejo con calma.', '1347e89a-7523-4d43-8a4e-2dbd87c48576', 'a90c8e13-85d7-4dd8-a728-f68c059315a5');
INSERT INTO oneOnOneAnswer(answer, answerOneOnOneIDFK, questionIDFK) VALUES('Si bien hubo momentos de presión, no me siento decepcionado y estoy enfocado en encontrar soluciones.', '8b528c57-8b37-4fce-9703-4c1e4ed033ec', '899fcdfc-b6cd-403a-8532-a586c9b8d2af');
INSERT INTO oneOnOneAnswer(answer, answerOneOnOneIDFK, questionIDFK) VALUES('En su mayoría la semana fue fluida, aunque surgió una situación que requirió reordenar prioridades, lo cual se solucionó rápidamente.', '171979f7-7abd-467c-8d21-cc39ab674320', '899fcdfc-b6cd-403a-8532-a586c9b8d2af');
INSERT INTO oneOnOneAnswer(answer, answerOneOnOneIDFK, questionIDFK) VALUES('En su mayoría la semana fue fluida, aunque surgió una situación que requirió reordenar prioridades, lo cual se solucionó rápidamente.', '475f929e-e981-4b32-8592-07ebf14f45ff', '899fcdfc-b6cd-403a-8532-a586c9b8d2af');
INSERT INTO oneOnOneAnswer(answer, answerOneOnOneIDFK, questionIDFK) VALUES('Quiero destacar el esfuerzo y la colaboración de todo el equipo, que ha sido fundamental para alcanzar los objetivos planteados.', 'e61eeff6-75da-4e54-90dd-9388a5aaa228', '96827fe3-c230-4317-80d4-84f7626bc196');
INSERT INTO oneOnOneAnswer(answer, answerOneOnOneIDFK, questionIDFK) VALUES('Estoy satisfecho por haber superado varios desafíos y mejorar mi organización y gestión del tiempo.', '488591e9-35dd-4051-9a1f-ff85f40328c7', 'a90c8e13-85d7-4dd8-a728-f68c059315a5');
INSERT INTO oneOnOneAnswer(answer, answerOneOnOneIDFK, questionIDFK) VALUES('Actualmente estoy enfocado en el desarrollo del proyecto Y, colaborando estrechamente con mi equipo para alcanzar los objetivos.', '830eaa79-2ad9-4eeb-a7ab-a2c65e469fc4', 'a90c8e13-85d7-4dd8-a728-f68c059315a5');
INSERT INTO oneOnOneAnswer(answer, answerOneOnOneIDFK, questionIDFK) VALUES('Sí, hubo un imprevisto en la coordinación del equipo, pero logramos resolverlo a tiempo con la colaboración de todos.', '52084459-f335-4839-b5d4-bb949a70a0bc', '96827fe3-c230-4317-80d4-84f7626bc196');
INSERT INTO oneOnOneAnswer(answer, answerOneOnOneIDFK, questionIDFK) VALUES('En su mayoría la semana fue fluida, aunque surgió una situación que requirió reordenar prioridades, lo cual se solucionó rápidamente.', '475f929e-e981-4b32-8592-07ebf14f45ff', '899fcdfc-b6cd-403a-8532-a586c9b8d2af');
INSERT INTO oneOnOneAnswer(answer, answerOneOnOneIDFK, questionIDFK) VALUES('Sí, cuento con las herramientas y el apoyo necesario, lo que me permite avanzar sin mayores inconvenientes.', '5ef25ab3-10a5-4895-8863-0858f9487274', '4be67fd7-5d57-4a79-89ba-530f5b1ea5dd');
INSERT INTO oneOnOneAnswer(answer, answerOneOnOneIDFK, questionIDFK) VALUES('Quiero destacar el esfuerzo y la colaboración de todo el equipo, que ha sido fundamental para alcanzar los objetivos planteados.', 'a40ad247-d031-4d6f-b52c-c818f4ee6f8e', 'a90c8e13-85d7-4dd8-a728-f68c059315a5');
INSERT INTO oneOnOneAnswer(answer, answerOneOnOneIDFK, questionIDFK) VALUES('Sí, hubo un imprevisto en la coordinación del equipo, pero logramos resolverlo a tiempo con la colaboración de todos.', 'f9c0a04c-eb4e-4cff-8b1e-eb41313229cb', 'a90c8e13-85d7-4dd8-a728-f68c059315a5');
INSERT INTO oneOnOneAnswer(answer, answerOneOnOneIDFK, questionIDFK) VALUES('En general tengo lo necesario, aunque en algunas áreas podría beneficiarme de recursos adicionales para acelerar ciertos procesos.', '347daa26-b578-4ef7-8a44-5e54ff5a1b93', '899fcdfc-b6cd-403a-8532-a586c9b8d2af');
INSERT INTO oneOnOneAnswer(answer, answerOneOnOneIDFK, questionIDFK) VALUES('Planeamos definir un plan de acción detallado, distribuir responsabilidades claramente y realizar seguimientos semanales para ajustar el rumbo si es necesario.', 'b096a1f9-8b0f-4d34-81ac-22b7ecb7012f', '4be67fd7-5d57-4a79-89ba-530f5b1ea5dd');
INSERT INTO oneOnOneAnswer(answer, answerOneOnOneIDFK, questionIDFK) VALUES('En general tengo lo necesario, aunque en algunas áreas podría beneficiarme de recursos adicionales para acelerar ciertos procesos.', 'c712189e-4e9b-418d-adb2-65c0e410ce14', '4be67fd7-5d57-4a79-89ba-530f5b1ea5dd');
INSERT INTO oneOnOneAnswer(answer, answerOneOnOneIDFK, questionIDFK) VALUES('Sí, hubo un imprevisto en la coordinación del equipo, pero logramos resolverlo a tiempo con la colaboración de todos.', '74753a0d-8cc6-44e7-ac2f-7a6f650d52b0', '96827fe3-c230-4317-80d4-84f7626bc196');
INSERT INTO oneOnOneAnswer(answer, answerOneOnOneIDFK, questionIDFK) VALUES('Mi meta es finalizar el proyecto pendiente y comenzar a implementar nuevas estrategias para mejorar la productividad.', '963f1a7b-a993-41b4-85b7-af0260850d4f', 'a90c8e13-85d7-4dd8-a728-f68c059315a5');
INSERT INTO oneOnOneAnswer(answer, answerOneOnOneIDFK, questionIDFK) VALUES('Quiero concentrarme en perfeccionar mis habilidades técnicas y cumplir con los plazos establecidos en mis tareas.', '3996c8ef-aa80-468b-ba73-522bae1014fd', '4be67fd7-5d57-4a79-89ba-530f5b1ea5dd');
INSERT INTO oneOnOneAnswer(answer, answerOneOnOneIDFK, questionIDFK) VALUES('En general tengo lo necesario, aunque en algunas áreas podría beneficiarme de recursos adicionales para acelerar ciertos procesos.', '020a93d2-8fce-47a5-b2b1-99178c675b66', '899fcdfc-b6cd-403a-8532-a586c9b8d2af');
INSERT INTO oneOnOneAnswer(answer, answerOneOnOneIDFK, questionIDFK) VALUES('Por el momento, estamos cumpliendo los plazos establecidos y el progreso es consistente.', 'eb973718-54be-4cd9-b54a-df61449f0190', '899fcdfc-b6cd-403a-8532-a586c9b8d2af');
INSERT INTO oneOnOneAnswer(answer, answerOneOnOneIDFK, questionIDFK) VALUES('Por el momento, estamos cumpliendo los plazos establecidos y el progreso es consistente.', 'eb32adff-84ca-436d-9e5e-e99425fbacc4', 'a90c8e13-85d7-4dd8-a728-f68c059315a5');
INSERT INTO oneOnOneAnswer(answer, answerOneOnOneIDFK, questionIDFK) VALUES('En general, me siento tranquilo, aunque reconozco que en algunas situaciones se presenta algo de estrés que manejo con calma.', '475f929e-e981-4b32-8592-07ebf14f45ff', 'a90c8e13-85d7-4dd8-a728-f68c059315a5');
INSERT INTO oneOnOneAnswer(answer, answerOneOnOneIDFK, questionIDFK) VALUES('Actualmente estoy enfocado en el desarrollo del proyecto Y, colaborando estrechamente con mi equipo para alcanzar los objetivos.', 'a64bfd55-4d5e-4a5a-ad87-9a53e58dad99', '4be67fd7-5d57-4a79-89ba-530f5b1ea5dd');
INSERT INTO oneOnOneAnswer(answer, answerOneOnOneIDFK, questionIDFK) VALUES('En su mayoría la semana fue fluida, aunque surgió una situación que requirió reordenar prioridades, lo cual se solucionó rápidamente.', 'eb973718-54be-4cd9-b54a-df61449f0190', '4be67fd7-5d57-4a79-89ba-530f5b1ea5dd');
INSERT INTO oneOnOneAnswer(answer, answerOneOnOneIDFK, questionIDFK) VALUES('En general tengo lo necesario, aunque en algunas áreas podría beneficiarme de recursos adicionales para acelerar ciertos procesos.', '829b3d36-4a78-48e8-aa4f-616aea2b0719', '96827fe3-c230-4317-80d4-84f7626bc196');
INSERT INTO oneOnOneAnswer(answer, answerOneOnOneIDFK, questionIDFK) VALUES('Me siento orgulloso de haber cumplido mis objetivos en el proyecto X, lo que me permitió crecer profesionalmente.', '488591e9-35dd-4051-9a1f-ff85f40328c7', '4be67fd7-5d57-4a79-89ba-530f5b1ea5dd');
INSERT INTO oneOnOneAnswer(answer, answerOneOnOneIDFK, questionIDFK) VALUES('Mi meta es finalizar el proyecto pendiente y comenzar a implementar nuevas estrategias para mejorar la productividad.', 'eb5eb965-ce1e-4320-8e1f-49f46df3a9f2', '899fcdfc-b6cd-403a-8532-a586c9b8d2af');
INSERT INTO oneOnOneAnswer(answer, answerOneOnOneIDFK, questionIDFK) VALUES('Por el momento, estamos cumpliendo los plazos establecidos y el progreso es consistente.', '3a9ea69f-08f5-4116-acba-b3b6e1f8cf11', '4be67fd7-5d57-4a79-89ba-530f5b1ea5dd');
INSERT INTO oneOnOneAnswer(answer, answerOneOnOneIDFK, questionIDFK) VALUES('Estoy satisfecho por haber superado varios desafíos y mejorar mi organización y gestión del tiempo.', '8b528c57-8b37-4fce-9703-4c1e4ed033ec', '899fcdfc-b6cd-403a-8532-a586c9b8d2af');
INSERT INTO oneOnOneAnswer(answer, answerOneOnOneIDFK, questionIDFK) VALUES('En su mayoría la semana fue fluida, aunque surgió una situación que requirió reordenar prioridades, lo cual se solucionó rápidamente.', '20aab298-97c8-4cc2-9409-65694fb20ef7', '899fcdfc-b6cd-403a-8532-a586c9b8d2af');
INSERT INTO oneOnOneAnswer(answer, answerOneOnOneIDFK, questionIDFK) VALUES('Sí, cuento con las herramientas y el apoyo necesario, lo que me permite avanzar sin mayores inconvenientes.', '71b41656-8ef6-47d5-8493-78ed16132a4c', '96827fe3-c230-4317-80d4-84f7626bc196');
INSERT INTO oneOnOneAnswer(answer, answerOneOnOneIDFK, questionIDFK) VALUES('Actualmente estoy enfocado en el desarrollo del proyecto Y, colaborando estrechamente con mi equipo para alcanzar los objetivos.', 'c7171a83-a14e-476f-9bfe-7310efac1a9b', 'a90c8e13-85d7-4dd8-a728-f68c059315a5');
INSERT INTO oneOnOneAnswer(answer, answerOneOnOneIDFK, questionIDFK) VALUES('Planeamos definir un plan de acción detallado, distribuir responsabilidades claramente y realizar seguimientos semanales para ajustar el rumbo si es necesario.', '669a369c-aa8e-4d6c-bff5-f61b2f95c1ce', '899fcdfc-b6cd-403a-8532-a586c9b8d2af');
INSERT INTO oneOnOneAnswer(answer, answerOneOnOneIDFK, questionIDFK) VALUES('Sí, hubo un imprevisto en la coordinación del equipo, pero logramos resolverlo a tiempo con la colaboración de todos.', 'e61eeff6-75da-4e54-90dd-9388a5aaa228', 'a90c8e13-85d7-4dd8-a728-f68c059315a5');
INSERT INTO oneOnOneAnswer(answer, answerOneOnOneIDFK, questionIDFK) VALUES('Si bien hubo momentos de presión, no me siento decepcionado y estoy enfocado en encontrar soluciones.', '1347e89a-7523-4d43-8a4e-2dbd87c48576', 'a90c8e13-85d7-4dd8-a728-f68c059315a5');
INSERT INTO oneOnOneAnswer(answer, answerOneOnOneIDFK, questionIDFK) VALUES('En general tengo lo necesario, aunque en algunas áreas podría beneficiarme de recursos adicionales para acelerar ciertos procesos.', '49fc9fec-ad1c-4b08-ac56-b613b8c7e139', 'a90c8e13-85d7-4dd8-a728-f68c059315a5');
INSERT INTO oneOnOneAnswer(answer, answerOneOnOneIDFK, questionIDFK) VALUES('La mayoría de las entregas están en línea con el cronograma, aunque se requieren pequeños ajustes en algunas tareas.', 'f03909ac-cda4-4c6d-a038-1057eb98df76', '899fcdfc-b6cd-403a-8532-a586c9b8d2af');
INSERT INTO oneOnOneAnswer(answer, answerOneOnOneIDFK, questionIDFK) VALUES('Si bien hubo momentos de presión, no me siento decepcionado y estoy enfocado en encontrar soluciones.', 'b388888b-b760-4278-97e2-bb8a34c4ce8d', '4be67fd7-5d57-4a79-89ba-530f5b1ea5dd');
INSERT INTO oneOnOneAnswer(answer, answerOneOnOneIDFK, questionIDFK) VALUES('Mi meta es finalizar el proyecto pendiente y comenzar a implementar nuevas estrategias para mejorar la productividad.', '4eaab484-cc45-4480-a793-033108786b15', '899fcdfc-b6cd-403a-8532-a586c9b8d2af');
INSERT INTO oneOnOneAnswer(answer, answerOneOnOneIDFK, questionIDFK) VALUES('Quiero destacar el esfuerzo y la colaboración de todo el equipo, que ha sido fundamental para alcanzar los objetivos planteados.', '18a60a03-ee25-4934-95bc-d8df9a29b113', '4be67fd7-5d57-4a79-89ba-530f5b1ea5dd');
INSERT INTO oneOnOneAnswer(answer, answerOneOnOneIDFK, questionIDFK) VALUES('Sí, cuento con las herramientas y el apoyo necesario, lo que me permite avanzar sin mayores inconvenientes.', '475f929e-e981-4b32-8592-07ebf14f45ff', 'a90c8e13-85d7-4dd8-a728-f68c059315a5');
INSERT INTO oneOnOneAnswer(answer, answerOneOnOneIDFK, questionIDFK) VALUES('Sí, hubo un imprevisto en la coordinación del equipo, pero logramos resolverlo a tiempo con la colaboración de todos.', 'a646bf55-b98c-4108-b335-af93e251bff5', '899fcdfc-b6cd-403a-8532-a586c9b8d2af');
INSERT INTO oneOnOneAnswer(answer, answerOneOnOneIDFK, questionIDFK) VALUES('En su mayoría la semana fue fluida, aunque surgió una situación que requirió reordenar prioridades, lo cual se solucionó rápidamente.', 'b3a3d966-59ba-4e28-8c35-d1ca9b6c0138', '4be67fd7-5d57-4a79-89ba-530f5b1ea5dd');
INSERT INTO oneOnOneAnswer(answer, answerOneOnOneIDFK, questionIDFK) VALUES('Sí, hubo un imprevisto en la coordinación del equipo, pero logramos resolverlo a tiempo con la colaboración de todos.', '5516f8b6-ec8f-45eb-b6f3-cf853b551624', '96827fe3-c230-4317-80d4-84f7626bc196');
INSERT INTO oneOnOneAnswer(answer, answerOneOnOneIDFK, questionIDFK) VALUES('Me siento orgulloso de haber cumplido mis objetivos en el proyecto X, lo que me permitió crecer profesionalmente.', '475f929e-e981-4b32-8592-07ebf14f45ff', 'a90c8e13-85d7-4dd8-a728-f68c059315a5');
INSERT INTO oneOnOneAnswer(answer, answerOneOnOneIDFK, questionIDFK) VALUES('Estoy satisfecho por haber superado varios desafíos y mejorar mi organización y gestión del tiempo.', 'c7171a83-a14e-476f-9bfe-7310efac1a9b', 'a90c8e13-85d7-4dd8-a728-f68c059315a5');
INSERT INTO oneOnOneAnswer(answer, answerOneOnOneIDFK, questionIDFK) VALUES('Quiero concentrarme en perfeccionar mis habilidades técnicas y cumplir con los plazos establecidos en mis tareas.', '963f1a7b-a993-41b4-85b7-af0260850d4f', '899fcdfc-b6cd-403a-8532-a586c9b8d2af');
INSERT INTO oneOnOneAnswer(answer, answerOneOnOneIDFK, questionIDFK) VALUES('Quiero destacar el esfuerzo y la colaboración de todo el equipo, que ha sido fundamental para alcanzar los objetivos planteados.', '6211ce81-f6e5-477d-b678-13f4edaa9f84', '899fcdfc-b6cd-403a-8532-a586c9b8d2af');
INSERT INTO oneOnOneAnswer(answer, answerOneOnOneIDFK, questionIDFK) VALUES('Me siento orgulloso de haber cumplido mis objetivos en el proyecto X, lo que me permitió crecer profesionalmente.', 'ca55a528-aaa4-42c5-b7b7-428779346230', '96827fe3-c230-4317-80d4-84f7626bc196');
INSERT INTO oneOnOneAnswer(answer, answerOneOnOneIDFK, questionIDFK) VALUES('Mi meta es finalizar el proyecto pendiente y comenzar a implementar nuevas estrategias para mejorar la productividad.', '5ef25ab3-10a5-4895-8863-0858f9487274', 'a90c8e13-85d7-4dd8-a728-f68c059315a5');
INSERT INTO oneOnOneAnswer(answer, answerOneOnOneIDFK, questionIDFK) VALUES('Por el momento, estamos cumpliendo los plazos establecidos y el progreso es consistente.', 'b388888b-b760-4278-97e2-bb8a34c4ce8d', '4be67fd7-5d57-4a79-89ba-530f5b1ea5dd');
INSERT INTO oneOnOneAnswer(answer, answerOneOnOneIDFK, questionIDFK) VALUES('En general tengo lo necesario, aunque en algunas áreas podría beneficiarme de recursos adicionales para acelerar ciertos procesos.', '5516f8b6-ec8f-45eb-b6f3-cf853b551624', '96827fe3-c230-4317-80d4-84f7626bc196');
INSERT INTO oneOnOneAnswer(answer, answerOneOnOneIDFK, questionIDFK) VALUES('En general tengo lo necesario, aunque en algunas áreas podría beneficiarme de recursos adicionales para acelerar ciertos procesos.', 'b388888b-b760-4278-97e2-bb8a34c4ce8d', '4be67fd7-5d57-4a79-89ba-530f5b1ea5dd');
INSERT INTO oneOnOneAnswer(answer, answerOneOnOneIDFK, questionIDFK) VALUES('En general, me siento tranquilo, aunque reconozco que en algunas situaciones se presenta algo de estrés que manejo con calma.', 'b096a1f9-8b0f-4d34-81ac-22b7ecb7012f', '4be67fd7-5d57-4a79-89ba-530f5b1ea5dd');
INSERT INTO oneOnOneAnswer(answer, answerOneOnOneIDFK, questionIDFK) VALUES('La mayoría de las entregas están en línea con el cronograma, aunque se requieren pequeños ajustes en algunas tareas.', 'ada12b13-fc01-4efc-be33-a17e5d7db5ca', '899fcdfc-b6cd-403a-8532-a586c9b8d2af');
INSERT INTO oneOnOneAnswer(answer, answerOneOnOneIDFK, questionIDFK) VALUES('Por el momento, estamos cumpliendo los plazos establecidos y el progreso es consistente.', '978f67d8-e7ee-4cca-8c8b-e56a78560bb2', 'a90c8e13-85d7-4dd8-a728-f68c059315a5');
INSERT INTO oneOnOneAnswer(answer, answerOneOnOneIDFK, questionIDFK) VALUES('Me siento orgulloso de haber cumplido mis objetivos en el proyecto X, lo que me permitió crecer profesionalmente.', 'f9c0a04c-eb4e-4cff-8b1e-eb41313229cb', '4be67fd7-5d57-4a79-89ba-530f5b1ea5dd');
INSERT INTO oneOnOneAnswer(answer, answerOneOnOneIDFK, questionIDFK) VALUES('Si bien hubo momentos de presión, no me siento decepcionado y estoy enfocado en encontrar soluciones.', 'a64bfd55-4d5e-4a5a-ad87-9a53e58dad99', '96827fe3-c230-4317-80d4-84f7626bc196');
INSERT INTO oneOnOneAnswer(answer, answerOneOnOneIDFK, questionIDFK) VALUES('En general tengo lo necesario, aunque en algunas áreas podría beneficiarme de recursos adicionales para acelerar ciertos procesos.', '8b528c57-8b37-4fce-9703-4c1e4ed033ec', '96827fe3-c230-4317-80d4-84f7626bc196');
INSERT INTO oneOnOneAnswer(answer, answerOneOnOneIDFK, questionIDFK) VALUES('Me encuentro trabajando en la optimización de procesos internos y en la implementación de mejoras para el próximo trimestre.', '27451930-dfda-4d8f-b138-361058e0c2f0', '96827fe3-c230-4317-80d4-84f7626bc196');
INSERT INTO oneOnOneAnswer(answer, answerOneOnOneIDFK, questionIDFK) VALUES('Por el momento, estamos cumpliendo los plazos establecidos y el progreso es consistente.', 'ed71a13a-8fef-4ac3-9c4d-455028698b7f', '899fcdfc-b6cd-403a-8532-a586c9b8d2af');
INSERT INTO oneOnOneAnswer(answer, answerOneOnOneIDFK, questionIDFK) VALUES('Sí, cuento con las herramientas y el apoyo necesario, lo que me permite avanzar sin mayores inconvenientes.', 'a646bf55-b98c-4108-b335-af93e251bff5', '899fcdfc-b6cd-403a-8532-a586c9b8d2af');
INSERT INTO oneOnOneAnswer(answer, answerOneOnOneIDFK, questionIDFK) VALUES('Sí, hubo un imprevisto en la coordinación del equipo, pero logramos resolverlo a tiempo con la colaboración de todos.', '52084459-f335-4839-b5d4-bb949a70a0bc', 'a90c8e13-85d7-4dd8-a728-f68c059315a5');
INSERT INTO oneOnOneAnswer(answer, answerOneOnOneIDFK, questionIDFK) VALUES('Quiero destacar el esfuerzo y la colaboración de todo el equipo, que ha sido fundamental para alcanzar los objetivos planteados.', 'ed71a13a-8fef-4ac3-9c4d-455028698b7f', '4be67fd7-5d57-4a79-89ba-530f5b1ea5dd');
INSERT INTO oneOnOneAnswer(answer, answerOneOnOneIDFK, questionIDFK) VALUES('Mi meta es finalizar el proyecto pendiente y comenzar a implementar nuevas estrategias para mejorar la productividad.', '4abef6eb-3c54-48f1-9e48-578aef9d4944', '4be67fd7-5d57-4a79-89ba-530f5b1ea5dd');
INSERT INTO oneOnOneAnswer(answer, answerOneOnOneIDFK, questionIDFK) VALUES('Me siento orgulloso de haber cumplido mis objetivos en el proyecto X, lo que me permitió crecer profesionalmente.', '8a9b0a75-dd3b-4706-864e-53ee39ea2552', '96827fe3-c230-4317-80d4-84f7626bc196');
INSERT INTO oneOnOneAnswer(answer, answerOneOnOneIDFK, questionIDFK) VALUES('Actualmente estoy enfocado en el desarrollo del proyecto Y, colaborando estrechamente con mi equipo para alcanzar los objetivos.', '171979f7-7abd-467c-8d21-cc39ab674320', 'a90c8e13-85d7-4dd8-a728-f68c059315a5');
INSERT INTO oneOnOneAnswer(answer, answerOneOnOneIDFK, questionIDFK) VALUES('Me encuentro trabajando en la optimización de procesos internos y en la implementación de mejoras para el próximo trimestre.', '4abef6eb-3c54-48f1-9e48-578aef9d4944', '899fcdfc-b6cd-403a-8532-a586c9b8d2af');
INSERT INTO oneOnOneAnswer(answer, answerOneOnOneIDFK, questionIDFK) VALUES('Planeamos definir un plan de acción detallado, distribuir responsabilidades claramente y realizar seguimientos semanales para ajustar el rumbo si es necesario.', '8b528c57-8b37-4fce-9703-4c1e4ed033ec', '899fcdfc-b6cd-403a-8532-a586c9b8d2af');
INSERT INTO oneOnOneAnswer(answer, answerOneOnOneIDFK, questionIDFK) VALUES('Sí, hubo un imprevisto en la coordinación del equipo, pero logramos resolverlo a tiempo con la colaboración de todos.', '4abef6eb-3c54-48f1-9e48-578aef9d4944', '96827fe3-c230-4317-80d4-84f7626bc196');
INSERT INTO oneOnOneAnswer(answer, answerOneOnOneIDFK, questionIDFK) VALUES('Vamos a fomentar la comunicación continua y a utilizar herramientas de gestión que nos ayuden a monitorear el progreso.', '488591e9-35dd-4051-9a1f-ff85f40328c7', 'a90c8e13-85d7-4dd8-a728-f68c059315a5');
INSERT INTO oneOnOneAnswer(answer, answerOneOnOneIDFK, questionIDFK) VALUES('Estoy satisfecho por haber superado varios desafíos y mejorar mi organización y gestión del tiempo.', 'ada12b13-fc01-4efc-be33-a17e5d7db5ca', '899fcdfc-b6cd-403a-8532-a586c9b8d2af');
INSERT INTO oneOnOneAnswer(answer, answerOneOnOneIDFK, questionIDFK) VALUES('Me encuentro trabajando en la optimización de procesos internos y en la implementación de mejoras para el próximo trimestre.', '488591e9-35dd-4051-9a1f-ff85f40328c7', '899fcdfc-b6cd-403a-8532-a586c9b8d2af');
INSERT INTO oneOnOneAnswer(answer, answerOneOnOneIDFK, questionIDFK) VALUES('Me encuentro trabajando en la optimización de procesos internos y en la implementación de mejoras para el próximo trimestre.', '3996c8ef-aa80-468b-ba73-522bae1014fd', '4be67fd7-5d57-4a79-89ba-530f5b1ea5dd');
INSERT INTO oneOnOneAnswer(answer, answerOneOnOneIDFK, questionIDFK) VALUES('Si bien hubo momentos de presión, no me siento decepcionado y estoy enfocado en encontrar soluciones.', 'bbfcc793-db61-4d8c-b48b-f48dabac486f', 'a90c8e13-85d7-4dd8-a728-f68c059315a5');
INSERT INTO oneOnOneAnswer(answer, answerOneOnOneIDFK, questionIDFK) VALUES('Quiero destacar el esfuerzo y la colaboración de todo el equipo, que ha sido fundamental para alcanzar los objetivos planteados.', '79dedb1a-c758-485a-ba0b-655bd5bb00fd', 'a90c8e13-85d7-4dd8-a728-f68c059315a5');
INSERT INTO oneOnOneAnswer(answer, answerOneOnOneIDFK, questionIDFK) VALUES('En general, me siento tranquilo, aunque reconozco que en algunas situaciones se presenta algo de estrés que manejo con calma.', 'ed71a13a-8fef-4ac3-9c4d-455028698b7f', '96827fe3-c230-4317-80d4-84f7626bc196');
INSERT INTO oneOnOneAnswer(answer, answerOneOnOneIDFK, questionIDFK) VALUES('Sí, cuento con las herramientas y el apoyo necesario, lo que me permite avanzar sin mayores inconvenientes.', 'ed71a13a-8fef-4ac3-9c4d-455028698b7f', '4be67fd7-5d57-4a79-89ba-530f5b1ea5dd');
INSERT INTO oneOnOneAnswer(answer, answerOneOnOneIDFK, questionIDFK) VALUES('Estoy satisfecho por haber superado varios desafíos y mejorar mi organización y gestión del tiempo.', '6211ce81-f6e5-477d-b678-13f4edaa9f84', '96827fe3-c230-4317-80d4-84f7626bc196');
INSERT INTO oneOnOneAnswer(answer, answerOneOnOneIDFK, questionIDFK) VALUES('Actualmente estoy enfocado en el desarrollo del proyecto Y, colaborando estrechamente con mi equipo para alcanzar los objetivos.', 'eb5eb965-ce1e-4320-8e1f-49f46df3a9f2', '96827fe3-c230-4317-80d4-84f7626bc196');
INSERT INTO oneOnOneAnswer(answer, answerOneOnOneIDFK, questionIDFK) VALUES('Quiero destacar el esfuerzo y la colaboración de todo el equipo, que ha sido fundamental para alcanzar los objetivos planteados.', 'd775173c-35fb-4d03-90d1-a5dfbcd78cbb', '899fcdfc-b6cd-403a-8532-a586c9b8d2af');
INSERT INTO oneOnOneAnswer(answer, answerOneOnOneIDFK, questionIDFK) VALUES('En su mayoría la semana fue fluida, aunque surgió una situación que requirió reordenar prioridades, lo cual se solucionó rápidamente.', 'bbfcc793-db61-4d8c-b48b-f48dabac486f', 'a90c8e13-85d7-4dd8-a728-f68c059315a5');
INSERT INTO oneOnOneAnswer(answer, answerOneOnOneIDFK, questionIDFK) VALUES('Planeamos definir un plan de acción detallado, distribuir responsabilidades claramente y realizar seguimientos semanales para ajustar el rumbo si es necesario.', '488591e9-35dd-4051-9a1f-ff85f40328c7', '899fcdfc-b6cd-403a-8532-a586c9b8d2af');
INSERT INTO oneOnOneAnswer(answer, answerOneOnOneIDFK, questionIDFK) VALUES('Me encuentro trabajando en la optimización de procesos internos y en la implementación de mejoras para el próximo trimestre.', 'a64bfd55-4d5e-4a5a-ad87-9a53e58dad99', '899fcdfc-b6cd-403a-8532-a586c9b8d2af');
INSERT INTO oneOnOneAnswer(answer, answerOneOnOneIDFK, questionIDFK) VALUES('Si bien hubo momentos de presión, no me siento decepcionado y estoy enfocado en encontrar soluciones.', '71b41656-8ef6-47d5-8493-78ed16132a4c', '96827fe3-c230-4317-80d4-84f7626bc196');
INSERT INTO oneOnOneAnswer(answer, answerOneOnOneIDFK, questionIDFK) VALUES('Sí, hubo un imprevisto en la coordinación del equipo, pero logramos resolverlo a tiempo con la colaboración de todos.', '74753a0d-8cc6-44e7-ac2f-7a6f650d52b0', '899fcdfc-b6cd-403a-8532-a586c9b8d2af');
INSERT INTO oneOnOneAnswer(answer, answerOneOnOneIDFK, questionIDFK) VALUES('Mi meta es finalizar el proyecto pendiente y comenzar a implementar nuevas estrategias para mejorar la productividad.', '71b41656-8ef6-47d5-8493-78ed16132a4c', 'a90c8e13-85d7-4dd8-a728-f68c059315a5');
INSERT INTO oneOnOneAnswer(answer, answerOneOnOneIDFK, questionIDFK) VALUES('Quiero concentrarme en perfeccionar mis habilidades técnicas y cumplir con los plazos establecidos en mis tareas.', '5516f8b6-ec8f-45eb-b6f3-cf853b551624', '4be67fd7-5d57-4a79-89ba-530f5b1ea5dd');
INSERT INTO oneOnOneAnswer(answer, answerOneOnOneIDFK, questionIDFK) VALUES('Estoy satisfecho por haber superado varios desafíos y mejorar mi organización y gestión del tiempo.', '347daa26-b578-4ef7-8a44-5e54ff5a1b93', 'a90c8e13-85d7-4dd8-a728-f68c059315a5');
INSERT INTO oneOnOneAnswer(answer, answerOneOnOneIDFK, questionIDFK) VALUES('Planeamos definir un plan de acción detallado, distribuir responsabilidades claramente y realizar seguimientos semanales para ajustar el rumbo si es necesario.', '20aab298-97c8-4cc2-9409-65694fb20ef7', '4be67fd7-5d57-4a79-89ba-530f5b1ea5dd');
INSERT INTO oneOnOneAnswer(answer, answerOneOnOneIDFK, questionIDFK) VALUES('La mayoría de las entregas están en línea con el cronograma, aunque se requieren pequeños ajustes en algunas tareas.', '475f929e-e981-4b32-8592-07ebf14f45ff', '96827fe3-c230-4317-80d4-84f7626bc196');
INSERT INTO oneOnOneAnswer(answer, answerOneOnOneIDFK, questionIDFK) VALUES('Me encuentro trabajando en la optimización de procesos internos y en la implementación de mejoras para el próximo trimestre.', 'c8756cb2-0992-4db5-96f7-fdbbcf72d30b', '899fcdfc-b6cd-403a-8532-a586c9b8d2af');
INSERT INTO oneOnOneAnswer(answer, answerOneOnOneIDFK, questionIDFK) VALUES('En general tengo lo necesario, aunque en algunas áreas podría beneficiarme de recursos adicionales para acelerar ciertos procesos.', '40954a43-c652-4b32-a7bf-64f1aac2aa0f', '96827fe3-c230-4317-80d4-84f7626bc196');
INSERT INTO oneOnOneAnswer(answer, answerOneOnOneIDFK, questionIDFK) VALUES('Planeamos definir un plan de acción detallado, distribuir responsabilidades claramente y realizar seguimientos semanales para ajustar el rumbo si es necesario.', '6211ce81-f6e5-477d-b678-13f4edaa9f84', '899fcdfc-b6cd-403a-8532-a586c9b8d2af');
INSERT INTO oneOnOneAnswer(answer, answerOneOnOneIDFK, questionIDFK) VALUES('Sí, cuento con las herramientas y el apoyo necesario, lo que me permite avanzar sin mayores inconvenientes.', 'a64bfd55-4d5e-4a5a-ad87-9a53e58dad99', '4be67fd7-5d57-4a79-89ba-530f5b1ea5dd');
INSERT INTO oneOnOneAnswer(answer, answerOneOnOneIDFK, questionIDFK) VALUES('Quiero destacar el esfuerzo y la colaboración de todo el equipo, que ha sido fundamental para alcanzar los objetivos planteados.', 'b388888b-b760-4278-97e2-bb8a34c4ce8d', '899fcdfc-b6cd-403a-8532-a586c9b8d2af');
INSERT INTO oneOnOneAnswer(answer, answerOneOnOneIDFK, questionIDFK) VALUES('En general, me siento tranquilo, aunque reconozco que en algunas situaciones se presenta algo de estrés que manejo con calma.', '347daa26-b578-4ef7-8a44-5e54ff5a1b93', '899fcdfc-b6cd-403a-8532-a586c9b8d2af');
INSERT INTO oneOnOneAnswer(answer, answerOneOnOneIDFK, questionIDFK) VALUES('Quiero destacar el esfuerzo y la colaboración de todo el equipo, que ha sido fundamental para alcanzar los objetivos planteados.', '4eaab484-cc45-4480-a793-033108786b15', '96827fe3-c230-4317-80d4-84f7626bc196');
INSERT INTO oneOnOneAnswer(answer, answerOneOnOneIDFK, questionIDFK) VALUES('Por el momento, estamos cumpliendo los plazos establecidos y el progreso es consistente.', '20b8bbc4-3991-444e-a3b6-f238ce9842d1', 'a90c8e13-85d7-4dd8-a728-f68c059315a5');
INSERT INTO oneOnOneAnswer(answer, answerOneOnOneIDFK, questionIDFK) VALUES('En su mayoría la semana fue fluida, aunque surgió una situación que requirió reordenar prioridades, lo cual se solucionó rápidamente.', 'c8255799-f0f3-45f1-ab1c-80e09f8f8a18', '96827fe3-c230-4317-80d4-84f7626bc196');
INSERT INTO oneOnOneAnswer(answer, answerOneOnOneIDFK, questionIDFK) VALUES('Me siento orgulloso de haber cumplido mis objetivos en el proyecto X, lo que me permitió crecer profesionalmente.', '3996c8ef-aa80-468b-ba73-522bae1014fd', '96827fe3-c230-4317-80d4-84f7626bc196');
INSERT INTO oneOnOneAnswer(answer, answerOneOnOneIDFK, questionIDFK) VALUES('Vamos a fomentar la comunicación continua y a utilizar herramientas de gestión que nos ayuden a monitorear el progreso.', 'ca55a528-aaa4-42c5-b7b7-428779346230', '899fcdfc-b6cd-403a-8532-a586c9b8d2af');
INSERT INTO oneOnOneAnswer(answer, answerOneOnOneIDFK, questionIDFK) VALUES('Sí, cuento con las herramientas y el apoyo necesario, lo que me permite avanzar sin mayores inconvenientes.', '347daa26-b578-4ef7-8a44-5e54ff5a1b93', '4be67fd7-5d57-4a79-89ba-530f5b1ea5dd');
INSERT INTO oneOnOneAnswer(answer, answerOneOnOneIDFK, questionIDFK) VALUES('Mi meta es finalizar el proyecto pendiente y comenzar a implementar nuevas estrategias para mejorar la productividad.', '2adc376d-63b0-41c6-a053-ae73cd8c4fe7', 'a90c8e13-85d7-4dd8-a728-f68c059315a5');
INSERT INTO oneOnOneAnswer(answer, answerOneOnOneIDFK, questionIDFK) VALUES('Me encuentro trabajando en la optimización de procesos internos y en la implementación de mejoras para el próximo trimestre.', '488591e9-35dd-4051-9a1f-ff85f40328c7', '96827fe3-c230-4317-80d4-84f7626bc196');
INSERT INTO oneOnOneAnswer(answer, answerOneOnOneIDFK, questionIDFK) VALUES('Sí, cuento con las herramientas y el apoyo necesario, lo que me permite avanzar sin mayores inconvenientes.', '5ef25ab3-10a5-4895-8863-0858f9487274', 'a90c8e13-85d7-4dd8-a728-f68c059315a5');
INSERT INTO oneOnOneAnswer(answer, answerOneOnOneIDFK, questionIDFK) VALUES('Quiero concentrarme en perfeccionar mis habilidades técnicas y cumplir con los plazos establecidos en mis tareas.', 'a64bfd55-4d5e-4a5a-ad87-9a53e58dad99', '96827fe3-c230-4317-80d4-84f7626bc196');
INSERT INTO oneOnOneAnswer(answer, answerOneOnOneIDFK, questionIDFK) VALUES('En general, me siento tranquilo, aunque reconozco que en algunas situaciones se presenta algo de estrés que manejo con calma.', '5f485a0e-dc3d-4f9b-b2ad-5bf6f719ece2', 'a90c8e13-85d7-4dd8-a728-f68c059315a5');
INSERT INTO oneOnOneAnswer(answer, answerOneOnOneIDFK, questionIDFK) VALUES('Vamos a fomentar la comunicación continua y a utilizar herramientas de gestión que nos ayuden a monitorear el progreso.', '18a60a03-ee25-4934-95bc-d8df9a29b113', '899fcdfc-b6cd-403a-8532-a586c9b8d2af');
INSERT INTO oneOnOneAnswer(answer, answerOneOnOneIDFK, questionIDFK) VALUES('En su mayoría la semana fue fluida, aunque surgió una situación que requirió reordenar prioridades, lo cual se solucionó rápidamente.', 'a9d60aee-2733-47b2-b2b3-551e4be48523', '96827fe3-c230-4317-80d4-84f7626bc196');
INSERT INTO oneOnOneAnswer(answer, answerOneOnOneIDFK, questionIDFK) VALUES('En general tengo lo necesario, aunque en algunas áreas podría beneficiarme de recursos adicionales para acelerar ciertos procesos.', '79dedb1a-c758-485a-ba0b-655bd5bb00fd', '899fcdfc-b6cd-403a-8532-a586c9b8d2af');
INSERT INTO oneOnOneAnswer(answer, answerOneOnOneIDFK, questionIDFK) VALUES('Mi meta es finalizar el proyecto pendiente y comenzar a implementar nuevas estrategias para mejorar la productividad.', '669a369c-aa8e-4d6c-bff5-f61b2f95c1ce', '899fcdfc-b6cd-403a-8532-a586c9b8d2af');

INSERT INTO oneOnOneMeasure(evaluation, measureOneOnOneIDFK, measurableIDFK) VALUES('5', '6211ce81-f6e5-477d-b678-13f4edaa9f84', '115b2ee1-96f3-443b-b9dd-f44b8c2bf498');
INSERT INTO oneOnOneMeasure(evaluation, measureOneOnOneIDFK, measurableIDFK) VALUES('2', 'c6b50c21-ab03-4b97-a591-d82fd837c177', '32ab0e30-73d4-4b67-8fdd-14521d53e953');
INSERT INTO oneOnOneMeasure(evaluation, measureOneOnOneIDFK, measurableIDFK) VALUES('5', 'a646bf55-b98c-4108-b335-af93e251bff5', '115b2ee1-96f3-443b-b9dd-f44b8c2bf498');
INSERT INTO oneOnOneMeasure(evaluation, measureOneOnOneIDFK, measurableIDFK) VALUES('5', '3996c8ef-aa80-468b-ba73-522bae1014fd', '0d980121-d47b-4ec8-868a-f3bb22adc240');
INSERT INTO oneOnOneMeasure(evaluation, measureOneOnOneIDFK, measurableIDFK) VALUES('2', 'b388888b-b760-4278-97e2-bb8a34c4ce8d', '071d91d4-f678-4cec-8502-801aa7e02c02');
INSERT INTO oneOnOneMeasure(evaluation, measureOneOnOneIDFK, measurableIDFK) VALUES('3', '669a369c-aa8e-4d6c-bff5-f61b2f95c1ce', '115b2ee1-96f3-443b-b9dd-f44b8c2bf498');
INSERT INTO oneOnOneMeasure(evaluation, measureOneOnOneIDFK, measurableIDFK) VALUES('2', 'd504a2d2-bf71-4592-bdec-61d5973fffe7', '071d91d4-f678-4cec-8502-801aa7e02c02');
INSERT INTO oneOnOneMeasure(evaluation, measureOneOnOneIDFK, measurableIDFK) VALUES('1', 'ca55a528-aaa4-42c5-b7b7-428779346230', '9736b793-22bc-45a2-973c-83033f9110d7');
INSERT INTO oneOnOneMeasure(evaluation, measureOneOnOneIDFK, measurableIDFK) VALUES('1', '978f67d8-e7ee-4cca-8c8b-e56a78560bb2', '071d91d4-f678-4cec-8502-801aa7e02c02');
INSERT INTO oneOnOneMeasure(evaluation, measureOneOnOneIDFK, measurableIDFK) VALUES('3', 'c7171a83-a14e-476f-9bfe-7310efac1a9b', '32ab0e30-73d4-4b67-8fdd-14521d53e953');
INSERT INTO oneOnOneMeasure(evaluation, measureOneOnOneIDFK, measurableIDFK) VALUES('3', '18a60a03-ee25-4934-95bc-d8df9a29b113', '9736b793-22bc-45a2-973c-83033f9110d7');
INSERT INTO oneOnOneMeasure(evaluation, measureOneOnOneIDFK, measurableIDFK) VALUES('5', '20aab298-97c8-4cc2-9409-65694fb20ef7', '0d980121-d47b-4ec8-868a-f3bb22adc240');
INSERT INTO oneOnOneMeasure(evaluation, measureOneOnOneIDFK, measurableIDFK) VALUES('4', '49fc9fec-ad1c-4b08-ac56-b613b8c7e139', '071d91d4-f678-4cec-8502-801aa7e02c02');
INSERT INTO oneOnOneMeasure(evaluation, measureOneOnOneIDFK, measurableIDFK) VALUES('2', 'd775173c-35fb-4d03-90d1-a5dfbcd78cbb', '115b2ee1-96f3-443b-b9dd-f44b8c2bf498');
INSERT INTO oneOnOneMeasure(evaluation, measureOneOnOneIDFK, measurableIDFK) VALUES('3', 'd504a2d2-bf71-4592-bdec-61d5973fffe7', '071d91d4-f678-4cec-8502-801aa7e02c02');
INSERT INTO oneOnOneMeasure(evaluation, measureOneOnOneIDFK, measurableIDFK) VALUES('3', 'eb32adff-84ca-436d-9e5e-e99425fbacc4', '0d980121-d47b-4ec8-868a-f3bb22adc240');
INSERT INTO oneOnOneMeasure(evaluation, measureOneOnOneIDFK, measurableIDFK) VALUES('3', '4eaab484-cc45-4480-a793-033108786b15', '115b2ee1-96f3-443b-b9dd-f44b8c2bf498');
INSERT INTO oneOnOneMeasure(evaluation, measureOneOnOneIDFK, measurableIDFK) VALUES('3', '3996c8ef-aa80-468b-ba73-522bae1014fd', '9736b793-22bc-45a2-973c-83033f9110d7');
INSERT INTO oneOnOneMeasure(evaluation, measureOneOnOneIDFK, measurableIDFK) VALUES('4', 'de51d178-a4b7-4552-90a3-a481d6bf1511', '115b2ee1-96f3-443b-b9dd-f44b8c2bf498');
INSERT INTO oneOnOneMeasure(evaluation, measureOneOnOneIDFK, measurableIDFK) VALUES('1', 'f9c0a04c-eb4e-4cff-8b1e-eb41313229cb', '115b2ee1-96f3-443b-b9dd-f44b8c2bf498');
INSERT INTO oneOnOneMeasure(evaluation, measureOneOnOneIDFK, measurableIDFK) VALUES('1', '74753a0d-8cc6-44e7-ac2f-7a6f650d52b0', '0d980121-d47b-4ec8-868a-f3bb22adc240');
INSERT INTO oneOnOneMeasure(evaluation, measureOneOnOneIDFK, measurableIDFK) VALUES('4', 'b3a3d966-59ba-4e28-8c35-d1ca9b6c0138', '0d980121-d47b-4ec8-868a-f3bb22adc240');
INSERT INTO oneOnOneMeasure(evaluation, measureOneOnOneIDFK, measurableIDFK) VALUES('3', '1347e89a-7523-4d43-8a4e-2dbd87c48576', '9736b793-22bc-45a2-973c-83033f9110d7');
INSERT INTO oneOnOneMeasure(evaluation, measureOneOnOneIDFK, measurableIDFK) VALUES('5', 'de51d178-a4b7-4552-90a3-a481d6bf1511', '071d91d4-f678-4cec-8502-801aa7e02c02');
INSERT INTO oneOnOneMeasure(evaluation, measureOneOnOneIDFK, measurableIDFK) VALUES('1', '49fc9fec-ad1c-4b08-ac56-b613b8c7e139', '115b2ee1-96f3-443b-b9dd-f44b8c2bf498');
INSERT INTO oneOnOneMeasure(evaluation, measureOneOnOneIDFK, measurableIDFK) VALUES('2', 'eb5eb965-ce1e-4320-8e1f-49f46df3a9f2', '0d980121-d47b-4ec8-868a-f3bb22adc240');
INSERT INTO oneOnOneMeasure(evaluation, measureOneOnOneIDFK, measurableIDFK) VALUES('1', 'c712189e-4e9b-418d-adb2-65c0e410ce14', '071d91d4-f678-4cec-8502-801aa7e02c02');
INSERT INTO oneOnOneMeasure(evaluation, measureOneOnOneIDFK, measurableIDFK) VALUES('4', 'ed71a13a-8fef-4ac3-9c4d-455028698b7f', '115b2ee1-96f3-443b-b9dd-f44b8c2bf498');
INSERT INTO oneOnOneMeasure(evaluation, measureOneOnOneIDFK, measurableIDFK) VALUES('3', 'b3a3d966-59ba-4e28-8c35-d1ca9b6c0138', '0d980121-d47b-4ec8-868a-f3bb22adc240');
INSERT INTO oneOnOneMeasure(evaluation, measureOneOnOneIDFK, measurableIDFK) VALUES('2', '74753a0d-8cc6-44e7-ac2f-7a6f650d52b0', '0d980121-d47b-4ec8-868a-f3bb22adc240');
INSERT INTO oneOnOneMeasure(evaluation, measureOneOnOneIDFK, measurableIDFK) VALUES('5', '171979f7-7abd-467c-8d21-cc39ab674320', '32ab0e30-73d4-4b67-8fdd-14521d53e953');
INSERT INTO oneOnOneMeasure(evaluation, measureOneOnOneIDFK, measurableIDFK) VALUES('1', 'c712189e-4e9b-418d-adb2-65c0e410ce14', '115b2ee1-96f3-443b-b9dd-f44b8c2bf498');
INSERT INTO oneOnOneMeasure(evaluation, measureOneOnOneIDFK, measurableIDFK) VALUES('3', 'ca55a528-aaa4-42c5-b7b7-428779346230', '115b2ee1-96f3-443b-b9dd-f44b8c2bf498');
INSERT INTO oneOnOneMeasure(evaluation, measureOneOnOneIDFK, measurableIDFK) VALUES('3', 'b0bba914-ac53-4657-a367-1fe517b68711', '0d980121-d47b-4ec8-868a-f3bb22adc240');
INSERT INTO oneOnOneMeasure(evaluation, measureOneOnOneIDFK, measurableIDFK) VALUES('4', '74753a0d-8cc6-44e7-ac2f-7a6f650d52b0', '32ab0e30-73d4-4b67-8fdd-14521d53e953');
INSERT INTO oneOnOneMeasure(evaluation, measureOneOnOneIDFK, measurableIDFK) VALUES('2', 'a64bfd55-4d5e-4a5a-ad87-9a53e58dad99', '071d91d4-f678-4cec-8502-801aa7e02c02');
INSERT INTO oneOnOneMeasure(evaluation, measureOneOnOneIDFK, measurableIDFK) VALUES('5', 'eb32adff-84ca-436d-9e5e-e99425fbacc4', '32ab0e30-73d4-4b67-8fdd-14521d53e953');
INSERT INTO oneOnOneMeasure(evaluation, measureOneOnOneIDFK, measurableIDFK) VALUES('5', 'dbce44da-5338-4d7b-bf9f-150bf42b04aa', '32ab0e30-73d4-4b67-8fdd-14521d53e953');
INSERT INTO oneOnOneMeasure(evaluation, measureOneOnOneIDFK, measurableIDFK) VALUES('1', 'd504a2d2-bf71-4592-bdec-61d5973fffe7', '115b2ee1-96f3-443b-b9dd-f44b8c2bf498');
INSERT INTO oneOnOneMeasure(evaluation, measureOneOnOneIDFK, measurableIDFK) VALUES('5', '829b3d36-4a78-48e8-aa4f-616aea2b0719', '0d980121-d47b-4ec8-868a-f3bb22adc240');
INSERT INTO oneOnOneMeasure(evaluation, measureOneOnOneIDFK, measurableIDFK) VALUES('3', 'aade2950-bee5-474a-a183-a1af4b161cfd', '115b2ee1-96f3-443b-b9dd-f44b8c2bf498');
INSERT INTO oneOnOneMeasure(evaluation, measureOneOnOneIDFK, measurableIDFK) VALUES('3', '347daa26-b578-4ef7-8a44-5e54ff5a1b93', '115b2ee1-96f3-443b-b9dd-f44b8c2bf498');
INSERT INTO oneOnOneMeasure(evaluation, measureOneOnOneIDFK, measurableIDFK) VALUES('3', '74753a0d-8cc6-44e7-ac2f-7a6f650d52b0', '115b2ee1-96f3-443b-b9dd-f44b8c2bf498');
INSERT INTO oneOnOneMeasure(evaluation, measureOneOnOneIDFK, measurableIDFK) VALUES('4', 'c8756cb2-0992-4db5-96f7-fdbbcf72d30b', '115b2ee1-96f3-443b-b9dd-f44b8c2bf498');
INSERT INTO oneOnOneMeasure(evaluation, measureOneOnOneIDFK, measurableIDFK) VALUES('1', '79dedb1a-c758-485a-ba0b-655bd5bb00fd', '32ab0e30-73d4-4b67-8fdd-14521d53e953');
INSERT INTO oneOnOneMeasure(evaluation, measureOneOnOneIDFK, measurableIDFK) VALUES('1', 'bbcb6d2e-dc5c-4bf6-b754-b4af3bd29e31', '0d980121-d47b-4ec8-868a-f3bb22adc240');
INSERT INTO oneOnOneMeasure(evaluation, measureOneOnOneIDFK, measurableIDFK) VALUES('5', '978f67d8-e7ee-4cca-8c8b-e56a78560bb2', '9736b793-22bc-45a2-973c-83033f9110d7');
INSERT INTO oneOnOneMeasure(evaluation, measureOneOnOneIDFK, measurableIDFK) VALUES('5', 'c8756cb2-0992-4db5-96f7-fdbbcf72d30b', '32ab0e30-73d4-4b67-8fdd-14521d53e953');
INSERT INTO oneOnOneMeasure(evaluation, measureOneOnOneIDFK, measurableIDFK) VALUES('1', '27451930-dfda-4d8f-b138-361058e0c2f0', '32ab0e30-73d4-4b67-8fdd-14521d53e953');
INSERT INTO oneOnOneMeasure(evaluation, measureOneOnOneIDFK, measurableIDFK) VALUES('2', '20aab298-97c8-4cc2-9409-65694fb20ef7', '071d91d4-f678-4cec-8502-801aa7e02c02');
INSERT INTO oneOnOneMeasure(evaluation, measureOneOnOneIDFK, measurableIDFK) VALUES('3', 'eb5eb965-ce1e-4320-8e1f-49f46df3a9f2', '0d980121-d47b-4ec8-868a-f3bb22adc240');
INSERT INTO oneOnOneMeasure(evaluation, measureOneOnOneIDFK, measurableIDFK) VALUES('4', 'dbce44da-5338-4d7b-bf9f-150bf42b04aa', '071d91d4-f678-4cec-8502-801aa7e02c02');
INSERT INTO oneOnOneMeasure(evaluation, measureOneOnOneIDFK, measurableIDFK) VALUES('5', 'c7171a83-a14e-476f-9bfe-7310efac1a9b', '9736b793-22bc-45a2-973c-83033f9110d7');
INSERT INTO oneOnOneMeasure(evaluation, measureOneOnOneIDFK, measurableIDFK) VALUES('1', 'de51d178-a4b7-4552-90a3-a481d6bf1511', '0d980121-d47b-4ec8-868a-f3bb22adc240');
INSERT INTO oneOnOneMeasure(evaluation, measureOneOnOneIDFK, measurableIDFK) VALUES('2', '464da4a7-b78f-42be-a84f-089ac1bdb017', '071d91d4-f678-4cec-8502-801aa7e02c02');
INSERT INTO oneOnOneMeasure(evaluation, measureOneOnOneIDFK, measurableIDFK) VALUES('5', '6211ce81-f6e5-477d-b678-13f4edaa9f84', '9736b793-22bc-45a2-973c-83033f9110d7');
INSERT INTO oneOnOneMeasure(evaluation, measureOneOnOneIDFK, measurableIDFK) VALUES('1', 'aade2950-bee5-474a-a183-a1af4b161cfd', '115b2ee1-96f3-443b-b9dd-f44b8c2bf498');
INSERT INTO oneOnOneMeasure(evaluation, measureOneOnOneIDFK, measurableIDFK) VALUES('1', '6211ce81-f6e5-477d-b678-13f4edaa9f84', '32ab0e30-73d4-4b67-8fdd-14521d53e953');
INSERT INTO oneOnOneMeasure(evaluation, measureOneOnOneIDFK, measurableIDFK) VALUES('4', '5ef25ab3-10a5-4895-8863-0858f9487274', '32ab0e30-73d4-4b67-8fdd-14521d53e953');
INSERT INTO oneOnOneMeasure(evaluation, measureOneOnOneIDFK, measurableIDFK) VALUES('4', '4abef6eb-3c54-48f1-9e48-578aef9d4944', '071d91d4-f678-4cec-8502-801aa7e02c02');
INSERT INTO oneOnOneMeasure(evaluation, measureOneOnOneIDFK, measurableIDFK) VALUES('2', 'c712189e-4e9b-418d-adb2-65c0e410ce14', '32ab0e30-73d4-4b67-8fdd-14521d53e953');
INSERT INTO oneOnOneMeasure(evaluation, measureOneOnOneIDFK, measurableIDFK) VALUES('2', '4eaab484-cc45-4480-a793-033108786b15', '0d980121-d47b-4ec8-868a-f3bb22adc240');
INSERT INTO oneOnOneMeasure(evaluation, measureOneOnOneIDFK, measurableIDFK) VALUES('4', '4eaab484-cc45-4480-a793-033108786b15', '0d980121-d47b-4ec8-868a-f3bb22adc240');
INSERT INTO oneOnOneMeasure(evaluation, measureOneOnOneIDFK, measurableIDFK) VALUES('2', '2adc376d-63b0-41c6-a053-ae73cd8c4fe7', '0d980121-d47b-4ec8-868a-f3bb22adc240');
INSERT INTO oneOnOneMeasure(evaluation, measureOneOnOneIDFK, measurableIDFK) VALUES('5', 'c8255799-f0f3-45f1-ab1c-80e09f8f8a18', '32ab0e30-73d4-4b67-8fdd-14521d53e953');
INSERT INTO oneOnOneMeasure(evaluation, measureOneOnOneIDFK, measurableIDFK) VALUES('1', '74753a0d-8cc6-44e7-ac2f-7a6f650d52b0', '0d980121-d47b-4ec8-868a-f3bb22adc240');
INSERT INTO oneOnOneMeasure(evaluation, measureOneOnOneIDFK, measurableIDFK) VALUES('5', '464da4a7-b78f-42be-a84f-089ac1bdb017', '071d91d4-f678-4cec-8502-801aa7e02c02');
INSERT INTO oneOnOneMeasure(evaluation, measureOneOnOneIDFK, measurableIDFK) VALUES('5', 'f9c0a04c-eb4e-4cff-8b1e-eb41313229cb', '32ab0e30-73d4-4b67-8fdd-14521d53e953');
INSERT INTO oneOnOneMeasure(evaluation, measureOneOnOneIDFK, measurableIDFK) VALUES('2', '79dedb1a-c758-485a-ba0b-655bd5bb00fd', '32ab0e30-73d4-4b67-8fdd-14521d53e953');
INSERT INTO oneOnOneMeasure(evaluation, measureOneOnOneIDFK, measurableIDFK) VALUES('5', '71b41656-8ef6-47d5-8493-78ed16132a4c', '115b2ee1-96f3-443b-b9dd-f44b8c2bf498');
INSERT INTO oneOnOneMeasure(evaluation, measureOneOnOneIDFK, measurableIDFK) VALUES('2', '171979f7-7abd-467c-8d21-cc39ab674320', '9736b793-22bc-45a2-973c-83033f9110d7');
INSERT INTO oneOnOneMeasure(evaluation, measureOneOnOneIDFK, measurableIDFK) VALUES('4', '27451930-dfda-4d8f-b138-361058e0c2f0', '071d91d4-f678-4cec-8502-801aa7e02c02');
INSERT INTO oneOnOneMeasure(evaluation, measureOneOnOneIDFK, measurableIDFK) VALUES('4', '18a60a03-ee25-4934-95bc-d8df9a29b113', '0d980121-d47b-4ec8-868a-f3bb22adc240');
INSERT INTO oneOnOneMeasure(evaluation, measureOneOnOneIDFK, measurableIDFK) VALUES('1', '5516f8b6-ec8f-45eb-b6f3-cf853b551624', '115b2ee1-96f3-443b-b9dd-f44b8c2bf498');
INSERT INTO oneOnOneMeasure(evaluation, measureOneOnOneIDFK, measurableIDFK) VALUES('4', 'e61eeff6-75da-4e54-90dd-9388a5aaa228', '9736b793-22bc-45a2-973c-83033f9110d7');
INSERT INTO oneOnOneMeasure(evaluation, measureOneOnOneIDFK, measurableIDFK) VALUES('5', 'ca55a528-aaa4-42c5-b7b7-428779346230', '115b2ee1-96f3-443b-b9dd-f44b8c2bf498');
INSERT INTO oneOnOneMeasure(evaluation, measureOneOnOneIDFK, measurableIDFK) VALUES('3', '4b84159e-724f-4898-a1c6-7ccfdd9548d4', '115b2ee1-96f3-443b-b9dd-f44b8c2bf498');
INSERT INTO oneOnOneMeasure(evaluation, measureOneOnOneIDFK, measurableIDFK) VALUES('1', '171979f7-7abd-467c-8d21-cc39ab674320', '071d91d4-f678-4cec-8502-801aa7e02c02');
INSERT INTO oneOnOneMeasure(evaluation, measureOneOnOneIDFK, measurableIDFK) VALUES('5', 'c7171a83-a14e-476f-9bfe-7310efac1a9b', '0d980121-d47b-4ec8-868a-f3bb22adc240');
INSERT INTO oneOnOneMeasure(evaluation, measureOneOnOneIDFK, measurableIDFK) VALUES('2', '20aab298-97c8-4cc2-9409-65694fb20ef7', '9736b793-22bc-45a2-973c-83033f9110d7');
INSERT INTO oneOnOneMeasure(evaluation, measureOneOnOneIDFK, measurableIDFK) VALUES('4', 'b096a1f9-8b0f-4d34-81ac-22b7ecb7012f', '0d980121-d47b-4ec8-868a-f3bb22adc240');
INSERT INTO oneOnOneMeasure(evaluation, measureOneOnOneIDFK, measurableIDFK) VALUES('4', '3996c8ef-aa80-468b-ba73-522bae1014fd', '071d91d4-f678-4cec-8502-801aa7e02c02');
INSERT INTO oneOnOneMeasure(evaluation, measureOneOnOneIDFK, measurableIDFK) VALUES('2', 'ed71a13a-8fef-4ac3-9c4d-455028698b7f', '32ab0e30-73d4-4b67-8fdd-14521d53e953');
INSERT INTO oneOnOneMeasure(evaluation, measureOneOnOneIDFK, measurableIDFK) VALUES('4', '8b528c57-8b37-4fce-9703-4c1e4ed033ec', '32ab0e30-73d4-4b67-8fdd-14521d53e953');
INSERT INTO oneOnOneMeasure(evaluation, measureOneOnOneIDFK, measurableIDFK) VALUES('2', '27451930-dfda-4d8f-b138-361058e0c2f0', '071d91d4-f678-4cec-8502-801aa7e02c02');
INSERT INTO oneOnOneMeasure(evaluation, measureOneOnOneIDFK, measurableIDFK) VALUES('3', '9bc99d2e-5242-49f4-aa24-e5d9dfb0470e', '32ab0e30-73d4-4b67-8fdd-14521d53e953');
INSERT INTO oneOnOneMeasure(evaluation, measureOneOnOneIDFK, measurableIDFK) VALUES('5', 'c7171a83-a14e-476f-9bfe-7310efac1a9b', '115b2ee1-96f3-443b-b9dd-f44b8c2bf498');
INSERT INTO oneOnOneMeasure(evaluation, measureOneOnOneIDFK, measurableIDFK) VALUES('3', 'ada12b13-fc01-4efc-be33-a17e5d7db5ca', '115b2ee1-96f3-443b-b9dd-f44b8c2bf498');
INSERT INTO oneOnOneMeasure(evaluation, measureOneOnOneIDFK, measurableIDFK) VALUES('5', 'aade2950-bee5-474a-a183-a1af4b161cfd', '115b2ee1-96f3-443b-b9dd-f44b8c2bf498');
INSERT INTO oneOnOneMeasure(evaluation, measureOneOnOneIDFK, measurableIDFK) VALUES('3', '79dedb1a-c758-485a-ba0b-655bd5bb00fd', '0d980121-d47b-4ec8-868a-f3bb22adc240');
INSERT INTO oneOnOneMeasure(evaluation, measureOneOnOneIDFK, measurableIDFK) VALUES('5', '52084459-f335-4839-b5d4-bb949a70a0bc', '9736b793-22bc-45a2-973c-83033f9110d7');
INSERT INTO oneOnOneMeasure(evaluation, measureOneOnOneIDFK, measurableIDFK) VALUES('4', '27451930-dfda-4d8f-b138-361058e0c2f0', '9736b793-22bc-45a2-973c-83033f9110d7');
INSERT INTO oneOnOneMeasure(evaluation, measureOneOnOneIDFK, measurableIDFK) VALUES('4', '49fc9fec-ad1c-4b08-ac56-b613b8c7e139', '32ab0e30-73d4-4b67-8fdd-14521d53e953');
INSERT INTO oneOnOneMeasure(evaluation, measureOneOnOneIDFK, measurableIDFK) VALUES('4', 'b0bba914-ac53-4657-a367-1fe517b68711', '115b2ee1-96f3-443b-b9dd-f44b8c2bf498');
INSERT INTO oneOnOneMeasure(evaluation, measureOneOnOneIDFK, measurableIDFK) VALUES('3', '4b84159e-724f-4898-a1c6-7ccfdd9548d4', '071d91d4-f678-4cec-8502-801aa7e02c02');
INSERT INTO oneOnOneMeasure(evaluation, measureOneOnOneIDFK, measurableIDFK) VALUES('1', '3a9ea69f-08f5-4116-acba-b3b6e1f8cf11', '32ab0e30-73d4-4b67-8fdd-14521d53e953');
INSERT INTO oneOnOneMeasure(evaluation, measureOneOnOneIDFK, measurableIDFK) VALUES('4', 'f03909ac-cda4-4c6d-a038-1057eb98df76', '071d91d4-f678-4cec-8502-801aa7e02c02');
INSERT INTO oneOnOneMeasure(evaluation, measureOneOnOneIDFK, measurableIDFK) VALUES('5', '40954a43-c652-4b32-a7bf-64f1aac2aa0f', '0d980121-d47b-4ec8-868a-f3bb22adc240');
INSERT INTO oneOnOneMeasure(evaluation, measureOneOnOneIDFK, measurableIDFK) VALUES('1', 'de51d178-a4b7-4552-90a3-a481d6bf1511', '32ab0e30-73d4-4b67-8fdd-14521d53e953');
INSERT INTO oneOnOneMeasure(evaluation, measureOneOnOneIDFK, measurableIDFK) VALUES('1', '40954a43-c652-4b32-a7bf-64f1aac2aa0f', '32ab0e30-73d4-4b67-8fdd-14521d53e953');
INSERT INTO oneOnOneMeasure(evaluation, measureOneOnOneIDFK, measurableIDFK) VALUES('5', 'db233a57-f318-4c3b-acfb-41578793e3de', '9736b793-22bc-45a2-973c-83033f9110d7');
INSERT INTO oneOnOneMeasure(evaluation, measureOneOnOneIDFK, measurableIDFK) VALUES('5', '8b528c57-8b37-4fce-9703-4c1e4ed033ec', '0d980121-d47b-4ec8-868a-f3bb22adc240');
INSERT INTO oneOnOneMeasure(evaluation, measureOneOnOneIDFK, measurableIDFK) VALUES('4', '4b84159e-724f-4898-a1c6-7ccfdd9548d4', '115b2ee1-96f3-443b-b9dd-f44b8c2bf498');
INSERT INTO oneOnOneMeasure(evaluation, measureOneOnOneIDFK, measurableIDFK) VALUES('2', '3a9ea69f-08f5-4116-acba-b3b6e1f8cf11', '32ab0e30-73d4-4b67-8fdd-14521d53e953');
INSERT INTO oneOnOneMeasure(evaluation, measureOneOnOneIDFK, measurableIDFK) VALUES('2', '5516f8b6-ec8f-45eb-b6f3-cf853b551624', '32ab0e30-73d4-4b67-8fdd-14521d53e953');
INSERT INTO oneOnOneMeasure(evaluation, measureOneOnOneIDFK, measurableIDFK) VALUES('1', '52084459-f335-4839-b5d4-bb949a70a0bc', '071d91d4-f678-4cec-8502-801aa7e02c02');
INSERT INTO oneOnOneMeasure(evaluation, measureOneOnOneIDFK, measurableIDFK) VALUES('2', 'c7171a83-a14e-476f-9bfe-7310efac1a9b', '32ab0e30-73d4-4b67-8fdd-14521d53e953');
INSERT INTO oneOnOneMeasure(evaluation, measureOneOnOneIDFK, measurableIDFK) VALUES('4', '2adc376d-63b0-41c6-a053-ae73cd8c4fe7', '0d980121-d47b-4ec8-868a-f3bb22adc240');
INSERT INTO oneOnOneMeasure(evaluation, measureOneOnOneIDFK, measurableIDFK) VALUES('1', '5ef25ab3-10a5-4895-8863-0858f9487274', '071d91d4-f678-4cec-8502-801aa7e02c02');
INSERT INTO oneOnOneMeasure(evaluation, measureOneOnOneIDFK, measurableIDFK) VALUES('2', '2adc376d-63b0-41c6-a053-ae73cd8c4fe7', '32ab0e30-73d4-4b67-8fdd-14521d53e953');
INSERT INTO oneOnOneMeasure(evaluation, measureOneOnOneIDFK, measurableIDFK) VALUES('1', '9bc99d2e-5242-49f4-aa24-e5d9dfb0470e', '32ab0e30-73d4-4b67-8fdd-14521d53e953');
INSERT INTO oneOnOneMeasure(evaluation, measureOneOnOneIDFK, measurableIDFK) VALUES('1', 'ca55a528-aaa4-42c5-b7b7-428779346230', '9736b793-22bc-45a2-973c-83033f9110d7');
INSERT INTO oneOnOneMeasure(evaluation, measureOneOnOneIDFK, measurableIDFK) VALUES('5', 'dbce44da-5338-4d7b-bf9f-150bf42b04aa', '0d980121-d47b-4ec8-868a-f3bb22adc240');
INSERT INTO oneOnOneMeasure(evaluation, measureOneOnOneIDFK, measurableIDFK) VALUES('5', '020a93d2-8fce-47a5-b2b1-99178c675b66', '0d980121-d47b-4ec8-868a-f3bb22adc240');
INSERT INTO oneOnOneMeasure(evaluation, measureOneOnOneIDFK, measurableIDFK) VALUES('4', 'aade2950-bee5-474a-a183-a1af4b161cfd', '32ab0e30-73d4-4b67-8fdd-14521d53e953');
INSERT INTO oneOnOneMeasure(evaluation, measureOneOnOneIDFK, measurableIDFK) VALUES('1', '830eaa79-2ad9-4eeb-a7ab-a2c65e469fc4', '115b2ee1-96f3-443b-b9dd-f44b8c2bf498');
INSERT INTO oneOnOneMeasure(evaluation, measureOneOnOneIDFK, measurableIDFK) VALUES('4', '331b943b-738e-43e5-8275-eb481b364670', '0d980121-d47b-4ec8-868a-f3bb22adc240');
INSERT INTO oneOnOneMeasure(evaluation, measureOneOnOneIDFK, measurableIDFK) VALUES('4', '4abef6eb-3c54-48f1-9e48-578aef9d4944', '9736b793-22bc-45a2-973c-83033f9110d7');
INSERT INTO oneOnOneMeasure(evaluation, measureOneOnOneIDFK, measurableIDFK) VALUES('5', '1347e89a-7523-4d43-8a4e-2dbd87c48576', '071d91d4-f678-4cec-8502-801aa7e02c02');
INSERT INTO oneOnOneMeasure(evaluation, measureOneOnOneIDFK, measurableIDFK) VALUES('3', '978f67d8-e7ee-4cca-8c8b-e56a78560bb2', '071d91d4-f678-4cec-8502-801aa7e02c02');
INSERT INTO oneOnOneMeasure(evaluation, measureOneOnOneIDFK, measurableIDFK) VALUES('1', '20aab298-97c8-4cc2-9409-65694fb20ef7', '32ab0e30-73d4-4b67-8fdd-14521d53e953');
INSERT INTO oneOnOneMeasure(evaluation, measureOneOnOneIDFK, measurableIDFK) VALUES('1', 'b096a1f9-8b0f-4d34-81ac-22b7ecb7012f', '115b2ee1-96f3-443b-b9dd-f44b8c2bf498');
INSERT INTO oneOnOneMeasure(evaluation, measureOneOnOneIDFK, measurableIDFK) VALUES('5', 'a646bf55-b98c-4108-b335-af93e251bff5', '0d980121-d47b-4ec8-868a-f3bb22adc240');
INSERT INTO oneOnOneMeasure(evaluation, measureOneOnOneIDFK, measurableIDFK) VALUES('1', '464da4a7-b78f-42be-a84f-089ac1bdb017', '0d980121-d47b-4ec8-868a-f3bb22adc240');
INSERT INTO oneOnOneMeasure(evaluation, measureOneOnOneIDFK, measurableIDFK) VALUES('2', '20aab298-97c8-4cc2-9409-65694fb20ef7', '9736b793-22bc-45a2-973c-83033f9110d7');
INSERT INTO oneOnOneMeasure(evaluation, measureOneOnOneIDFK, measurableIDFK) VALUES('5', '5516f8b6-ec8f-45eb-b6f3-cf853b551624', '071d91d4-f678-4cec-8502-801aa7e02c02');
INSERT INTO oneOnOneMeasure(evaluation, measureOneOnOneIDFK, measurableIDFK) VALUES('1', 'b3a3d966-59ba-4e28-8c35-d1ca9b6c0138', '32ab0e30-73d4-4b67-8fdd-14521d53e953');
INSERT INTO oneOnOneMeasure(evaluation, measureOneOnOneIDFK, measurableIDFK) VALUES('2', '71b41656-8ef6-47d5-8493-78ed16132a4c', '0d980121-d47b-4ec8-868a-f3bb22adc240');
INSERT INTO oneOnOneMeasure(evaluation, measureOneOnOneIDFK, measurableIDFK) VALUES('1', '171979f7-7abd-467c-8d21-cc39ab674320', '115b2ee1-96f3-443b-b9dd-f44b8c2bf498');
INSERT INTO oneOnOneMeasure(evaluation, measureOneOnOneIDFK, measurableIDFK) VALUES('2', 'b096a1f9-8b0f-4d34-81ac-22b7ecb7012f', '071d91d4-f678-4cec-8502-801aa7e02c02');
INSERT INTO oneOnOneMeasure(evaluation, measureOneOnOneIDFK, measurableIDFK) VALUES('4', 'c6b50c21-ab03-4b97-a591-d82fd837c177', '9736b793-22bc-45a2-973c-83033f9110d7');
INSERT INTO oneOnOneMeasure(evaluation, measureOneOnOneIDFK, measurableIDFK) VALUES('1', 'eb32adff-84ca-436d-9e5e-e99425fbacc4', '071d91d4-f678-4cec-8502-801aa7e02c02');
INSERT INTO oneOnOneMeasure(evaluation, measureOneOnOneIDFK, measurableIDFK) VALUES('5', '74753a0d-8cc6-44e7-ac2f-7a6f650d52b0', '071d91d4-f678-4cec-8502-801aa7e02c02');
INSERT INTO oneOnOneMeasure(evaluation, measureOneOnOneIDFK, measurableIDFK) VALUES('1', 'eb5eb965-ce1e-4320-8e1f-49f46df3a9f2', '0d980121-d47b-4ec8-868a-f3bb22adc240');
INSERT INTO oneOnOneMeasure(evaluation, measureOneOnOneIDFK, measurableIDFK) VALUES('4', '18a60a03-ee25-4934-95bc-d8df9a29b113', '9736b793-22bc-45a2-973c-83033f9110d7');
INSERT INTO oneOnOneMeasure(evaluation, measureOneOnOneIDFK, measurableIDFK) VALUES('3', 'a40ad247-d031-4d6f-b52c-c818f4ee6f8e', '32ab0e30-73d4-4b67-8fdd-14521d53e953');
INSERT INTO oneOnOneMeasure(evaluation, measureOneOnOneIDFK, measurableIDFK) VALUES('5', 'c7171a83-a14e-476f-9bfe-7310efac1a9b', '9736b793-22bc-45a2-973c-83033f9110d7');
INSERT INTO oneOnOneMeasure(evaluation, measureOneOnOneIDFK, measurableIDFK) VALUES('5', '4b84159e-724f-4898-a1c6-7ccfdd9548d4', '071d91d4-f678-4cec-8502-801aa7e02c02');
INSERT INTO oneOnOneMeasure(evaluation, measureOneOnOneIDFK, measurableIDFK) VALUES('3', 'f03909ac-cda4-4c6d-a038-1057eb98df76', '0d980121-d47b-4ec8-868a-f3bb22adc240');
INSERT INTO oneOnOneMeasure(evaluation, measureOneOnOneIDFK, measurableIDFK) VALUES('5', '978f67d8-e7ee-4cca-8c8b-e56a78560bb2', '0d980121-d47b-4ec8-868a-f3bb22adc240');
INSERT INTO oneOnOneMeasure(evaluation, measureOneOnOneIDFK, measurableIDFK) VALUES('2', '40954a43-c652-4b32-a7bf-64f1aac2aa0f', '115b2ee1-96f3-443b-b9dd-f44b8c2bf498');
INSERT INTO oneOnOneMeasure(evaluation, measureOneOnOneIDFK, measurableIDFK) VALUES('5', 'd504a2d2-bf71-4592-bdec-61d5973fffe7', '115b2ee1-96f3-443b-b9dd-f44b8c2bf498');
INSERT INTO oneOnOneMeasure(evaluation, measureOneOnOneIDFK, measurableIDFK) VALUES('1', '829b3d36-4a78-48e8-aa4f-616aea2b0719', '0d980121-d47b-4ec8-868a-f3bb22adc240');
INSERT INTO oneOnOneMeasure(evaluation, measureOneOnOneIDFK, measurableIDFK) VALUES('1', '978f67d8-e7ee-4cca-8c8b-e56a78560bb2', '071d91d4-f678-4cec-8502-801aa7e02c02');
INSERT INTO oneOnOneMeasure(evaluation, measureOneOnOneIDFK, measurableIDFK) VALUES('4', '40954a43-c652-4b32-a7bf-64f1aac2aa0f', '071d91d4-f678-4cec-8502-801aa7e02c02');
INSERT INTO oneOnOneMeasure(evaluation, measureOneOnOneIDFK, measurableIDFK) VALUES('4', '331b943b-738e-43e5-8275-eb481b364670', '071d91d4-f678-4cec-8502-801aa7e02c02');
INSERT INTO oneOnOneMeasure(evaluation, measureOneOnOneIDFK, measurableIDFK) VALUES('4', '74753a0d-8cc6-44e7-ac2f-7a6f650d52b0', '32ab0e30-73d4-4b67-8fdd-14521d53e953');
INSERT INTO oneOnOneMeasure(evaluation, measureOneOnOneIDFK, measurableIDFK) VALUES('4', 'a646bf55-b98c-4108-b335-af93e251bff5', '9736b793-22bc-45a2-973c-83033f9110d7');
INSERT INTO oneOnOneMeasure(evaluation, measureOneOnOneIDFK, measurableIDFK) VALUES('5', '488591e9-35dd-4051-9a1f-ff85f40328c7', '32ab0e30-73d4-4b67-8fdd-14521d53e953');
INSERT INTO oneOnOneMeasure(evaluation, measureOneOnOneIDFK, measurableIDFK) VALUES('1', '475f929e-e981-4b32-8592-07ebf14f45ff', '9736b793-22bc-45a2-973c-83033f9110d7');

INSERT INTO vacation(vacationID, startDate, endDate, reason, leaderStatus, hrStatus, vacationUserIDFK) VALUES('bad06b97-874d-48bb-97af-13cab9c1dacf', '31/11/18', '31/11/19', 'Aprovechar promociones de viaje', 0, 2, 'd65497d4-0daf-4472-bbc1-2fc8dcfd97c7');
INSERT INTO vacation(vacationID, startDate, endDate, reason, leaderStatus, hrStatus, vacationUserIDFK) VALUES('e86be71a-ea45-4e0a-90ff-794ad0e4e257', '33/07/12', '33/07/13', 'Explorar diferentes culturas', 1, 1, 'fbcd2169-c7b0-40f9-9304-cee3a884587d');
INSERT INTO vacation(vacationID, startDate, endDate, reason, leaderStatus, hrStatus, vacationUserIDFK) VALUES('b926d373-e7ad-429e-8cc2-93752d7a8f17', '32/01/24', '32/01/25', 'Cumplir un sueño personal', 1, 2, 'aa0f1fa9-9d4b-49f2-a132-d09ae0ad03ee');
INSERT INTO vacation(vacationID, startDate, endDate, reason, leaderStatus, hrStatus, vacationUserIDFK) VALUES('dd9a9aad-7f7c-44b0-8617-b9403d8cb324', '33/01/27', '33/01/28', 'Reducir el estrés', 0, 1, 'f2abc43c-e1db-4840-bce1-a915313d6968');
INSERT INTO vacation(vacationID, startDate, endDate, reason, leaderStatus, hrStatus, vacationUserIDFK) VALUES('b7563be5-d0ca-4c8f-a71e-df84b8793137', '31/03/27', '31/03/28', 'Celebrar un aniversario', 0, 1, 'f32ae391-9401-4467-89f6-335cff662d6b');
INSERT INTO vacation(vacationID, startDate, endDate, reason, leaderStatus, hrStatus, vacationUserIDFK) VALUES('4da1bb8a-2e6e-4e67-a471-2d1bc7680097', '32/10/18', '32/10/19', 'Disfrutar de la naturaleza', 1, 0, '44930475-0d8c-452f-bf07-65d2939efe53');
INSERT INTO vacation(vacationID, startDate, endDate, reason, leaderStatus, hrStatus, vacationUserIDFK) VALUES('1b065ed3-7f90-4b74-86f3-ef1394ab9dc2', '31/10/15', '31/10/16', 'Probar nuevas comidas', 0, 2, 'cef3c5a5-f05f-442d-925e-4049367a0638');
INSERT INTO vacation(vacationID, startDate, endDate, reason, leaderStatus, hrStatus, vacationUserIDFK) VALUES('bd579984-c099-4cf2-9643-ccb1492b85c8', '29/09/18', '29/09/19', 'Mejorar la salud mental', 2, 1, '21dbd292-2837-4d90-b290-93e8b8d00243');
INSERT INTO vacation(vacationID, startDate, endDate, reason, leaderStatus, hrStatus, vacationUserIDFK) VALUES('832b9417-d631-4af0-bc04-6d395b06be1b', '32/12/27', '32/12/28', 'Disfrutar de la naturaleza', 1, 2, '005dc80a-470b-43bf-b1c1-5ac774a4db35');
INSERT INTO vacation(vacationID, startDate, endDate, reason, leaderStatus, hrStatus, vacationUserIDFK) VALUES('1ddae866-056d-4ec0-bd6a-418095d5976c', '33/09/18', '33/09/19', 'Cumplir un sueño personal', 1, 1, '3f596b36-07de-4e50-9461-60062b6bd07f');
INSERT INTO vacation(vacationID, startDate, endDate, reason, leaderStatus, hrStatus, vacationUserIDFK) VALUES('75c9bcd1-d07a-4c70-94fa-a671d58ed7da', '32/07/09', '32/07/10', 'Descansar del trabajo', 0, 2, '8e733f17-b57f-4e13-9228-46ce22e1c599');
INSERT INTO vacation(vacationID, startDate, endDate, reason, leaderStatus, hrStatus, vacationUserIDFK) VALUES('6fdc7805-b210-41b8-81cd-3bf796f8c866', '30/05/29', '30/05/30', 'Practicar deportes extremos', 2, 2, 'e1e45f73-382f-464f-999e-e15879c5b87f');
INSERT INTO vacation(vacationID, startDate, endDate, reason, leaderStatus, hrStatus, vacationUserIDFK) VALUES('af7d3884-0b10-4e07-95f9-ff85d6788a88', '31/08/09', '31/08/10', 'Cumplir un sueño personal', 2, 2, '946d7867-b4e9-4c31-9cea-dd16938ee01c');
INSERT INTO vacation(vacationID, startDate, endDate, reason, leaderStatus, hrStatus, vacationUserIDFK) VALUES('c87c005e-74c8-45e6-bd9b-ad2c18e6b024', '28/11/09', '28/11/10', 'Descansar del trabajo', 0, 0, '92d23bdd-03f8-44d0-8ed0-77557ec50ed3');
INSERT INTO vacation(vacationID, startDate, endDate, reason, leaderStatus, hrStatus, vacationUserIDFK) VALUES('082a90de-a21a-462a-95a6-34dd22343c96', '31/01/21', '31/01/22', 'Tomar fotos y crear recuerdos', 1, 1, '64bdab6f-7496-4ac2-8f1c-9362d4a94068');
INSERT INTO vacation(vacationID, startDate, endDate, reason, leaderStatus, hrStatus, vacationUserIDFK) VALUES('9c2aa6b5-1056-4906-a404-126c2ea24ad1', '33/08/15', '33/08/16', 'Desconectarse de la rutina', 2, 2, 'fbe3e0f3-fe2d-42e8-b0a6-447d3bb9a387');
INSERT INTO vacation(vacationID, startDate, endDate, reason, leaderStatus, hrStatus, vacationUserIDFK) VALUES('572fb079-64ec-4061-ad8d-db89b7813ec8', '33/08/15', '33/08/16', 'Practicar deportes extremos', 0, 2, '54d6c700-2854-4f6f-9cdc-f881663c1ea2');
INSERT INTO vacation(vacationID, startDate, endDate, reason, leaderStatus, hrStatus, vacationUserIDFK) VALUES('1be0a84a-83f2-4b40-a316-12fa46c273aa', '29/09/18', '29/09/19', 'Conocer nuevos lugares', 2, 1, '4fc1e8bf-b378-482e-8a92-0aaf5b06d794');
INSERT INTO vacation(vacationID, startDate, endDate, reason, leaderStatus, hrStatus, vacationUserIDFK) VALUES('10e625c8-6763-403e-bb5e-79963f21e0c2', '26/01/07', '26/01/08', 'Probar nuevas comidas', 1, 2, '21b74261-99b3-43ec-adf7-bb7b24eb145a');
INSERT INTO vacation(vacationID, startDate, endDate, reason, leaderStatus, hrStatus, vacationUserIDFK) VALUES('1214b158-d724-4285-a80d-21b8f346805a', '31/07/06', '31/07/07', 'Conocer nuevos lugares', 2, 2, '37498b0d-c263-42dd-b9ef-c0eb65dcb9b0');
INSERT INTO vacation(vacationID, startDate, endDate, reason, leaderStatus, hrStatus, vacationUserIDFK) VALUES('6f11bbae-339b-4047-9772-fea986af015d', '33/12/27', '33/12/28', 'Festejar un cumpleaños', 0, 0, '5c924633-d7c5-4f41-9631-e611677f9b27');
INSERT INTO vacation(vacationID, startDate, endDate, reason, leaderStatus, hrStatus, vacationUserIDFK) VALUES('10043403-4ab4-4df3-85f5-183406d3e239', '28/09/03', '28/09/04', 'Explorar diferentes culturas', 0, 2, '734d68bd-67d6-4849-827a-d779a7710477');
INSERT INTO vacation(vacationID, startDate, endDate, reason, leaderStatus, hrStatus, vacationUserIDFK) VALUES('c47eae4a-2daf-4801-b28b-7cc28fb0c5d9', '27/01/09', '27/01/10', 'Disfrutar de la naturaleza', 2, 2, '48193c75-159b-40e9-8864-9a7311480c54');
INSERT INTO vacation(vacationID, startDate, endDate, reason, leaderStatus, hrStatus, vacationUserIDFK) VALUES('17e45e1e-b740-4726-92d8-2b5656daa084', '29/09/06', '29/09/07', 'Festejar un cumpleaños', 1, 0, '37498b0d-c263-42dd-b9ef-c0eb65dcb9b0');
INSERT INTO vacation(vacationID, startDate, endDate, reason, leaderStatus, hrStatus, vacationUserIDFK) VALUES('d301fe62-b2c4-4b17-a608-41feec9f1ca4', '31/08/09', '31/08/10', 'Desconectarse de la rutina', 0, 1, '4fc1e8bf-b378-482e-8a92-0aaf5b06d794');
INSERT INTO vacation(vacationID, startDate, endDate, reason, leaderStatus, hrStatus, vacationUserIDFK) VALUES('4bf5c7a2-cf67-4659-b0ab-9583ac93e65e', '29/12/15', '29/12/16', 'Cumplir un sueño personal', 1, 2, '56160437-bb91-4ba4-9048-667c4c1110b1');
INSERT INTO vacation(vacationID, startDate, endDate, reason, leaderStatus, hrStatus, vacationUserIDFK) VALUES('29b63c16-5558-4a34-8b84-a517796cb949', '33/11/24', '33/11/25', 'Reducir el estrés', 0, 2, '27ecad69-8b43-4fc3-a575-cd2b3850180e');
INSERT INTO vacation(vacationID, startDate, endDate, reason, leaderStatus, hrStatus, vacationUserIDFK) VALUES('8a370736-caed-4522-8f0a-6038c19c4e16', '30/10/12', '30/10/13', 'Conocer nuevos lugares', 0, 1, '212ca658-1721-4bfc-9ce6-de2af7c0906f');
INSERT INTO vacation(vacationID, startDate, endDate, reason, leaderStatus, hrStatus, vacationUserIDFK) VALUES('8cf0d606-5d8f-4f31-aef1-b5f828bc2ff2', '31/09/12', '31/09/13', 'Explorar diferentes culturas', 1, 1, '214c58cd-ed6f-48c3-960b-6a447a402a9d');
INSERT INTO vacation(vacationID, startDate, endDate, reason, leaderStatus, hrStatus, vacationUserIDFK) VALUES('ce74f18f-1040-4604-88f1-c4d5e19adb3e', '25/08/22', '25/08/23', 'Descansar del trabajo', 2, 2, '0a7d3b13-aa39-4b0b-bf74-d0a34a9007c4');
INSERT INTO vacation(vacationID, startDate, endDate, reason, leaderStatus, hrStatus, vacationUserIDFK) VALUES('1b249143-e1c0-458b-844a-4452be35e2cf', '26/04/15', '26/04/16', 'Celebrar un aniversario', 2, 2, '214c58cd-ed6f-48c3-960b-6a447a402a9d');
INSERT INTO vacation(vacationID, startDate, endDate, reason, leaderStatus, hrStatus, vacationUserIDFK) VALUES('7997935a-326e-495c-9808-f4b32d85f60e', '27/11/06', '27/11/07', 'Probar nuevas comidas', 2, 1, '48193c75-159b-40e9-8864-9a7311480c54');
INSERT INTO vacation(vacationID, startDate, endDate, reason, leaderStatus, hrStatus, vacationUserIDFK) VALUES('75dd1c34-12fe-4388-86d6-46ff6ed959a0', '29/04/24', '29/04/25', 'Realizar actividades al aire libre', 0, 2, '22f86601-5401-4fd6-888e-f700fc950c70');
INSERT INTO vacation(vacationID, startDate, endDate, reason, leaderStatus, hrStatus, vacationUserIDFK) VALUES('fbf09228-7688-46bb-b3cf-8529aca15dbe', '25/04/11', '25/04/12', 'Festejar un cumpleaños', 2, 2, '1bcc9557-6fef-476b-a80e-871d6112fc83');
INSERT INTO vacation(vacationID, startDate, endDate, reason, leaderStatus, hrStatus, vacationUserIDFK) VALUES('368c24a4-657d-44ac-b040-8b6b311d93a7', '29/06/29', '29/06/30', 'Conocer nuevos lugares', 0, 2, '1a84076f-2917-436d-a715-c35d56b350cf');
INSERT INTO vacation(vacationID, startDate, endDate, reason, leaderStatus, hrStatus, vacationUserIDFK) VALUES('98e78244-88df-4227-bf49-4c75d5701a3b', '26/08/26', '26/08/27', 'Cumplir un sueño personal', 0, 1, '390d9080-e1e7-4697-a72f-a6645a6de8bc');
INSERT INTO vacation(vacationID, startDate, endDate, reason, leaderStatus, hrStatus, vacationUserIDFK) VALUES('9f73c9d0-905c-4736-a5d9-8fbdc1110149', '27/10/03', '27/10/04', 'Probar nuevas comidas', 2, 0, '008fd8fd-16b3-4fe2-bab7-9d2e01ac5ab3');
INSERT INTO vacation(vacationID, startDate, endDate, reason, leaderStatus, hrStatus, vacationUserIDFK) VALUES('4cbda422-2ebe-4d1c-9d44-7abcb7438c48', '25/01/03', '25/01/04', 'Reducir el estrés', 2, 2, 'c8d8c836-b69d-42bf-a98e-58a42c6a4548');
INSERT INTO vacation(vacationID, startDate, endDate, reason, leaderStatus, hrStatus, vacationUserIDFK) VALUES('dc0d819d-1e82-470e-8558-3dd215e1f443', '30/01/18', '30/01/19', 'Cumplir un sueño personal', 0, 2, '1638d6e6-09ff-4bfe-b325-23d7ed70f9f7');
INSERT INTO vacation(vacationID, startDate, endDate, reason, leaderStatus, hrStatus, vacationUserIDFK) VALUES('95d9794d-1c05-45bb-8813-7fe42000823e', '32/08/12', '32/08/13', 'Probar nuevas comidas', 2, 0, '241f7eed-c565-4934-be78-0afd64396a00');
INSERT INTO vacation(vacationID, startDate, endDate, reason, leaderStatus, hrStatus, vacationUserIDFK) VALUES('c189dad6-6ace-4a0a-9f79-c7b45340016f', '31/07/06', '31/07/07', 'Disfrutar de la naturaleza', 1, 2, 'c238cbd0-f62f-457b-8e47-c30b3923f948');
INSERT INTO vacation(vacationID, startDate, endDate, reason, leaderStatus, hrStatus, vacationUserIDFK) VALUES('a9aa32c9-abb4-472d-9d53-35dedc0fb447', '29/08/03', '29/08/04', 'Explorar diferentes culturas', 0, 1, 'f03f6ec3-f90e-44f3-87ea-0af9f98defd7');
INSERT INTO vacation(vacationID, startDate, endDate, reason, leaderStatus, hrStatus, vacationUserIDFK) VALUES('4819b19b-59b2-4a9f-8935-ecf2e01ebc8b', '31/06/03', '31/06/04', 'Realizar actividades al aire libre', 1, 0, '6caaf8e4-c733-4035-861e-2c49bba1f0b7');
INSERT INTO vacation(vacationID, startDate, endDate, reason, leaderStatus, hrStatus, vacationUserIDFK) VALUES('17eecdf3-fd82-4adb-908c-d798a58833fe', '32/06/06', '32/06/07', 'Aprender un nuevo idioma', 2, 2, '8d4415ec-7267-405b-8317-9bfe5015ee6f');
INSERT INTO vacation(vacationID, startDate, endDate, reason, leaderStatus, hrStatus, vacationUserIDFK) VALUES('738a7653-a832-4e7b-b697-6a0d85380082', '28/01/12', '28/01/13', 'Reducir el estrés', 2, 1, '22f86601-5401-4fd6-888e-f700fc950c70');
INSERT INTO vacation(vacationID, startDate, endDate, reason, leaderStatus, hrStatus, vacationUserIDFK) VALUES('c735a36c-bdd6-4af8-9408-7c8892f3db3a', '29/06/29', '29/06/30', 'Desconectarse de la rutina', 0, 0, 'ffb9ee2f-7c4b-42dd-a709-a0d745528205');
INSERT INTO vacation(vacationID, startDate, endDate, reason, leaderStatus, hrStatus, vacationUserIDFK) VALUES('512028d6-5829-4812-a4b6-1c2bebbf97a8', '27/10/03', '27/10/04', 'Realizar actividades al aire libre', 2, 0, 'faac50c0-0c04-4f37-8715-5c44a977a096');
INSERT INTO vacation(vacationID, startDate, endDate, reason, leaderStatus, hrStatus, vacationUserIDFK) VALUES('091d329b-100e-4636-888b-5119ab7aef03', '32/09/15', '32/09/16', 'Desconectarse de la rutina', 0, 2, 'b7db9cd3-4a88-4566-8a5f-52406ded84f7');
INSERT INTO vacation(vacationID, startDate, endDate, reason, leaderStatus, hrStatus, vacationUserIDFK) VALUES('fd3232e8-f1c9-4187-8a32-32d44f646f60', '31/08/09', '31/08/10', 'Desconectarse de la rutina', 1, 0, '5e00bc4f-834c-462a-a7b7-f0c4ddc2a6c2');
INSERT INTO vacation(vacationID, startDate, endDate, reason, leaderStatus, hrStatus, vacationUserIDFK) VALUES('d1e7537c-6142-4004-8a95-0b87c73d70b9', '30/10/12', '30/10/13', 'Conocer nuevos lugares', 1, 2, '1bcc9557-6fef-476b-a80e-871d6112fc83');
INSERT INTO vacation(vacationID, startDate, endDate, reason, leaderStatus, hrStatus, vacationUserIDFK) VALUES('3372a582-d714-4249-9a78-842b60d7a7c1', '27/10/03', '27/10/04', 'Aprender un nuevo idioma', 2, 0, '1a258d08-c27e-4afc-ab17-92d2f47dd50f');
INSERT INTO vacation(vacationID, startDate, endDate, reason, leaderStatus, hrStatus, vacationUserIDFK) VALUES('bdd12b84-0f9b-4d15-9c7e-e6cff08b52c7', '29/09/06', '29/09/07', 'Cumplir un sueño personal', 1, 1, 'b7db9cd3-4a88-4566-8a5f-52406ded84f7');
INSERT INTO vacation(vacationID, startDate, endDate, reason, leaderStatus, hrStatus, vacationUserIDFK) VALUES('ad95250d-6ccc-4e86-b494-2ab166563575', '27/04/18', '27/04/19', 'Reducir el estrés', 0, 1, '6ffc6e25-81d9-4248-a5d9-42e248ed9bb5');
INSERT INTO vacation(vacationID, startDate, endDate, reason, leaderStatus, hrStatus, vacationUserIDFK) VALUES('f1715de1-fcaf-499c-a4ba-96914fbb9ebb', '25/03/06', '25/03/07', 'Fortalecer la relación de pareja', 0, 2, '27ecad69-8b43-4fc3-a575-cd2b3850180e');
INSERT INTO vacation(vacationID, startDate, endDate, reason, leaderStatus, hrStatus, vacationUserIDFK) VALUES('016c2d67-c262-4cb4-9566-42c6d79fa8d4', '28/10/06', '28/10/07', 'Mejorar la salud mental', 1, 0, '1a258d08-c27e-4afc-ab17-92d2f47dd50f');
INSERT INTO vacation(vacationID, startDate, endDate, reason, leaderStatus, hrStatus, vacationUserIDFK) VALUES('0b07c45a-c262-454a-8e57-c6cfc4f33686', '29/01/15', '29/01/16', 'Descansar del trabajo', 0, 0, 'bfca669c-8494-4fb7-88fa-ecc21f3f1770');
INSERT INTO vacation(vacationID, startDate, endDate, reason, leaderStatus, hrStatus, vacationUserIDFK) VALUES('797cf250-1c9a-446b-ab95-9ef69c62505e', '30/09/09', '30/09/10', 'Conocer nuevos lugares', 0, 1, '734d68bd-67d6-4849-827a-d779a7710477');
INSERT INTO vacation(vacationID, startDate, endDate, reason, leaderStatus, hrStatus, vacationUserIDFK) VALUES('bd6f6281-6398-47b9-ab42-e424bed674da', '28/09/03', '28/09/04', 'Pasar tiempo con la familia', 0, 1, '55b0d0d8-fccb-4fb7-8b40-8533dd75ff39');
INSERT INTO vacation(vacationID, startDate, endDate, reason, leaderStatus, hrStatus, vacationUserIDFK) VALUES('2ee351ca-45a1-4809-87d1-9cc441fe45a4', '26/05/18', '26/05/19', 'Desconectarse de la rutina', 1, 0, '6ffc6e25-81d9-4248-a5d9-42e248ed9bb5');
INSERT INTO vacation(vacationID, startDate, endDate, reason, leaderStatus, hrStatus, vacationUserIDFK) VALUES('8e41654d-18da-4788-b36d-e4a150356b96', '25/07/19', '25/07/20', 'Aprovechar promociones de viaje', 2, 1, '983da3e6-97a3-4095-8331-41cf5b1253bc');

INSERT INTO absence(absenceID, reason, startDate, endDate, justified, absenceUserIDFK) values('a466b26d-cbab-4b6a-8c94-d8a0f358763b', 'Problemas de movilidad o avería del vehículo', '26/06/21', '26/06/22', 2, 'de779dea-0c31-4972-8dc4-f3699a045adf'); 
INSERT INTO absence(absenceID, reason, startDate, endDate, justified, absenceUserIDFK) values('977655a3-3594-44e8-b555-25cffa8c8167', 'Condiciones climáticas extremas', '33/08/15', '33/08/16', 2, '1baf31b0-5077-47d8-990c-ec1fc7264a95'); 
INSERT INTO absence(absenceID, reason, startDate, endDate, justified, absenceUserIDFK) values('c1b9d69a-59ca-42cf-8542-2a89d9a0df7d', 'Capacitación o curso obligatorio', '30/12/18', '30/12/19', 2, '8eb1e269-391d-4f1b-8be7-ab9da1be65fd'); 
INSERT INTO absence(absenceID, reason, startDate, endDate, justified, absenceUserIDFK) values('bee8e7e4-b7e1-4039-88c7-668a891f6123', 'Cuidado de un hijo o familiar enfermo', '33/06/09', '33/06/10', 0, '946d7867-b4e9-4c31-9cea-dd16938ee01c'); 
INSERT INTO absence(absenceID, reason, startDate, endDate, justified, absenceUserIDFK) values('47305771-ba31-4199-aee7-0c3fa6f4268a', 'Consulta médica', '27/04/18', '27/04/19', 0, '7b5df169-5531-49ce-887c-15646d4e994a'); 
INSERT INTO absence(absenceID, reason, startDate, endDate, justified, absenceUserIDFK) values('e44fc14a-da4a-493b-ade1-66832896da99', 'Accidente', '29/08/03', '29/08/04', 0, 'ef313dff-8525-49bc-b8fb-2ce8cf9f815e'); 
INSERT INTO absence(absenceID, reason, startDate, endDate, justified, absenceUserIDFK) values('e9b992f5-f938-491f-8295-27bc79767ec4', 'Viaje de emergencia', '27/01/09', '27/01/10', 1, '1baf31b0-5077-47d8-990c-ec1fc7264a95'); 
INSERT INTO absence(absenceID, reason, startDate, endDate, justified, absenceUserIDFK) values('8b360ff1-b937-4893-91d8-9f7cc2580eb7', 'Trámites administrativos o legales', '27/08/29', '27/08/30', 0, '31ed4d69-9bc5-4cd9-8433-51650795c7ce'); 
INSERT INTO absence(absenceID, reason, startDate, endDate, justified, absenceUserIDFK) values('71093698-c6af-4e44-b35f-0ca1ea42b0dc', 'Consulta médica', '33/08/15', '33/08/16', 1, '241f7eed-c565-4934-be78-0afd64396a00'); 
INSERT INTO absence(absenceID, reason, startDate, endDate, justified, absenceUserIDFK) values('8fb83c2e-34fe-4643-b6d8-8a5749938de1', 'Vacaciones programadas', '30/05/29', '30/05/30', 0, '9bf4dd44-a516-4363-a1d3-994be1d124cc'); 
INSERT INTO absence(absenceID, reason, startDate, endDate, justified, absenceUserIDFK) values('9db04eaa-5139-4c01-95e8-e87977a1b5a5', 'Emergencia en el hogar (fugas, incendios, etc.)', '31/10/15', '31/10/16', 2, '5a0d829d-4c6b-46c7-8570-129324645ee9'); 
INSERT INTO absence(absenceID, reason, startDate, endDate, justified, absenceUserIDFK) values('186a03a2-c14c-464e-ad8f-8a1d2d3a6bd7', 'Emergencia en el hogar (fugas, incendios, etc.)', '27/12/09', '27/12/10', 1, 'be1e0ad0-5e75-475f-9a9b-bf73a4cd99bb'); 
INSERT INTO absence(absenceID, reason, startDate, endDate, justified, absenceUserIDFK) values('8cb9ab75-3222-46e8-87eb-9cf30406f6a6', 'Luto por fallecimiento de un familiar', '27/07/27', '27/07/28', 0, '44930475-0d8c-452f-bf07-65d2939efe53'); 
INSERT INTO absence(absenceID, reason, startDate, endDate, justified, absenceUserIDFK) values('15706c9f-8d99-4af9-b065-9d33f257df67', 'Problemas de salud mental', '27/10/03', '27/10/04', 0, 'd65497d4-0daf-4472-bbc1-2fc8dcfd97c7'); 
INSERT INTO absence(absenceID, reason, startDate, endDate, justified, absenceUserIDFK) values('71c9680d-bc6c-43b2-93da-f5efef665b8f', 'Consulta médica', '26/12/06', '26/12/07', 2, '27ecad69-8b43-4fc3-a575-cd2b3850180e'); 
INSERT INTO absence(absenceID, reason, startDate, endDate, justified, absenceUserIDFK) values('ec64ce8a-98c0-4177-a76a-78a4dc410de9', 'Consulta médica', '27/11/06', '27/11/07', 2, 'b5cb2fb0-2517-46e1-afb4-eb4b10286b1d'); 
INSERT INTO absence(absenceID, reason, startDate, endDate, justified, absenceUserIDFK) values('b08cd7a5-7cc7-4bd7-96ff-ccbfeb308d75', 'Huelga de transporte', '26/05/18', '26/05/19', 1, '75a4c152-b438-4c7d-85b8-2922fc979a96'); 
INSERT INTO absence(absenceID, reason, startDate, endDate, justified, absenceUserIDFK) values('3f75c1b8-1a9d-4927-86f7-a083a72d5b4c', 'Capacitación o curso obligatorio', '31/10/15', '31/10/16', 1, '6d12d8da-d88a-4c57-bcf5-51476a20f81b'); 
INSERT INTO absence(absenceID, reason, startDate, endDate, justified, absenceUserIDFK) values('8078574c-3742-4dc4-b845-120e8588cf3d', 'Vacaciones programadas', '29/05/27', '29/05/28', 1, '008fd8fd-16b3-4fe2-bab7-9d2e01ac5ab3'); 
INSERT INTO absence(absenceID, reason, startDate, endDate, justified, absenceUserIDFK) values('c9f32d69-76d4-46d1-a13f-f379c06bd00c', 'Maternidad/Paternidad', '27/10/03', '27/10/04', 1, 'be1e0ad0-5e75-475f-9a9b-bf73a4cd99bb'); 
INSERT INTO absence(absenceID, reason, startDate, endDate, justified, absenceUserIDFK) values('67cacf79-d954-41a8-91a3-15c76c08f5d6', 'Trámites administrativos o legales', '33/12/29', '33/12/30', 2, '74265aa8-b4d2-4620-a077-1ace459ad248'); 
INSERT INTO absence(absenceID, reason, startDate, endDate, justified, absenceUserIDFK) values('50eaac43-636c-4f33-b851-4602b810d132', 'Vacaciones programadas', '25/10/27', '25/10/28', 1, 'cb1061de-8e80-4915-aa49-fbbd62fb52c8'); 
INSERT INTO absence(absenceID, reason, startDate, endDate, justified, absenceUserIDFK) values('92b6d7a7-7d43-4f72-992d-3c867d2632c1', 'Licencia por matrimonio', '27/08/29', '27/08/30', 0, '427f2ea8-76cf-4068-8300-1fa9f10eedde'); 
INSERT INTO absence(absenceID, reason, startDate, endDate, justified, absenceUserIDFK) values('bd16c103-187a-44e9-acfd-0edf8fc4b636', 'Problemas familiares', '28/05/24', '28/05/25', 0, '212ca658-1721-4bfc-9ce6-de2af7c0906f'); 
INSERT INTO absence(absenceID, reason, startDate, endDate, justified, absenceUserIDFK) values('b41313f0-9990-47cb-91a1-69c15e808362', 'Consulta médica', '25/04/11', '25/04/12', 0, '385156cf-438d-49a4-89b0-2edd87a2c872'); 
INSERT INTO absence(absenceID, reason, startDate, endDate, justified, absenceUserIDFK) values('82a97390-8803-453f-b997-391f4b4c323c', 'Citación judicial', '29/09/06', '29/09/07', 1, 'b7db9cd3-4a88-4566-8a5f-52406ded84f7'); 
INSERT INTO absence(absenceID, reason, startDate, endDate, justified, absenceUserIDFK) values('b114f41b-d552-4b58-b433-552ab5fe9e46', 'Convocatoria a servicio militar o cívico', '28/10/06', '28/10/07', 1, '385156cf-438d-49a4-89b0-2edd87a2c872'); 
INSERT INTO absence(absenceID, reason, startDate, endDate, justified, absenceUserIDFK) values('c6da32ff-f97d-4b2b-b931-ee0ce30200fe', 'Luto por fallecimiento de un familiar', '32/12/27', '32/12/28', 2, '8d4415ec-7267-405b-8317-9bfe5015ee6f'); 
INSERT INTO absence(absenceID, reason, startDate, endDate, justified, absenceUserIDFK) values('3007cc85-3282-44d0-880b-7163d14b95d0', 'Donación de sangre', '28/04/21', '28/04/22', 2, 'd684e22d-f1e7-48b1-a9ef-ee3328fe3b7d'); 
INSERT INTO absence(absenceID, reason, startDate, endDate, justified, absenceUserIDFK) values('70cc4d5e-d830-40d9-ae38-2cc7683393ed', 'Luto por fallecimiento de un familiar', '29/05/27', '29/05/28', 1, 'b5cb2fb0-2517-46e1-afb4-eb4b10286b1d'); 
INSERT INTO absence(absenceID, reason, startDate, endDate, justified, absenceUserIDFK) values('35dd7ca6-404d-42d5-9d37-e839a7b48606', 'Consulta médica', '25/09/25', '25/09/26', 2, '21dbd292-2837-4d90-b290-93e8b8d00243'); 
INSERT INTO absence(absenceID, reason, startDate, endDate, justified, absenceUserIDFK) values('65e49e91-ab06-453e-b42a-54656031e206', 'Accidente', '27/05/21', '27/05/22', 1, '56160437-bb91-4ba4-9048-667c4c1110b1'); 
INSERT INTO absence(absenceID, reason, startDate, endDate, justified, absenceUserIDFK) values('474d2f2f-86d7-430c-9d70-c243d5a6e267', 'Problemas de salud mental', '32/10/18', '32/10/19', 2, 'c2c0f571-a3a3-48a5-9684-00bc4a38932c'); 
INSERT INTO absence(absenceID, reason, startDate, endDate, justified, absenceUserIDFK) values('8fdc56e3-42b6-4524-bd87-53b5cea0e5fe', 'Condiciones climáticas extremas', '32/07/09', '32/07/10', 2, '9d49c41e-8cd7-40ad-8490-d7e77cdc4a75'); 
INSERT INTO absence(absenceID, reason, startDate, endDate, justified, absenceUserIDFK) values('329951f4-dc27-4abe-8eeb-a7ba7b83105e', 'Consulta médica', '28/07/15', '28/07/16', 1, 'e1e45f73-382f-464f-999e-e15879c5b87f'); 
INSERT INTO absence(absenceID, reason, startDate, endDate, justified, absenceUserIDFK) values('e984fa3d-39c9-4d1e-8704-daa83673fa2b', 'Luto por fallecimiento de un familiar', '31/03/27', '31/03/28', 1, '43c636b5-4393-4401-8d7d-517048727c55'); 
INSERT INTO absence(absenceID, reason, startDate, endDate, justified, absenceUserIDFK) values('0eafb1b5-692c-4979-8afe-40fee8c4f825', 'Trámites administrativos o legales', '25/03/08', '25/03/09', 1, 'cb1061de-8e80-4915-aa49-fbbd62fb52c8'); 
INSERT INTO absence(absenceID, reason, startDate, endDate, justified, absenceUserIDFK) values('1c8806f7-313d-4a2b-a8ba-4c2dc9fbde7e', 'Accidente', '28/10/06', '28/10/07', 2, 'eecf45c1-a226-46d1-871f-faaf8c260266'); 
INSERT INTO absence(absenceID, reason, startDate, endDate, justified, absenceUserIDFK) values('dd95b61e-939e-428b-83e0-4dc5fdd5ccf4', 'Licencia por matrimonio', '31/12/21', '31/12/22', 2, 'a900cf50-d426-4448-baba-ad97fb4e12a5'); 
INSERT INTO absence(absenceID, reason, startDate, endDate, justified, absenceUserIDFK) values('3171197d-9ee2-487d-a0dc-8718ba1cced8', 'Capacitación o curso obligatorio', '28/12/12', '28/12/13', 1, '6d12d8da-d88a-4c57-bcf5-51476a20f81b'); 
INSERT INTO absence(absenceID, reason, startDate, endDate, justified, absenceUserIDFK) values('3b2f9b88-f498-4dc0-8c64-c9ea953a0313', 'Maternidad/Paternidad', '27/07/27', '27/07/28', 2, '22f86601-5401-4fd6-888e-f700fc950c70'); 
INSERT INTO absence(absenceID, reason, startDate, endDate, justified, absenceUserIDFK) values('564668dd-5e22-4a2c-baa9-98b4e4c74f6c', 'Licencia por matrimonio', '30/07/03', '30/07/04', 1, '92d23bdd-03f8-44d0-8ed0-77557ec50ed3'); 
INSERT INTO absence(absenceID, reason, startDate, endDate, justified, absenceUserIDFK) values('7c732e45-5ec3-4061-9659-4762af8dca8c', 'Capacitación o curso obligatorio', '30/09/09', '30/09/10', 1, 'c238cbd0-f62f-457b-8e47-c30b3923f948'); 
INSERT INTO absence(absenceID, reason, startDate, endDate, justified, absenceUserIDFK) values('17e630af-9a14-46ea-8131-d14bad4579f3', 'Accidente', '28/10/06', '28/10/07', 1, '1a84076f-2917-436d-a715-c35d56b350cf'); 
INSERT INTO absence(absenceID, reason, startDate, endDate, justified, absenceUserIDFK) values('0413cc4b-757b-483f-87c3-2b8eda11be89', 'Licencia por matrimonio', '33/09/18', '33/09/19', 1, '8eb1e269-391d-4f1b-8be7-ab9da1be65fd'); 
INSERT INTO absence(absenceID, reason, startDate, endDate, justified, absenceUserIDFK) values('95533167-9ede-4c17-914f-54445367109f', 'Licencia por matrimonio', '32/10/18', '32/10/19', 1, '491212f0-fcc7-4924-8a1c-a554d1c85cfd'); 
INSERT INTO absence(absenceID, reason, startDate, endDate, justified, absenceUserIDFK) values('1b933b46-2115-47df-9f02-b19e9805cfff', 'Convocatoria a servicio militar o cívico', '28/01/12', '28/01/13', 0, '177db711-5473-4dfc-a3a7-7ae24646b9ed'); 
INSERT INTO absence(absenceID, reason, startDate, endDate, justified, absenceUserIDFK) values('bb7ffa0f-c44d-46d4-ac52-60646df39fb3', 'Viaje de emergencia', '26/05/18', '26/05/19', 2, '983da3e6-97a3-4095-8331-41cf5b1253bc'); 
INSERT INTO absence(absenceID, reason, startDate, endDate, justified, absenceUserIDFK) values('f3530ca4-f2a4-49c1-a34d-6f4e08ef4817', 'Citación judicial', '26/01/07', '26/01/08', 0, '1638d6e6-09ff-4bfe-b325-23d7ed70f9f7'); 
INSERT INTO absence(absenceID, reason, startDate, endDate, justified, absenceUserIDFK) values('8782dfe7-e64c-4a85-bfee-3a09e18d1586', 'Donación de sangre', '30/04/27', '30/04/28', 1, '21dbd292-2837-4d90-b290-93e8b8d00243'); 
INSERT INTO absence(absenceID, reason, startDate, endDate, justified, absenceUserIDFK) values('415d7cb0-ac84-4ff4-9b52-8a28da0d07c1', 'Convocatoria a servicio militar o cívico', '31/06/03', '31/06/04', 1, '1be87837-4594-4e4a-84f9-1869c2fdef9e'); 
INSERT INTO absence(absenceID, reason, startDate, endDate, justified, absenceUserIDFK) values('79528ab3-5b6c-4071-b2c0-2b2101889eb1', 'Enfermedad', '28/07/15', '28/07/16', 0, 'ef313dff-8525-49bc-b8fb-2ce8cf9f815e'); 
INSERT INTO absence(absenceID, reason, startDate, endDate, justified, absenceUserIDFK) values('29bea3b3-e67d-40ee-bfb4-41db2d9465e0', 'Donación de sangre', '31/12/21', '31/12/22', 2, '005dc80a-470b-43bf-b1c1-5ac774a4db35'); 
INSERT INTO absence(absenceID, reason, startDate, endDate, justified, absenceUserIDFK) values('60c3e08b-e5e1-4483-9348-a5e471638725', 'Problemas familiares', '27/06/24', '27/06/25', 1, 'b7db9cd3-4a88-4566-8a5f-52406ded84f7'); 
INSERT INTO absence(absenceID, reason, startDate, endDate, justified, absenceUserIDFK) values('38449979-1fc6-4d84-a6fd-56c75d19a7e9', 'Donación de sangre', '32/11/21', '32/11/22', 0, '1638d6e6-09ff-4bfe-b325-23d7ed70f9f7'); 
INSERT INTO absence(absenceID, reason, startDate, endDate, justified, absenceUserIDFK) values('811c4527-00b7-4a87-9cd4-8cc10cd05b86', 'Trámites administrativos o legales', '29/09/18', '29/09/19', 0, 'aa0f1fa9-9d4b-49f2-a132-d09ae0ad03ee'); 
INSERT INTO absence(absenceID, reason, startDate, endDate, justified, absenceUserIDFK) values('74c890ca-8fee-4336-97e2-bfd463db198a', 'Viaje de emergencia', '31/04/29', '31/04/30', 1, '37498b0d-c263-42dd-b9ef-c0eb65dcb9b0'); 
INSERT INTO absence(absenceID, reason, startDate, endDate, justified, absenceUserIDFK) values('63ace9ef-6ef6-40c9-bcaf-ea0f23b2a0ed', 'Donación de sangre', '28/11/09', '28/11/10', 1, '212ca658-1721-4bfc-9ce6-de2af7c0906f'); 
INSERT INTO absence(absenceID, reason, startDate, endDate, justified, absenceUserIDFK) values('7865b337-3916-4352-a1ee-23b651cf9f41', 'Cuidado de un hijo o familiar enfermo', '27/03/15', '27/03/16', 0, 'bfca669c-8494-4fb7-88fa-ecc21f3f1770'); 
INSERT INTO absence(absenceID, reason, startDate, endDate, justified, absenceUserIDFK) values('0611b0f1-21d4-43c1-81e5-4f925db44594', 'Consulta médica', '31/11/24', '31/11/25', 2, '48193c75-159b-40e9-8864-9a7311480c54'); 
INSERT INTO absence(absenceID, reason, startDate, endDate, justified, absenceUserIDFK) values('3ffd9662-b3e7-4252-a86f-e82976f9da67', 'Convocatoria a servicio militar o cívico', '32/12/24', '32/12/25', 1, '214c58cd-ed6f-48c3-960b-6a447a402a9d'); 
INSERT INTO absence(absenceID, reason, startDate, endDate, justified, absenceUserIDFK) values('db6fef2a-024c-4e47-a1cb-a3880ba01e6d', 'Maternidad/Paternidad', '29/09/18', '29/09/19', 1, 'f32ae391-9401-4467-89f6-335cff662d6b'); 
INSERT INTO absence(absenceID, reason, startDate, endDate, justified, absenceUserIDFK) values('a62e0f8e-5885-4732-aca2-e0f67d4fe6a8', 'Emergencia en el hogar (fugas, incendios, etc.)', '25/10/27', '25/10/28', 2, '931ed2c0-1052-46f9-9bf1-fbfd0d41f61f'); 
INSERT INTO absence(absenceID, reason, startDate, endDate, justified, absenceUserIDFK) values('9913523c-9c5d-4dba-8a30-c06ad6ef7964', 'Problemas de movilidad o avería del vehículo', '30/03/24', '30/03/25', 1, '1a258d08-c27e-4afc-ab17-92d2f47dd50f'); 
INSERT INTO absence(absenceID, reason, startDate, endDate, justified, absenceUserIDFK) values('79ea8e59-e00b-48c6-b3fa-f93a930c8ccf', 'Problemas familiares', '26/05/09', '26/05/10', 1, 'c2c0f571-a3a3-48a5-9684-00bc4a38932c'); 
INSERT INTO absence(absenceID, reason, startDate, endDate, justified, absenceUserIDFK) values('63b3dd23-1db3-4296-9859-9404d27e922b', 'Enfermedad', '33/04/03', '33/04/04', 0, 'f2abc43c-e1db-4840-bce1-a915313d6968'); 
INSERT INTO absence(absenceID, reason, startDate, endDate, justified, absenceUserIDFK) values('2551ce1e-8b61-4b17-b0d3-00dd36b3ba5a', 'Problemas familiares', '26/04/15', '26/04/16', 0, 'c0a76bd8-dfac-4271-b400-a797837adb31'); 
INSERT INTO absence(absenceID, reason, startDate, endDate, justified, absenceUserIDFK) values('6785c6fc-8998-4a1b-84d9-b998ff0a661d', 'Vacaciones programadas', '25/01/03', '25/01/04', 1, '99c2319c-786d-499c-9112-893aa104151d'); 
INSERT INTO absence(absenceID, reason, startDate, endDate, justified, absenceUserIDFK) values('acf71cac-d452-4f8e-ac30-fc199881df94', 'Vacaciones programadas', '25/06/17', '25/06/18', 2, '48193c75-159b-40e9-8864-9a7311480c54'); 
INSERT INTO absence(absenceID, reason, startDate, endDate, justified, absenceUserIDFK) values('263be8df-d3e7-4939-847e-004d2af869d6', 'Maternidad/Paternidad', '33/10/21', '33/10/22', 1, '99c2319c-786d-499c-9112-893aa104151d'); 

INSERT INTO absenceMedia(absenceMediaID, mediaLink, absenceIDFK) values('ac1ed7b3-3f34-4ce9-bbcc-0394ec92ff2d', 'https://www.ejemplo.com/productos/calculadora-interes', '3007cc85-3282-44d0-880b-7163d14b95d0'); 
INSERT INTO absenceMedia(absenceMediaID, mediaLink, absenceIDFK) values('865c20c4-bde2-426b-9357-e931db9550b3', 'https://www.smartsolutions.com/servicios/paginas-web', '67cacf79-d954-41a8-91a3-15c76c08f5d6'); 
INSERT INTO absenceMedia(absenceMediaID, mediaLink, absenceIDFK) values('e7157962-e17c-47ce-8ef6-fbf0dd814dfd', 'https://www.empresafuturo.com/servicios/desarrollo-tecnologico', '29bea3b3-e67d-40ee-bfb4-41db2d9465e0'); 
INSERT INTO absenceMedia(absenceMediaID, mediaLink, absenceIDFK) values('df877572-de5e-43b9-b4f3-6c3c835451fc', 'https://www.tuempresa.com/contacto/soporte', '186a03a2-c14c-464e-ad8f-8a1d2d3a6bd7'); 
INSERT INTO absenceMedia(absenceMediaID, mediaLink, absenceIDFK) values('78ad0187-a4fc-4781-bdc4-7ec2ce5d4944', 'https://www.tiendavirtual.com/blog/estrategias-marketing', 'dd95b61e-939e-428b-83e0-4dc5fdd5ccf4'); 
INSERT INTO absenceMedia(absenceMediaID, mediaLink, absenceIDFK) values('a272e096-664d-43e9-a124-e557575d0558', 'https://www.interactivewebs.com/proyectos/desarrollo-software', '8fdc56e3-42b6-4524-bd87-53b5cea0e5fe'); 
INSERT INTO absenceMedia(absenceMediaID, mediaLink, absenceIDFK) values('545c2ad1-20a8-43ef-85dc-33d403d546e4', 'https://www.micompany.com/servicios/consultoria-web', '67cacf79-d954-41a8-91a3-15c76c08f5d6'); 
INSERT INTO absenceMedia(absenceMediaID, mediaLink, absenceIDFK) values('313f95d2-637a-49bb-982e-13bcd7681801', 'https://www.empresainnovadora.com/noticias/lanzamientos', '3b2f9b88-f498-4dc0-8c64-c9ea953a0313'); 
INSERT INTO absenceMedia(absenceMediaID, mediaLink, absenceIDFK) values('a9cd28ae-a95b-42ad-b0c9-919c75c2db0b', 'https://www.sistemasmodernos.com/tecnologia/innovacion', 'ec64ce8a-98c0-4177-a76a-78a4dc410de9'); 
INSERT INTO absenceMedia(absenceMediaID, mediaLink, absenceIDFK) values('85bdfa5d-ec0d-4ac3-b532-c5af6b6e7c93', 'https://www.digitalinnovators.com/estrategias/marketing', '67cacf79-d954-41a8-91a3-15c76c08f5d6'); 
INSERT INTO absenceMedia(absenceMediaID, mediaLink, absenceIDFK) values('ee9fd21f-6863-4bde-a597-e9b9d66e77d0', 'https://www.ecommerceplus.com/guias/venta-online', '82a97390-8803-453f-b997-391f4b4c323c'); 
INSERT INTO absenceMedia(absenceMediaID, mediaLink, absenceIDFK) values('dde62653-18eb-4284-9a7e-1777a3061676', 'https://www.expertositio.com/blog/diseño-web', 'a466b26d-cbab-4b6a-8c94-d8a0f358763b'); 
INSERT INTO absenceMedia(absenceMediaID, mediaLink, absenceIDFK) values('d9e05dff-7746-484d-b42f-1d8092fb66b9', 'https://www.tiendavirtual.com/blog/estrategias-marketing', '63ace9ef-6ef6-40c9-bcaf-ea0f23b2a0ed'); 
INSERT INTO absenceMedia(absenceMediaID, mediaLink, absenceIDFK) values('a45003fe-ce1a-4571-a08c-e7450bc12668', 'https://www.expertositio.com/blog/diseño-web', '79ea8e59-e00b-48c6-b3fa-f93a930c8ccf'); 
INSERT INTO absenceMedia(absenceMediaID, mediaLink, absenceIDFK) values('ae78eb62-a808-433a-8349-f351c898a1cb', 'https://www.micompany.com/servicios/consultoria-web', '474d2f2f-86d7-430c-9d70-c243d5a6e267'); 
INSERT INTO absenceMedia(absenceMediaID, mediaLink, absenceIDFK) values('e60ce106-98c8-4ca3-8972-0b490fb9c2fa', 'https://www.interactivewebs.com/proyectos/desarrollo-software', 'e9b992f5-f938-491f-8295-27bc79767ec4'); 
INSERT INTO absenceMedia(absenceMediaID, mediaLink, absenceIDFK) values('03fea406-4898-4810-b0f9-dcc669c2d24a', 'https://www.tutorialesweb.com/aprendizaje/codificacion', 'bb7ffa0f-c44d-46d4-ac52-60646df39fb3'); 
INSERT INTO absenceMedia(absenceMediaID, mediaLink, absenceIDFK) values('12140d9c-8618-4596-91a7-90ed1193ebb6', 'https://www.creacionsistemas.com/planificación/pymes', '8078574c-3742-4dc4-b845-120e8588cf3d'); 
INSERT INTO absenceMedia(absenceMediaID, mediaLink, absenceIDFK) values('4ef2447e-eb20-4454-a217-9eaa81b1bf8f', 'https://www.digitalinnovators.com/estrategias/marketing', 'b114f41b-d552-4b58-b433-552ab5fe9e46'); 
INSERT INTO absenceMedia(absenceMediaID, mediaLink, absenceIDFK) values('a732db79-da6c-46eb-bf51-a19985ef8bc9', 'https://www.soluciones360.com/soporte/atencion-cliente', '95533167-9ede-4c17-914f-54445367109f'); 
INSERT INTO absenceMedia(absenceMediaID, mediaLink, absenceIDFK) values('e9b2cbcb-c96a-454a-9b34-d9687a819a55', 'https://www.interactivewebs.com/proyectos/desarrollo-software', '811c4527-00b7-4a87-9cd4-8cc10cd05b86'); 
INSERT INTO absenceMedia(absenceMediaID, mediaLink, absenceIDFK) values('c16060c1-b101-4a36-b1e6-ff5e5de81028', 'https://www.ejemplo.com/productos/calculadora-interes', '79ea8e59-e00b-48c6-b3fa-f93a930c8ccf'); 
INSERT INTO absenceMedia(absenceMediaID, mediaLink, absenceIDFK) values('922924ad-5dfd-45d7-beb0-2d7824eed884', 'https://www.sistemasmodernos.com/tecnologia/innovacion', '8782dfe7-e64c-4a85-bfee-3a09e18d1586'); 
INSERT INTO absenceMedia(absenceMediaID, mediaLink, absenceIDFK) values('860ac077-f0c0-454d-a8e6-755cbf0885e3', 'https://www.tutorialesweb.com/aprendizaje/codificacion', 'db6fef2a-024c-4e47-a1cb-a3880ba01e6d'); 
INSERT INTO absenceMedia(absenceMediaID, mediaLink, absenceIDFK) values('e1cbba5f-7be7-489f-95b0-24853aaa8ffb', 'https://www.tuempresa.com/contacto/soporte', '811c4527-00b7-4a87-9cd4-8cc10cd05b86'); 
INSERT INTO absenceMedia(absenceMediaID, mediaLink, absenceIDFK) values('bbf6cc63-dc41-4f9c-8944-7fff2760cae1', 'https://www.expertositio.com/blog/diseño-web', 'db6fef2a-024c-4e47-a1cb-a3880ba01e6d'); 
INSERT INTO absenceMedia(absenceMediaID, mediaLink, absenceIDFK) values('c898e49d-4808-4283-b2b1-7ed33039cafc', 'https://www.ecommerceplus.com/guias/venta-online', 'a466b26d-cbab-4b6a-8c94-d8a0f358763b'); 
INSERT INTO absenceMedia(absenceMediaID, mediaLink, absenceIDFK) values('3e5c4287-a0c2-46c7-a250-a8e295707a7a', 'https://www.tuempresa.com/contacto/soporte', '474d2f2f-86d7-430c-9d70-c243d5a6e267'); 
INSERT INTO absenceMedia(absenceMediaID, mediaLink, absenceIDFK) values('82304635-e2c4-4812-bdd2-0f99794df5bb', 'https://www.interactivewebs.com/proyectos/desarrollo-software', '47305771-ba31-4199-aee7-0c3fa6f4268a'); 
INSERT INTO absenceMedia(absenceMediaID, mediaLink, absenceIDFK) values('7d5b5da0-ab06-4241-b6fd-bb84c03db506', 'https://www.creacionsistemas.com/planificación/pymes', 'b41313f0-9990-47cb-91a1-69c15e808362'); 
INSERT INTO absenceMedia(absenceMediaID, mediaLink, absenceIDFK) values('ca7ba9c7-4db8-40c6-8556-82daecff3549', 'https://www.tiendavirtual.com/blog/estrategias-marketing', '8cb9ab75-3222-46e8-87eb-9cf30406f6a6'); 
INSERT INTO absenceMedia(absenceMediaID, mediaLink, absenceIDFK) values('4f2221c6-1fdc-4adf-9aff-e58c96af0740', 'https://www.empresainnovadora.com/noticias/lanzamientos', '3f75c1b8-1a9d-4927-86f7-a083a72d5b4c'); 
INSERT INTO absenceMedia(absenceMediaID, mediaLink, absenceIDFK) values('f8d61bfe-2c9d-4818-9d0d-623cedb15e0f', 'https://www.soluciones360.com/soporte/atencion-cliente', 'acf71cac-d452-4f8e-ac30-fc199881df94'); 
INSERT INTO absenceMedia(absenceMediaID, mediaLink, absenceIDFK) values('ebc25c05-c141-4258-b099-9866ee903d0a', 'https://www.nuevastecnologias.com/innovacion/digitalizacion', '8782dfe7-e64c-4a85-bfee-3a09e18d1586'); 
INSERT INTO absenceMedia(absenceMediaID, mediaLink, absenceIDFK) values('a7668244-73e4-4161-95df-700d5d5bcfb9', 'https://www.ecommerceplus.com/guias/venta-online', '71c9680d-bc6c-43b2-93da-f5efef665b8f'); 
INSERT INTO absenceMedia(absenceMediaID, mediaLink, absenceIDFK) values('fbf3e8eb-8c80-427b-918f-859ff82c067a', 'https://www.serviciosxyz.com/soluciones/internet-empresas', '65e49e91-ab06-453e-b42a-54656031e206'); 
INSERT INTO absenceMedia(absenceMediaID, mediaLink, absenceIDFK) values('5ef2daf4-d14a-412e-a6d0-e80760e3fa49', 'https://www.sistemasmodernos.com/tecnologia/innovacion', '186a03a2-c14c-464e-ad8f-8a1d2d3a6bd7'); 
INSERT INTO absenceMedia(absenceMediaID, mediaLink, absenceIDFK) values('c92001da-af86-4aa8-b380-2224f98116d4', 'https://www.smartsolutions.com/servicios/paginas-web', '3ffd9662-b3e7-4252-a86f-e82976f9da67'); 
INSERT INTO absenceMedia(absenceMediaID, mediaLink, absenceIDFK) values('1e7616c4-46fe-4ba6-a1c5-efaf4cb9d04d', 'https://www.expertositio.com/blog/diseño-web', '79528ab3-5b6c-4071-b2c0-2b2101889eb1'); 
INSERT INTO absenceMedia(absenceMediaID, mediaLink, absenceIDFK) values('d40d2787-8d4a-4b87-8bc1-5b40a879b6be', 'https://www.digitalinnovators.com/estrategias/marketing', 'bee8e7e4-b7e1-4039-88c7-668a891f6123'); 
INSERT INTO absenceMedia(absenceMediaID, mediaLink, absenceIDFK) values('bc09a29d-cf92-4d1b-8b1d-68de9c3cecc4', 'https://www.empresainnovadora.com/noticias/lanzamientos', '0eafb1b5-692c-4979-8afe-40fee8c4f825'); 
INSERT INTO absenceMedia(absenceMediaID, mediaLink, absenceIDFK) values('0e6e00d9-2f5b-49d8-95cf-9613cb531c6d', 'https://www.sistemasmodernos.com/tecnologia/innovacion', '50eaac43-636c-4f33-b851-4602b810d132'); 
INSERT INTO absenceMedia(absenceMediaID, mediaLink, absenceIDFK) values('ff3d064a-5a6f-49f7-ab15-bb6f8ec9dd8f', 'https://www.empresafuturo.com/servicios/desarrollo-tecnologico', '0413cc4b-757b-483f-87c3-2b8eda11be89'); 
INSERT INTO absenceMedia(absenceMediaID, mediaLink, absenceIDFK) values('eabbe5bf-8a7b-4255-8eef-c2bfdac2fce1', 'https://www.ecommerceplus.com/guias/venta-online', 'acf71cac-d452-4f8e-ac30-fc199881df94'); 
INSERT INTO absenceMedia(absenceMediaID, mediaLink, absenceIDFK) values('50354efb-4a09-4ad9-9248-687455522f3a', 'https://www.empresafuturo.com/servicios/desarrollo-tecnologico', 'f3530ca4-f2a4-49c1-a34d-6f4e08ef4817'); 
INSERT INTO absenceMedia(absenceMediaID, mediaLink, absenceIDFK) values('b5e40e84-d3d0-43ae-923f-8f9f96dfd4e4', 'https://www.micompany.com/servicios/consultoria-web', '0eafb1b5-692c-4979-8afe-40fee8c4f825'); 
INSERT INTO absenceMedia(absenceMediaID, mediaLink, absenceIDFK) values('ed45f8bf-8d60-43e2-b262-1cc41bd1a929', 'https://www.expertositio.com/blog/diseño-web', 'a466b26d-cbab-4b6a-8c94-d8a0f358763b'); 
INSERT INTO absenceMedia(absenceMediaID, mediaLink, absenceIDFK) values('fa982a8c-d8b9-4b6e-9800-53731f40b817', 'https://www.empresainnovadora.com/noticias/lanzamientos', '0611b0f1-21d4-43c1-81e5-4f925db44594'); 
INSERT INTO absenceMedia(absenceMediaID, mediaLink, absenceIDFK) values('77332729-9643-4eb1-9497-db6a13d5023e', 'https://www.sistemasmodernos.com/tecnologia/innovacion', '1b933b46-2115-47df-9f02-b19e9805cfff'); 
INSERT INTO absenceMedia(absenceMediaID, mediaLink, absenceIDFK) values('f78d4990-8d9c-43ac-9cbb-c3dc003a1027', 'https://www.tutorialesweb.com/aprendizaje/codificacion', '8fb83c2e-34fe-4643-b6d8-8a5749938de1'); 

INSERT INTO fault(faultID, doneDate, summary, faultUserIDFK) VALUES('51577ee8-32e8-4c07-ab3a-69c531f60ec1', '2025-05-14', 'Incumplir con los plazos establecidos para la entrega de proyectos o tareas', 'ff94faa6-940a-4bdf-9cf4-a3c183f31380');
INSERT INTO fault(faultID, doneDate, summary, faultUserIDFK) VALUES('2f877ff2-637f-4c73-a68f-1910e1718fc9', '2025-03-30', 'El empleado no se presenta al trabajo sin avisar o sin una razón válida, afectando la continuidad de las labores del equipo.', '4fc1e8bf-b378-482e-8a92-0aaf5b06d794');
INSERT INTO fault(faultID, doneDate, summary, faultUserIDFK) VALUES('ab62ff14-2831-4a36-b28d-e1b7bc6836ae', '2025-03-30', 'No informar oportunamente sobre dificultades o retrasos que puedan afectar el cumplimiento de las metas', 'cb1061de-8e80-4915-aa49-fbbd62fb52c8');
INSERT INTO fault(faultID, doneDate, summary, faultUserIDFK) VALUES('3f5c6958-6d4a-49fc-946d-73d918d6d92c', '2025-05-14', 'El empleado no se presenta al trabajo sin avisar o sin una razón válida, afectando la continuidad de las labores del equipo.', 'aa0f1fa9-9d4b-49f2-a132-d09ae0ad03ee');
INSERT INTO fault(faultID, doneDate, summary, faultUserIDFK) VALUES('34fcc315-b37f-4dea-ad49-a00788fc70e0', '2025-03-12', 'El empleado no se presenta al trabajo sin avisar o sin una razón válida, afectando la continuidad de las labores del equipo.', '306cf214-4559-4185-bdb9-d631e350f8c1');
INSERT INTO fault(faultID, doneDate, summary, faultUserIDFK) VALUES('65cf17d9-a82f-4f81-9bad-8b91e18854f7', '2025-05-14', 'No informar oportunamente sobre dificultades o retrasos que puedan afectar el cumplimiento de las metas', '6d12d8da-d88a-4c57-bcf5-51476a20f81b');
INSERT INTO fault(faultID, doneDate, summary, faultUserIDFK) VALUES('2500bdc5-0745-4277-a62b-32d09101e76a', '2025-03-30', 'Llegar tarde de manera reiterada, lo cual puede generar problemas en la coordinación y en el flujo de trabajo.', 'bfca669c-8494-4fb7-88fa-ecc21f3f1770');
INSERT INTO fault(faultID, doneDate, summary, faultUserIDFK) VALUES('2b71c6b7-02a7-4f56-9e7a-2913a029d065', '2025-05-14', 'El empleado no se presenta al trabajo sin avisar o sin una razón válida, afectando la continuidad de las labores del equipo.', 'f8b4fee9-32a5-41ee-8ba6-4c6daa0c00c7');
INSERT INTO fault(faultID, doneDate, summary, faultUserIDFK) VALUES('a73c53da-0ce4-4bf3-8e85-0967b17a2d68', '2025-03-12', 'El empleado no se presenta al trabajo sin avisar o sin una razón válida, afectando la continuidad de las labores del equipo.', 'b7db9cd3-4a88-4566-8a5f-52406ded84f7');
INSERT INTO fault(faultID, doneDate, summary, faultUserIDFK) VALUES('d27321fb-86c1-4456-a754-6c4efba8a1d5', '2025-03-12', 'El empleado no se presenta al trabajo sin avisar o sin una razón válida, afectando la continuidad de las labores del equipo.', '7b5df169-5531-49ce-887c-15646d4e994a');
INSERT INTO fault(faultID, doneDate, summary, faultUserIDFK) VALUES('a7d336b0-3ae7-4a67-8fa6-3cf678af1873', '2025-03-17', 'No seguir las políticas o procedimientos establecidos por la empresa', 'e1e45f73-382f-464f-999e-e15879c5b87f');
INSERT INTO fault(faultID, doneDate, summary, faultUserIDFK) VALUES('8b00ebf8-4fe7-40f0-bc55-766dfc49a4ad', '2025-03-12', 'Llegar tarde de manera reiterada, lo cual puede generar problemas en la coordinación y en el flujo de trabajo.', '2d834ad5-c46d-4765-a27a-7245f0773efe');
INSERT INTO fault(faultID, doneDate, summary, faultUserIDFK) VALUES('ebdb7e27-d1f6-46e9-aa0b-c30197c3ed8f', '2025-03-12', 'Llegar tarde de manera reiterada, lo cual puede generar problemas en la coordinación y en el flujo de trabajo.', '5a0d829d-4c6b-46c7-8570-129324645ee9');
INSERT INTO fault(faultID, doneDate, summary, faultUserIDFK) VALUES('03908479-fe81-42a2-ae46-2d0532088359', '2025-05-16', 'Incumplir con los plazos establecidos para la entrega de proyectos o tareas', '4e875f73-b967-42cd-b5f7-9bf0e0550fa7');
INSERT INTO fault(faultID, doneDate, summary, faultUserIDFK) VALUES('c3e43b86-e5d2-4ad2-a15c-a6915f3715d8', '2025-03-17', 'Incumplir con los plazos establecidos para la entrega de proyectos o tareas', 'c0a76bd8-dfac-4271-b400-a797837adb31');
INSERT INTO fault(faultID, doneDate, summary, faultUserIDFK) VALUES('d7c4e104-ca13-4d4d-ade7-c79daaabd831', '2025-05-14', 'Incumplir con los plazos establecidos para la entrega de proyectos o tareas', '005dc80a-470b-43bf-b1c1-5ac774a4db35');
INSERT INTO fault(faultID, doneDate, summary, faultUserIDFK) VALUES('630cd70a-9d37-41b3-8f76-49aa4d0e8c51', '2025-05-14', 'No informar oportunamente sobre dificultades o retrasos que puedan afectar el cumplimiento de las metas', '005dc80a-470b-43bf-b1c1-5ac774a4db35');
INSERT INTO fault(faultID, doneDate, summary, faultUserIDFK) VALUES('250c45ed-a9f0-4882-a129-2d9c8d397397', '2025-05-16', 'Llegar tarde de manera reiterada, lo cual puede generar problemas en la coordinación y en el flujo de trabajo.', '5a0d829d-4c6b-46c7-8570-129324645ee9');
INSERT INTO fault(faultID, doneDate, summary, faultUserIDFK) VALUES('8aba4ed3-649b-41f0-acb9-904bdf9c90cc', '2025-05-14', 'El empleado no se presenta al trabajo sin avisar o sin una razón válida, afectando la continuidad de las labores del equipo.', '6ffc6e25-81d9-4248-a5d9-42e248ed9bb5');
INSERT INTO fault(faultID, doneDate, summary, faultUserIDFK) VALUES('c8a18ef5-3d1b-4eb1-b205-5b8a8f15d863', '2025-03-30', 'Incumplir con los plazos establecidos para la entrega de proyectos o tareas', 'ef313dff-8525-49bc-b8fb-2ce8cf9f815e');
INSERT INTO fault(faultID, doneDate, summary, faultUserIDFK) VALUES('6a5ffefa-aadd-473b-a9dd-bb0da55d9b9a', '2025-03-30', 'No seguir las políticas o procedimientos establecidos por la empresa', '931ed2c0-1052-46f9-9bf1-fbfd0d41f61f');
INSERT INTO fault(faultID, doneDate, summary, faultUserIDFK) VALUES('4b68cea7-f25d-4cca-8036-3d05a19d039b', '2025-05-14', 'El empleado no se presenta al trabajo sin avisar o sin una razón válida, afectando la continuidad de las labores del equipo.', '6caaf8e4-c733-4035-861e-2c49bba1f0b7');
INSERT INTO fault(faultID, doneDate, summary, faultUserIDFK) VALUES('82890f3e-96b4-4b32-8e35-e8178151e528', '2025-03-17', 'El empleado no se presenta al trabajo sin avisar o sin una razón válida, afectando la continuidad de las labores del equipo.', 'a900cf50-d426-4448-baba-ad97fb4e12a5');
INSERT INTO fault(faultID, doneDate, summary, faultUserIDFK) VALUES('0e031b4b-08bc-480b-9730-eb8ab27499f0', '2025-03-30', 'El empleado no se presenta al trabajo sin avisar o sin una razón válida, afectando la continuidad de las labores del equipo.', '5e00bc4f-834c-462a-a7b7-f0c4ddc2a6c2');
INSERT INTO fault(faultID, doneDate, summary, faultUserIDFK) VALUES('3c9cc125-b342-4698-aab9-db4ec7de6913', '2025-05-14', 'Cometer fallos en el trabajo de forma repetitiva, a pesar de haber sido señalados previamente', '1638d6e6-09ff-4bfe-b325-23d7ed70f9f7');
INSERT INTO fault(faultID, doneDate, summary, faultUserIDFK) VALUES('f17d2bdc-07de-40a0-8e5a-ee5a978b1bbc', '2025-05-14', 'Llegar tarde de manera reiterada, lo cual puede generar problemas en la coordinación y en el flujo de trabajo.', '214c58cd-ed6f-48c3-960b-6a447a402a9d');
INSERT INTO fault(faultID, doneDate, summary, faultUserIDFK) VALUES('d7c7ebb2-15b3-407f-8676-a4c16721ed43', '2025-03-17', 'No informar oportunamente sobre dificultades o retrasos que puedan afectar el cumplimiento de las metas', 'f2abc43c-e1db-4840-bce1-a915313d6968');
INSERT INTO fault(faultID, doneDate, summary, faultUserIDFK) VALUES('c999edb7-f384-420e-8081-6b7258325e0a', '2025-03-30', 'No informar oportunamente sobre dificultades o retrasos que puedan afectar el cumplimiento de las metas', 'e1e45f73-382f-464f-999e-e15879c5b87f');
INSERT INTO fault(faultID, doneDate, summary, faultUserIDFK) VALUES('c7d7106b-9877-4d85-bab5-504d7eea3a36', '2025-05-14', 'No informar oportunamente sobre dificultades o retrasos que puedan afectar el cumplimiento de las metas', '8d4415ec-7267-405b-8317-9bfe5015ee6f');
INSERT INTO fault(faultID, doneDate, summary, faultUserIDFK) VALUES('ecfff957-7251-4ad0-9bd2-e1f599b80504', '2025-05-14', 'Llegar tarde de manera reiterada, lo cual puede generar problemas en la coordinación y en el flujo de trabajo.', '005dc80a-470b-43bf-b1c1-5ac774a4db35');
INSERT INTO fault(faultID, doneDate, summary, faultUserIDFK) VALUES('d6364726-83c5-40be-bbee-7d74da7c6d31', '2025-03-17', 'Incumplir con los plazos establecidos para la entrega de proyectos o tareas', '8d4415ec-7267-405b-8317-9bfe5015ee6f');
INSERT INTO fault(faultID, doneDate, summary, faultUserIDFK) VALUES('be1a8d9f-1026-4715-aba8-92bc7ec803a4', '2025-05-14', 'No informar oportunamente sobre dificultades o retrasos que puedan afectar el cumplimiento de las metas', 'c0a76bd8-dfac-4271-b400-a797837adb31');
INSERT INTO fault(faultID, doneDate, summary, faultUserIDFK) VALUES('0ac4a387-387d-43a6-aef2-656ab07ff750', '2025-03-30', 'No informar oportunamente sobre dificultades o retrasos que puedan afectar el cumplimiento de las metas', 'f03f6ec3-f90e-44f3-87ea-0af9f98defd7');
INSERT INTO fault(faultID, doneDate, summary, faultUserIDFK) VALUES('a5494f37-05cd-4f09-b24b-d2275596cadc', '2025-03-12', 'El empleado no se presenta al trabajo sin avisar o sin una razón válida, afectando la continuidad de las labores del equipo.', '3f596b36-07de-4e50-9461-60062b6bd07f');
INSERT INTO fault(faultID, doneDate, summary, faultUserIDFK) VALUES('75f5d2da-5f82-4957-92e9-757a8ebec9c5', '2025-03-17', 'No seguir las políticas o procedimientos establecidos por la empresa', 'fbcd2169-c7b0-40f9-9304-cee3a884587d');
INSERT INTO fault(faultID, doneDate, summary, faultUserIDFK) VALUES('cc09109e-3065-45fa-8204-41227936f453', '2025-03-30', 'Llegar tarde de manera reiterada, lo cual puede generar problemas en la coordinación y en el flujo de trabajo.', '946d7867-b4e9-4c31-9cea-dd16938ee01c');
INSERT INTO fault(faultID, doneDate, summary, faultUserIDFK) VALUES('ed499562-c323-408c-a8e3-23adb02cbd4e', '2025-05-14', 'Cometer fallos en el trabajo de forma repetitiva, a pesar de haber sido señalados previamente', '734d68bd-67d6-4849-827a-d779a7710477');
INSERT INTO fault(faultID, doneDate, summary, faultUserIDFK) VALUES('56648797-8600-4e7a-9364-f100513a95b3', '2025-03-30', 'Incumplir con los plazos establecidos para la entrega de proyectos o tareas', 'de779dea-0c31-4972-8dc4-f3699a045adf');
INSERT INTO fault(faultID, doneDate, summary, faultUserIDFK) VALUES('89a1b6ad-4e66-490b-b536-2e388c92c024', '2025-03-30', 'No informar oportunamente sobre dificultades o retrasos que puedan afectar el cumplimiento de las metas', '385156cf-438d-49a4-89b0-2edd87a2c872');
INSERT INTO fault(faultID, doneDate, summary, faultUserIDFK) VALUES('93145684-14a7-4ea9-9abb-622d4504e3f2', '2025-03-17', 'Cometer fallos en el trabajo de forma repetitiva, a pesar de haber sido señalados previamente', '2d834ad5-c46d-4765-a27a-7245f0773efe');
INSERT INTO fault(faultID, doneDate, summary, faultUserIDFK) VALUES('5eff018c-378e-4ef7-b237-b8a4cbccfa4f', '2025-05-14', 'Cometer fallos en el trabajo de forma repetitiva, a pesar de haber sido señalados previamente', '6caaf8e4-c733-4035-861e-2c49bba1f0b7');
INSERT INTO fault(faultID, doneDate, summary, faultUserIDFK) VALUES('89fbc9ec-280e-400b-8042-55cca054cd2c', '2025-05-16', 'No informar oportunamente sobre dificultades o retrasos que puedan afectar el cumplimiento de las metas', '5a0d829d-4c6b-46c7-8570-129324645ee9');
INSERT INTO fault(faultID, doneDate, summary, faultUserIDFK) VALUES('830d823b-b14d-47ab-9de7-4cab7147745d', '2025-05-14', 'Llegar tarde de manera reiterada, lo cual puede generar problemas en la coordinación y en el flujo de trabajo.', '37498b0d-c263-42dd-b9ef-c0eb65dcb9b0');
INSERT INTO fault(faultID, doneDate, summary, faultUserIDFK) VALUES('7b838fd0-4f30-451d-9cb1-78a734862a70', '2025-05-16', 'Llegar tarde de manera reiterada, lo cual puede generar problemas en la coordinación y en el flujo de trabajo.', '1a84076f-2917-436d-a715-c35d56b350cf');
INSERT INTO fault(faultID, doneDate, summary, faultUserIDFK) VALUES('e3145f2f-bfd0-4734-ade6-b77a613a0932', '2025-03-12', 'No informar oportunamente sobre dificultades o retrasos que puedan afectar el cumplimiento de las metas', '3f596b36-07de-4e50-9461-60062b6bd07f');
INSERT INTO fault(faultID, doneDate, summary, faultUserIDFK) VALUES('a796081f-3d3c-4567-acdd-df24c0f383ef', '2025-03-12', 'No informar oportunamente sobre dificultades o retrasos que puedan afectar el cumplimiento de las metas', '1638d6e6-09ff-4bfe-b325-23d7ed70f9f7');
INSERT INTO fault(faultID, doneDate, summary, faultUserIDFK) VALUES('e7804d9e-faae-4803-a062-3d3709d33f29', '2025-03-12', 'No informar oportunamente sobre dificultades o retrasos que puedan afectar el cumplimiento de las metas', 'eecf45c1-a226-46d1-871f-faaf8c260266');
INSERT INTO fault(faultID, doneDate, summary, faultUserIDFK) VALUES('7828ab57-4c6b-4acf-9bfd-22c1e4a20e82', '2025-05-16', 'Cometer fallos en el trabajo de forma repetitiva, a pesar de haber sido señalados previamente', '390d9080-e1e7-4697-a72f-a6645a6de8bc');
INSERT INTO fault(faultID, doneDate, summary, faultUserIDFK) VALUES('a09dbddd-d5c7-4014-b0c0-90be38b96a8f', '2025-05-14', 'No seguir las políticas o procedimientos establecidos por la empresa', 'c238cbd0-f62f-457b-8e47-c30b3923f948');
INSERT INTO fault(faultID, doneDate, summary, faultUserIDFK) VALUES('d530d7f7-f2bc-4a00-be36-bd99d65b57b3', '2025-05-14', 'No informar oportunamente sobre dificultades o retrasos que puedan afectar el cumplimiento de las metas', '27ecad69-8b43-4fc3-a575-cd2b3850180e');

INSERT INTO faultMedia(faultMediaID, mediaLink, faultIDFK) values('63440e24-d5cc-4c8e-b6ec-930cc6683c9d', 'https://www.tuempresa.com/contacto/soporte', '34fcc315-b37f-4dea-ad49-a00788fc70e0'); 
INSERT INTO faultMedia(faultMediaID, mediaLink, faultIDFK) values('59fa2f98-30ec-4107-8788-ba77a61ebcb4', 'https://www.tuempresa.com/contacto/soporte', '6a5ffefa-aadd-473b-a9dd-bb0da55d9b9a'); 
INSERT INTO faultMedia(faultMediaID, mediaLink, faultIDFK) values('819e1fb7-8ab2-4350-9b00-ee7b2e47755d', 'https://www.ecommerceplus.com/guias/venta-online', '82890f3e-96b4-4b32-8e35-e8178151e528'); 
INSERT INTO faultMedia(faultMediaID, mediaLink, faultIDFK) values('4a11ac91-9967-4940-85c5-f4c756756575', 'https://www.micompany.com/servicios/consultoria-web', '93145684-14a7-4ea9-9abb-622d4504e3f2'); 
INSERT INTO faultMedia(faultMediaID, mediaLink, faultIDFK) values('27f04042-f02e-4d1f-b632-7c55d8c66684', 'https://www.serviciosxyz.com/soluciones/internet-empresas', '93145684-14a7-4ea9-9abb-622d4504e3f2'); 
INSERT INTO faultMedia(faultMediaID, mediaLink, faultIDFK) values('eb614070-2634-477c-aa9d-f1d78d18c7cd', 'https://www.redescomunicacion.com/tutoriales/redes-sociales', 'ed499562-c323-408c-a8e3-23adb02cbd4e'); 
INSERT INTO faultMedia(faultMediaID, mediaLink, faultIDFK) values('fc18d772-4b53-4723-9a2e-a7722e93d36e', 'https://www.nuevosproyectos.com/planificacion/estrategica', 'd530d7f7-f2bc-4a00-be36-bd99d65b57b3'); 
INSERT INTO faultMedia(faultMediaID, mediaLink, faultIDFK) values('a23b754c-d866-4365-beeb-32d9a32ef27a', 'https://www.nuevastecnologias.com/innovacion/digitalizacion', '03908479-fe81-42a2-ae46-2d0532088359'); 
INSERT INTO faultMedia(faultMediaID, mediaLink, faultIDFK) values('cd6860e7-9607-49c4-9a2c-329e25d4d99a', 'https://www.micompany.com/servicios/consultoria-web', 'ab62ff14-2831-4a36-b28d-e1b7bc6836ae'); 
INSERT INTO faultMedia(faultMediaID, mediaLink, faultIDFK) values('0044167f-2f48-48d2-b74a-4c17871a7fe7', 'https://www.soluciones360.com/soporte/atencion-cliente', '2b71c6b7-02a7-4f56-9e7a-2913a029d065'); 
INSERT INTO faultMedia(faultMediaID, mediaLink, faultIDFK) values('ef5bd989-870b-47ad-a000-4701b14845c7', 'https://www.nuevastecnologias.com/innovacion/digitalizacion', '65cf17d9-a82f-4f81-9bad-8b91e18854f7'); 
INSERT INTO faultMedia(faultMediaID, mediaLink, faultIDFK) values('101f4787-6a94-4ef1-ae1e-d9af33c80a0d', 'https://www.soluciones360.com/soporte/atencion-cliente', '4b68cea7-f25d-4cca-8036-3d05a19d039b'); 
INSERT INTO faultMedia(faultMediaID, mediaLink, faultIDFK) values('18793ff8-7986-492b-8e3f-f295b402b5fb', 'https://www.creacionsistemas.com/planificación/pymes', '93145684-14a7-4ea9-9abb-622d4504e3f2'); 
INSERT INTO faultMedia(faultMediaID, mediaLink, faultIDFK) values('8f28103d-46e9-4d79-b1f7-8603899f7cc8', 'https://www.interactivewebs.com/proyectos/desarrollo-software', '89fbc9ec-280e-400b-8042-55cca054cd2c'); 
INSERT INTO faultMedia(faultMediaID, mediaLink, faultIDFK) values('4f91201d-d013-4384-9568-7f9f870fc797', 'https://www.sistemasmodernos.com/tecnologia/innovacion', 'a796081f-3d3c-4567-acdd-df24c0f383ef'); 
INSERT INTO faultMedia(faultMediaID, mediaLink, faultIDFK) values('81398632-310d-45ba-acb1-8343a7d2d4c7', 'https://www.micompany.com/servicios/consultoria-web', 'a7d336b0-3ae7-4a67-8fa6-3cf678af1873'); 
INSERT INTO faultMedia(faultMediaID, mediaLink, faultIDFK) values('daa228f0-0aa8-4f91-b756-290363aa3de9', 'https://www.nuevosproyectos.com/planificacion/estrategica', 'd530d7f7-f2bc-4a00-be36-bd99d65b57b3'); 
INSERT INTO faultMedia(faultMediaID, mediaLink, faultIDFK) values('f61228a2-c3ab-466a-bdba-326d5f0c0f87', 'https://www.smartsolutions.com/servicios/paginas-web', '89a1b6ad-4e66-490b-b536-2e388c92c024'); 
INSERT INTO faultMedia(faultMediaID, mediaLink, faultIDFK) values('2f8babe6-e1d4-4a44-be27-2e5b95246dbd', 'https://www.creacionsistemas.com/planificación/pymes', 'e3145f2f-bfd0-4734-ade6-b77a613a0932'); 
INSERT INTO faultMedia(faultMediaID, mediaLink, faultIDFK) values('69ad9be6-67cd-43c6-9963-4ed67d7d6128', 'https://www.redescomunicacion.com/tutoriales/redes-sociales', '4b68cea7-f25d-4cca-8036-3d05a19d039b'); 
INSERT INTO faultMedia(faultMediaID, mediaLink, faultIDFK) values('fd4e877b-75b5-460a-9a43-c7a174304e0f', 'https://www.interactivewebs.com/proyectos/desarrollo-software', 'a7d336b0-3ae7-4a67-8fa6-3cf678af1873'); 
INSERT INTO faultMedia(faultMediaID, mediaLink, faultIDFK) values('dc6a7cb5-cdca-4b4a-87ed-73ab3070f9b7', 'https://www.ecommerceplus.com/guias/venta-online', '65cf17d9-a82f-4f81-9bad-8b91e18854f7'); 
INSERT INTO faultMedia(faultMediaID, mediaLink, faultIDFK) values('6dc27847-0540-4879-b036-8887eb64f267', 'https://www.tutorialesweb.com/aprendizaje/codificacion', '250c45ed-a9f0-4882-a129-2d9c8d397397'); 
INSERT INTO faultMedia(faultMediaID, mediaLink, faultIDFK) values('31a50a79-927d-44c2-ad1e-7ad88ce79a05', 'https://www.tiendavirtual.com/blog/estrategias-marketing', 'e7804d9e-faae-4803-a062-3d3709d33f29'); 
INSERT INTO faultMedia(faultMediaID, mediaLink, faultIDFK) values('451619b5-4ca2-4d37-862f-9f20eed0c6f8', 'https://www.nuevosproyectos.com/planificacion/estrategica', '8aba4ed3-649b-41f0-acb9-904bdf9c90cc'); 
INSERT INTO faultMedia(faultMediaID, mediaLink, faultIDFK) values('756e1b62-8c95-4b18-bcd5-1daa7562c08f', 'https://www.empresainnovadora.com/noticias/lanzamientos', '3f5c6958-6d4a-49fc-946d-73d918d6d92c'); 
INSERT INTO faultMedia(faultMediaID, mediaLink, faultIDFK) values('31554337-84e2-4872-b31e-6bfc76e06a91', 'https://www.serviciosxyz.com/soluciones/internet-empresas', 'd6364726-83c5-40be-bbee-7d74da7c6d31'); 
INSERT INTO faultMedia(faultMediaID, mediaLink, faultIDFK) values('267e0fa2-532c-4cc9-8f0c-58a71889fc5c', 'https://www.creacionsistemas.com/planificación/pymes', 'ecfff957-7251-4ad0-9bd2-e1f599b80504'); 
INSERT INTO faultMedia(faultMediaID, mediaLink, faultIDFK) values('3e18f2f1-365d-4ead-be58-3e814f65ff5e', 'https://www.redescomunicacion.com/tutoriales/redes-sociales', 'a7d336b0-3ae7-4a67-8fa6-3cf678af1873'); 
INSERT INTO faultMedia(faultMediaID, mediaLink, faultIDFK) values('8a541b19-6073-4079-bcbc-d5bd3c13d52f', 'https://www.mundodigital.com/tutoriales/marketing-digital', '7b838fd0-4f30-451d-9cb1-78a734862a70'); 
INSERT INTO faultMedia(faultMediaID, mediaLink, faultIDFK) values('8cf3b9ca-4bf7-4b9a-9c4a-f8649d83b8b8', 'https://www.redescomunicacion.com/tutoriales/redes-sociales', '89fbc9ec-280e-400b-8042-55cca054cd2c'); 
INSERT INTO faultMedia(faultMediaID, mediaLink, faultIDFK) values('2c5d9128-1966-4556-babb-857fc7117280', 'https://www.ejemplo.com/productos/calculadora-interes', '51577ee8-32e8-4c07-ab3a-69c531f60ec1'); 
INSERT INTO faultMedia(faultMediaID, mediaLink, faultIDFK) values('772758d4-7250-480f-93f0-c77008f3cd9a', 'https://www.micompany.com/servicios/consultoria-web', 'c3e43b86-e5d2-4ad2-a15c-a6915f3715d8'); 
INSERT INTO faultMedia(faultMediaID, mediaLink, faultIDFK) values('00013c7a-bcc1-4983-936b-03af297bd681', 'https://www.smartsolutions.com/servicios/paginas-web', 'a73c53da-0ce4-4bf3-8e85-0967b17a2d68'); 
INSERT INTO faultMedia(faultMediaID, mediaLink, faultIDFK) values('d18757a5-771f-457f-92e2-192ec81a3005', 'https://www.redescomunicacion.com/tutoriales/redes-sociales', '89fbc9ec-280e-400b-8042-55cca054cd2c'); 
INSERT INTO faultMedia(faultMediaID, mediaLink, faultIDFK) values('c68e7099-f973-4822-ae1f-a33d6775c4bf', 'https://www.nuevosproyectos.com/planificacion/estrategica', '8aba4ed3-649b-41f0-acb9-904bdf9c90cc'); 
INSERT INTO faultMedia(faultMediaID, mediaLink, faultIDFK) values('de2fbbf0-11d4-4fd9-ae4f-de833ba511ab', 'https://www.interactivewebs.com/proyectos/desarrollo-software', 'e7804d9e-faae-4803-a062-3d3709d33f29'); 
INSERT INTO faultMedia(faultMediaID, mediaLink, faultIDFK) values('1f872d0d-a6d0-4b0d-850f-cc5f4baa8e06', 'https://www.tuempresa.com/contacto/soporte', 'ab62ff14-2831-4a36-b28d-e1b7bc6836ae'); 
INSERT INTO faultMedia(faultMediaID, mediaLink, faultIDFK) values('daba79c9-0957-4c44-bc5d-f03b670fc294', 'https://www.tiendavirtual.com/blog/estrategias-marketing', '3f5c6958-6d4a-49fc-946d-73d918d6d92c'); 
INSERT INTO faultMedia(faultMediaID, mediaLink, faultIDFK) values('656775aa-7742-4ac2-ac98-c88738a241b1', 'https://www.serviciosxyz.com/soluciones/internet-empresas', 'c3e43b86-e5d2-4ad2-a15c-a6915f3715d8'); 
INSERT INTO faultMedia(faultMediaID, mediaLink, faultIDFK) values('08b78f05-147f-407c-8e02-10aa6a7512df', 'https://www.smartsolutions.com/servicios/paginas-web', '3f5c6958-6d4a-49fc-946d-73d918d6d92c'); 
INSERT INTO faultMedia(faultMediaID, mediaLink, faultIDFK) values('212a4b0e-c213-45fa-b5d7-ab2121b4d8b0', 'https://www.nuevastecnologias.com/innovacion/digitalizacion', 'a09dbddd-d5c7-4014-b0c0-90be38b96a8f'); 
INSERT INTO faultMedia(faultMediaID, mediaLink, faultIDFK) values('2ff969bd-fb79-4865-af7a-440f0366394e', 'https://www.nuevastecnologias.com/innovacion/digitalizacion', '7828ab57-4c6b-4acf-9bfd-22c1e4a20e82'); 
INSERT INTO faultMedia(faultMediaID, mediaLink, faultIDFK) values('6109f616-e0a1-4702-9510-b20efde20766', 'https://www.empresafuturo.com/servicios/desarrollo-tecnologico', 'ed499562-c323-408c-a8e3-23adb02cbd4e'); 
INSERT INTO faultMedia(faultMediaID, mediaLink, faultIDFK) values('df0767ce-81ac-4d84-9216-d28612338f08', 'https://www.smartsolutions.com/servicios/paginas-web', '7b838fd0-4f30-451d-9cb1-78a734862a70'); 
INSERT INTO faultMedia(faultMediaID, mediaLink, faultIDFK) values('a98172ff-9124-4d8e-8615-f4a617d4ad7f', 'https://www.ejemplo.com/productos/calculadora-interes', 'c3e43b86-e5d2-4ad2-a15c-a6915f3715d8'); 
INSERT INTO faultMedia(faultMediaID, mediaLink, faultIDFK) values('2b80b33d-9686-43a8-b952-b003c25a8534', 'https://www.tiendavirtual.com/blog/estrategias-marketing', '0ac4a387-387d-43a6-aef2-656ab07ff750'); 
INSERT INTO faultMedia(faultMediaID, mediaLink, faultIDFK) values('5966a55f-7b99-4593-adb3-1210e23d9095', 'https://www.mundodigital.com/tutoriales/marketing-digital', '93145684-14a7-4ea9-9abb-622d4504e3f2'); 
INSERT INTO faultMedia(faultMediaID, mediaLink, faultIDFK) values('1b3dcfd5-8f7f-4852-995d-863274df9919', 'https://www.tutorialesweb.com/aprendizaje/codificacion', '830d823b-b14d-47ab-9de7-4cab7147745d'); 
INSERT INTO faultMedia(faultMediaID, mediaLink, faultIDFK) values('b244a720-f7b9-40d9-b6c0-6f70e68aadb5', 'https://www.ejemplo.com/productos/calculadora-interes', '3f5c6958-6d4a-49fc-946d-73d918d6d92c'); 

