INSERT INTO templateHoliday(templateHolidayID, holidayDate, title) VALUES('ec50f659-17f4-4510-99ad-1525df84aaf6', '2026-11-02', 'Día del Padre');
INSERT INTO templateHoliday(templateHolidayID, holidayDate, title) VALUES('3bbd6c46-ab48-4b95-9379-2afc74174c6a', '1806-03-21', 'Día Internacional del Trabajo');
INSERT INTO templateHoliday(templateHolidayID, holidayDate, title) VALUES('5e1574f7-c38a-4ca2-8ec6-982718d4e484', '2026-05-15', 'Día del Estudiante');
INSERT INTO templateHoliday(templateHolidayID, holidayDate, title) VALUES('cc352560-ae4f-4c22-a6a9-8cd60deaec81', '2026-05-15', 'Día de la Constitución');
INSERT INTO templateHoliday(templateHolidayID, holidayDate, title) VALUES('0bfd5119-c4e9-40dc-bd25-60d7b52c0dda', '2000-01-07', 'Día de San Valentín');
INSERT INTO templateHoliday(templateHolidayID, holidayDate, title) VALUES('29e9de90-926a-469f-9552-2036012c3452', '2026-03-08', 'Aniversario empresa');
INSERT INTO templateHoliday(templateHolidayID, holidayDate, title) VALUES('3c86d4f9-ab34-4160-a0de-3aed9963d677', '2026-05-15', 'Día del Arquitecto');
INSERT INTO templateHoliday(templateHolidayID, holidayDate, title) VALUES('e25a0737-ac27-4dae-93a1-0099993c1f6d', '2026-08-22', 'Día del Arquitecto');
INSERT INTO templateHoliday(templateHolidayID, holidayDate, title) VALUES('a1072a02-e564-4f7e-87c5-f6bb2dd81534', '2026-10-12', 'Día de la Bandera');
INSERT INTO templateHoliday(templateHolidayID, holidayDate, title) VALUES('5b7c6faf-1e70-48b7-ac67-25e231c6e95b', '2026-06-05', 'Día del Bombero');
INSERT INTO templateHoliday(templateHolidayID, holidayDate, title) VALUES('bfb74d86-7c43-41a9-9b56-dd2a1839a687', '2026-10-01', 'Día del Estudiante');
INSERT INTO templateHoliday(templateHolidayID, holidayDate, title) VALUES('f7307ca4-97a1-46c8-a770-23303ee2e78b', '2026-01-02', 'Aniversario empresa');
INSERT INTO templateHoliday(templateHolidayID, holidayDate, title) VALUES('ceaa0de9-00eb-4318-a4ba-a00c7e973cfa', '1917-02-05', 'Semana Santa');
INSERT INTO templateHoliday(templateHolidayID, holidayDate, title) VALUES('9bc29b03-32be-4370-a01a-fc087ecab28c', '2026-11-02', 'Día Internacional del Trabajo');
INSERT INTO templateHoliday(templateHolidayID, holidayDate, title) VALUES('77c7cb9b-816b-4700-83e3-fa3eb6960051', '2026-04-07', 'Día Mundial de la Salud');
INSERT INTO templateHoliday(templateHolidayID, holidayDate, title) VALUES('0fcca3af-e69f-4765-a96a-f11d1d68e5e8', '1934-02-24', 'Día de reyes');
INSERT INTO templateHoliday(templateHolidayID, holidayDate, title) VALUES('54aa6657-8d61-4543-b796-9490c8a35c6b', '2026-10-12', 'Día Internacional de la Mujer');
INSERT INTO templateHoliday(templateHolidayID, holidayDate, title) VALUES('0a09a774-7398-4190-8076-7903ddcdad43', '1920-09-15', 'Día de la Constitución');
INSERT INTO templateHoliday(templateHolidayID, holidayDate, title) VALUES('a4b97d9b-4f11-4b18-b487-8306ca8e1071', '2026-05-23', 'Navidad');
INSERT INTO templateHoliday(templateHolidayID, holidayDate, title) VALUES('0a93140a-0a8d-4ee7-9abb-2a7ef6cf3773', '2026-08-28', 'Aniversario empresa');

INSERT INTO usedHoliday(templateHolidayID, usedDate, usedTemplateHolidayID) VALUES('85969f39-1d22-40e7-b050-59b2d36346e7', '1886-05-01', '5e1574f7-c38a-4ca2-8ec6-982718d4e484'); 
INSERT INTO usedHoliday(templateHolidayID, usedDate, usedTemplateHolidayID) VALUES('747b37ce-3761-4c2d-b084-a09b0b2531aa', '2026-08-22', '3bbd6c46-ab48-4b95-9379-2afc74174c6a'); 
INSERT INTO usedHoliday(templateHolidayID, usedDate, usedTemplateHolidayID) VALUES('cc9f367d-ef8f-4fc2-b275-aa5fc51edbfc', '1920-09-15', '0fcca3af-e69f-4765-a96a-f11d1d68e5e8'); 
INSERT INTO usedHoliday(templateHolidayID, usedDate, usedTemplateHolidayID) VALUES('5e393f8e-bddf-49c8-855a-7264a93f03df', '2026-02-19', '3bbd6c46-ab48-4b95-9379-2afc74174c6a'); 
INSERT INTO usedHoliday(templateHolidayID, usedDate, usedTemplateHolidayID) VALUES('6eebb460-615e-4f26-bd9a-236aac81a3eb', '2026-10-01', 'a1072a02-e564-4f7e-87c5-f6bb2dd81534'); 
INSERT INTO usedHoliday(templateHolidayID, usedDate, usedTemplateHolidayID) VALUES('cb3929d0-939c-443c-9b37-1b97298982dd', '2026-06-05', 'f7307ca4-97a1-46c8-a770-23303ee2e78b'); 
INSERT INTO usedHoliday(templateHolidayID, usedDate, usedTemplateHolidayID) VALUES('3ca90ab9-432d-43f0-aec6-dbbd27a6f651', '2026-11-02', '9bc29b03-32be-4370-a01a-fc087ecab28c'); 
INSERT INTO usedHoliday(templateHolidayID, usedDate, usedTemplateHolidayID) VALUES('edaac6c8-e1e2-4f0a-abe1-e855c524fecf', '1934-02-24', '77c7cb9b-816b-4700-83e3-fa3eb6960051'); 
INSERT INTO usedHoliday(templateHolidayID, usedDate, usedTemplateHolidayID) VALUES('fc0031aa-c60d-47ee-b35e-3f2ae82cd4ae', '1806-03-21', '3bbd6c46-ab48-4b95-9379-2afc74174c6a'); 
INSERT INTO usedHoliday(templateHolidayID, usedDate, usedTemplateHolidayID) VALUES('9053c0fc-34a8-41f9-8c4f-c8a990c4a9c2', '2026-10-12', '54aa6657-8d61-4543-b796-9490c8a35c6b'); 
INSERT INTO usedHoliday(templateHolidayID, usedDate, usedTemplateHolidayID) VALUES('cfd65e82-349d-4c1c-8981-cabd375b10f7', '2026-08-22', 'bfb74d86-7c43-41a9-9b56-dd2a1839a687'); 
INSERT INTO usedHoliday(templateHolidayID, usedDate, usedTemplateHolidayID) VALUES('a0a83e6c-f706-4687-8bbf-49392f180f8d', '2026-12-25', 'cc352560-ae4f-4c22-a6a9-8cd60deaec81'); 
INSERT INTO usedHoliday(templateHolidayID, usedDate, usedTemplateHolidayID) VALUES('2a475ff3-c82a-40ff-85c0-f7dc05978443', '2000-01-07', 'f7307ca4-97a1-46c8-a770-23303ee2e78b'); 
INSERT INTO usedHoliday(templateHolidayID, usedDate, usedTemplateHolidayID) VALUES('49190214-d94c-4e08-a45d-96ffa1c04700', '2026-04-07', 'f7307ca4-97a1-46c8-a770-23303ee2e78b'); 
INSERT INTO usedHoliday(templateHolidayID, usedDate, usedTemplateHolidayID) VALUES('2a640faf-2506-4b2a-9d0f-6da08ab6ba8d', '2026-11-02', 'a1072a02-e564-4f7e-87c5-f6bb2dd81534'); 
INSERT INTO usedHoliday(templateHolidayID, usedDate, usedTemplateHolidayID) VALUES('d9199b3d-7631-4d17-b284-18a693420aa2', '2026-09-21', 'cc352560-ae4f-4c22-a6a9-8cd60deaec81'); 
INSERT INTO usedHoliday(templateHolidayID, usedDate, usedTemplateHolidayID) VALUES('a87d5945-8dc6-4617-bda0-a448337d61ce', '2026-09-21', '3c86d4f9-ab34-4160-a0de-3aed9963d677'); 
INSERT INTO usedHoliday(templateHolidayID, usedDate, usedTemplateHolidayID) VALUES('00f8eff2-7c07-480f-89a2-b23bd25ab92b', '2026-04-07', 'e25a0737-ac27-4dae-93a1-0099993c1f6d'); 
INSERT INTO usedHoliday(templateHolidayID, usedDate, usedTemplateHolidayID) VALUES('f2865d6f-2602-4759-bf18-273aef2732de', '1934-02-24', 'ec50f659-17f4-4510-99ad-1525df84aaf6'); 
INSERT INTO usedHoliday(templateHolidayID, usedDate, usedTemplateHolidayID) VALUES('e5b1be2f-5470-4a26-8a23-516a6943f0c7', '2026-05-23', '29e9de90-926a-469f-9552-2036012c3452'); 
INSERT INTO usedHoliday(templateHolidayID, usedDate, usedTemplateHolidayID) VALUES('c9696f48-8197-4371-beb5-4fd864358922', '2026-10-12', '77c7cb9b-816b-4700-83e3-fa3eb6960051'); 
INSERT INTO usedHoliday(templateHolidayID, usedDate, usedTemplateHolidayID) VALUES('92ce035c-f255-475b-98b7-224bceebb43d', '2026-06-16', 'ec50f659-17f4-4510-99ad-1525df84aaf6'); 
INSERT INTO usedHoliday(templateHolidayID, usedDate, usedTemplateHolidayID) VALUES('d4b7a793-6cf6-4bd0-abf4-f28fd2845ed5', '2026-05-23', 'a1072a02-e564-4f7e-87c5-f6bb2dd81534'); 
INSERT INTO usedHoliday(templateHolidayID, usedDate, usedTemplateHolidayID) VALUES('2aa8abc3-5fce-4e2d-b9c2-6bedf83fa49f', '2026-01-02', '5b7c6faf-1e70-48b7-ac67-25e231c6e95b'); 
INSERT INTO usedHoliday(templateHolidayID, usedDate, usedTemplateHolidayID) VALUES('963de1c1-32d4-4104-98af-d939ff04e1aa', '1910-11-20', '5e1574f7-c38a-4ca2-8ec6-982718d4e484'); 
INSERT INTO usedHoliday(templateHolidayID, usedDate, usedTemplateHolidayID) VALUES('78d56e32-97d9-4f90-99c4-2febd5c529b6', '2026-06-05', 'f7307ca4-97a1-46c8-a770-23303ee2e78b'); 
INSERT INTO usedHoliday(templateHolidayID, usedDate, usedTemplateHolidayID) VALUES('8ad85fe3-8738-4c86-bcfe-30033fa9d8ad', '2026-09-21', 'f7307ca4-97a1-46c8-a770-23303ee2e78b'); 
INSERT INTO usedHoliday(templateHolidayID, usedDate, usedTemplateHolidayID) VALUES('87fa00a0-be2f-4b93-b5b4-4a7c0fd4546e', '1917-02-05', '0fcca3af-e69f-4765-a96a-f11d1d68e5e8'); 
INSERT INTO usedHoliday(templateHolidayID, usedDate, usedTemplateHolidayID) VALUES('a7d461e3-d291-4711-babf-be152f45102f', '2026-11-02', 'e25a0737-ac27-4dae-93a1-0099993c1f6d'); 
INSERT INTO usedHoliday(templateHolidayID, usedDate, usedTemplateHolidayID) VALUES('5f716254-25ac-4035-8024-a338ff4a0c60', '1920-09-15', '9bc29b03-32be-4370-a01a-fc087ecab28c'); 
INSERT INTO usedHoliday(templateHolidayID, usedDate, usedTemplateHolidayID) VALUES('f115ef2c-d4ad-4104-b351-33d820924982', '2026-04-02', 'a4b97d9b-4f11-4b18-b487-8306ca8e1071'); 
INSERT INTO usedHoliday(templateHolidayID, usedDate, usedTemplateHolidayID) VALUES('2eb6a4ae-da47-46d9-92f2-39c0d02bd5bf', '2026-11-02', '3c86d4f9-ab34-4160-a0de-3aed9963d677'); 
INSERT INTO usedHoliday(templateHolidayID, usedDate, usedTemplateHolidayID) VALUES('6d98ad60-eae1-480a-b382-8c5af1ba1095', '1910-11-20', '0fcca3af-e69f-4765-a96a-f11d1d68e5e8'); 
INSERT INTO usedHoliday(templateHolidayID, usedDate, usedTemplateHolidayID) VALUES('dc4fc46e-41fe-4e12-a903-d180ad3e185a', '2026-03-08', '0bfd5119-c4e9-40dc-bd25-60d7b52c0dda'); 
INSERT INTO usedHoliday(templateHolidayID, usedDate, usedTemplateHolidayID) VALUES('3bd70caf-5998-494a-9219-dfbb04bb0ac9', '2026-10-01', '77c7cb9b-816b-4700-83e3-fa3eb6960051'); 
INSERT INTO usedHoliday(templateHolidayID, usedDate, usedTemplateHolidayID) VALUES('c7585df0-5c2f-4009-ad88-630c8b9fe397', '2026-09-21', '77c7cb9b-816b-4700-83e3-fa3eb6960051'); 
INSERT INTO usedHoliday(templateHolidayID, usedDate, usedTemplateHolidayID) VALUES('30578682-7065-4d75-a047-3e4a9305a3f0', '2026-08-22', 'a4b97d9b-4f11-4b18-b487-8306ca8e1071'); 
INSERT INTO usedHoliday(templateHolidayID, usedDate, usedTemplateHolidayID) VALUES('1f65088d-ed6b-4978-8a7c-1058b840af3e', '2026-08-28', '5b7c6faf-1e70-48b7-ac67-25e231c6e95b'); 
INSERT INTO usedHoliday(templateHolidayID, usedDate, usedTemplateHolidayID) VALUES('a30095c3-47d3-4eda-98b1-cbcdb0ea32b8', '2026-05-10', 'a4b97d9b-4f11-4b18-b487-8306ca8e1071'); 
INSERT INTO usedHoliday(templateHolidayID, usedDate, usedTemplateHolidayID) VALUES('2310982e-8ca8-4644-a836-82aa5625aaeb', '2026-09-21', 'cc352560-ae4f-4c22-a6a9-8cd60deaec81'); 
INSERT INTO usedHoliday(templateHolidayID, usedDate, usedTemplateHolidayID) VALUES('bef7cc96-a897-4358-8295-10f9b4330a4c', '2026-10-12', '5b7c6faf-1e70-48b7-ac67-25e231c6e95b'); 
INSERT INTO usedHoliday(templateHolidayID, usedDate, usedTemplateHolidayID) VALUES('f4e8dbdc-1e5d-4774-8331-5f6c231d63f0', '2026-02-19', '5b7c6faf-1e70-48b7-ac67-25e231c6e95b'); 
INSERT INTO usedHoliday(templateHolidayID, usedDate, usedTemplateHolidayID) VALUES('87166309-ab73-435f-a60d-ac08a3a0f07e', '2000-01-07', '0fcca3af-e69f-4765-a96a-f11d1d68e5e8'); 
INSERT INTO usedHoliday(templateHolidayID, usedDate, usedTemplateHolidayID) VALUES('dc04825f-35e1-4b59-be2e-49b139d0c79c', '1934-02-24', '29e9de90-926a-469f-9552-2036012c3452'); 
INSERT INTO usedHoliday(templateHolidayID, usedDate, usedTemplateHolidayID) VALUES('0fddd1b5-ea7d-4d8d-9ead-0c9bbbe89f3d', '2026-04-02', '5e1574f7-c38a-4ca2-8ec6-982718d4e484'); 
INSERT INTO usedHoliday(templateHolidayID, usedDate, usedTemplateHolidayID) VALUES('1e122d1c-4076-4d79-8794-15210624fed8', '2026-05-10', '0fcca3af-e69f-4765-a96a-f11d1d68e5e8'); 
INSERT INTO usedHoliday(templateHolidayID, usedDate, usedTemplateHolidayID) VALUES('55977573-4481-4e00-a9ad-3db0825cc2af', '2026-05-10', '9bc29b03-32be-4370-a01a-fc087ecab28c'); 
INSERT INTO usedHoliday(templateHolidayID, usedDate, usedTemplateHolidayID) VALUES('26467b6d-da90-4ee1-b48c-b98e740e25e9', '2026-02-19', '54aa6657-8d61-4543-b796-9490c8a35c6b'); 
INSERT INTO usedHoliday(templateHolidayID, usedDate, usedTemplateHolidayID) VALUES('6b9069d4-3ea7-45c0-8347-6f7b4a95c1c5', '1531-12-12', '3c86d4f9-ab34-4160-a0de-3aed9963d677'); 
INSERT INTO usedHoliday(templateHolidayID, usedDate, usedTemplateHolidayID) VALUES('56907d0a-1c36-4890-84bd-7ac627e55790', '2026-01-02', '5e1574f7-c38a-4ca2-8ec6-982718d4e484'); 

INSERT INTO privilege(privilegeID, title, summary) values('b995373e-553a-46c4-b6d0-5a77955c13eb', 'Colaborador consulta ausencias', 'Colaborador consulta ausencias'); 
INSERT INTO privilege(privilegeID, title, summary) values('ed90f609-c68e-4a0b-8c14-d173f92803b2', 'Colaborador consulta calendario', 'Colaborador consulta calendario'); 
INSERT INTO privilege(privilegeID, title, summary) values('bd3bf112-7577-472b-8731-a3dc8db6c87a', 'Colaborador consulta días feriados', 'Colaborador consulta días feriados'); 
INSERT INTO privilege(privilegeID, title, summary) values('47be840d-4c1e-4898-b2ea-0b2b120fddd0', 'Colaborador consulta falta administrativa', 'Colaborador consulta falta administrativa'); 
INSERT INTO privilege(privilegeID, title, summary) values('4acee2bf-45b9-4b8c-aa8e-69784431f28b', 'Colaborador consulta perfil', 'Colaborador consulta perfil'); 
INSERT INTO privilege(privilegeID, title, summary) values('ef76993b-94b1-44c6-9bdf-f1aeeecf7e38', 'Colaborador consulta sesión del One-On-One', 'Colaborador consulta sesión del One-On-One'); 
INSERT INTO privilege(privilegeID, title, summary) values('9d60f8e3-1ae3-4f04-b1d8-7cb5096f41f8', 'Colaborador consulta solicitudes de vacaciones', 'Colaborador consulta solicitudes de vacaciones'); 
INSERT INTO privilege(privilegeID, title, summary) values('e5da347a-8b08-4027-a732-d5d601530e9e', 'Colaborador elimina solicitud de vacaciones', 'Colaborador elimina solicitud de vacaciones'); 
INSERT INTO privilege(privilegeID, title, summary) values('b30681cd-e9f1-425a-894e-10d3bd51cba3', 'Colaborador modifica contraseña temporal', 'Colaborador modifica contraseña temporal'); 
INSERT INTO privilege(privilegeID, title, summary) values('2bff1db6-075d-4def-8fb2-c59005d32fb9', 'Colaborador modifica solicitud de vacaciones', 'Colaborador modifica solicitud de vacaciones'); 
INSERT INTO privilege(privilegeID, title, summary) values('dab086c3-a158-4e6b-a72e-3e647f0907aa', 'Colaborador registra ausencia', 'Colaborador registra ausencia'); 
INSERT INTO privilege(privilegeID, title, summary) values('09246010-823e-4f11-b0c4-a2f698d1af72', 'Colaborador registra inicio de sesión', 'Colaborador registra inicio de sesión'); 
INSERT INTO privilege(privilegeID, title, summary) values('81353523-8e53-4e35-81cc-9900d5a1aade', 'Colaborador registra solicitud de vacaciones', 'Colaborador registra solicitud de vacaciones'); 
INSERT INTO privilege(privilegeID, title, summary) values('c50bef47-49ee-4939-b3fb-2f4bccdebd4d', 'Líder consulta ausencias de colaborador', 'Líder consulta ausencias de colaborador'); 
INSERT INTO privilege(privilegeID, title, summary) values('14f270a2-46fe-47c7-8a70-c8a011727ed7', 'Líder consulta colaboradores en su departamento', 'Líder consulta colaboradores en su departamento'); 
INSERT INTO privilege(privilegeID, title, summary) values('7d6d1ec6-5c77-400f-b22f-5a3e0e178c22', 'Líder consulta perfil de colaboradores', 'Líder consulta perfil de colaboradores'); 
INSERT INTO privilege(privilegeID, title, summary) values('09fcc44f-fb9b-47c5-8bdf-651d51e4f4cf', 'Líder consulta solicitudes de vacaciones de colaborador', 'Líder consulta solicitudes de vacaciones de colaborador'); 
INSERT INTO privilege(privilegeID, title, summary) values('511295ad-8a95-4cfc-8516-3bd32dc7f537', 'Líder registra respuesta hacia ausencia de colaborador', 'Líder registra respuesta hacia ausencia de colaborador'); 
INSERT INTO privilege(privilegeID, title, summary) values('c3b986be-549d-445f-bce9-7ccecd709d1f', 'Líder registra respuesta hacia solicitud de vacaciones de colaborador', 'Líder registra respuesta hacia solicitud de vacaciones de colaborador'); 
INSERT INTO privilege(privilegeID, title, summary) values('8332cc0d-c889-498d-9f44-60cd0b5504cf', 'Superadmin consulta ausencias de empleado', 'Superadmin consulta ausencias de empleado'); 
INSERT INTO privilege(privilegeID, title, summary) values('0e8a8d62-2811-41a4-bb3e-72c8ae0fe731', 'Superadmin consulta empleados', 'Superadmin consulta empleados'); 
INSERT INTO privilege(privilegeID, title, summary) values('42b43e0a-3d48-47dc-8cf7-a9984cad675a', 'Superadmin consulta sesión de One-On-One', 'Superadmin consulta sesión de One-On-One'); 
INSERT INTO privilege(privilegeID, title, summary) values('38f4bc60-067d-4401-bb77-c96a86b19bc8', 'Superadmin consulta solicitudes de vacaciones de empleado', 'Superadmin consulta solicitudes de vacaciones de empleado'); 
INSERT INTO privilege(privilegeID, title, summary) values('65dad2a2-2269-4eae-a028-46acd5ad060d', 'Superadmin consultar reporte de rotación de empleos mensual', 'Superadmin consultar reporte de rotación de empleos mensual'); 
INSERT INTO privilege(privilegeID, title, summary) values('a2c26da8-4072-49fb-a972-656f23013888', 'Superadmin elimina departamento', 'Superadmin elimina departamento'); 
INSERT INTO privilege(privilegeID, title, summary) values('db0a2afd-74a9-4bd4-91f2-81a69f87b441', 'Superadmin elimina día feriado', 'Superadmin elimina día feriado'); 
INSERT INTO privilege(privilegeID, title, summary) values('4a21e98a-9392-457c-85eb-ec28ec24b1c7', 'Superadmin elimina falta administrativa', 'Superadmin elimina falta administrativa'); 
INSERT INTO privilege(privilegeID, title, summary) values('2edbc4a2-846f-4755-a1f8-fc017fb042c9', 'Superadmin modifica datos de empleado', 'Superadmin modifica datos de empleado'); 
INSERT INTO privilege(privilegeID, title, summary) values('d12c5365-bed9-41c3-84cd-ecb0f19d7720', 'Superadmin modifica departamento', 'Superadmin modifica departamento'); 
INSERT INTO privilege(privilegeID, title, summary) values('783bc2fd-aa39-420c-b14e-0db1fe4f7ad0', 'Superadmin modifica día feriado', 'Superadmin modifica día feriado'); 
INSERT INTO privilege(privilegeID, title, summary) values('7bce353a-a716-4d6b-a4e9-1bd58692f5ff', 'Superadmin modifica falta administrativa', 'Superadmin modifica falta administrativa'); 
INSERT INTO privilege(privilegeID, title, summary) values('cdb8fc77-f14e-4323-9d90-d49be04e6b5b', 'Superadmin registra alta de empleado', 'Superadmin registra alta de empleado'); 
INSERT INTO privilege(privilegeID, title, summary) values('1ca095c3-b793-4e9b-bc49-7003db6602a8', 'Superadmin registra baja de empleado', 'Superadmin registra baja de empleado'); 
INSERT INTO privilege(privilegeID, title, summary) values('1efe200f-4ca3-42e9-b406-851455f06f71', 'Superadmin registra datos del One-On-One', 'Superadmin registra datos del One-On-One'); 
INSERT INTO privilege(privilegeID, title, summary) values('91053548-9863-4314-ad53-1788b91931d7', 'Superadmin registra departamento', 'Superadmin registra departamento'); 
INSERT INTO privilege(privilegeID, title, summary) values('1751e764-f419-4d28-a0d2-3c75c3ace654', 'Superadmin registra día feriado', 'Superadmin registra día feriado'); 
INSERT INTO privilege(privilegeID, title, summary) values('b11b9c49-7f7f-4d2c-9275-b48c8ee563a6', 'Superadmin registra falta administrativa', 'Superadmin registra falta administrativa'); 
INSERT INTO privilege(privilegeID, title, summary) values('364a0a2b-6457-4384-aa90-f9ed3cdf41ed', 'Superadmin registra evidencia de falta', 'Superadmin registra evidencia de falta'); 
INSERT INTO privilege(privilegeID, title, summary) values('fbdd367a-5c93-462e-885a-ba97401e3d76', 'Superadmin registra fecha prevista de One-On-One', 'Superadmin registra fecha prevista de One-On-One'); 
INSERT INTO privilege(privilegeID, title, summary) values('6847a1cc-9ef5-40c8-8549-b5c129f6ae24', 'Superadmin registra respuesta hacia ausencia de empleado', 'Superadmin registra respuesta hacia ausencia de empleado'); 
INSERT INTO privilege(privilegeID, title, summary) values('d3e49e2f-7744-4e80-9e18-17de3654559f', 'Superadmin registra respuesta hacia solicitud de vacaciones de empleado', 'Superadmin registra respuesta hacia solicitud de vacaciones de empleado'); 
INSERT INTO role(roleID, title) values('9bf66b39-ebbc-4270-85b7-312eaedf5281', 'Colaborator'); 
INSERT INTO role(roleID, title) values('c3f0b13b-340f-4bd3-a7d2-b15e2606fdc1', 'Department Leader'); 
INSERT INTO role(roleID, title) values('fd68fae8-24fc-492a-b48a-58626aabe32d', 'Human Resources'); 
INSERT INTO rolePrivilege(roleIDFK, privilegeIDFK) values('9bf66b39-ebbc-4270-85b7-312eaedf5281', 'b995373e-553a-46c4-b6d0-5a77955c13eb'); 
INSERT INTO rolePrivilege(roleIDFK, privilegeIDFK) values('9bf66b39-ebbc-4270-85b7-312eaedf5281', 'ed90f609-c68e-4a0b-8c14-d173f92803b2'); 
INSERT INTO rolePrivilege(roleIDFK, privilegeIDFK) values('9bf66b39-ebbc-4270-85b7-312eaedf5281', 'bd3bf112-7577-472b-8731-a3dc8db6c87a'); 
INSERT INTO rolePrivilege(roleIDFK, privilegeIDFK) values('9bf66b39-ebbc-4270-85b7-312eaedf5281', '47be840d-4c1e-4898-b2ea-0b2b120fddd0'); 
INSERT INTO rolePrivilege(roleIDFK, privilegeIDFK) values('9bf66b39-ebbc-4270-85b7-312eaedf5281', '4acee2bf-45b9-4b8c-aa8e-69784431f28b'); 
INSERT INTO rolePrivilege(roleIDFK, privilegeIDFK) values('9bf66b39-ebbc-4270-85b7-312eaedf5281', 'ef76993b-94b1-44c6-9bdf-f1aeeecf7e38'); 
INSERT INTO rolePrivilege(roleIDFK, privilegeIDFK) values('9bf66b39-ebbc-4270-85b7-312eaedf5281', '9d60f8e3-1ae3-4f04-b1d8-7cb5096f41f8'); 
INSERT INTO rolePrivilege(roleIDFK, privilegeIDFK) values('9bf66b39-ebbc-4270-85b7-312eaedf5281', 'e5da347a-8b08-4027-a732-d5d601530e9e'); 
INSERT INTO rolePrivilege(roleIDFK, privilegeIDFK) values('9bf66b39-ebbc-4270-85b7-312eaedf5281', 'b30681cd-e9f1-425a-894e-10d3bd51cba3'); 
INSERT INTO rolePrivilege(roleIDFK, privilegeIDFK) values('9bf66b39-ebbc-4270-85b7-312eaedf5281', '2bff1db6-075d-4def-8fb2-c59005d32fb9'); 
INSERT INTO rolePrivilege(roleIDFK, privilegeIDFK) values('9bf66b39-ebbc-4270-85b7-312eaedf5281', 'dab086c3-a158-4e6b-a72e-3e647f0907aa'); 
INSERT INTO rolePrivilege(roleIDFK, privilegeIDFK) values('9bf66b39-ebbc-4270-85b7-312eaedf5281', '09246010-823e-4f11-b0c4-a2f698d1af72'); 
INSERT INTO rolePrivilege(roleIDFK, privilegeIDFK) values('9bf66b39-ebbc-4270-85b7-312eaedf5281', '81353523-8e53-4e35-81cc-9900d5a1aade'); 
INSERT INTO rolePrivilege(roleIDFK, privilegeIDFK) values('c3f0b13b-340f-4bd3-a7d2-b15e2606fdc1', 'b995373e-553a-46c4-b6d0-5a77955c13eb'); 
INSERT INTO rolePrivilege(roleIDFK, privilegeIDFK) values('c3f0b13b-340f-4bd3-a7d2-b15e2606fdc1', 'ed90f609-c68e-4a0b-8c14-d173f92803b2'); 
INSERT INTO rolePrivilege(roleIDFK, privilegeIDFK) values('c3f0b13b-340f-4bd3-a7d2-b15e2606fdc1', 'bd3bf112-7577-472b-8731-a3dc8db6c87a'); 
INSERT INTO rolePrivilege(roleIDFK, privilegeIDFK) values('c3f0b13b-340f-4bd3-a7d2-b15e2606fdc1', '47be840d-4c1e-4898-b2ea-0b2b120fddd0'); 
INSERT INTO rolePrivilege(roleIDFK, privilegeIDFK) values('c3f0b13b-340f-4bd3-a7d2-b15e2606fdc1', '4acee2bf-45b9-4b8c-aa8e-69784431f28b'); 
INSERT INTO rolePrivilege(roleIDFK, privilegeIDFK) values('c3f0b13b-340f-4bd3-a7d2-b15e2606fdc1', 'ef76993b-94b1-44c6-9bdf-f1aeeecf7e38'); 
INSERT INTO rolePrivilege(roleIDFK, privilegeIDFK) values('c3f0b13b-340f-4bd3-a7d2-b15e2606fdc1', '9d60f8e3-1ae3-4f04-b1d8-7cb5096f41f8'); 
INSERT INTO rolePrivilege(roleIDFK, privilegeIDFK) values('c3f0b13b-340f-4bd3-a7d2-b15e2606fdc1', 'e5da347a-8b08-4027-a732-d5d601530e9e'); 
INSERT INTO rolePrivilege(roleIDFK, privilegeIDFK) values('c3f0b13b-340f-4bd3-a7d2-b15e2606fdc1', 'b30681cd-e9f1-425a-894e-10d3bd51cba3'); 
INSERT INTO rolePrivilege(roleIDFK, privilegeIDFK) values('c3f0b13b-340f-4bd3-a7d2-b15e2606fdc1', '2bff1db6-075d-4def-8fb2-c59005d32fb9'); 
INSERT INTO rolePrivilege(roleIDFK, privilegeIDFK) values('c3f0b13b-340f-4bd3-a7d2-b15e2606fdc1', 'dab086c3-a158-4e6b-a72e-3e647f0907aa'); 
INSERT INTO rolePrivilege(roleIDFK, privilegeIDFK) values('c3f0b13b-340f-4bd3-a7d2-b15e2606fdc1', '09246010-823e-4f11-b0c4-a2f698d1af72'); 
INSERT INTO rolePrivilege(roleIDFK, privilegeIDFK) values('c3f0b13b-340f-4bd3-a7d2-b15e2606fdc1', '81353523-8e53-4e35-81cc-9900d5a1aade'); 
INSERT INTO rolePrivilege(roleIDFK, privilegeIDFK) values('c3f0b13b-340f-4bd3-a7d2-b15e2606fdc1', 'c50bef47-49ee-4939-b3fb-2f4bccdebd4d'); 
INSERT INTO rolePrivilege(roleIDFK, privilegeIDFK) values('c3f0b13b-340f-4bd3-a7d2-b15e2606fdc1', '14f270a2-46fe-47c7-8a70-c8a011727ed7'); 
INSERT INTO rolePrivilege(roleIDFK, privilegeIDFK) values('c3f0b13b-340f-4bd3-a7d2-b15e2606fdc1', '7d6d1ec6-5c77-400f-b22f-5a3e0e178c22'); 
INSERT INTO rolePrivilege(roleIDFK, privilegeIDFK) values('c3f0b13b-340f-4bd3-a7d2-b15e2606fdc1', '09fcc44f-fb9b-47c5-8bdf-651d51e4f4cf'); 
INSERT INTO rolePrivilege(roleIDFK, privilegeIDFK) values('c3f0b13b-340f-4bd3-a7d2-b15e2606fdc1', '511295ad-8a95-4cfc-8516-3bd32dc7f537'); 
INSERT INTO rolePrivilege(roleIDFK, privilegeIDFK) values('c3f0b13b-340f-4bd3-a7d2-b15e2606fdc1', 'c3b986be-549d-445f-bce9-7ccecd709d1f'); 
INSERT INTO rolePrivilege(roleIDFK, privilegeIDFK) values('fd68fae8-24fc-492a-b48a-58626aabe32d', 'b995373e-553a-46c4-b6d0-5a77955c13eb'); 
INSERT INTO rolePrivilege(roleIDFK, privilegeIDFK) values('fd68fae8-24fc-492a-b48a-58626aabe32d', 'ed90f609-c68e-4a0b-8c14-d173f92803b2'); 
INSERT INTO rolePrivilege(roleIDFK, privilegeIDFK) values('fd68fae8-24fc-492a-b48a-58626aabe32d', 'bd3bf112-7577-472b-8731-a3dc8db6c87a'); 
INSERT INTO rolePrivilege(roleIDFK, privilegeIDFK) values('fd68fae8-24fc-492a-b48a-58626aabe32d', '47be840d-4c1e-4898-b2ea-0b2b120fddd0'); 
INSERT INTO rolePrivilege(roleIDFK, privilegeIDFK) values('fd68fae8-24fc-492a-b48a-58626aabe32d', '4acee2bf-45b9-4b8c-aa8e-69784431f28b'); 
INSERT INTO rolePrivilege(roleIDFK, privilegeIDFK) values('fd68fae8-24fc-492a-b48a-58626aabe32d', 'ef76993b-94b1-44c6-9bdf-f1aeeecf7e38'); 
INSERT INTO rolePrivilege(roleIDFK, privilegeIDFK) values('fd68fae8-24fc-492a-b48a-58626aabe32d', '9d60f8e3-1ae3-4f04-b1d8-7cb5096f41f8'); 
INSERT INTO rolePrivilege(roleIDFK, privilegeIDFK) values('fd68fae8-24fc-492a-b48a-58626aabe32d', 'e5da347a-8b08-4027-a732-d5d601530e9e'); 
INSERT INTO rolePrivilege(roleIDFK, privilegeIDFK) values('fd68fae8-24fc-492a-b48a-58626aabe32d', 'b30681cd-e9f1-425a-894e-10d3bd51cba3'); 
INSERT INTO rolePrivilege(roleIDFK, privilegeIDFK) values('fd68fae8-24fc-492a-b48a-58626aabe32d', '2bff1db6-075d-4def-8fb2-c59005d32fb9'); 
INSERT INTO rolePrivilege(roleIDFK, privilegeIDFK) values('fd68fae8-24fc-492a-b48a-58626aabe32d', 'dab086c3-a158-4e6b-a72e-3e647f0907aa'); 
INSERT INTO rolePrivilege(roleIDFK, privilegeIDFK) values('fd68fae8-24fc-492a-b48a-58626aabe32d', '09246010-823e-4f11-b0c4-a2f698d1af72'); 
INSERT INTO rolePrivilege(roleIDFK, privilegeIDFK) values('fd68fae8-24fc-492a-b48a-58626aabe32d', '81353523-8e53-4e35-81cc-9900d5a1aade'); 
INSERT INTO rolePrivilege(roleIDFK, privilegeIDFK) values('fd68fae8-24fc-492a-b48a-58626aabe32d', 'c50bef47-49ee-4939-b3fb-2f4bccdebd4d'); 
INSERT INTO rolePrivilege(roleIDFK, privilegeIDFK) values('fd68fae8-24fc-492a-b48a-58626aabe32d', '14f270a2-46fe-47c7-8a70-c8a011727ed7'); 
INSERT INTO rolePrivilege(roleIDFK, privilegeIDFK) values('fd68fae8-24fc-492a-b48a-58626aabe32d', '7d6d1ec6-5c77-400f-b22f-5a3e0e178c22'); 
INSERT INTO rolePrivilege(roleIDFK, privilegeIDFK) values('fd68fae8-24fc-492a-b48a-58626aabe32d', '09fcc44f-fb9b-47c5-8bdf-651d51e4f4cf'); 
INSERT INTO rolePrivilege(roleIDFK, privilegeIDFK) values('fd68fae8-24fc-492a-b48a-58626aabe32d', '511295ad-8a95-4cfc-8516-3bd32dc7f537'); 
INSERT INTO rolePrivilege(roleIDFK, privilegeIDFK) values('fd68fae8-24fc-492a-b48a-58626aabe32d', 'c3b986be-549d-445f-bce9-7ccecd709d1f'); 
INSERT INTO rolePrivilege(roleIDFK, privilegeIDFK) values('fd68fae8-24fc-492a-b48a-58626aabe32d', '8332cc0d-c889-498d-9f44-60cd0b5504cf'); 
INSERT INTO rolePrivilege(roleIDFK, privilegeIDFK) values('fd68fae8-24fc-492a-b48a-58626aabe32d', '0e8a8d62-2811-41a4-bb3e-72c8ae0fe731'); 
INSERT INTO rolePrivilege(roleIDFK, privilegeIDFK) values('fd68fae8-24fc-492a-b48a-58626aabe32d', '42b43e0a-3d48-47dc-8cf7-a9984cad675a'); 
INSERT INTO rolePrivilege(roleIDFK, privilegeIDFK) values('fd68fae8-24fc-492a-b48a-58626aabe32d', '38f4bc60-067d-4401-bb77-c96a86b19bc8'); 
INSERT INTO rolePrivilege(roleIDFK, privilegeIDFK) values('fd68fae8-24fc-492a-b48a-58626aabe32d', '65dad2a2-2269-4eae-a028-46acd5ad060d'); 
INSERT INTO rolePrivilege(roleIDFK, privilegeIDFK) values('fd68fae8-24fc-492a-b48a-58626aabe32d', 'a2c26da8-4072-49fb-a972-656f23013888'); 
INSERT INTO rolePrivilege(roleIDFK, privilegeIDFK) values('fd68fae8-24fc-492a-b48a-58626aabe32d', 'db0a2afd-74a9-4bd4-91f2-81a69f87b441'); 
INSERT INTO rolePrivilege(roleIDFK, privilegeIDFK) values('fd68fae8-24fc-492a-b48a-58626aabe32d', '4a21e98a-9392-457c-85eb-ec28ec24b1c7'); 
INSERT INTO rolePrivilege(roleIDFK, privilegeIDFK) values('fd68fae8-24fc-492a-b48a-58626aabe32d', '2edbc4a2-846f-4755-a1f8-fc017fb042c9'); 
INSERT INTO rolePrivilege(roleIDFK, privilegeIDFK) values('fd68fae8-24fc-492a-b48a-58626aabe32d', 'd12c5365-bed9-41c3-84cd-ecb0f19d7720'); 
INSERT INTO rolePrivilege(roleIDFK, privilegeIDFK) values('fd68fae8-24fc-492a-b48a-58626aabe32d', '783bc2fd-aa39-420c-b14e-0db1fe4f7ad0'); 
INSERT INTO rolePrivilege(roleIDFK, privilegeIDFK) values('fd68fae8-24fc-492a-b48a-58626aabe32d', '7bce353a-a716-4d6b-a4e9-1bd58692f5ff'); 
INSERT INTO rolePrivilege(roleIDFK, privilegeIDFK) values('fd68fae8-24fc-492a-b48a-58626aabe32d', 'cdb8fc77-f14e-4323-9d90-d49be04e6b5b'); 
INSERT INTO rolePrivilege(roleIDFK, privilegeIDFK) values('fd68fae8-24fc-492a-b48a-58626aabe32d', '1ca095c3-b793-4e9b-bc49-7003db6602a8'); 
INSERT INTO rolePrivilege(roleIDFK, privilegeIDFK) values('fd68fae8-24fc-492a-b48a-58626aabe32d', '1efe200f-4ca3-42e9-b406-851455f06f71'); 
INSERT INTO rolePrivilege(roleIDFK, privilegeIDFK) values('fd68fae8-24fc-492a-b48a-58626aabe32d', '91053548-9863-4314-ad53-1788b91931d7'); 
INSERT INTO rolePrivilege(roleIDFK, privilegeIDFK) values('fd68fae8-24fc-492a-b48a-58626aabe32d', '1751e764-f419-4d28-a0d2-3c75c3ace654'); 
INSERT INTO rolePrivilege(roleIDFK, privilegeIDFK) values('fd68fae8-24fc-492a-b48a-58626aabe32d', 'b11b9c49-7f7f-4d2c-9275-b48c8ee563a6'); 
INSERT INTO rolePrivilege(roleIDFK, privilegeIDFK) values('fd68fae8-24fc-492a-b48a-58626aabe32d', '364a0a2b-6457-4384-aa90-f9ed3cdf41ed'); 
INSERT INTO rolePrivilege(roleIDFK, privilegeIDFK) values('fd68fae8-24fc-492a-b48a-58626aabe32d', 'fbdd367a-5c93-462e-885a-ba97401e3d76'); 
INSERT INTO rolePrivilege(roleIDFK, privilegeIDFK) values('fd68fae8-24fc-492a-b48a-58626aabe32d', '6847a1cc-9ef5-40c8-8549-b5c129f6ae24'); 
INSERT INTO rolePrivilege(roleIDFK, privilegeIDFK) values('fd68fae8-24fc-492a-b48a-58626aabe32d', 'd3e49e2f-7744-4e80-9e18-17de3654559f'); 

INSERT INTO country(countryID, title) values('9b9468d0-a323-43cb-b554-291b5b26dc58', 'Mexico'); 
INSERT INTO country(countryID, title) values('8ed740b3-d399-4d87-a435-e98ee0cdbb7c', 'United States'); 
INSERT INTO country(countryID, title) values('61244c05-47ef-403d-83f9-589e1f35f6ad', 'Colombia'); 
INSERT INTO country(countryID, title) values('0c3760df-d03d-47f4-b350-82531d3ecf7f', 'Argentina'); 

INSERT INTO enterprise(enterpriseID, title) values('1b84a90a-54e6-4e4d-bfec-6c74e319801a', 'Apple'); 
INSERT INTO enterprise(enterpriseID, title) values('5feab7c6-df2a-4761-be34-9f4db3016937', 'Open IA'); 
INSERT INTO enterprise(enterpriseID, title) values('738b91c1-d8d0-4e44-8491-5ec4abd82495', 'Amazon'); 
INSERT INTO enterprise(enterpriseID, title) values('ea74ba01-d638-4675-85e9-77ee212262ac', 'Nvidia'); 
INSERT INTO enterprise(enterpriseID, title) values('238584d1-c9c8-4227-8d0d-ffb1a38f9b17', 'Amazon'); 
INSERT INTO enterprise(enterpriseID, title) values('9ded81d3-6306-4cda-b5dd-fc578aaf7a0f', 'Nvidia'); 
INSERT INTO enterprise(enterpriseID, title) values('4cd8fcae-0089-4cff-ba5f-8ed576d77264', 'Nvidia'); 

INSERT INTO department(departmentID, enterpriseIDFK, title) values('c75f02a1-54df-4dab-a94c-25788071517c', 'ea74ba01-d638-4675-85e9-77ee212262ac', 'RRHH'); 
INSERT INTO department(departmentID, enterpriseIDFK, title) values('05dc503f-3bdf-44b1-b687-150fccdc6ece', '738b91c1-d8d0-4e44-8491-5ec4abd82495', 'Producción'); 
INSERT INTO department(departmentID, enterpriseIDFK, title) values('ae1a6d17-6792-40e7-84e1-632432680082', '738b91c1-d8d0-4e44-8491-5ec4abd82495', 'Legal'); 
INSERT INTO department(departmentID, enterpriseIDFK, title) values('61bbec18-4202-470f-9e95-dd5c578b76c4', 'ea74ba01-d638-4675-85e9-77ee212262ac', 'Ventas'); 
INSERT INTO department(departmentID, enterpriseIDFK, title) values('5633c45a-1427-4e46-8f7e-c836b92af2a6', '238584d1-c9c8-4227-8d0d-ffb1a38f9b17', 'Marketing'); 
INSERT INTO department(departmentID, enterpriseIDFK, title) values('a8694386-fe21-4255-ac59-194f366f82fb', '238584d1-c9c8-4227-8d0d-ffb1a38f9b17', 'Ventas'); 
INSERT INTO department(departmentID, enterpriseIDFK, title) values('2248dcb2-c7a5-4880-8fda-26110fce7a52', '238584d1-c9c8-4227-8d0d-ffb1a38f9b17', 'Logística'); 
INSERT INTO department(departmentID, enterpriseIDFK, title) values('7337cd20-90e6-4fc7-95f2-c21f88e46865', '9ded81d3-6306-4cda-b5dd-fc578aaf7a0f', 'Ventas'); 
INSERT INTO department(departmentID, enterpriseIDFK, title) values('0a7fafd9-59d6-4a68-a464-bbf9dc2e31a9', '4cd8fcae-0089-4cff-ba5f-8ed576d77264', 'Producción'); 
INSERT INTO department(departmentID, enterpriseIDFK, title) values('8fbe88e4-b04a-4438-af6c-9dc59ba7444a', '738b91c1-d8d0-4e44-8491-5ec4abd82495', 'Legal'); 
INSERT INTO department(departmentID, enterpriseIDFK, title) values('206a06c5-cec1-4eaa-b0ef-533eb1e2fc39', '1b84a90a-54e6-4e4d-bfec-6c74e319801a', 'Marketing'); 
INSERT INTO department(departmentID, enterpriseIDFK, title) values('84cbe5b3-3782-48d2-aabd-1caa5b3d1561', '4cd8fcae-0089-4cff-ba5f-8ed576d77264', 'Marketing'); 
INSERT INTO department(departmentID, enterpriseIDFK, title) values('23c08e13-b0e1-4161-844e-9a8bfa1e56df', 'ea74ba01-d638-4675-85e9-77ee212262ac', 'Producción'); 
INSERT INTO department(departmentID, enterpriseIDFK, title) values('624a5f8c-077b-4662-b84b-c3ba2fe67bbd', '1b84a90a-54e6-4e4d-bfec-6c74e319801a', 'Finanzas'); 
INSERT INTO department(departmentID, enterpriseIDFK, title) values('9e4b8c62-9926-4d93-8543-7316d0d5602f', '4cd8fcae-0089-4cff-ba5f-8ed576d77264', 'Logística'); 
INSERT INTO department(departmentID, enterpriseIDFK, title) values('ab97c963-e38d-4e12-b399-cf6dc46db850', '238584d1-c9c8-4227-8d0d-ffb1a38f9b17', 'Logística'); 
INSERT INTO department(departmentID, enterpriseIDFK, title) values('76bde4bb-0157-42d1-ac32-018d9aac2563', 'ea74ba01-d638-4675-85e9-77ee212262ac', 'Atencion al cliene'); 
INSERT INTO department(departmentID, enterpriseIDFK, title) values('f02d1a64-c6e9-418a-9689-da26da51e4be', '738b91c1-d8d0-4e44-8491-5ec4abd82495', 'Producción'); 
INSERT INTO department(departmentID, enterpriseIDFK, title) values('16deb642-11b7-40ab-a3f5-0e73fdffa017', '9ded81d3-6306-4cda-b5dd-fc578aaf7a0f', 'Legal'); 
INSERT INTO department(departmentID, enterpriseIDFK, title) values('0034f156-bdcc-4d97-9d61-5529466b08fc', '1b84a90a-54e6-4e4d-bfec-6c74e319801a', 'Legal'); 
INSERT INTO department(departmentID, enterpriseIDFK, title) values('b47ec417-73d2-4a70-912b-873492876883', '9ded81d3-6306-4cda-b5dd-fc578aaf7a0f', 'RRHH'); 
INSERT INTO department(departmentID, enterpriseIDFK, title) values('4f5abc6c-bb12-4601-bd9e-fe2bb7b2a97b', '9ded81d3-6306-4cda-b5dd-fc578aaf7a0f', 'Ventas'); 
INSERT INTO department(departmentID, enterpriseIDFK, title) values('4d548c1f-7f13-4311-9abc-9478e1e4d29e', 'ea74ba01-d638-4675-85e9-77ee212262ac', 'Finanzas'); 
INSERT INTO department(departmentID, enterpriseIDFK, title) values('b0e68f2d-848d-493b-bf02-b6091f045dab', '238584d1-c9c8-4227-8d0d-ffb1a38f9b17', 'Legal'); 
INSERT INTO department(departmentID, enterpriseIDFK, title) values('bf76ed59-3281-4114-a5a4-b2b632629cc1', '5feab7c6-df2a-4761-be34-9f4db3016937', 'Producción'); 

INSERT INTO user(userID, curp, rfc, birthName, surname, mail, passwd, passwdFlag, zipCode, houseNumber, streetName, colony, workModality, workStatus, userRoleIDFK, countryUserIDFK) VALUES('12530c6c-c817-43ff-b17b-8534f09aa277', 'RORR01022MZSFFR60', 'RORR01022MN1', 'Rafael', 'Rodríguez Rodríguez', 'qobiduhtfgw@gmail.com', 'acvyyree', TRUE, 58875, '427.B', 'Calle Guerrero', 'Colonia San José', 0, TRUE, '9bf66b39-ebbc-4270-85b7-312eaedf5281', '0c3760df-d03d-47f4-b350-82531d3ecf7f');
INSERT INTO user(userID, curp, rfc, birthName, surname, mail, passwd, passwdFlag, zipCode, houseNumber, streetName, colony, workModality, workStatus, userRoleIDFK, countryUserIDFK) VALUES('76773960-8307-40d8-8458-16f906af11a8', 'TOTI3618HHGUHI10', 'TOTI3618HHP7', 'Isabel', 'Torres Torres', 'nxeemrwxcvhc@yahoo.com', 'uiqfqfkfpwd', FALSE, 18514, '687.C', 'Calle de la Santa Cruz', 'Colonia El Campanario', 1, TRUE, '9bf66b39-ebbc-4270-85b7-312eaedf5281', '9b9468d0-a323-43cb-b554-291b5b26dc58');
INSERT INTO user(userID, curp, rfc, birthName, surname, mail, passwd, passwdFlag, zipCode, houseNumber, streetName, colony, workModality, workStatus, userRoleIDFK, countryUserIDFK) VALUES('59ebc1e7-101b-45a5-85d3-5bd6344b3e10', 'RORF180MBSDRK53', 'RORF180MBSO6', 'Francisco', 'Rodríguez Ruiz', 'ngjxbncbkvpqn@gmail.com', 'hoorhce', FALSE, 51573, '616.B', 'Avenida de los Insurgentes', 'Colonia Nuevo Milenio', 0, TRUE, '9bf66b39-ebbc-4270-85b7-312eaedf5281', '9b9468d0-a323-43cb-b554-291b5b26dc58');
INSERT INTO user(userID, curp, rfc, birthName, surname, mail, passwd, passwdFlag, zipCode, houseNumber, streetName, colony, workModality, workStatus, userRoleIDFK, countryUserIDFK) VALUES('b0727af2-8fdc-40eb-8ebb-84faf86dccfc', 'MORJ3111MMCFCU59', 'MORJ3111MMN1', 'Javier', 'Moreno Ruiz', 'frxviij@yahoo.com', 'qdndreekxqbh', FALSE, 40066, '324.B', 'Calle de los Abetos', 'Colonia Lomas de Querétaro', 3, FALSE, 'c3f0b13b-340f-4bd3-a7d2-b15e2606fdc1', '61244c05-47ef-403d-83f9-589e1f35f6ad');
INSERT INTO user(userID, curp, rfc, birthName, surname, mail, passwd, passwdFlag, zipCode, houseNumber, streetName, colony, workModality, workStatus, userRoleIDFK, countryUserIDFK) VALUES('143ffc0b-c491-4f15-a2df-382b69ca1e63', 'HEHS2913MASCUL96', 'HEHS2913MAE1', 'Susana', 'Hernández Hernández', 'cbrptotiuf@yahoo.com', 'ekvmelq', TRUE, 84417, '345.B', 'Calle de la Virgen', 'Colonia San Francisco', 0, FALSE, 'fd68fae8-24fc-492a-b48a-58626aabe32d', '61244c05-47ef-403d-83f9-589e1f35f6ad');
INSERT INTO user(userID, curp, rfc, birthName, surname, mail, passwd, passwdFlag, zipCode, houseNumber, streetName, colony, workModality, workStatus, userRoleIDFK, countryUserIDFK) VALUES('b63a02b0-bdd9-440b-8edb-677bf56f1212', 'JIFA3616MBSCYL24', 'JIFA3616MBR9', 'Ana', 'Jiménez Fernández', 'dsmmpymy@nuclea.solutions', 'sjbygtyxy', TRUE, 96814, '724.A', 'Calle Hidalgo', 'Colonia Santa Rosa', 3, TRUE, '9bf66b39-ebbc-4270-85b7-312eaedf5281', '0c3760df-d03d-47f4-b350-82531d3ecf7f');
INSERT INTO user(userID, curp, rfc, birthName, surname, mail, passwd, passwdFlag, zipCode, houseNumber, streetName, colony, workModality, workStatus, userRoleIDFK, countryUserIDFK) VALUES('c3064c1a-4622-4dd3-80e4-8736b735b350', 'FEFJ01019HZSURE43', 'FEFJ01019HF8', 'José', 'Fernández Fernández', 'tyygybubddlaw@yahoo.com', 'cpvjrpmex', TRUE, 49166, '305.C', 'Avenida Constituyentes', 'Colonia El Mirador', 2, TRUE, 'c3f0b13b-340f-4bd3-a7d2-b15e2606fdc1', '8ed740b3-d399-4d87-a435-e98ee0cdbb7c');
INSERT INTO user(userID, curp, rfc, birthName, surname, mail, passwd, passwdFlag, zipCode, houseNumber, streetName, colony, workModality, workStatus, userRoleIDFK, countryUserIDFK) VALUES('ba8c5446-98c0-495c-a17f-70ae08213f9c', 'TOJI3821MGRSAQ21', 'TOJI3821MGE0', 'Isabel', 'Torres Jiménez', 'wanxsnkqo@nuclea.solutions', 'rrludat', FALSE, 17873, '558.A', 'Avenida de la Juventud', 'Colonia El Cerrito', 0, FALSE, 'c3f0b13b-340f-4bd3-a7d2-b15e2606fdc1', '9b9468d0-a323-43cb-b554-291b5b26dc58');
INSERT INTO user(userID, curp, rfc, birthName, surname, mail, passwd, passwdFlag, zipCode, houseNumber, streetName, colony, workModality, workStatus, userRoleIDFK, countryUserIDFK) VALUES('5527ea03-4d05-4122-a761-35e64c14242c', 'HEMR0516MCHNTY40', 'HEMR0516MCM6', 'Roberto', 'Hernández Moreno', 'behpaglmo@gmail.com', 'vufkygwe', FALSE, 45828, '959.C', 'Calle de la Merced', 'Colonia Nuevo Milenio', 3, TRUE, '9bf66b39-ebbc-4270-85b7-312eaedf5281', '8ed740b3-d399-4d87-a435-e98ee0cdbb7c');
INSERT INTO user(userID, curp, rfc, birthName, surname, mail, passwd, passwdFlag, zipCode, houseNumber, streetName, colony, workModality, workStatus, userRoleIDFK, countryUserIDFK) VALUES('53e21003-d14d-4d89-81ed-676a76ce570d', 'FEFP2313HOCJXI93', 'FEFP2313HOY8', 'Pedro', 'Fernández Fernández', 'shcghfajvfx@nuclea.solutions', 'rmctxwdwhdfdh', FALSE, 33298, '927.A', 'Calle Guerrero', 'Colonia Las Águilas', 1, TRUE, '9bf66b39-ebbc-4270-85b7-312eaedf5281', '9b9468d0-a323-43cb-b554-291b5b26dc58');
INSERT INTO user(userID, curp, rfc, birthName, surname, mail, passwd, passwdFlag, zipCode, houseNumber, streetName, colony, workModality, workStatus, userRoleIDFK, countryUserIDFK) VALUES('0ecbfe00-494e-4ad5-83c5-16b13fe70aa0', 'MARB0017MCMLUX56', 'MARB0017MCM8', 'Beatriz', 'Martínez Rodríguez', 'syrhvpuqhrbfg@yahoo.com', 'kpqgrpm', FALSE, 90206, '770.A', 'Calle Allende', 'Colonia El Cerrito', 3, FALSE, '9bf66b39-ebbc-4270-85b7-312eaedf5281', '61244c05-47ef-403d-83f9-589e1f35f6ad');
INSERT INTO user(userID, curp, rfc, birthName, surname, mail, passwd, passwdFlag, zipCode, houseNumber, streetName, colony, workModality, workStatus, userRoleIDFK, countryUserIDFK) VALUES('f6fc0451-b9ec-4db4-bb74-5040a3bc999e', 'FEFP300HCMAYA43', 'FEFP300HCMS7', 'Patricia', 'Fernández Fernández', 'dtyubmi@outlook.com', 'vtqtxvfxua', TRUE, 24267, '536.C', 'Avenida Revolución', 'Colonia Jardines de Querétaro', 2, TRUE, 'c3f0b13b-340f-4bd3-a7d2-b15e2606fdc1', '0c3760df-d03d-47f4-b350-82531d3ecf7f');
INSERT INTO user(userID, curp, rfc, birthName, surname, mail, passwd, passwdFlag, zipCode, houseNumber, streetName, colony, workModality, workStatus, userRoleIDFK, countryUserIDFK) VALUES('08ec2c1d-074c-4bae-bf5e-ed60906d7067', 'RUMC499HQTSME49', 'RUMC499HQTO1', 'Carlos', 'Ruiz Martínez', 'gsmpyfosgco@nuclea.solutions', 'scdamtgq', FALSE, 92911, '756.A', 'Avenida Universidad', 'Colonia Emiliano Zapata', 0, FALSE, 'c3f0b13b-340f-4bd3-a7d2-b15e2606fdc1', '8ed740b3-d399-4d87-a435-e98ee0cdbb7c');
INSERT INTO user(userID, curp, rfc, birthName, surname, mail, passwd, passwdFlag, zipCode, houseNumber, streetName, colony, workModality, workStatus, userRoleIDFK, countryUserIDFK) VALUES('db1e527d-ca36-43b6-8923-366fe1f0912a', 'MORR0614HMSHAS89', 'MORR0614HMM0', 'Raquel', 'Moreno Rodríguez', 'xmcyntj@yahoo.com', 'mbhccknmrnhqc', FALSE, 97996, '163.A', 'Calle de la Estación', 'Colonia Santa Fe', 3, TRUE, 'fd68fae8-24fc-492a-b48a-58626aabe32d', '61244c05-47ef-403d-83f9-589e1f35f6ad');
INSERT INTO user(userID, curp, rfc, birthName, surname, mail, passwd, passwdFlag, zipCode, houseNumber, streetName, colony, workModality, workStatus, userRoleIDFK, countryUserIDFK) VALUES('a3dd9457-a6af-4149-b51a-25ca6cb1418d', 'ROHJ41118MTLTHA43', 'ROHJ41118MU5', 'Javier', 'Rodríguez Hernández', 'qeboskhmh@nuclea.solutions', 'xqwqlvxkvsg', TRUE, 97977, '298.C', 'Calle del Sol', 'Colonia del Sol', 3, TRUE, 'fd68fae8-24fc-492a-b48a-58626aabe32d', '8ed740b3-d399-4d87-a435-e98ee0cdbb7c');
INSERT INTO user(userID, curp, rfc, birthName, surname, mail, passwd, passwdFlag, zipCode, houseNumber, streetName, colony, workModality, workStatus, userRoleIDFK, countryUserIDFK) VALUES('56a982f6-a526-44c0-aba3-d8cb61969848', 'JIML1113HOCKQT31', 'JIML1113HOK9', 'Laura', 'Jiménez Martínez', 'jjcehsqg@outlook.com', 'tudqkbyhlpb', FALSE, 72724, '97.B', 'Calle Allende', 'Colonia Nuevo Milenio', 2, FALSE, 'fd68fae8-24fc-492a-b48a-58626aabe32d', '61244c05-47ef-403d-83f9-589e1f35f6ad');
INSERT INTO user(userID, curp, rfc, birthName, surname, mail, passwd, passwdFlag, zipCode, houseNumber, streetName, colony, workModality, workStatus, userRoleIDFK, countryUserIDFK) VALUES('ccc0cf37-1651-4804-9bc6-a5e5b3031043', 'GOMA2911MMSNME56', 'GOMA2911MMK0', 'Antonio', 'González Moreno', 'xyijwqfs@nuclea.solutions', 'qdjeyxdxuj', FALSE, 75073, '688.A', 'Calle de la Corregidora', 'Colonia La Pradera', 2, FALSE, 'fd68fae8-24fc-492a-b48a-58626aabe32d', '8ed740b3-d399-4d87-a435-e98ee0cdbb7c');
INSERT INTO user(userID, curp, rfc, birthName, surname, mail, passwd, passwdFlag, zipCode, houseNumber, streetName, colony, workModality, workStatus, userRoleIDFK, countryUserIDFK) VALUES('7aadbf75-0373-4980-9e8a-5edf1e04cc36', 'TOHR4418MTLIJF26', 'TOHR4418MTR6', 'Raquel', 'Torres Hernández', 'fgpqtic@yahoo.com', 'eucxwfornbwib', TRUE, 86134, '844.A', 'Avenida de la Juventud', 'Colonia El Cerrito', 2, TRUE, '9bf66b39-ebbc-4270-85b7-312eaedf5281', '8ed740b3-d399-4d87-a435-e98ee0cdbb7c');
INSERT INTO user(userID, curp, rfc, birthName, surname, mail, passwd, passwdFlag, zipCode, houseNumber, streetName, colony, workModality, workStatus, userRoleIDFK, countryUserIDFK) VALUES('e271d8ae-adfd-4668-880b-ef37b7dd8881', 'TORD01117MQRIGW53', 'TORD01117MG2', 'David', 'Torres Ruiz', 'mrvoqmbcjelqr@gmail.com', 'qvwvkfgfd', FALSE, 46488, '93.A', 'Calle de los Abetos', 'Colonia del Sol', 0, TRUE, 'fd68fae8-24fc-492a-b48a-58626aabe32d', '8ed740b3-d399-4d87-a435-e98ee0cdbb7c');
INSERT INTO user(userID, curp, rfc, birthName, surname, mail, passwd, passwdFlag, zipCode, houseNumber, streetName, colony, workModality, workStatus, userRoleIDFK, countryUserIDFK) VALUES('66e83ad8-25f3-4792-9bc6-71727b98b8eb', 'FEJE1913HPLJAB56', 'FEJE1913HPB0', 'Elena', 'Fernández Jiménez', 'ogtcgberst@gmail.com', 'jlqhbwirpqvy', FALSE, 87850, '264.A', 'Calle 5 de Febrero', 'Colonia El Cerrito', 3, FALSE, '9bf66b39-ebbc-4270-85b7-312eaedf5281', '8ed740b3-d399-4d87-a435-e98ee0cdbb7c');
INSERT INTO user(userID, curp, rfc, birthName, surname, mail, passwd, passwdFlag, zipCode, houseNumber, streetName, colony, workModality, workStatus, userRoleIDFK, countryUserIDFK) VALUES('7959c5f7-9283-454d-a731-ba0dea4dff97', 'TORA211HTLOXT93', 'TORA211HTLS3', 'Antonio', 'Torres Ruiz', 'tyhnsdhbetg@gmail.com', 'ebwuxbrca', FALSE, 95705, '346.A', 'Calle de la Santa Cruz', 'Colonia Emiliano Zapata', 2, TRUE, '9bf66b39-ebbc-4270-85b7-312eaedf5281', '0c3760df-d03d-47f4-b350-82531d3ecf7f');
INSERT INTO user(userID, curp, rfc, birthName, surname, mail, passwd, passwdFlag, zipCode, houseNumber, streetName, colony, workModality, workStatus, userRoleIDFK, countryUserIDFK) VALUES('b11ebdd2-ac3f-4a64-b9a7-2c12002df59d', 'FEJR088HJCOKY99', 'FEJR088HJCQ6', 'Roberto', 'Fernández Jiménez', 'hcargbbogpa@gmail.com', 'dnlkmxlqs', FALSE, 84046, '824.B', 'Calle de la Corregidora', 'Colonia Morelos', 1, TRUE, 'fd68fae8-24fc-492a-b48a-58626aabe32d', '8ed740b3-d399-4d87-a435-e98ee0cdbb7c');
INSERT INTO user(userID, curp, rfc, birthName, surname, mail, passwd, passwdFlag, zipCode, houseNumber, streetName, colony, workModality, workStatus, userRoleIDFK, countryUserIDFK) VALUES('09d1b1ba-dd14-4086-8022-742172536a6b', 'MOTP190MSRMKB45', 'MOTP190MSRH8', 'Pedro', 'Moreno Torres', 'jachhwvm@nuclea.solutions', 'kfmgbjri', TRUE, 71996, '891.A', 'Avenida de la Luz', 'Colonia Centro', 1, FALSE, 'fd68fae8-24fc-492a-b48a-58626aabe32d', '0c3760df-d03d-47f4-b350-82531d3ecf7f');
INSERT INTO user(userID, curp, rfc, birthName, surname, mail, passwd, passwdFlag, zipCode, houseNumber, streetName, colony, workModality, workStatus, userRoleIDFK, countryUserIDFK) VALUES('253e6eda-c262-4069-8ae7-81856905db7c', 'ROMC320MQRDPG12', 'ROMC320MQRH0', 'Carlos', 'Rodríguez Moreno', 'tfuwixmpl@outlook.com', 'ndfhyqy', TRUE, 83528, '777.A', 'Avenida de la Independencia', 'Colonia Reforma', 1, TRUE, '9bf66b39-ebbc-4270-85b7-312eaedf5281', '9b9468d0-a323-43cb-b554-291b5b26dc58');
INSERT INTO user(userID, curp, rfc, birthName, surname, mail, passwd, passwdFlag, zipCode, houseNumber, streetName, colony, workModality, workStatus, userRoleIDFK, countryUserIDFK) VALUES('3188f7d0-ed9c-4acd-ae07-4dcb5f2593a2', 'ROTA457HTCOQI50', 'ROTA457HTCR1', 'Adrián', 'Rodríguez Torres', 'klfvmumujsv@gmail.com', 'pneyaufk', FALSE, 61845, '539.B', 'Calle de la Reforma', 'Colonia Jardines de Querétaro', 1, FALSE, 'c3f0b13b-340f-4bd3-a7d2-b15e2606fdc1', '9b9468d0-a323-43cb-b554-291b5b26dc58');
INSERT INTO user(userID, curp, rfc, birthName, surname, mail, passwd, passwdFlag, zipCode, houseNumber, streetName, colony, workModality, workStatus, userRoleIDFK, countryUserIDFK) VALUES('4c851429-5f5b-4842-bea7-8f09b824735f', 'FETR31014HMSIDJ10', 'FETR31014HU5', 'Rafael', 'Fernández Torres', 'eanhjqdxeuwbf@yahoo.com', 'qvqmwqw', TRUE, 62633, '778.C', 'Calle de la Paz', 'Colonia El Laurel', 0, TRUE, 'fd68fae8-24fc-492a-b48a-58626aabe32d', '61244c05-47ef-403d-83f9-589e1f35f6ad');
INSERT INTO user(userID, curp, rfc, birthName, surname, mail, passwd, passwdFlag, zipCode, houseNumber, streetName, colony, workModality, workStatus, userRoleIDFK, countryUserIDFK) VALUES('7f22db36-7c1d-46fb-9375-44fc1b2abd37', 'JIFA020MMCFNX57', 'JIFA020MMCA8', 'Adrián', 'Jiménez Fernández', 'aghrmurrfvlg@gmail.com', 'jywikenf', FALSE, 57466, '269.A', 'Calle de los Pinos', 'Colonia Reforma', 3, TRUE, 'fd68fae8-24fc-492a-b48a-58626aabe32d', '9b9468d0-a323-43cb-b554-291b5b26dc58');
INSERT INTO user(userID, curp, rfc, birthName, surname, mail, passwd, passwdFlag, zipCode, houseNumber, streetName, colony, workModality, workStatus, userRoleIDFK, countryUserIDFK) VALUES('0949ecbc-1ff8-49dc-8a85-7e9d35a6395f', 'RUML254MBCPGN84', 'RUML254MBCC8', 'Laura', 'Ruiz Martínez', 'nmpolluhot@outlook.com', 'kuuwpycqy', TRUE, 72363, '28.A', 'Avenida Constituyentes', 'Colonia Los Ángeles', 0, TRUE, 'fd68fae8-24fc-492a-b48a-58626aabe32d', '8ed740b3-d399-4d87-a435-e98ee0cdbb7c');
INSERT INTO user(userID, curp, rfc, birthName, surname, mail, passwd, passwdFlag, zipCode, houseNumber, streetName, colony, workModality, workStatus, userRoleIDFK, countryUserIDFK) VALUES('ffbad598-7ef8-45c8-8d5b-33119f8a9e5d', 'JIRR21016MTCBJK90', 'JIRR21016ME7', 'Rafael', 'Jiménez Ruiz', 'vqsyldfkdqx@nuclea.solutions', 'xawyuwik', FALSE, 80338, '891.B', 'Calle de los Abetos', 'Colonia San José', 3, FALSE, 'fd68fae8-24fc-492a-b48a-58626aabe32d', '8ed740b3-d399-4d87-a435-e98ee0cdbb7c');
INSERT INTO user(userID, curp, rfc, birthName, surname, mail, passwd, passwdFlag, zipCode, houseNumber, streetName, colony, workModality, workStatus, userRoleIDFK, countryUserIDFK) VALUES('6474a458-c7e4-484d-b597-5e24e350a446', 'HEFP1210HCMRGF61', 'HEFP1210HCF5', 'Patricia', 'Hernández Fernández', 'fjayqhuw@gmail.com', 'fsttonegg', TRUE, 75046, '425.B', 'Calle Zaragoza', 'Colonia Las Águilas', 2, TRUE, 'c3f0b13b-340f-4bd3-a7d2-b15e2606fdc1', '0c3760df-d03d-47f4-b350-82531d3ecf7f');
INSERT INTO user(userID, curp, rfc, birthName, surname, mail, passwd, passwdFlag, zipCode, houseNumber, streetName, colony, workModality, workStatus, userRoleIDFK, countryUserIDFK) VALUES('4b35594c-fa16-4739-b731-7573040289ce', 'MORE341MNTCUQ16', 'MORE341MNTG2', 'Enrique', 'Moreno Rodríguez', 'scqocwxdmtn@yahoo.com', 'pfyjjhmmnka', TRUE, 24598, '569.C', 'Calle 5 de Febrero', 'Colonia Jardines de Querétaro', 1, TRUE, '9bf66b39-ebbc-4270-85b7-312eaedf5281', '9b9468d0-a323-43cb-b554-291b5b26dc58');
INSERT INTO user(userID, curp, rfc, birthName, surname, mail, passwd, passwdFlag, zipCode, houseNumber, streetName, colony, workModality, workStatus, userRoleIDFK, countryUserIDFK) VALUES('10066072-461f-4e55-b588-da74abd14ddd', 'ROTR4228HCLUME52', 'ROTR4228HCB2', 'Rafael', 'Rodríguez Torres', 'swbiulfnp@nuclea.solutions', 'ptwcmbbgdce', TRUE, 32224, '30.C', 'Calle del Carmen', 'Colonia Santa Fe', 3, TRUE, 'c3f0b13b-340f-4bd3-a7d2-b15e2606fdc1', '0c3760df-d03d-47f4-b350-82531d3ecf7f');
INSERT INTO user(userID, curp, rfc, birthName, surname, mail, passwd, passwdFlag, zipCode, houseNumber, streetName, colony, workModality, workStatus, userRoleIDFK, countryUserIDFK) VALUES('a4e48feb-8ace-437d-aa6b-a43da5e3027c', 'JIRR1521HPLFLX74', 'JIRR1521HPM7', 'Rafael', 'Jiménez Rodríguez', 'tpkbbljpolqy@outlook.com', 'oghklae', FALSE, 42863, '73.B', 'Calle de la Luna', 'Colonia Los Ángeles', 1, TRUE, '9bf66b39-ebbc-4270-85b7-312eaedf5281', '9b9468d0-a323-43cb-b554-291b5b26dc58');
INSERT INTO user(userID, curp, rfc, birthName, surname, mail, passwd, passwdFlag, zipCode, houseNumber, streetName, colony, workModality, workStatus, userRoleIDFK, countryUserIDFK) VALUES('2a6d3f42-9c59-4c47-97fb-4d3bbcb7d4f9', 'JIRP1010HYNBCO78', 'JIRP1010HYP3', 'Patricia', 'Jiménez Rodríguez', 'mrxbkfnftoa@yahoo.com', 'eeneehqp', FALSE, 45866, '966.C', 'Calle de la Estación', 'Colonia Santa Fe', 2, FALSE, 'fd68fae8-24fc-492a-b48a-58626aabe32d', '0c3760df-d03d-47f4-b350-82531d3ecf7f');
INSERT INTO user(userID, curp, rfc, birthName, surname, mail, passwd, passwdFlag, zipCode, houseNumber, streetName, colony, workModality, workStatus, userRoleIDFK, countryUserIDFK) VALUES('7cb4d1d8-8d77-4690-8f4e-935689f52b6a', 'ROJI21116HDGNEH34', 'ROJI21116HS6', 'Isabel', 'Rodríguez Jiménez', 'rufnabnrsse@gmail.com', 'bjtorgaafuyjk', FALSE, 49960, '957.C', 'Avenida de la Juventud', 'Colonia Los Ángeles', 0, TRUE, 'fd68fae8-24fc-492a-b48a-58626aabe32d', '61244c05-47ef-403d-83f9-589e1f35f6ad');
INSERT INTO user(userID, curp, rfc, birthName, surname, mail, passwd, passwdFlag, zipCode, houseNumber, streetName, colony, workModality, workStatus, userRoleIDFK, countryUserIDFK) VALUES('38b45dea-56cf-4e14-b648-7746ce2f0c64', 'RUMF4514MCLDRO98', 'RUMF4514MCP2', 'Francisco', 'Ruiz Moreno', 'drosnlruqtcbc@nuclea.solutions', 'djdpeydonl', TRUE, 53522, '375.B', 'Calle 5 de Febrero', 'Colonia Santa Fe', 2, FALSE, 'c3f0b13b-340f-4bd3-a7d2-b15e2606fdc1', '0c3760df-d03d-47f4-b350-82531d3ecf7f');
INSERT INTO user(userID, curp, rfc, birthName, surname, mail, passwd, passwdFlag, zipCode, houseNumber, streetName, colony, workModality, workStatus, userRoleIDFK, countryUserIDFK) VALUES('35b61489-eb65-4fdc-be26-f32759ca02ad', 'JIHJ433MQRWNR55', 'JIHJ433MQRH2', 'José', 'Jiménez Hernández', 'tqdxbhrtqs@gmail.com', 'ksfytbmy', TRUE, 84438, '414.B', 'Avenida Morelos', 'Colonia Los Ángeles', 1, TRUE, '9bf66b39-ebbc-4270-85b7-312eaedf5281', '0c3760df-d03d-47f4-b350-82531d3ecf7f');
INSERT INTO user(userID, curp, rfc, birthName, surname, mail, passwd, passwdFlag, zipCode, houseNumber, streetName, colony, workModality, workStatus, userRoleIDFK, countryUserIDFK) VALUES('092719b3-cf6a-4b36-9939-e0c47795a6f6', 'MORP079MZSJRB29', 'MORP079MZSY5', 'Pedro', 'Moreno Rodríguez', 'cxioprfn@outlook.com', 'sitanefxwgcj', TRUE, 37480, '934.B', 'Avenida de la Luz', 'Colonia La Pradera', 3, FALSE, 'fd68fae8-24fc-492a-b48a-58626aabe32d', '0c3760df-d03d-47f4-b350-82531d3ecf7f');
INSERT INTO user(userID, curp, rfc, birthName, surname, mail, passwd, passwdFlag, zipCode, houseNumber, streetName, colony, workModality, workStatus, userRoleIDFK, countryUserIDFK) VALUES('7828a1aa-4bfb-42d6-91d1-f81bb602d3cf', 'HEMA21123HCLHIF59', 'HEMA21123HQ6', 'Adrián', 'Hernández Moreno', 'kwnfwhcvq@gmail.com', 'qytademhwqcjy', TRUE, 40243, '380.B', 'Calle de la Estación', 'Colonia Jardines de Querétaro', 0, FALSE, 'fd68fae8-24fc-492a-b48a-58626aabe32d', '61244c05-47ef-403d-83f9-589e1f35f6ad');
INSERT INTO user(userID, curp, rfc, birthName, surname, mail, passwd, passwdFlag, zipCode, houseNumber, streetName, colony, workModality, workStatus, userRoleIDFK, countryUserIDFK) VALUES('19ce42c2-8fb3-461e-b815-9a88b1df8e48', 'TORM3720MTCLHR71', 'TORM3720MTH7', 'María', 'Torres Rodríguez', 'wnmyllvbeu@yahoo.com', 'bhvkjlbnykgdj', FALSE, 95981, '445.B', 'Calle de la Esperanza', 'Colonia Los Ángeles', 0, FALSE, '9bf66b39-ebbc-4270-85b7-312eaedf5281', '0c3760df-d03d-47f4-b350-82531d3ecf7f');
INSERT INTO user(userID, curp, rfc, birthName, surname, mail, passwd, passwdFlag, zipCode, houseNumber, streetName, colony, workModality, workStatus, userRoleIDFK, countryUserIDFK) VALUES('e045252f-8c90-4486-b771-c2a4c60f8b22', 'MOJJ11028MMNURY27', 'MOJJ11028MU0', 'Juan', 'Moreno Jiménez', 'kilmgcjnjjvw@gmail.com', 'jjhmywocarsp', TRUE, 65567, '973.B', 'Calle de la Santa Cruz', 'Colonia La Pradera', 0, FALSE, 'c3f0b13b-340f-4bd3-a7d2-b15e2606fdc1', '0c3760df-d03d-47f4-b350-82531d3ecf7f');
INSERT INTO user(userID, curp, rfc, birthName, surname, mail, passwd, passwdFlag, zipCode, houseNumber, streetName, colony, workModality, workStatus, userRoleIDFK, countryUserIDFK) VALUES('9ab52d22-5e9a-4f17-93df-45f218a55527', 'RUMS01019HSLSLE37', 'RUMS01019HS2', 'Susana', 'Ruiz Martínez', 'ltcawgac@nuclea.solutions', 'yoqdusvq', TRUE, 38457, '374.A', 'Calle de los Cedros', 'Colonia Emiliano Zapata', 3, TRUE, '9bf66b39-ebbc-4270-85b7-312eaedf5281', '0c3760df-d03d-47f4-b350-82531d3ecf7f');
INSERT INTO user(userID, curp, rfc, birthName, surname, mail, passwd, passwdFlag, zipCode, houseNumber, streetName, colony, workModality, workStatus, userRoleIDFK, countryUserIDFK) VALUES('148e5f7d-9ed4-4ba1-a27e-f916edaf0aa4', 'TOGA221HCMNDO14', 'TOGA221HCMW5', 'Antonio', 'Torres González', 'lhjanpb@outlook.com', 'autnucygeo', TRUE, 74435, '531.B', 'Calle Hidalgo', 'Colonia Valle Verde', 2, TRUE, '9bf66b39-ebbc-4270-85b7-312eaedf5281', '8ed740b3-d399-4d87-a435-e98ee0cdbb7c');
INSERT INTO user(userID, curp, rfc, birthName, surname, mail, passwd, passwdFlag, zipCode, houseNumber, streetName, colony, workModality, workStatus, userRoleIDFK, countryUserIDFK) VALUES('fed5d496-a90f-4d88-aef2-57bdf83dad7f', 'HERS2111HBSXVB15', 'HERS2111HBV0', 'Susana', 'Hernández Ruiz', 'skjsimqyfbon@outlook.com', 'lrqtlwwk', TRUE, 19060, '967.B', 'Calle Zaragoza', 'Colonia San Francisco', 3, TRUE, '9bf66b39-ebbc-4270-85b7-312eaedf5281', '9b9468d0-a323-43cb-b554-291b5b26dc58');
INSERT INTO user(userID, curp, rfc, birthName, surname, mail, passwd, passwdFlag, zipCode, houseNumber, streetName, colony, workModality, workStatus, userRoleIDFK, countryUserIDFK) VALUES('f4905b84-5386-4b00-9a95-9d4c148fd9a0', 'MATJ4628HCHBFA44', 'MATJ4628HCF6', 'Juan', 'Martínez Torres', 'cmsgenrpn@gmail.com', 'vtgfsswqvct', TRUE, 25698, '59.B', 'Avenida Revolución', 'Colonia Emiliano Zapata', 3, FALSE, '9bf66b39-ebbc-4270-85b7-312eaedf5281', '8ed740b3-d399-4d87-a435-e98ee0cdbb7c');
INSERT INTO user(userID, curp, rfc, birthName, surname, mail, passwd, passwdFlag, zipCode, houseNumber, streetName, colony, workModality, workStatus, userRoleIDFK, countryUserIDFK) VALUES('48b743e5-1354-4847-a41c-9a3db5459f4d', 'TORJ3017MCSBCO53', 'TORJ3017MCB6', 'Juan', 'Torres Ruiz', 'tfnfannxom@nuclea.solutions', 'bhmbuxof', FALSE, 73219, '682.C', 'Calle de la Paz', 'Colonia Las Águilas', 3, TRUE, '9bf66b39-ebbc-4270-85b7-312eaedf5281', '9b9468d0-a323-43cb-b554-291b5b26dc58');
INSERT INTO user(userID, curp, rfc, birthName, surname, mail, passwd, passwdFlag, zipCode, houseNumber, streetName, colony, workModality, workStatus, userRoleIDFK, countryUserIDFK) VALUES('3790bb96-faf2-4380-be30-d1eb4b63b678', 'HEJF004HCSNNR25', 'HEJF004HCSJ5', 'Francisco', 'Hernández Jiménez', 'imsslajlmhtt@yahoo.com', 'cbtlouiovxe', TRUE, 54481, '104.B', 'Calle 5 de Febrero', 'Colonia San Francisco', 3, FALSE, '9bf66b39-ebbc-4270-85b7-312eaedf5281', '9b9468d0-a323-43cb-b554-291b5b26dc58');
INSERT INTO user(userID, curp, rfc, birthName, surname, mail, passwd, passwdFlag, zipCode, houseNumber, streetName, colony, workModality, workStatus, userRoleIDFK, countryUserIDFK) VALUES('e70ed954-bf02-4179-8c53-e8f4b487540d', 'JITA294MCMBLK12', 'JITA294MCMV7', 'Antonio', 'Jiménez Torres', 'ucqduqnwchbt@yahoo.com', 'mryqvbibnpsi', FALSE, 96868, '974.A', 'Calle de la Esperanza', 'Colonia San Francisco', 2, TRUE, '9bf66b39-ebbc-4270-85b7-312eaedf5281', '9b9468d0-a323-43cb-b554-291b5b26dc58');
INSERT INTO user(userID, curp, rfc, birthName, surname, mail, passwd, passwdFlag, zipCode, houseNumber, streetName, colony, workModality, workStatus, userRoleIDFK, countryUserIDFK) VALUES('73a4ad66-ef2c-4dc1-bfc2-74f0944fbe05', 'MAJP475HHGKKN83', 'MAJP475HHGL5', 'Pedro', 'Martínez Jiménez', 'xnvxkue@nuclea.solutions', 'ulfnerxkcl', TRUE, 44418, '739.B', 'Calle Juárez', 'Colonia San José', 3, FALSE, '9bf66b39-ebbc-4270-85b7-312eaedf5281', '9b9468d0-a323-43cb-b554-291b5b26dc58');
INSERT INTO user(userID, curp, rfc, birthName, surname, mail, passwd, passwdFlag, zipCode, houseNumber, streetName, colony, workModality, workStatus, userRoleIDFK, countryUserIDFK) VALUES('865878bc-5087-414d-bac1-472500c2139c', 'HEJD1920MNTMGU45', 'HEJD1920MNF0', 'David', 'Hernández Jiménez', 'lktgigpafhx@outlook.com', 'bgelmhyhla', FALSE, 77574, '208.A', 'Calle 5 de Febrero', 'Colonia Lomas de Querétaro', 2, TRUE, 'fd68fae8-24fc-492a-b48a-58626aabe32d', '61244c05-47ef-403d-83f9-589e1f35f6ad');
INSERT INTO user(userID, curp, rfc, birthName, surname, mail, passwd, passwdFlag, zipCode, houseNumber, streetName, colony, workModality, workStatus, userRoleIDFK, countryUserIDFK) VALUES('b79dedd7-bd68-4b7a-8927-257fbb076984', 'TOME1622MTCMRP51', 'TOME1622MTQ5', 'Elena', 'Torres Moreno', 'uuwkooektilrk@yahoo.com', 'ssfeyknn', FALSE, 92592, '726.C', 'Calle Hidalgo', 'Colonia El Laurel', 2, FALSE, 'c3f0b13b-340f-4bd3-a7d2-b15e2606fdc1', '0c3760df-d03d-47f4-b350-82531d3ecf7f');
INSERT INTO user(userID, curp, rfc, birthName, surname, mail, passwd, passwdFlag, zipCode, houseNumber, streetName, colony, workModality, workStatus, userRoleIDFK, countryUserIDFK) VALUES('8ad0b461-cfc0-4252-8f60-aa631da54048', 'RUTL4620MGTAMP67', 'RUTL4620MGG9', 'Lucía', 'Ruiz Torres', 'ogvevpjnovcd@outlook.com', 'wfivsdkm', FALSE, 17598, '190.C', 'Avenida Constituyentes', 'Colonia El Mirador', 3, FALSE, 'fd68fae8-24fc-492a-b48a-58626aabe32d', '0c3760df-d03d-47f4-b350-82531d3ecf7f');
INSERT INTO user(userID, curp, rfc, birthName, surname, mail, passwd, passwdFlag, zipCode, houseNumber, streetName, colony, workModality, workStatus, userRoleIDFK, countryUserIDFK) VALUES('61afeac3-af40-4354-970b-db50d485d063', 'RORA1115HCHKWM12', 'RORA1115HCW0', 'Alberto', 'Rodríguez Rodríguez', 'xwgrlmph@gmail.com', 'vtqngkcvffvn', FALSE, 99024, '491.A', 'Avenida Universidad', 'Colonia Santa Fe', 0, TRUE, '9bf66b39-ebbc-4270-85b7-312eaedf5281', '9b9468d0-a323-43cb-b554-291b5b26dc58');
INSERT INTO user(userID, curp, rfc, birthName, surname, mail, passwd, passwdFlag, zipCode, houseNumber, streetName, colony, workModality, workStatus, userRoleIDFK, countryUserIDFK) VALUES('aa36ffe3-9929-431d-ad38-828d3534c620', 'MAGS2419MMSFMM20', 'MAGS2419MMQ0', 'Susana', 'Martínez González', 'bfjmahwlccj@nuclea.solutions', 'ltwhnmuso', FALSE, 54691, '656.B', 'Calle Allende', 'Colonia Reforma', 2, TRUE, 'c3f0b13b-340f-4bd3-a7d2-b15e2606fdc1', '9b9468d0-a323-43cb-b554-291b5b26dc58');
INSERT INTO user(userID, curp, rfc, birthName, surname, mail, passwd, passwdFlag, zipCode, houseNumber, streetName, colony, workModality, workStatus, userRoleIDFK, countryUserIDFK) VALUES('e1920e74-7b44-4e1d-8d98-84d4fb9b2a63', 'TOHF21027MCHQRO96', 'TOHF21027MB9', 'Francisco', 'Torres Hernández', 'irohtui@outlook.com', 'typnbgvfaov', FALSE, 69002, '209.A', 'Calle del Carmen', 'Colonia El Laurel', 2, FALSE, 'fd68fae8-24fc-492a-b48a-58626aabe32d', '0c3760df-d03d-47f4-b350-82531d3ecf7f');
INSERT INTO user(userID, curp, rfc, birthName, surname, mail, passwd, passwdFlag, zipCode, houseNumber, streetName, colony, workModality, workStatus, userRoleIDFK, countryUserIDFK) VALUES('904eed82-f5dd-454d-a2ca-c7a1eb7f9d19', 'MOMM0814HGTKXC34', 'MOMM0814HGA5', 'Mercedes', 'Moreno Martínez', 'mgcvnixnkqxgn@gmail.com', 'jsbwsavxrlngx', FALSE, 23187, '353.C', 'Calle Juárez', 'Colonia Santa Fe', 2, FALSE, 'fd68fae8-24fc-492a-b48a-58626aabe32d', '8ed740b3-d399-4d87-a435-e98ee0cdbb7c');
INSERT INTO user(userID, curp, rfc, birthName, surname, mail, passwd, passwdFlag, zipCode, houseNumber, streetName, colony, workModality, workStatus, userRoleIDFK, countryUserIDFK) VALUES('9a0d90c9-9345-477b-83c2-13245add3e9d', 'MOMF0113MGRQVL38', 'MOMF0113MGT9', 'Fernando', 'Moreno Martínez', 'iiysubxxiammj@nuclea.solutions', 'lbtlsuvbv', FALSE, 18944, '479.B', 'Calle de la Corregidora', 'Colonia Valle Verde', 2, FALSE, 'c3f0b13b-340f-4bd3-a7d2-b15e2606fdc1', '9b9468d0-a323-43cb-b554-291b5b26dc58');
INSERT INTO user(userID, curp, rfc, birthName, surname, mail, passwd, passwdFlag, zipCode, houseNumber, streetName, colony, workModality, workStatus, userRoleIDFK, countryUserIDFK) VALUES('add2c4d0-b317-4f26-a569-193e96a75f54', 'FERA1014MQTMXY92', 'FERA1014MQH1', 'Ana', 'Fernández Ruiz', 'ojwdilkmn@yahoo.com', 'kjjyvwjliqlwn', FALSE, 70132, '879.A', 'Calle de la Esperanza', 'Colonia Reforma', 2, FALSE, 'c3f0b13b-340f-4bd3-a7d2-b15e2606fdc1', '9b9468d0-a323-43cb-b554-291b5b26dc58');
INSERT INTO user(userID, curp, rfc, birthName, surname, mail, passwd, passwdFlag, zipCode, houseNumber, streetName, colony, workModality, workStatus, userRoleIDFK, countryUserIDFK) VALUES('101ba38b-e52f-4a59-ae48-23527ed83a9d', 'TORJ41022MBCUXE38', 'TORJ41022MD1', 'Juan', 'Torres Rodríguez', 'acivriv@gmail.com', 'dtnboajyxeweg', FALSE, 92090, '887.C', 'Calle de la Virgen', 'Colonia El Cerrito', 0, TRUE, 'fd68fae8-24fc-492a-b48a-58626aabe32d', '8ed740b3-d399-4d87-a435-e98ee0cdbb7c');
INSERT INTO user(userID, curp, rfc, birthName, surname, mail, passwd, passwdFlag, zipCode, houseNumber, streetName, colony, workModality, workStatus, userRoleIDFK, countryUserIDFK) VALUES('473fb073-490b-488d-84b5-5d72e921b5f2', 'TOHD4222HCSPNU67', 'TOHD4222HCM8', 'David', 'Torres Hernández', 'maqdooxkkvxx@yahoo.com', 'kqegkif', FALSE, 55419, '564.A', 'Calle de la Paz', 'Colonia Jardines de Querétaro', 1, TRUE, 'fd68fae8-24fc-492a-b48a-58626aabe32d', '9b9468d0-a323-43cb-b554-291b5b26dc58');
INSERT INTO user(userID, curp, rfc, birthName, surname, mail, passwd, passwdFlag, zipCode, houseNumber, streetName, colony, workModality, workStatus, userRoleIDFK, countryUserIDFK) VALUES('d39a5d95-35fe-4cc2-89f1-36d07465d6bb', 'MOGL036HBSBQS17', 'MOGL036HBSV5', 'Laura', 'Moreno González', 'whobajqwbadot@nuclea.solutions', 'bqsdhbt', TRUE, 56074, '867.B', 'Avenida de los Arcos', 'Colonia Morelos', 2, TRUE, 'fd68fae8-24fc-492a-b48a-58626aabe32d', '0c3760df-d03d-47f4-b350-82531d3ecf7f');
INSERT INTO user(userID, curp, rfc, birthName, surname, mail, passwd, passwdFlag, zipCode, houseNumber, streetName, colony, workModality, workStatus, userRoleIDFK, countryUserIDFK) VALUES('cdfa35e0-0666-49ce-aa1b-1e6a2fcea070', 'RUFL042MYNKVW65', 'RUFL042MYNQ9', 'Laura', 'Ruiz Fernández', 'jwjfvrtceaqj@yahoo.com', 'sraxlihgbh', TRUE, 44860, '569.A', 'Avenida de la Independencia', 'Colonia Lomas de Querétaro', 1, FALSE, 'c3f0b13b-340f-4bd3-a7d2-b15e2606fdc1', '0c3760df-d03d-47f4-b350-82531d3ecf7f');
INSERT INTO user(userID, curp, rfc, birthName, surname, mail, passwd, passwdFlag, zipCode, houseNumber, streetName, colony, workModality, workStatus, userRoleIDFK, countryUserIDFK) VALUES('0de331bc-21f5-458d-878e-6a1dcc122ea7', 'MOHB309MJCREW47', 'MOHB309MJCL1', 'Beatriz', 'Moreno Hernández', 'ingfyqvo@yahoo.com', 'yxrfuhf', FALSE, 32825, '332.C', 'Avenida Universidad', 'Colonia Centro', 1, TRUE, 'fd68fae8-24fc-492a-b48a-58626aabe32d', '61244c05-47ef-403d-83f9-589e1f35f6ad');
INSERT INTO user(userID, curp, rfc, birthName, surname, mail, passwd, passwdFlag, zipCode, houseNumber, streetName, colony, workModality, workStatus, userRoleIDFK, countryUserIDFK) VALUES('4429827c-7c3c-4375-9d99-ac66e32dd9ae', 'ROTR4123HOCRED50', 'ROTR4123HOA7', 'Raquel', 'Rodríguez Torres', 'lykvlnl@outlook.com', 'agpqusnnmf', TRUE, 27993, '761.A', 'Calle de la Corregidora', 'Colonia Reforma', 3, FALSE, '9bf66b39-ebbc-4270-85b7-312eaedf5281', '61244c05-47ef-403d-83f9-589e1f35f6ad');
INSERT INTO user(userID, curp, rfc, birthName, surname, mail, passwd, passwdFlag, zipCode, houseNumber, streetName, colony, workModality, workStatus, userRoleIDFK, countryUserIDFK) VALUES('a9e9e50a-903a-42f4-94fb-9c211c34405f', 'MAFL3029HTCJRY76', 'MAFL3029HTJ5', 'Laura', 'Martínez Fernández', 'uuoflcauv@yahoo.com', 'dqrljltswlri', FALSE, 15056, '267.C', 'Calle de los Pinos', 'Colonia Santa Rosa', 3, TRUE, 'fd68fae8-24fc-492a-b48a-58626aabe32d', '0c3760df-d03d-47f4-b350-82531d3ecf7f');
INSERT INTO user(userID, curp, rfc, birthName, surname, mail, passwd, passwdFlag, zipCode, houseNumber, streetName, colony, workModality, workStatus, userRoleIDFK, countryUserIDFK) VALUES('7c157aed-1746-4b3a-ae3d-9d75dd8cc4bf', 'ROHF2927MPLCRP84', 'ROHF2927MPR7', 'Francisco', 'Rodríguez Hernández', 'fdabketasev@gmail.com', 'taxkbxn', TRUE, 16270, '351.A', 'Avenida de la Constitución', 'Colonia El Laurel', 2, TRUE, 'c3f0b13b-340f-4bd3-a7d2-b15e2606fdc1', '0c3760df-d03d-47f4-b350-82531d3ecf7f');
INSERT INTO user(userID, curp, rfc, birthName, surname, mail, passwd, passwdFlag, zipCode, houseNumber, streetName, colony, workModality, workStatus, userRoleIDFK, countryUserIDFK) VALUES('293ada88-e812-4d73-97f6-bda0380759ef', 'GOTR1519HBCMOB93', 'GOTR1519HBG1', 'Rafael', 'González Torres', 'pfpcwsjjrb@gmail.com', 'kdinrttgg', FALSE, 52008, '676.C', 'Avenida Revolución', 'Colonia El Mirador', 1, TRUE, 'c3f0b13b-340f-4bd3-a7d2-b15e2606fdc1', '8ed740b3-d399-4d87-a435-e98ee0cdbb7c');
INSERT INTO user(userID, curp, rfc, birthName, surname, mail, passwd, passwdFlag, zipCode, houseNumber, streetName, colony, workModality, workStatus, userRoleIDFK, countryUserIDFK) VALUES('9253769e-4add-419a-b37e-f809d824c059', 'JIGM2413HGTYHP61', 'JIGM2413HGX1', 'Mercedes', 'Jiménez González', 'amdbadfy@yahoo.com', 'qcglwrkqyq', FALSE, 68787, '38.A', 'Calle Juárez', 'Colonia Morelos', 2, TRUE, 'fd68fae8-24fc-492a-b48a-58626aabe32d', '8ed740b3-d399-4d87-a435-e98ee0cdbb7c');
INSERT INTO user(userID, curp, rfc, birthName, surname, mail, passwd, passwdFlag, zipCode, houseNumber, streetName, colony, workModality, workStatus, userRoleIDFK, countryUserIDFK) VALUES('78962425-f800-4c46-b5cc-b26a534aa2ce', 'MOMM041MQTHJD90', 'MOMM041MQTJ5', 'María', 'Moreno Martínez', 'wuwossxavb@yahoo.com', 'iqmukofhxqkf', TRUE, 74262, '730.C', 'Calle Juárez', 'Colonia del Sol', 2, FALSE, '9bf66b39-ebbc-4270-85b7-312eaedf5281', '61244c05-47ef-403d-83f9-589e1f35f6ad');
INSERT INTO user(userID, curp, rfc, birthName, surname, mail, passwd, passwdFlag, zipCode, houseNumber, streetName, colony, workModality, workStatus, userRoleIDFK, countryUserIDFK) VALUES('54653035-e494-4105-86e1-5689ab573077', 'MORD4111MCMWFM34', 'MORD4111MCK6', 'David', 'Moreno Ruiz', 'crlmwoc@yahoo.com', 'tbfagien', TRUE, 53504, '328.C', 'Avenida de la Solidaridad', 'Colonia El Cerrito', 3, TRUE, '9bf66b39-ebbc-4270-85b7-312eaedf5281', '8ed740b3-d399-4d87-a435-e98ee0cdbb7c');
INSERT INTO user(userID, curp, rfc, birthName, surname, mail, passwd, passwdFlag, zipCode, houseNumber, streetName, colony, workModality, workStatus, userRoleIDFK, countryUserIDFK) VALUES('d0f7c3b8-ef73-4b26-9ef7-b3b086abfcb2', 'RUMA3827HTCCKP25', 'RUMA3827HTX1', 'Adrián', 'Ruiz Moreno', 'endvchpfdkiig@gmail.com', 'bedfsrtvmx', TRUE, 23256, '116.A', 'Calle de la Amistad', 'Colonia Santa Rosa', 0, FALSE, '9bf66b39-ebbc-4270-85b7-312eaedf5281', '8ed740b3-d399-4d87-a435-e98ee0cdbb7c');
INSERT INTO user(userID, curp, rfc, birthName, surname, mail, passwd, passwdFlag, zipCode, houseNumber, streetName, colony, workModality, workStatus, userRoleIDFK, countryUserIDFK) VALUES('9672018b-dec9-45d8-b8b2-63fe2ec08b24', 'GOME142MYNBVN98', 'GOME142MYNO6', 'Elena', 'González Martínez', 'ecfskbljrxvcr@yahoo.com', 'dxbqbgkqqln', TRUE, 61845, '908.A', 'Calle de los Naranjos', 'Colonia San Francisco', 2, TRUE, '9bf66b39-ebbc-4270-85b7-312eaedf5281', '61244c05-47ef-403d-83f9-589e1f35f6ad');
INSERT INTO user(userID, curp, rfc, birthName, surname, mail, passwd, passwdFlag, zipCode, houseNumber, streetName, colony, workModality, workStatus, userRoleIDFK, countryUserIDFK) VALUES('0473007c-03c1-44a8-9a04-db2ced26680c', 'ROFA2115HYNEUV75', 'ROFA2115HYO7', 'Adrián', 'Rodríguez Fernández', 'qdxoxmrrwbjss@gmail.com', 'fkkvguyn', TRUE, 80808, '22.B', 'Calle de los Abetos', 'Colonia El Campanario', 1, FALSE, 'fd68fae8-24fc-492a-b48a-58626aabe32d', '9b9468d0-a323-43cb-b554-291b5b26dc58');
INSERT INTO user(userID, curp, rfc, birthName, surname, mail, passwd, passwdFlag, zipCode, houseNumber, streetName, colony, workModality, workStatus, userRoleIDFK, countryUserIDFK) VALUES('afb0c5af-604c-4cb1-8cfe-4204414daba0', 'FEMJ351MGTIJW84', 'FEMJ351MGTC8', 'Javier', 'Fernández Martínez', 'foryxtwbo@nuclea.solutions', 'veetruhwkxoth', FALSE, 12940, '970.C', 'Calle de los Cedros', 'Colonia Santa Fe', 0, FALSE, 'c3f0b13b-340f-4bd3-a7d2-b15e2606fdc1', '61244c05-47ef-403d-83f9-589e1f35f6ad');
INSERT INTO user(userID, curp, rfc, birthName, surname, mail, passwd, passwdFlag, zipCode, houseNumber, streetName, colony, workModality, workStatus, userRoleIDFK, countryUserIDFK) VALUES('ec81467f-a963-4047-b3e7-ffe07f27be00', 'RORF0718HNLFAY51', 'RORF0718HNK5', 'Fernando', 'Rodríguez Ruiz', 'ymokcfonjhx@gmail.com', 'ubtnkxysfc', FALSE, 84947, '214.B', 'Calle de la Reforma', 'Colonia Santa Fe', 0, TRUE, '9bf66b39-ebbc-4270-85b7-312eaedf5281', '9b9468d0-a323-43cb-b554-291b5b26dc58');
INSERT INTO user(userID, curp, rfc, birthName, surname, mail, passwd, passwdFlag, zipCode, houseNumber, streetName, colony, workModality, workStatus, userRoleIDFK, countryUserIDFK) VALUES('003ab09d-66fd-4b11-b157-bcb13a818e7c', 'MOML1427HVZPAG72', 'MOML1427HVL0', 'Laura', 'Moreno Moreno', 'tyfdaalr@nuclea.solutions', 'bvkmdabu', FALSE, 26804, '182.C', 'Calle de la Virgen', 'Colonia San José', 1, TRUE, '9bf66b39-ebbc-4270-85b7-312eaedf5281', '9b9468d0-a323-43cb-b554-291b5b26dc58');
INSERT INTO user(userID, curp, rfc, birthName, surname, mail, passwd, passwdFlag, zipCode, houseNumber, streetName, colony, workModality, workStatus, userRoleIDFK, countryUserIDFK) VALUES('87335c94-710a-4b31-869e-aeea55ae6b26', 'GOME266MMNQBE84', 'GOME266MMNT7', 'Enrique', 'González Martínez', 'njyhmgketue@yahoo.com', 'gobhuhoji', TRUE, 41710, '544.C', 'Calle de los Abetos', 'Colonia Santa Rosa', 3, TRUE, 'c3f0b13b-340f-4bd3-a7d2-b15e2606fdc1', '0c3760df-d03d-47f4-b350-82531d3ecf7f');
INSERT INTO user(userID, curp, rfc, birthName, surname, mail, passwd, passwdFlag, zipCode, houseNumber, streetName, colony, workModality, workStatus, userRoleIDFK, countryUserIDFK) VALUES('af53fc03-5689-4b08-827a-fe705c74b8b9', 'GOFA1726MTLROH10', 'GOFA1726MTX7', 'Antonio', 'González Fernández', 'hffosemnd@outlook.com', 'uhxnqem', FALSE, 20728, '508.A', 'Calle Benito Juárez', 'Colonia San José', 3, FALSE, '9bf66b39-ebbc-4270-85b7-312eaedf5281', '8ed740b3-d399-4d87-a435-e98ee0cdbb7c');
INSERT INTO user(userID, curp, rfc, birthName, surname, mail, passwd, passwdFlag, zipCode, houseNumber, streetName, colony, workModality, workStatus, userRoleIDFK, countryUserIDFK) VALUES('186947ff-bf07-4fb7-9617-6bda1db7b95c', 'TOJF1923MJCIVD26', 'TOJF1923MJC5', 'Fernando', 'Torres Jiménez', 'qlfkbdlwjo@outlook.com', 'yyjkspdscmmu', FALSE, 92200, '962.C', 'Calle de los Pinos', 'Colonia Morelos', 0, FALSE, 'c3f0b13b-340f-4bd3-a7d2-b15e2606fdc1', '0c3760df-d03d-47f4-b350-82531d3ecf7f');
INSERT INTO user(userID, curp, rfc, birthName, surname, mail, passwd, passwdFlag, zipCode, houseNumber, streetName, colony, workModality, workStatus, userRoleIDFK, countryUserIDFK) VALUES('6f063d5f-6a8d-49ec-95ac-c959fb778e5a', 'ROMP054MMCNIW72', 'ROMP054MMCO6', 'Pedro', 'Rodríguez Moreno', 'mlceqha@gmail.com', 'vvdwujcy', TRUE, 81283, '643.C', 'Avenida Universidad', 'Colonia El Cerrito', 0, FALSE, 'c3f0b13b-340f-4bd3-a7d2-b15e2606fdc1', '8ed740b3-d399-4d87-a435-e98ee0cdbb7c');
INSERT INTO user(userID, curp, rfc, birthName, surname, mail, passwd, passwdFlag, zipCode, houseNumber, streetName, colony, workModality, workStatus, userRoleIDFK, countryUserIDFK) VALUES('4bc1c424-90ad-48ae-a9af-e2f03f8abceb', 'FETA268HCSJIQ91', 'FETA268HCSD5', 'Antonio', 'Fernández Torres', 'hxfpvrkcnux@yahoo.com', 'frlyrphsy', TRUE, 17215, '901.B', 'Avenida de la Constitución', 'Colonia Emiliano Zapata', 3, TRUE, '9bf66b39-ebbc-4270-85b7-312eaedf5281', '9b9468d0-a323-43cb-b554-291b5b26dc58');
INSERT INTO user(userID, curp, rfc, birthName, surname, mail, passwd, passwdFlag, zipCode, houseNumber, streetName, colony, workModality, workStatus, userRoleIDFK, countryUserIDFK) VALUES('f02f14f9-8c51-46a0-958b-ee5e1fbfe5c4', 'MAMJ2016HNLHYE16', 'MAMJ2016HNN7', 'Javier', 'Martínez Moreno', 'uawbpmumctqqe@outlook.com', 'qbfrwfrn', FALSE, 43065, '453.A', 'Avenida Madero', 'Colonia Emiliano Zapata', 0, FALSE, 'c3f0b13b-340f-4bd3-a7d2-b15e2606fdc1', '61244c05-47ef-403d-83f9-589e1f35f6ad');
INSERT INTO user(userID, curp, rfc, birthName, surname, mail, passwd, passwdFlag, zipCode, houseNumber, streetName, colony, workModality, workStatus, userRoleIDFK, countryUserIDFK) VALUES('045e09af-f6d4-4d39-acef-b0cd0840d0b9', 'MAMF0412MCMWKK41', 'MAMF0412MCO7', 'Fernando', 'Martínez Martínez', 'gtyrgkfmjmtra@outlook.com', 'jjdwaqnjux', FALSE, 95241, '307.C', 'Calle de la Merced', 'Colonia Morelos', 2, FALSE, 'fd68fae8-24fc-492a-b48a-58626aabe32d', '8ed740b3-d399-4d87-a435-e98ee0cdbb7c');
INSERT INTO user(userID, curp, rfc, birthName, surname, mail, passwd, passwdFlag, zipCode, houseNumber, streetName, colony, workModality, workStatus, userRoleIDFK, countryUserIDFK) VALUES('947a52a0-c067-4fba-9dc3-6fa3be097309', 'HERL31125HQTRQI60', 'HERL31125HJ1', 'Laura', 'Hernández Ruiz', 'keospxjhotgob@gmail.com', 'tlfpbsvgs', TRUE, 92165, '917.A', 'Calle de los Naranjos', 'Colonia El Cerrito', 1, TRUE, '9bf66b39-ebbc-4270-85b7-312eaedf5281', '8ed740b3-d399-4d87-a435-e98ee0cdbb7c');
INSERT INTO user(userID, curp, rfc, birthName, surname, mail, passwd, passwdFlag, zipCode, houseNumber, streetName, colony, workModality, workStatus, userRoleIDFK, countryUserIDFK) VALUES('f54dfd57-13fb-4de3-9c0b-de1e4e5b6bcb', 'RUFF365MMNOYY27', 'RUFF365MMNV3', 'Francisco', 'Ruiz Fernández', 'nqmoqneeqnnr@gmail.com', 'yyqekkyup', FALSE, 15650, '963.B', 'Avenida de la Juventud', 'Colonia Reforma', 0, FALSE, 'c3f0b13b-340f-4bd3-a7d2-b15e2606fdc1', '61244c05-47ef-403d-83f9-589e1f35f6ad');
INSERT INTO user(userID, curp, rfc, birthName, surname, mail, passwd, passwdFlag, zipCode, houseNumber, streetName, colony, workModality, workStatus, userRoleIDFK, countryUserIDFK) VALUES('5972bc6f-b4c2-40c0-a662-b7d7db49ad95', 'TOGL3220HTLULK44', 'TOGL3220HTQ9', 'Laura', 'Torres González', 'iopcrro@outlook.com', 'arykhokknrgao', FALSE, 45009, '660.A', 'Calle de la Corregidora', 'Colonia El Mirador', 0, TRUE, 'fd68fae8-24fc-492a-b48a-58626aabe32d', '9b9468d0-a323-43cb-b554-291b5b26dc58');
INSERT INTO user(userID, curp, rfc, birthName, surname, mail, passwd, passwdFlag, zipCode, houseNumber, streetName, colony, workModality, workStatus, userRoleIDFK, countryUserIDFK) VALUES('7437283d-a73c-44ac-80e7-45b350f67bcf', 'MARF1927MHGYTQ65', 'MARF1927MHR6', 'Fernando', 'Martínez Rodríguez', 'qnolhqtr@yahoo.com', 'iolpsgtkjmtoy', FALSE, 99881, '671.A', 'Calle de la Corregidora', 'Colonia San José', 2, TRUE, '9bf66b39-ebbc-4270-85b7-312eaedf5281', '0c3760df-d03d-47f4-b350-82531d3ecf7f');
INSERT INTO user(userID, curp, rfc, birthName, surname, mail, passwd, passwdFlag, zipCode, houseNumber, streetName, colony, workModality, workStatus, userRoleIDFK, countryUserIDFK) VALUES('b5405b7f-c031-4084-ba31-3fbf02171fcd', 'MOMR068MYNYHF28', 'MOMR068MYNM9', 'Raquel', 'Moreno Martínez', 'isxhafbq@yahoo.com', 'kicmxkc', TRUE, 46785, '84.C', 'Calle 5 de Febrero', 'Colonia El Campanario', 3, FALSE, 'c3f0b13b-340f-4bd3-a7d2-b15e2606fdc1', '61244c05-47ef-403d-83f9-589e1f35f6ad');
INSERT INTO user(userID, curp, rfc, birthName, surname, mail, passwd, passwdFlag, zipCode, houseNumber, streetName, colony, workModality, workStatus, userRoleIDFK, countryUserIDFK) VALUES('bfa25e20-4052-46c8-b47a-a2e9bac8b8b6', 'GOFF452MBSRSI42', 'GOFF452MBSO7', 'Francisco', 'González Fernández', 'bqoyvvdgfrnr@gmail.com', 'ynatnevugyni', TRUE, 89266, '896.A', 'Calle Juárez', 'Colonia Lomas de Querétaro', 1, FALSE, '9bf66b39-ebbc-4270-85b7-312eaedf5281', '61244c05-47ef-403d-83f9-589e1f35f6ad');
INSERT INTO user(userID, curp, rfc, birthName, surname, mail, passwd, passwdFlag, zipCode, houseNumber, streetName, colony, workModality, workStatus, userRoleIDFK, countryUserIDFK) VALUES('58261c9f-f7b6-4d91-8515-ce3e47d32f2f', 'GOJL048HCHVBO27', 'GOJL048HCHV4', 'Lucía', 'González Jiménez', 'xwmikij@nuclea.solutions', 'acwpqbv', FALSE, 88540, '21.C', 'Avenida de la Constitución', 'Colonia Los Ángeles', 2, TRUE, '9bf66b39-ebbc-4270-85b7-312eaedf5281', '0c3760df-d03d-47f4-b350-82531d3ecf7f');
INSERT INTO user(userID, curp, rfc, birthName, surname, mail, passwd, passwdFlag, zipCode, houseNumber, streetName, colony, workModality, workStatus, userRoleIDFK, countryUserIDFK) VALUES('d898cb87-f349-444c-a735-8e512995cc98', 'RORI3311MTLYFH63', 'RORI3311MTW2', 'Isabel', 'Rodríguez Ruiz', 'vkkpmndt@outlook.com', 'hlgfvejeawahx', TRUE, 92862, '256.B', 'Calle de la Reforma', 'Colonia Reforma', 2, FALSE, 'fd68fae8-24fc-492a-b48a-58626aabe32d', '0c3760df-d03d-47f4-b350-82531d3ecf7f');
INSERT INTO user(userID, curp, rfc, birthName, surname, mail, passwd, passwdFlag, zipCode, houseNumber, streetName, colony, workModality, workStatus, userRoleIDFK, countryUserIDFK) VALUES('6aaf6aeb-1e1d-4db6-a55b-e7d7b684c7cc', 'HEJI0624MASQQN55', 'HEJI0624MAG5', 'Isabel', 'Hernández Jiménez', 'rflkvaaaqc@nuclea.solutions', 'ijajdqe', FALSE, 90008, '44.C', 'Calle Zaragoza', 'Colonia El Laurel', 0, FALSE, 'c3f0b13b-340f-4bd3-a7d2-b15e2606fdc1', '8ed740b3-d399-4d87-a435-e98ee0cdbb7c');
INSERT INTO user(userID, curp, rfc, birthName, surname, mail, passwd, passwdFlag, zipCode, houseNumber, streetName, colony, workModality, workStatus, userRoleIDFK, countryUserIDFK) VALUES('ca9c7592-e878-40b8-835a-25ab6d208d83', 'RUHB235MNTFBX54', 'RUHB235MNTL9', 'Beatriz', 'Ruiz Hernández', 'sbedyap@gmail.com', 'sxurmjq', FALSE, 68604, '707.C', 'Calle Juárez', 'Colonia El Campanario', 3, FALSE, '9bf66b39-ebbc-4270-85b7-312eaedf5281', '0c3760df-d03d-47f4-b350-82531d3ecf7f');
INSERT INTO user(userID, curp, rfc, birthName, surname, mail, passwd, passwdFlag, zipCode, houseNumber, streetName, colony, workModality, workStatus, userRoleIDFK, countryUserIDFK) VALUES('5d9904f6-cb70-4a6b-bc0c-8e6f19d65778', 'FEJA002MZSWLG34', 'FEJA002MZSH2', 'Antonio', 'Fernández Jiménez', 'rweqildmvb@outlook.com', 'lcnddlbv', TRUE, 15332, '298.B', 'Avenida de la Juventud', 'Colonia Jardines de Querétaro', 0, FALSE, 'fd68fae8-24fc-492a-b48a-58626aabe32d', '61244c05-47ef-403d-83f9-589e1f35f6ad');
INSERT INTO user(userID, curp, rfc, birthName, surname, mail, passwd, passwdFlag, zipCode, houseNumber, streetName, colony, workModality, workStatus, userRoleIDFK, countryUserIDFK) VALUES('8f06ff31-4f9f-4337-a1b7-13c300a54cb7', 'ROMR3118MTCEHA34', 'ROMR3118MTA1', 'Raquel', 'Rodríguez Martínez', 'wirscqoma@gmail.com', 'haawhisidbmlh', FALSE, 65496, '324.A', 'Avenida de los Arcos', 'Colonia del Sol', 1, FALSE, 'c3f0b13b-340f-4bd3-a7d2-b15e2606fdc1', '0c3760df-d03d-47f4-b350-82531d3ecf7f');
INSERT INTO user(userID, curp, rfc, birthName, surname, mail, passwd, passwdFlag, zipCode, houseNumber, streetName, colony, workModality, workStatus, userRoleIDFK, countryUserIDFK) VALUES('890c52f3-170d-426e-80f5-f0d7798f0f42', 'ROMI1129HCSKQO49', 'ROMI1129HCA2', 'Isabel', 'Rodríguez Moreno', 'jbkyqcmpk@gmail.com', 'oreubasdw', TRUE, 70223, '820.A', 'Calle de la Luna', 'Colonia Lomas de Querétaro', 0, FALSE, '9bf66b39-ebbc-4270-85b7-312eaedf5281', '0c3760df-d03d-47f4-b350-82531d3ecf7f');
INSERT INTO user(userID, curp, rfc, birthName, surname, mail, passwd, passwdFlag, zipCode, houseNumber, streetName, colony, workModality, workStatus, userRoleIDFK, countryUserIDFK) VALUES('08ef81e7-0ce4-4567-8257-97de417a4c86', 'RUMJ41122MZSXSR18', 'RUMJ41122MB2', 'Juan', 'Ruiz Moreno', 'ldmpjpidvxeqx@yahoo.com', 'efnvjjctt', FALSE, 16140, '74.C', 'Avenida Madero', 'Colonia Morelos', 2, FALSE, '9bf66b39-ebbc-4270-85b7-312eaedf5281', '9b9468d0-a323-43cb-b554-291b5b26dc58');
INSERT INTO user(userID, curp, rfc, birthName, surname, mail, passwd, passwdFlag, zipCode, houseNumber, streetName, colony, workModality, workStatus, userRoleIDFK, countryUserIDFK) VALUES('d6d0f9a8-841d-4aeb-b35c-7fd41cc46114', 'RUFA194MHGVRS49', 'RUFA194MHGK6', 'Antonio', 'Ruiz Fernández', 'ksixtqfo@gmail.com', 'hwqdrvwqtqlt', TRUE, 87844, '344.B', 'Avenida Revolución', 'Colonia Centro', 1, TRUE, 'c3f0b13b-340f-4bd3-a7d2-b15e2606fdc1', '0c3760df-d03d-47f4-b350-82531d3ecf7f');
INSERT INTO user(userID, curp, rfc, birthName, surname, mail, passwd, passwdFlag, zipCode, houseNumber, streetName, colony, workModality, workStatus, userRoleIDFK, countryUserIDFK) VALUES('ec7405dc-1657-489d-9847-d4c5033c2980', 'RUJJ41017HNTVNK94', 'RUJJ41017HT6', 'Juan', 'Ruiz Jiménez', 'ctpcrbjqljjo@yahoo.com', 'eeiviqmhr', FALSE, 94800, '480.B', 'Avenida de la Solidaridad', 'Colonia Nuevo Milenio', 1, FALSE, '9bf66b39-ebbc-4270-85b7-312eaedf5281', '61244c05-47ef-403d-83f9-589e1f35f6ad');
INSERT INTO user(userID, curp, rfc, birthName, surname, mail, passwd, passwdFlag, zipCode, houseNumber, streetName, colony, workModality, workStatus, userRoleIDFK, countryUserIDFK) VALUES('88164401-73c2-4a2e-b4aa-fa1df7c43d98', 'TOTL4117HVZCVT77', 'TOTL4117HVH9', 'Laura', 'Torres Torres', 'qivodsumfkbon@outlook.com', 'ulvvjbogdi', FALSE, 95217, '998.C', 'Avenida Morelos', 'Colonia Santa Fe', 3, TRUE, 'c3f0b13b-340f-4bd3-a7d2-b15e2606fdc1', '61244c05-47ef-403d-83f9-589e1f35f6ad');

