INSERT INTO templateHoliday(templateHolidayID, holidayDate, title) VALUES('9710195d-f8c4-4053-9518-28d6ff7570a4', '2026-05-23', 'Navidad');
INSERT INTO templateHoliday(templateHolidayID, holidayDate, title) VALUES('4a0ad241-a139-47e0-ac44-af0cbb461cd4', '2026-06-16', 'Día del Estudiante');
INSERT INTO templateHoliday(templateHolidayID, holidayDate, title) VALUES('9813682e-2c90-442b-8674-cff2611afc34', '2026-01-02', 'Día del Padre');
INSERT INTO templateHoliday(templateHolidayID, holidayDate, title) VALUES('6d437ed9-872d-4542-b301-161716af2a7e', '2026-06-16', 'Día Mundial del Medio Ambiente');
INSERT INTO templateHoliday(templateHolidayID, holidayDate, title) VALUES('0ee18214-5651-46b7-ab02-ebc7a0580a1e', '1920-09-15', 'Día Internacional del Trabajo');
INSERT INTO templateHoliday(templateHolidayID, holidayDate, title) VALUES('4b16d4be-18ea-452e-9900-ac7656ba58d8', '2026-06-02', 'Día de reyes');
INSERT INTO templateHoliday(templateHolidayID, holidayDate, title) VALUES('2ad56595-d851-4c78-a966-96dbf8e1f1cc', '2026-10-01', 'Día Internacional del Trabajo');
INSERT INTO templateHoliday(templateHolidayID, holidayDate, title) VALUES('b6753750-75e3-46cb-9e1e-a46dccce4232', '2026-06-05', 'Revolución');
INSERT INTO templateHoliday(templateHolidayID, holidayDate, title) VALUES('83c0922c-2628-471e-89f9-eaa902a11e3a', '2026-10-01', 'Día del Arquitecto');
INSERT INTO templateHoliday(templateHolidayID, holidayDate, title) VALUES('1db75ebb-d602-48a2-906b-d4348557f418', '2026-03-08', 'Natalicio de Benito Juárez');
INSERT INTO templateHoliday(templateHolidayID, holidayDate, title) VALUES('408b394a-8423-4387-8411-c1b5a4de6d02', '2026-10-01', 'Día de la Raza');
INSERT INTO templateHoliday(templateHolidayID, holidayDate, title) VALUES('05c2e5d5-2dba-49b3-91fd-cb95180b2151', '2026-04-07', 'Día del Maestro');
INSERT INTO templateHoliday(templateHolidayID, holidayDate, title) VALUES('74482c39-59ed-4efd-8c5b-00669e052884', '1806-03-21', 'Día del Arquitecto');
INSERT INTO templateHoliday(templateHolidayID, holidayDate, title) VALUES('3ee4094f-e1d4-45f9-9f06-4a35abbf7dd8', '2026-02-19', 'Semana Santa');
INSERT INTO templateHoliday(templateHolidayID, holidayDate, title) VALUES('c5e6d491-42d4-47e0-9920-64b476a2987f', '2026-11-02', 'Navidad');
INSERT INTO templateHoliday(templateHolidayID, holidayDate, title) VALUES('53d77332-ddbd-4788-bce5-6074bc265b90', '2026-04-30', 'Día de la Raza');
INSERT INTO templateHoliday(templateHolidayID, holidayDate, title) VALUES('65af7d3e-cfe2-4245-848a-c47604174d77', '2026-06-05', 'Día de Muertos');
INSERT INTO templateHoliday(templateHolidayID, holidayDate, title) VALUES('34b1b3b1-9613-4552-b980-e2f11d47a09b', '1934-02-24', 'Revolución');
INSERT INTO templateHoliday(templateHolidayID, holidayDate, title) VALUES('7d78b401-0378-4807-8fc5-7ed8f0b289a3', '2026-11-02', 'Día del Ejército');
INSERT INTO templateHoliday(templateHolidayID, holidayDate, title) VALUES('b68971f0-0954-4127-9b81-c221f03f9aa4', '2026-11-02', 'Día del Arquitecto');

INSERT INTO usedHoliday(usedHolidayID, usedDate, usedTemplateHolidayIDFK) VALUES('1cb8a4ab-7e22-436e-940d-11382cc7c19e', '2026-06-16', '74482c39-59ed-4efd-8c5b-00669e052884'); 
INSERT INTO usedHoliday(usedHolidayID, usedDate, usedTemplateHolidayIDFK) VALUES('f298f18d-19b3-4f09-b249-ad33e6c9eb8a', '2026-10-01', '05c2e5d5-2dba-49b3-91fd-cb95180b2151'); 
INSERT INTO usedHoliday(usedHolidayID, usedDate, usedTemplateHolidayIDFK) VALUES('acf8d780-05e8-4831-b079-cf6744c10035', '2026-06-02', '0ee18214-5651-46b7-ab02-ebc7a0580a1e'); 
INSERT INTO usedHoliday(usedHolidayID, usedDate, usedTemplateHolidayIDFK) VALUES('e9fe23db-47d0-4e2d-9afa-b70e6363063b', '1910-11-20', '53d77332-ddbd-4788-bce5-6074bc265b90'); 
INSERT INTO usedHoliday(usedHolidayID, usedDate, usedTemplateHolidayIDFK) VALUES('239c3dd3-150c-4b59-8e3b-8f1d54781b77', '2026-04-07', '6d437ed9-872d-4542-b301-161716af2a7e'); 
INSERT INTO usedHoliday(usedHolidayID, usedDate, usedTemplateHolidayIDFK) VALUES('48628fe2-5c46-40bf-a9f7-fa8c021e283f', '2026-02-19', '05c2e5d5-2dba-49b3-91fd-cb95180b2151'); 
INSERT INTO usedHoliday(usedHolidayID, usedDate, usedTemplateHolidayIDFK) VALUES('4c2c971a-6726-47bc-9e52-33f2b47b5443', '1920-09-15', '3ee4094f-e1d4-45f9-9f06-4a35abbf7dd8'); 
INSERT INTO usedHoliday(usedHolidayID, usedDate, usedTemplateHolidayIDFK) VALUES('894e6f32-456a-4e47-88e7-877925d3a6bc', '2026-08-22', '3ee4094f-e1d4-45f9-9f06-4a35abbf7dd8'); 
INSERT INTO usedHoliday(usedHolidayID, usedDate, usedTemplateHolidayIDFK) VALUES('e324c981-76fd-432a-b8c7-6dd677f624e7', '1531-12-12', '3ee4094f-e1d4-45f9-9f06-4a35abbf7dd8'); 
INSERT INTO usedHoliday(usedHolidayID, usedDate, usedTemplateHolidayIDFK) VALUES('51e6b0d9-cd37-42f2-8af8-aff706921bcf', '2026-06-05', '65af7d3e-cfe2-4245-848a-c47604174d77'); 
INSERT INTO usedHoliday(usedHolidayID, usedDate, usedTemplateHolidayIDFK) VALUES('cc87bb45-4e28-4bc6-9e3f-ad46a8fe2d58', '2026-04-30', '6d437ed9-872d-4542-b301-161716af2a7e'); 
INSERT INTO usedHoliday(usedHolidayID, usedDate, usedTemplateHolidayIDFK) VALUES('9029ed9a-229c-4228-aead-f7413fc4c8fa', '2026-04-02', 'b68971f0-0954-4127-9b81-c221f03f9aa4'); 
INSERT INTO usedHoliday(usedHolidayID, usedDate, usedTemplateHolidayIDFK) VALUES('2324dd41-638a-480b-88b5-635faff3889c', '2000-01-07', '4b16d4be-18ea-452e-9900-ac7656ba58d8'); 
INSERT INTO usedHoliday(usedHolidayID, usedDate, usedTemplateHolidayIDFK) VALUES('3820d266-cdca-480c-8e70-0797872abb64', '2026-02-19', '9813682e-2c90-442b-8674-cff2611afc34'); 
INSERT INTO usedHoliday(usedHolidayID, usedDate, usedTemplateHolidayIDFK) VALUES('eef32976-a88c-4558-805e-f40e082d2edb', '1934-02-24', 'b6753750-75e3-46cb-9e1e-a46dccce4232'); 
INSERT INTO usedHoliday(usedHolidayID, usedDate, usedTemplateHolidayIDFK) VALUES('a53b0833-ac0f-4a33-b985-98a4a38698cc', '1886-05-01', 'b68971f0-0954-4127-9b81-c221f03f9aa4'); 
INSERT INTO usedHoliday(usedHolidayID, usedDate, usedTemplateHolidayIDFK) VALUES('58d298d8-308d-4639-ba14-144d10b98918', '2026-12-25', '4b16d4be-18ea-452e-9900-ac7656ba58d8'); 
INSERT INTO usedHoliday(usedHolidayID, usedDate, usedTemplateHolidayIDFK) VALUES('27b66860-3b00-44de-879c-aa84dd025675', '2026-06-05', '0ee18214-5651-46b7-ab02-ebc7a0580a1e'); 
INSERT INTO usedHoliday(usedHolidayID, usedDate, usedTemplateHolidayIDFK) VALUES('02c1c0bc-d6d4-4ae6-8d93-fe79c8252f30', '2026-09-21', '6d437ed9-872d-4542-b301-161716af2a7e'); 
INSERT INTO usedHoliday(usedHolidayID, usedDate, usedTemplateHolidayIDFK) VALUES('318948b8-26f2-4c03-b492-78cf197b91d9', '2026-05-23', '3ee4094f-e1d4-45f9-9f06-4a35abbf7dd8'); 
INSERT INTO usedHoliday(usedHolidayID, usedDate, usedTemplateHolidayIDFK) VALUES('ad414d3a-d44b-439c-b0e2-cdf54cfe7e94', '2026-04-07', '6d437ed9-872d-4542-b301-161716af2a7e'); 
INSERT INTO usedHoliday(usedHolidayID, usedDate, usedTemplateHolidayIDFK) VALUES('86f2a77b-8420-4a9e-9bdb-77d24225148f', '2026-01-02', '408b394a-8423-4387-8411-c1b5a4de6d02'); 
INSERT INTO usedHoliday(usedHolidayID, usedDate, usedTemplateHolidayIDFK) VALUES('da13854a-f552-4f42-90be-d606625df80a', '2026-02-14', 'b6753750-75e3-46cb-9e1e-a46dccce4232'); 
INSERT INTO usedHoliday(usedHolidayID, usedDate, usedTemplateHolidayIDFK) VALUES('2a221ac5-fe92-4740-b7ab-d01694aa2919', '2026-01-02', '0ee18214-5651-46b7-ab02-ebc7a0580a1e'); 
INSERT INTO usedHoliday(usedHolidayID, usedDate, usedTemplateHolidayIDFK) VALUES('6b3461bb-f237-4155-94b9-5f6c35898f50', '1886-05-01', '4b16d4be-18ea-452e-9900-ac7656ba58d8'); 
INSERT INTO usedHoliday(usedHolidayID, usedDate, usedTemplateHolidayIDFK) VALUES('e2e5cd99-919d-4f25-88d9-3e3df8a97159', '2026-04-30', 'c5e6d491-42d4-47e0-9920-64b476a2987f'); 
INSERT INTO usedHoliday(usedHolidayID, usedDate, usedTemplateHolidayIDFK) VALUES('9025b925-de18-4113-a120-63efad45d47b', '1917-02-05', '9710195d-f8c4-4053-9518-28d6ff7570a4'); 
INSERT INTO usedHoliday(usedHolidayID, usedDate, usedTemplateHolidayIDFK) VALUES('188e8a60-67c8-4d5f-b10f-b8d57348fa2c', '1806-03-21', 'c5e6d491-42d4-47e0-9920-64b476a2987f'); 
INSERT INTO usedHoliday(usedHolidayID, usedDate, usedTemplateHolidayIDFK) VALUES('44ffece5-1f4f-44cd-95a8-48730e600198', '1917-02-05', '3ee4094f-e1d4-45f9-9f06-4a35abbf7dd8'); 
INSERT INTO usedHoliday(usedHolidayID, usedDate, usedTemplateHolidayIDFK) VALUES('615ec7d2-6d7f-48e0-88a2-0c357b503467', '2026-05-10', '4a0ad241-a139-47e0-ac44-af0cbb461cd4'); 
INSERT INTO usedHoliday(usedHolidayID, usedDate, usedTemplateHolidayIDFK) VALUES('b609214b-b269-4fc0-89c0-588a29b9e9f0', '2026-05-15', '4b16d4be-18ea-452e-9900-ac7656ba58d8'); 
INSERT INTO usedHoliday(usedHolidayID, usedDate, usedTemplateHolidayIDFK) VALUES('70343738-d643-4d51-94a2-b8c9f66fd317', '2026-02-19', '74482c39-59ed-4efd-8c5b-00669e052884'); 
INSERT INTO usedHoliday(usedHolidayID, usedDate, usedTemplateHolidayIDFK) VALUES('80794549-3a9d-4463-97bd-53e313c3174a', '2026-06-02', '7d78b401-0378-4807-8fc5-7ed8f0b289a3'); 
INSERT INTO usedHoliday(usedHolidayID, usedDate, usedTemplateHolidayIDFK) VALUES('8e693f22-0bf7-4b01-a6be-182143989a88', '2026-04-30', 'b6753750-75e3-46cb-9e1e-a46dccce4232'); 
INSERT INTO usedHoliday(usedHolidayID, usedDate, usedTemplateHolidayIDFK) VALUES('26b5377d-728b-4086-8e77-d04a645eb3a3', '1917-02-05', '3ee4094f-e1d4-45f9-9f06-4a35abbf7dd8'); 
INSERT INTO usedHoliday(usedHolidayID, usedDate, usedTemplateHolidayIDFK) VALUES('9b6cbf01-2ad7-426e-afbd-f650911c06c9', '2026-10-01', '0ee18214-5651-46b7-ab02-ebc7a0580a1e'); 
INSERT INTO usedHoliday(usedHolidayID, usedDate, usedTemplateHolidayIDFK) VALUES('54f9fea2-70cf-4cd5-ad9f-78ae5d131a1c', '2026-01-02', '4b16d4be-18ea-452e-9900-ac7656ba58d8'); 
INSERT INTO usedHoliday(usedHolidayID, usedDate, usedTemplateHolidayIDFK) VALUES('f337b262-f4a9-4386-85b9-4f5f31a35830', '2026-05-10', '4a0ad241-a139-47e0-ac44-af0cbb461cd4'); 
INSERT INTO usedHoliday(usedHolidayID, usedDate, usedTemplateHolidayIDFK) VALUES('ff329e2c-d116-4a2f-aaf4-4b3f393f76eb', '1910-11-20', '4b16d4be-18ea-452e-9900-ac7656ba58d8'); 
INSERT INTO usedHoliday(usedHolidayID, usedDate, usedTemplateHolidayIDFK) VALUES('9454f15a-0d40-493f-a311-6f28da6e5a78', '2026-04-07', '4a0ad241-a139-47e0-ac44-af0cbb461cd4'); 
INSERT INTO usedHoliday(usedHolidayID, usedDate, usedTemplateHolidayIDFK) VALUES('8f755bb9-69a6-48a2-a56e-8e87d922dbca', '2026-12-25', '7d78b401-0378-4807-8fc5-7ed8f0b289a3'); 
INSERT INTO usedHoliday(usedHolidayID, usedDate, usedTemplateHolidayIDFK) VALUES('0a3528ed-4797-4621-8570-9a9f9c2914f7', '2026-06-16', '0ee18214-5651-46b7-ab02-ebc7a0580a1e'); 
INSERT INTO usedHoliday(usedHolidayID, usedDate, usedTemplateHolidayIDFK) VALUES('9eda2083-48ae-4a22-91e6-ec4dcff783f7', '1934-02-24', '408b394a-8423-4387-8411-c1b5a4de6d02'); 
INSERT INTO usedHoliday(usedHolidayID, usedDate, usedTemplateHolidayIDFK) VALUES('8efaeb93-6b85-4207-ae47-ff90c59d6ae5', '2026-02-19', '65af7d3e-cfe2-4245-848a-c47604174d77'); 
INSERT INTO usedHoliday(usedHolidayID, usedDate, usedTemplateHolidayIDFK) VALUES('942bd565-11c1-42e0-b835-d79dff6597eb', '2026-03-08', '0ee18214-5651-46b7-ab02-ebc7a0580a1e'); 
INSERT INTO usedHoliday(usedHolidayID, usedDate, usedTemplateHolidayIDFK) VALUES('702a0a1f-7109-4f36-a61a-1cc6cdb0f1a2', '2026-04-02', '65af7d3e-cfe2-4245-848a-c47604174d77'); 
INSERT INTO usedHoliday(usedHolidayID, usedDate, usedTemplateHolidayIDFK) VALUES('63c7e21c-fdb9-49fc-9e50-e7165358415d', '2026-04-02', '3ee4094f-e1d4-45f9-9f06-4a35abbf7dd8'); 
INSERT INTO usedHoliday(usedHolidayID, usedDate, usedTemplateHolidayIDFK) VALUES('6626e90c-4005-420d-b5c4-afcac61391a9', '2026-10-12', '53d77332-ddbd-4788-bce5-6074bc265b90'); 
INSERT INTO usedHoliday(usedHolidayID, usedDate, usedTemplateHolidayIDFK) VALUES('62e88b81-3872-478b-8ad8-e8418b4e6874', '2026-10-01', 'b6753750-75e3-46cb-9e1e-a46dccce4232'); 
INSERT INTO usedHoliday(usedHolidayID, usedDate, usedTemplateHolidayIDFK) VALUES('792db62e-f165-48b7-b889-60a718c38fa3', '2026-02-14', '7d78b401-0378-4807-8fc5-7ed8f0b289a3'); 

INSERT INTO privilege(privilegeID, title, summary) values('44c815db-53e0-443c-a13f-8a89b3e5322c', 'Colaborador consulta ausencias', 'Colaborador consulta ausencias'); 
INSERT INTO privilege(privilegeID, title, summary) values('12e85a03-4d52-4ac6-9b1b-6df3defd9622', 'Colaborador consulta calendario', 'Colaborador consulta calendario'); 
INSERT INTO privilege(privilegeID, title, summary) values('c5acfd18-8cb1-44ad-b0df-37a3c469cfd6', 'Colaborador consulta días feriados', 'Colaborador consulta días feriados'); 
INSERT INTO privilege(privilegeID, title, summary) values('5129d99e-7b93-4457-aed2-4a8ccfe1ae94', 'Colaborador consulta falta administrativa', 'Colaborador consulta falta administrativa'); 
INSERT INTO privilege(privilegeID, title, summary) values('8dacac19-5d01-464e-a0fd-f1a466c17ab7', 'Colaborador consulta perfil', 'Colaborador consulta perfil'); 
INSERT INTO privilege(privilegeID, title, summary) values('ea535666-e6ba-4d95-8c07-215be8d0ef75', 'Colaborador consulta sesión del One-On-One', 'Colaborador consulta sesión del One-On-One'); 
INSERT INTO privilege(privilegeID, title, summary) values('7c9c8ed9-9d55-477d-9219-21b9da9b70c4', 'Colaborador consulta solicitudes de vacaciones', 'Colaborador consulta solicitudes de vacaciones'); 
INSERT INTO privilege(privilegeID, title, summary) values('eec62ad4-81e7-490d-af8b-69d75b584dd7', 'Colaborador elimina solicitud de vacaciones', 'Colaborador elimina solicitud de vacaciones'); 
INSERT INTO privilege(privilegeID, title, summary) values('f4dbb091-30d8-4e83-b12f-3ccbcaac8fb8', 'Colaborador modifica contraseña temporal', 'Colaborador modifica contraseña temporal'); 
INSERT INTO privilege(privilegeID, title, summary) values('73ba8df4-a1f6-4190-816a-68dcc3b5b3b7', 'Colaborador modifica solicitud de vacaciones', 'Colaborador modifica solicitud de vacaciones'); 
INSERT INTO privilege(privilegeID, title, summary) values('906449c1-3c57-442d-8780-f8512c870a9f', 'Colaborador registra ausencia', 'Colaborador registra ausencia'); 
INSERT INTO privilege(privilegeID, title, summary) values('419793e3-8d95-430f-bfdb-ebc2909f7a21', 'Colaborador registra inicio de sesión', 'Colaborador registra inicio de sesión'); 
INSERT INTO privilege(privilegeID, title, summary) values('03c3e23f-1a26-4ca1-a664-f3d2ebfd722d', 'Colaborador registra solicitud de vacaciones', 'Colaborador registra solicitud de vacaciones'); 
INSERT INTO privilege(privilegeID, title, summary) values('94051021-9a83-409a-9f1c-5cefbbd610be', 'Líder consulta ausencias de colaborador', 'Líder consulta ausencias de colaborador'); 
INSERT INTO privilege(privilegeID, title, summary) values('99f2fdb4-1869-45be-8d48-91b84503e5d9', 'Líder consulta colaboradores en su departamento', 'Líder consulta colaboradores en su departamento'); 
INSERT INTO privilege(privilegeID, title, summary) values('08f5fba3-792b-4dd8-8799-c70270d8c009', 'Líder consulta perfil de colaboradores', 'Líder consulta perfil de colaboradores'); 
INSERT INTO privilege(privilegeID, title, summary) values('cabdbde3-2613-41f3-9b32-aca135917a3e', 'Líder consulta solicitudes de vacaciones de colaborador', 'Líder consulta solicitudes de vacaciones de colaborador'); 
INSERT INTO privilege(privilegeID, title, summary) values('8775e100-a11e-48e8-b79f-eb2777ab3142', 'Líder registra respuesta hacia ausencia de colaborador', 'Líder registra respuesta hacia ausencia de colaborador'); 
INSERT INTO privilege(privilegeID, title, summary) values('69ee258f-01c6-435d-b92f-fe2ec0786c47', 'Líder registra respuesta hacia solicitud de vacaciones de colaborador', 'Líder registra respuesta hacia solicitud de vacaciones de colaborador'); 
INSERT INTO privilege(privilegeID, title, summary) values('ee4d478f-6b1f-4723-bf62-4a360e7b7877', 'Superadmin consulta ausencias de empleado', 'Superadmin consulta ausencias de empleado'); 
INSERT INTO privilege(privilegeID, title, summary) values('6a9d066b-6489-485d-b8c6-8b793ff8c02d', 'Superadmin consulta empleados', 'Superadmin consulta empleados'); 
INSERT INTO privilege(privilegeID, title, summary) values('4508bcb1-2733-44e6-961e-1da49a951b04', 'Superadmin consulta sesión de One-On-One', 'Superadmin consulta sesión de One-On-One'); 
INSERT INTO privilege(privilegeID, title, summary) values('33216f97-ab38-4463-be7f-dc3d779d6abd', 'Superadmin consulta solicitudes de vacaciones de empleado', 'Superadmin consulta solicitudes de vacaciones de empleado'); 
INSERT INTO privilege(privilegeID, title, summary) values('a5266ecc-5a42-43f0-a0d0-94fa65affe98', 'Superadmin consultar reporte de rotación de empleos mensual', 'Superadmin consultar reporte de rotación de empleos mensual'); 
INSERT INTO privilege(privilegeID, title, summary) values('d06e2f7b-a623-4fa4-a3bb-e21a584cd7fd', 'Superadmin elimina departamento', 'Superadmin elimina departamento'); 
INSERT INTO privilege(privilegeID, title, summary) values('7345cacd-877d-4de8-8d51-e2b200e14bd0', 'Superadmin elimina día feriado', 'Superadmin elimina día feriado'); 
INSERT INTO privilege(privilegeID, title, summary) values('4f7a4cf5-9e2b-4941-a67b-5b3fc8333c3b', 'Superadmin elimina falta administrativa', 'Superadmin elimina falta administrativa'); 
INSERT INTO privilege(privilegeID, title, summary) values('78060800-83c5-48d0-96ca-8316abcee6fa', 'Superadmin modifica datos de empleado', 'Superadmin modifica datos de empleado'); 
INSERT INTO privilege(privilegeID, title, summary) values('4832efe6-5d89-4744-8483-83ccb6bf072e', 'Superadmin modifica departamento', 'Superadmin modifica departamento'); 
INSERT INTO privilege(privilegeID, title, summary) values('c60f2e49-d416-4aea-a19d-008c6be787b3', 'Superadmin modifica día feriado', 'Superadmin modifica día feriado'); 
INSERT INTO privilege(privilegeID, title, summary) values('19769a77-ffc1-4b04-843e-d0fafdd829c3', 'Superadmin modifica falta administrativa', 'Superadmin modifica falta administrativa'); 
INSERT INTO privilege(privilegeID, title, summary) values('e7570dbc-6e27-464f-84a7-db2f8e62e2a7', 'Superadmin registra alta de empleado', 'Superadmin registra alta de empleado'); 
INSERT INTO privilege(privilegeID, title, summary) values('d97c1ed8-3ed9-4c82-97ad-7d1585a6d86c', 'Superadmin registra baja de empleado', 'Superadmin registra baja de empleado'); 
INSERT INTO privilege(privilegeID, title, summary) values('fde5286b-0ccf-4ad0-b696-ff04f8e2abd1', 'Superadmin registra datos del One-On-One', 'Superadmin registra datos del One-On-One'); 
INSERT INTO privilege(privilegeID, title, summary) values('5ecaaa9c-a386-4fbb-b39c-d0b842a8253f', 'Superadmin registra departamento', 'Superadmin registra departamento'); 
INSERT INTO privilege(privilegeID, title, summary) values('8e4dab9a-1c65-4b92-bb6a-96f44c42c5ab', 'Superadmin registra día feriado', 'Superadmin registra día feriado'); 
INSERT INTO privilege(privilegeID, title, summary) values('0c6f47af-f666-4a29-823a-e244e3078471', 'Superadmin registra falta administrativa', 'Superadmin registra falta administrativa'); 
INSERT INTO privilege(privilegeID, title, summary) values('542f0b71-9476-4390-a19a-842ddc49d8e8', 'Superadmin registra evidencia de falta', 'Superadmin registra evidencia de falta'); 
INSERT INTO privilege(privilegeID, title, summary) values('b92097af-8602-4889-bcba-cd1fc1519016', 'Superadmin registra fecha prevista de One-On-One', 'Superadmin registra fecha prevista de One-On-One'); 
INSERT INTO privilege(privilegeID, title, summary) values('809c8715-128a-45f3-a429-210072f9e82b', 'Superadmin registra respuesta hacia ausencia de empleado', 'Superadmin registra respuesta hacia ausencia de empleado'); 
INSERT INTO privilege(privilegeID, title, summary) values('1980daa0-82b3-49be-adf6-de2f486e45c8', 'Superadmin registra respuesta hacia solicitud de vacaciones de empleado', 'Superadmin registra respuesta hacia solicitud de vacaciones de empleado'); 
INSERT INTO role(roleID, title) values('0accdd1d-5682-407b-ab31-7b1e2b644944', 'Colaborator'); 
INSERT INTO role(roleID, title) values('e424e466-d70d-4444-8402-734c71b8147b', 'Department Leader'); 
INSERT INTO role(roleID, title) values('84f298db-74a9-4620-9ad1-3e0535874a19', 'Human Resources'); 
INSERT INTO rolePrivilege(roleIDFK, privilegeIDFK) values('0accdd1d-5682-407b-ab31-7b1e2b644944', '44c815db-53e0-443c-a13f-8a89b3e5322c'); 
INSERT INTO rolePrivilege(roleIDFK, privilegeIDFK) values('0accdd1d-5682-407b-ab31-7b1e2b644944', '12e85a03-4d52-4ac6-9b1b-6df3defd9622'); 
INSERT INTO rolePrivilege(roleIDFK, privilegeIDFK) values('0accdd1d-5682-407b-ab31-7b1e2b644944', 'c5acfd18-8cb1-44ad-b0df-37a3c469cfd6'); 
INSERT INTO rolePrivilege(roleIDFK, privilegeIDFK) values('0accdd1d-5682-407b-ab31-7b1e2b644944', '5129d99e-7b93-4457-aed2-4a8ccfe1ae94'); 
INSERT INTO rolePrivilege(roleIDFK, privilegeIDFK) values('0accdd1d-5682-407b-ab31-7b1e2b644944', '8dacac19-5d01-464e-a0fd-f1a466c17ab7'); 
INSERT INTO rolePrivilege(roleIDFK, privilegeIDFK) values('0accdd1d-5682-407b-ab31-7b1e2b644944', 'ea535666-e6ba-4d95-8c07-215be8d0ef75'); 
INSERT INTO rolePrivilege(roleIDFK, privilegeIDFK) values('0accdd1d-5682-407b-ab31-7b1e2b644944', '7c9c8ed9-9d55-477d-9219-21b9da9b70c4'); 
INSERT INTO rolePrivilege(roleIDFK, privilegeIDFK) values('0accdd1d-5682-407b-ab31-7b1e2b644944', 'eec62ad4-81e7-490d-af8b-69d75b584dd7'); 
INSERT INTO rolePrivilege(roleIDFK, privilegeIDFK) values('0accdd1d-5682-407b-ab31-7b1e2b644944', 'f4dbb091-30d8-4e83-b12f-3ccbcaac8fb8'); 
INSERT INTO rolePrivilege(roleIDFK, privilegeIDFK) values('0accdd1d-5682-407b-ab31-7b1e2b644944', '73ba8df4-a1f6-4190-816a-68dcc3b5b3b7'); 
INSERT INTO rolePrivilege(roleIDFK, privilegeIDFK) values('0accdd1d-5682-407b-ab31-7b1e2b644944', '906449c1-3c57-442d-8780-f8512c870a9f'); 
INSERT INTO rolePrivilege(roleIDFK, privilegeIDFK) values('0accdd1d-5682-407b-ab31-7b1e2b644944', '419793e3-8d95-430f-bfdb-ebc2909f7a21'); 
INSERT INTO rolePrivilege(roleIDFK, privilegeIDFK) values('0accdd1d-5682-407b-ab31-7b1e2b644944', '03c3e23f-1a26-4ca1-a664-f3d2ebfd722d'); 
INSERT INTO rolePrivilege(roleIDFK, privilegeIDFK) values('e424e466-d70d-4444-8402-734c71b8147b', '44c815db-53e0-443c-a13f-8a89b3e5322c'); 
INSERT INTO rolePrivilege(roleIDFK, privilegeIDFK) values('e424e466-d70d-4444-8402-734c71b8147b', '12e85a03-4d52-4ac6-9b1b-6df3defd9622'); 
INSERT INTO rolePrivilege(roleIDFK, privilegeIDFK) values('e424e466-d70d-4444-8402-734c71b8147b', 'c5acfd18-8cb1-44ad-b0df-37a3c469cfd6'); 
INSERT INTO rolePrivilege(roleIDFK, privilegeIDFK) values('e424e466-d70d-4444-8402-734c71b8147b', '5129d99e-7b93-4457-aed2-4a8ccfe1ae94'); 
INSERT INTO rolePrivilege(roleIDFK, privilegeIDFK) values('e424e466-d70d-4444-8402-734c71b8147b', '8dacac19-5d01-464e-a0fd-f1a466c17ab7'); 
INSERT INTO rolePrivilege(roleIDFK, privilegeIDFK) values('e424e466-d70d-4444-8402-734c71b8147b', 'ea535666-e6ba-4d95-8c07-215be8d0ef75'); 
INSERT INTO rolePrivilege(roleIDFK, privilegeIDFK) values('e424e466-d70d-4444-8402-734c71b8147b', '7c9c8ed9-9d55-477d-9219-21b9da9b70c4'); 
INSERT INTO rolePrivilege(roleIDFK, privilegeIDFK) values('e424e466-d70d-4444-8402-734c71b8147b', 'eec62ad4-81e7-490d-af8b-69d75b584dd7'); 
INSERT INTO rolePrivilege(roleIDFK, privilegeIDFK) values('e424e466-d70d-4444-8402-734c71b8147b', 'f4dbb091-30d8-4e83-b12f-3ccbcaac8fb8'); 
INSERT INTO rolePrivilege(roleIDFK, privilegeIDFK) values('e424e466-d70d-4444-8402-734c71b8147b', '73ba8df4-a1f6-4190-816a-68dcc3b5b3b7'); 
INSERT INTO rolePrivilege(roleIDFK, privilegeIDFK) values('e424e466-d70d-4444-8402-734c71b8147b', '906449c1-3c57-442d-8780-f8512c870a9f'); 
INSERT INTO rolePrivilege(roleIDFK, privilegeIDFK) values('e424e466-d70d-4444-8402-734c71b8147b', '419793e3-8d95-430f-bfdb-ebc2909f7a21'); 
INSERT INTO rolePrivilege(roleIDFK, privilegeIDFK) values('e424e466-d70d-4444-8402-734c71b8147b', '03c3e23f-1a26-4ca1-a664-f3d2ebfd722d'); 
INSERT INTO rolePrivilege(roleIDFK, privilegeIDFK) values('e424e466-d70d-4444-8402-734c71b8147b', '94051021-9a83-409a-9f1c-5cefbbd610be'); 
INSERT INTO rolePrivilege(roleIDFK, privilegeIDFK) values('e424e466-d70d-4444-8402-734c71b8147b', '99f2fdb4-1869-45be-8d48-91b84503e5d9'); 
INSERT INTO rolePrivilege(roleIDFK, privilegeIDFK) values('e424e466-d70d-4444-8402-734c71b8147b', '08f5fba3-792b-4dd8-8799-c70270d8c009'); 
INSERT INTO rolePrivilege(roleIDFK, privilegeIDFK) values('e424e466-d70d-4444-8402-734c71b8147b', 'cabdbde3-2613-41f3-9b32-aca135917a3e'); 
INSERT INTO rolePrivilege(roleIDFK, privilegeIDFK) values('e424e466-d70d-4444-8402-734c71b8147b', '8775e100-a11e-48e8-b79f-eb2777ab3142'); 
INSERT INTO rolePrivilege(roleIDFK, privilegeIDFK) values('e424e466-d70d-4444-8402-734c71b8147b', '69ee258f-01c6-435d-b92f-fe2ec0786c47'); 
INSERT INTO rolePrivilege(roleIDFK, privilegeIDFK) values('84f298db-74a9-4620-9ad1-3e0535874a19', '44c815db-53e0-443c-a13f-8a89b3e5322c'); 
INSERT INTO rolePrivilege(roleIDFK, privilegeIDFK) values('84f298db-74a9-4620-9ad1-3e0535874a19', '12e85a03-4d52-4ac6-9b1b-6df3defd9622'); 
INSERT INTO rolePrivilege(roleIDFK, privilegeIDFK) values('84f298db-74a9-4620-9ad1-3e0535874a19', 'c5acfd18-8cb1-44ad-b0df-37a3c469cfd6'); 
INSERT INTO rolePrivilege(roleIDFK, privilegeIDFK) values('84f298db-74a9-4620-9ad1-3e0535874a19', '5129d99e-7b93-4457-aed2-4a8ccfe1ae94'); 
INSERT INTO rolePrivilege(roleIDFK, privilegeIDFK) values('84f298db-74a9-4620-9ad1-3e0535874a19', '8dacac19-5d01-464e-a0fd-f1a466c17ab7'); 
INSERT INTO rolePrivilege(roleIDFK, privilegeIDFK) values('84f298db-74a9-4620-9ad1-3e0535874a19', 'ea535666-e6ba-4d95-8c07-215be8d0ef75'); 
INSERT INTO rolePrivilege(roleIDFK, privilegeIDFK) values('84f298db-74a9-4620-9ad1-3e0535874a19', '7c9c8ed9-9d55-477d-9219-21b9da9b70c4'); 
INSERT INTO rolePrivilege(roleIDFK, privilegeIDFK) values('84f298db-74a9-4620-9ad1-3e0535874a19', 'eec62ad4-81e7-490d-af8b-69d75b584dd7'); 
INSERT INTO rolePrivilege(roleIDFK, privilegeIDFK) values('84f298db-74a9-4620-9ad1-3e0535874a19', 'f4dbb091-30d8-4e83-b12f-3ccbcaac8fb8'); 
INSERT INTO rolePrivilege(roleIDFK, privilegeIDFK) values('84f298db-74a9-4620-9ad1-3e0535874a19', '73ba8df4-a1f6-4190-816a-68dcc3b5b3b7'); 
INSERT INTO rolePrivilege(roleIDFK, privilegeIDFK) values('84f298db-74a9-4620-9ad1-3e0535874a19', '906449c1-3c57-442d-8780-f8512c870a9f'); 
INSERT INTO rolePrivilege(roleIDFK, privilegeIDFK) values('84f298db-74a9-4620-9ad1-3e0535874a19', '419793e3-8d95-430f-bfdb-ebc2909f7a21'); 
INSERT INTO rolePrivilege(roleIDFK, privilegeIDFK) values('84f298db-74a9-4620-9ad1-3e0535874a19', '03c3e23f-1a26-4ca1-a664-f3d2ebfd722d'); 
INSERT INTO rolePrivilege(roleIDFK, privilegeIDFK) values('84f298db-74a9-4620-9ad1-3e0535874a19', '94051021-9a83-409a-9f1c-5cefbbd610be'); 
INSERT INTO rolePrivilege(roleIDFK, privilegeIDFK) values('84f298db-74a9-4620-9ad1-3e0535874a19', '99f2fdb4-1869-45be-8d48-91b84503e5d9'); 
INSERT INTO rolePrivilege(roleIDFK, privilegeIDFK) values('84f298db-74a9-4620-9ad1-3e0535874a19', '08f5fba3-792b-4dd8-8799-c70270d8c009'); 
INSERT INTO rolePrivilege(roleIDFK, privilegeIDFK) values('84f298db-74a9-4620-9ad1-3e0535874a19', 'cabdbde3-2613-41f3-9b32-aca135917a3e'); 
INSERT INTO rolePrivilege(roleIDFK, privilegeIDFK) values('84f298db-74a9-4620-9ad1-3e0535874a19', '8775e100-a11e-48e8-b79f-eb2777ab3142'); 
INSERT INTO rolePrivilege(roleIDFK, privilegeIDFK) values('84f298db-74a9-4620-9ad1-3e0535874a19', '69ee258f-01c6-435d-b92f-fe2ec0786c47'); 
INSERT INTO rolePrivilege(roleIDFK, privilegeIDFK) values('84f298db-74a9-4620-9ad1-3e0535874a19', 'ee4d478f-6b1f-4723-bf62-4a360e7b7877'); 
INSERT INTO rolePrivilege(roleIDFK, privilegeIDFK) values('84f298db-74a9-4620-9ad1-3e0535874a19', '6a9d066b-6489-485d-b8c6-8b793ff8c02d'); 
INSERT INTO rolePrivilege(roleIDFK, privilegeIDFK) values('84f298db-74a9-4620-9ad1-3e0535874a19', '4508bcb1-2733-44e6-961e-1da49a951b04'); 
INSERT INTO rolePrivilege(roleIDFK, privilegeIDFK) values('84f298db-74a9-4620-9ad1-3e0535874a19', '33216f97-ab38-4463-be7f-dc3d779d6abd'); 
INSERT INTO rolePrivilege(roleIDFK, privilegeIDFK) values('84f298db-74a9-4620-9ad1-3e0535874a19', 'a5266ecc-5a42-43f0-a0d0-94fa65affe98'); 
INSERT INTO rolePrivilege(roleIDFK, privilegeIDFK) values('84f298db-74a9-4620-9ad1-3e0535874a19', 'd06e2f7b-a623-4fa4-a3bb-e21a584cd7fd'); 
INSERT INTO rolePrivilege(roleIDFK, privilegeIDFK) values('84f298db-74a9-4620-9ad1-3e0535874a19', '7345cacd-877d-4de8-8d51-e2b200e14bd0'); 
INSERT INTO rolePrivilege(roleIDFK, privilegeIDFK) values('84f298db-74a9-4620-9ad1-3e0535874a19', '4f7a4cf5-9e2b-4941-a67b-5b3fc8333c3b'); 
INSERT INTO rolePrivilege(roleIDFK, privilegeIDFK) values('84f298db-74a9-4620-9ad1-3e0535874a19', '78060800-83c5-48d0-96ca-8316abcee6fa'); 
INSERT INTO rolePrivilege(roleIDFK, privilegeIDFK) values('84f298db-74a9-4620-9ad1-3e0535874a19', '4832efe6-5d89-4744-8483-83ccb6bf072e'); 
INSERT INTO rolePrivilege(roleIDFK, privilegeIDFK) values('84f298db-74a9-4620-9ad1-3e0535874a19', 'c60f2e49-d416-4aea-a19d-008c6be787b3'); 
INSERT INTO rolePrivilege(roleIDFK, privilegeIDFK) values('84f298db-74a9-4620-9ad1-3e0535874a19', '19769a77-ffc1-4b04-843e-d0fafdd829c3'); 
INSERT INTO rolePrivilege(roleIDFK, privilegeIDFK) values('84f298db-74a9-4620-9ad1-3e0535874a19', 'e7570dbc-6e27-464f-84a7-db2f8e62e2a7'); 
INSERT INTO rolePrivilege(roleIDFK, privilegeIDFK) values('84f298db-74a9-4620-9ad1-3e0535874a19', 'd97c1ed8-3ed9-4c82-97ad-7d1585a6d86c'); 
INSERT INTO rolePrivilege(roleIDFK, privilegeIDFK) values('84f298db-74a9-4620-9ad1-3e0535874a19', 'fde5286b-0ccf-4ad0-b696-ff04f8e2abd1'); 
INSERT INTO rolePrivilege(roleIDFK, privilegeIDFK) values('84f298db-74a9-4620-9ad1-3e0535874a19', '5ecaaa9c-a386-4fbb-b39c-d0b842a8253f'); 
INSERT INTO rolePrivilege(roleIDFK, privilegeIDFK) values('84f298db-74a9-4620-9ad1-3e0535874a19', '8e4dab9a-1c65-4b92-bb6a-96f44c42c5ab'); 
INSERT INTO rolePrivilege(roleIDFK, privilegeIDFK) values('84f298db-74a9-4620-9ad1-3e0535874a19', '0c6f47af-f666-4a29-823a-e244e3078471'); 
INSERT INTO rolePrivilege(roleIDFK, privilegeIDFK) values('84f298db-74a9-4620-9ad1-3e0535874a19', '542f0b71-9476-4390-a19a-842ddc49d8e8'); 
INSERT INTO rolePrivilege(roleIDFK, privilegeIDFK) values('84f298db-74a9-4620-9ad1-3e0535874a19', 'b92097af-8602-4889-bcba-cd1fc1519016'); 
INSERT INTO rolePrivilege(roleIDFK, privilegeIDFK) values('84f298db-74a9-4620-9ad1-3e0535874a19', '809c8715-128a-45f3-a429-210072f9e82b'); 
INSERT INTO rolePrivilege(roleIDFK, privilegeIDFK) values('84f298db-74a9-4620-9ad1-3e0535874a19', '1980daa0-82b3-49be-adf6-de2f486e45c8'); 

INSERT INTO country(countryID, title) values('ab2e7f82-3ca4-4740-a63a-8c17f3a09377', 'Mexico'); 
INSERT INTO country(countryID, title) values('922b5207-d4a8-47af-ba65-b4afecfec998', 'United States'); 
INSERT INTO country(countryID, title) values('2d481a69-ece1-4993-9c35-aa0fd53d8668', 'Colombia'); 
INSERT INTO country(countryID, title) values('69d96f3d-8196-4cfb-bba1-abe79f747fcc', 'Argentina'); 

INSERT INTO enterprise(enterpriseID, title) values('9a35a97b-de3c-4713-a6a6-e9242d518d06', 'Oracle'); 
INSERT INTO enterprise(enterpriseID, title) values('ca8756b7-8351-482e-b8f7-a2b8c45e52f9', 'Oracle'); 
INSERT INTO enterprise(enterpriseID, title) values('cdd84365-eb2a-4bd4-8e38-25db3ee5a5c6', 'Amazon'); 
INSERT INTO enterprise(enterpriseID, title) values('5c498cb4-77c5-4c19-bd70-77cf697f9c41', 'Intel'); 
INSERT INTO enterprise(enterpriseID, title) values('012dec0d-013a-4527-9584-0cbb4a481793', 'AMD'); 
INSERT INTO enterprise(enterpriseID, title) values('cc0a9978-2316-489a-a551-198293dc83c0', 'Oracle'); 
INSERT INTO enterprise(enterpriseID, title) values('90c103d6-e818-4af5-93a4-3deb3711b741', 'Open IA'); 

INSERT INTO department(departmentID, enterpriseIDFK, title) values('64c117fe-a768-4829-bbf4-acbbbc3d7dbf', 'cdd84365-eb2a-4bd4-8e38-25db3ee5a5c6', 'Atencion al cliene'); 
INSERT INTO department(departmentID, enterpriseIDFK, title) values('d86d5aab-1197-4648-a94d-89547ced1593', '90c103d6-e818-4af5-93a4-3deb3711b741', 'Marketing'); 
INSERT INTO department(departmentID, enterpriseIDFK, title) values('fc03e5f7-f792-43b4-8f30-73e2954b4ff0', '9a35a97b-de3c-4713-a6a6-e9242d518d06', 'RRHH'); 
INSERT INTO department(departmentID, enterpriseIDFK, title) values('878da830-db31-4457-9e9a-eb0956e70d3c', '5c498cb4-77c5-4c19-bd70-77cf697f9c41', 'Ventas'); 
INSERT INTO department(departmentID, enterpriseIDFK, title) values('ce91b89d-c12c-4f57-b7ce-476e2ecefcd6', '012dec0d-013a-4527-9584-0cbb4a481793', 'RRHH'); 
INSERT INTO department(departmentID, enterpriseIDFK, title) values('07832e25-1d19-4e74-803b-b0df407e70f8', '90c103d6-e818-4af5-93a4-3deb3711b741', 'Atencion al cliene'); 
INSERT INTO department(departmentID, enterpriseIDFK, title) values('249a899c-68d0-4a96-9e06-6c9ddd73210c', '012dec0d-013a-4527-9584-0cbb4a481793', 'Ventas'); 
INSERT INTO department(departmentID, enterpriseIDFK, title) values('25c6b226-0262-4542-a075-3afba75f9530', '5c498cb4-77c5-4c19-bd70-77cf697f9c41', 'Marketing'); 
INSERT INTO department(departmentID, enterpriseIDFK, title) values('0005939f-0cff-4ce9-b25d-f50a9c1bd14e', '9a35a97b-de3c-4713-a6a6-e9242d518d06', 'Finanzas'); 
INSERT INTO department(departmentID, enterpriseIDFK, title) values('b1461591-bb4f-4d63-ae22-93a92094afb3', '9a35a97b-de3c-4713-a6a6-e9242d518d06', 'Legal'); 
INSERT INTO department(departmentID, enterpriseIDFK, title) values('b36fa425-cd9a-4069-b501-b7f6d4683ce9', '012dec0d-013a-4527-9584-0cbb4a481793', 'Producción'); 
INSERT INTO department(departmentID, enterpriseIDFK, title) values('38875ae7-a9ee-40c9-823f-7db5fa30249f', '5c498cb4-77c5-4c19-bd70-77cf697f9c41', 'Atencion al cliene'); 
INSERT INTO department(departmentID, enterpriseIDFK, title) values('39855aee-8612-445a-ba20-4374177cfb72', 'ca8756b7-8351-482e-b8f7-a2b8c45e52f9', 'Logística'); 
INSERT INTO department(departmentID, enterpriseIDFK, title) values('60f36ee2-33eb-472d-9bbb-cc71ad05f607', '90c103d6-e818-4af5-93a4-3deb3711b741', 'TI'); 
INSERT INTO department(departmentID, enterpriseIDFK, title) values('19d7d794-f71b-480f-9704-81faa9e1ed17', 'ca8756b7-8351-482e-b8f7-a2b8c45e52f9', 'Logística'); 
INSERT INTO department(departmentID, enterpriseIDFK, title) values('035a4e1e-151a-4fc2-a086-ca1303e3ebda', 'ca8756b7-8351-482e-b8f7-a2b8c45e52f9', 'Producción'); 
INSERT INTO department(departmentID, enterpriseIDFK, title) values('f580f18c-8472-462d-9374-4416944770e2', '5c498cb4-77c5-4c19-bd70-77cf697f9c41', 'Producción'); 
INSERT INTO department(departmentID, enterpriseIDFK, title) values('fdf5481d-7b12-407e-b61b-596dfe4eedef', '5c498cb4-77c5-4c19-bd70-77cf697f9c41', 'TI'); 
INSERT INTO department(departmentID, enterpriseIDFK, title) values('62619eb5-d5e3-4c6a-aa3c-4c90c249860b', 'cdd84365-eb2a-4bd4-8e38-25db3ee5a5c6', 'Marketing'); 
INSERT INTO department(departmentID, enterpriseIDFK, title) values('1d978013-b2d9-41b0-a76e-a002e002647e', 'ca8756b7-8351-482e-b8f7-a2b8c45e52f9', 'TI'); 
INSERT INTO department(departmentID, enterpriseIDFK, title) values('6183a38c-c0f0-4c82-b9a2-8da0a4ab3724', '012dec0d-013a-4527-9584-0cbb4a481793', 'TI'); 
INSERT INTO department(departmentID, enterpriseIDFK, title) values('fd3f9a24-ae3a-478e-bc8b-0cf3c46e7768', '9a35a97b-de3c-4713-a6a6-e9242d518d06', 'Ventas'); 
INSERT INTO department(departmentID, enterpriseIDFK, title) values('5816b991-b947-415d-b268-81b0527ef0ec', '90c103d6-e818-4af5-93a4-3deb3711b741', 'RRHH'); 
INSERT INTO department(departmentID, enterpriseIDFK, title) values('26c92c62-5438-4519-a6cc-81a003d9b7bd', '9a35a97b-de3c-4713-a6a6-e9242d518d06', 'Legal'); 
INSERT INTO department(departmentID, enterpriseIDFK, title) values('049ccdf6-044e-4656-8c96-426e34683860', 'cdd84365-eb2a-4bd4-8e38-25db3ee5a5c6', 'Legal'); 

INSERT INTO user(userID, curp, rfc, birthName, surname, mail, passwd, passwdFlag, zipCode, houseNumber, streetName, colony, workModality, workStatus, userRoleIDFK, countryUserIDFK) VALUES('c525c8b3-096b-4022-b7a4-9b4ec5ad448c', 'MAFB279HZSAFS30', 'MAFB279HZSY4', 'Beatriz', 'Martínez Fernández', 'fsaahebu@yahoo.com', 'tbvrfhnau', FALSE, 84712, '504.C', 'Calle 5 de Febrero', 'Colonia Santa Fe', 1, TRUE, '84f298db-74a9-4620-9ad1-3e0535874a19', '2d481a69-ece1-4993-9c35-aa0fd53d8668');
INSERT INTO user(userID, curp, rfc, birthName, surname, mail, passwd, passwdFlag, zipCode, houseNumber, streetName, colony, workModality, workStatus, userRoleIDFK, countryUserIDFK) VALUES('77635f5c-c6aa-4b8f-ae94-14f999b27022', 'GOTA3112HTLULV46', 'GOTA3112HTC4', 'Ana', 'González Torres', 'wncojviujovu@gmail.com', 'osgyrapawe', FALSE, 92251, '796.C', 'Avenida Universidad', 'Colonia El Campanario', 2, TRUE, '0accdd1d-5682-407b-ab31-7b1e2b644944', '922b5207-d4a8-47af-ba65-b4afecfec998');
INSERT INTO user(userID, curp, rfc, birthName, surname, mail, passwd, passwdFlag, zipCode, houseNumber, streetName, colony, workModality, workStatus, userRoleIDFK, countryUserIDFK) VALUES('98b88a09-0c74-4f5a-b8c7-199ecef09809', 'RUFJ21121HNTJDE11', 'RUFJ21121HB7', 'José', 'Ruiz Fernández', 'cmghxmnlex@yahoo.com', 'nabfgbl', FALSE, 46798, '545.A', 'Calle Benito Juárez', 'Colonia El Laurel', 2, FALSE, '84f298db-74a9-4620-9ad1-3e0535874a19', '2d481a69-ece1-4993-9c35-aa0fd53d8668');
INSERT INTO user(userID, curp, rfc, birthName, surname, mail, passwd, passwdFlag, zipCode, houseNumber, streetName, colony, workModality, workStatus, userRoleIDFK, countryUserIDFK) VALUES('c7eecc09-ccd3-4b41-a4d9-808385a8c321', 'JIMP4128MSLVRO42', 'JIMP4128MSI9', 'Patricia', 'Jiménez Moreno', 'dxnctcbuc@nuclea.solutions', 'ptpickfwpjpf', TRUE, 80658, '549.A', 'Calle de la Santa Cruz', 'Colonia Emiliano Zapata', 2, FALSE, '0accdd1d-5682-407b-ab31-7b1e2b644944', '2d481a69-ece1-4993-9c35-aa0fd53d8668');
INSERT INTO user(userID, curp, rfc, birthName, surname, mail, passwd, passwdFlag, zipCode, houseNumber, streetName, colony, workModality, workStatus, userRoleIDFK, countryUserIDFK) VALUES('df874b60-7f72-4af8-9b9a-19889c2ef2e5', 'MOMP379HCMJVD52', 'MOMP379HCMF2', 'Patricia', 'Moreno Moreno', 'tjnffryq@outlook.com', 'tccnclh', TRUE, 16304, '214.A', 'Avenida Universidad', 'Colonia Santa Rosa', 1, TRUE, 'e424e466-d70d-4444-8402-734c71b8147b', '2d481a69-ece1-4993-9c35-aa0fd53d8668');
INSERT INTO user(userID, curp, rfc, birthName, surname, mail, passwd, passwdFlag, zipCode, houseNumber, streetName, colony, workModality, workStatus, userRoleIDFK, countryUserIDFK) VALUES('25d133c7-b81b-475a-987a-534340aafb70', 'MATM113HHGAUU66', 'MATM113HHGI4', 'María', 'Martínez Torres', 'qdjahelvoukof@gmail.com', 'ggmaeqdiofdjm', TRUE, 59731, '379.B', 'Calle Juárez', 'Colonia Las Águilas', 2, FALSE, 'e424e466-d70d-4444-8402-734c71b8147b', 'ab2e7f82-3ca4-4740-a63a-8c17f3a09377');
INSERT INTO user(userID, curp, rfc, birthName, surname, mail, passwd, passwdFlag, zipCode, houseNumber, streetName, colony, workModality, workStatus, userRoleIDFK, countryUserIDFK) VALUES('1828d73e-8812-4f56-9242-9f0c8cd0dfd8', 'TOHL191MYNBHG82', 'TOHL191MYNY6', 'Lucía', 'Torres Hernández', 'gkcsojlaoq@yahoo.com', 'vfdcfpgtrpa', FALSE, 88726, '542.C', 'Calle Vicente Guerrero', 'Colonia El Mirador', 0, TRUE, 'e424e466-d70d-4444-8402-734c71b8147b', 'ab2e7f82-3ca4-4740-a63a-8c17f3a09377');
INSERT INTO user(userID, curp, rfc, birthName, surname, mail, passwd, passwdFlag, zipCode, houseNumber, streetName, colony, workModality, workStatus, userRoleIDFK, countryUserIDFK) VALUES('3f3f4382-4e49-4163-b8bf-2137dc2beb88', 'HEJA1622MGTEAW67', 'HEJA1622MGS3', 'Alberto', 'Hernández Jiménez', 'pximknka@outlook.com', 'iwjhxbqwfrwmr', FALSE, 15155, '757.B', 'Avenida Madero', 'Colonia del Sol', 2, FALSE, 'e424e466-d70d-4444-8402-734c71b8147b', '69d96f3d-8196-4cfb-bba1-abe79f747fcc');
INSERT INTO user(userID, curp, rfc, birthName, surname, mail, passwd, passwdFlag, zipCode, houseNumber, streetName, colony, workModality, workStatus, userRoleIDFK, countryUserIDFK) VALUES('aab3ff2a-2329-418f-a7be-3c070dc4ac33', 'HEMP281HBCBFK28', 'HEMP281HBCY5', 'Pedro', 'Hernández Martínez', 'nvhmbldpk@yahoo.com', 'juqknwxstyxes', FALSE, 74750, '149.A', 'Calle de la Paz', 'Colonia Santa Fe', 1, TRUE, '84f298db-74a9-4620-9ad1-3e0535874a19', '69d96f3d-8196-4cfb-bba1-abe79f747fcc');
INSERT INTO user(userID, curp, rfc, birthName, surname, mail, passwd, passwdFlag, zipCode, houseNumber, streetName, colony, workModality, workStatus, userRoleIDFK, countryUserIDFK) VALUES('3f438459-6cc4-4876-b576-646ed257b056', 'MOMD141HOCNFJ40', 'MOMD141HOCV8', 'David', 'Moreno Moreno', 'phyvxfcs@nuclea.solutions', 'iywdisddrrk', TRUE, 48384, '338.A', 'Calle de la Amistad', 'Colonia Los Ángeles', 1, TRUE, 'e424e466-d70d-4444-8402-734c71b8147b', '2d481a69-ece1-4993-9c35-aa0fd53d8668');
INSERT INTO user(userID, curp, rfc, birthName, surname, mail, passwd, passwdFlag, zipCode, houseNumber, streetName, colony, workModality, workStatus, userRoleIDFK, countryUserIDFK) VALUES('3baffa12-6c37-4fab-9c02-4985018b3473', 'ROHR2414MMSFQN36', 'ROHR2414MMU6', 'Roberto', 'Rodríguez Hernández', 'gvfivmro@gmail.com', 'hynovnttta', FALSE, 38717, '567.A', 'Avenida de los Arcos', 'Colonia Valle Verde', 2, TRUE, 'e424e466-d70d-4444-8402-734c71b8147b', '69d96f3d-8196-4cfb-bba1-abe79f747fcc');
INSERT INTO user(userID, curp, rfc, birthName, surname, mail, passwd, passwdFlag, zipCode, houseNumber, streetName, colony, workModality, workStatus, userRoleIDFK, countryUserIDFK) VALUES('9ff124de-68a8-4251-aebd-0a8ac04fad19', 'JIRL253MMSGSS38', 'JIRL253MMSJ6', 'Laura', 'Jiménez Rodríguez', 'xgrsylwpw@outlook.com', 'fkrflrquvxkid', TRUE, 70424, '924.B', 'Calle de la Reforma', 'Colonia San Francisco', 1, FALSE, '84f298db-74a9-4620-9ad1-3e0535874a19', '69d96f3d-8196-4cfb-bba1-abe79f747fcc');
INSERT INTO user(userID, curp, rfc, birthName, surname, mail, passwd, passwdFlag, zipCode, houseNumber, streetName, colony, workModality, workStatus, userRoleIDFK, countryUserIDFK) VALUES('9973af49-d0ad-49e9-a0b9-9e1fcfb874c9', 'MAMP0311HNLLPQ88', 'MAMP0311HNR8', 'Patricia', 'Martínez Martínez', 'lvalqicniuffd@yahoo.com', 'bujuauqt', TRUE, 42240, '616.C', 'Calle de los Abetos', 'Colonia Santa Fe', 1, FALSE, '0accdd1d-5682-407b-ab31-7b1e2b644944', 'ab2e7f82-3ca4-4740-a63a-8c17f3a09377');
INSERT INTO user(userID, curp, rfc, birthName, surname, mail, passwd, passwdFlag, zipCode, houseNumber, streetName, colony, workModality, workStatus, userRoleIDFK, countryUserIDFK) VALUES('6f370def-1e3d-4ad7-966d-9be92f7fa4a5', 'JIFS0329MCLIFP17', 'JIFS0329MCU8', 'Susana', 'Jiménez Fernández', 'dgwugefkh@nuclea.solutions', 'gvplvrpbax', TRUE, 51728, '665.A', 'Calle del Carmen', 'Colonia San Francisco', 2, FALSE, '84f298db-74a9-4620-9ad1-3e0535874a19', '69d96f3d-8196-4cfb-bba1-abe79f747fcc');
INSERT INTO user(userID, curp, rfc, birthName, surname, mail, passwd, passwdFlag, zipCode, houseNumber, streetName, colony, workModality, workStatus, userRoleIDFK, countryUserIDFK) VALUES('de35a2f8-aa09-49f5-9d75-2ae180028b6e', 'RUJE3611HMNTTJ69', 'RUJE3611HMY8', 'Elena', 'Ruiz Jiménez', 'bufhqyq@gmail.com', 'kylmyhrc', FALSE, 93436, '874.B', 'Calle Benito Juárez', 'Colonia Lomas de Querétaro', 2, FALSE, '0accdd1d-5682-407b-ab31-7b1e2b644944', 'ab2e7f82-3ca4-4740-a63a-8c17f3a09377');
INSERT INTO user(userID, curp, rfc, birthName, surname, mail, passwd, passwdFlag, zipCode, houseNumber, streetName, colony, workModality, workStatus, userRoleIDFK, countryUserIDFK) VALUES('5f25c1b4-dc89-4878-9f25-1696b299ad45', 'FEFC01020HTLKBR24', 'FEFC01020HM7', 'Carlos', 'Fernández Fernández', 'colmcrbmfbsid@outlook.com', 'uxkxabhkkun', FALSE, 78663, '132.B', 'Calle Juárez', 'Colonia Reforma', 0, TRUE, 'e424e466-d70d-4444-8402-734c71b8147b', '2d481a69-ece1-4993-9c35-aa0fd53d8668');
INSERT INTO user(userID, curp, rfc, birthName, surname, mail, passwd, passwdFlag, zipCode, houseNumber, streetName, colony, workModality, workStatus, userRoleIDFK, countryUserIDFK) VALUES('870badea-d92a-4c87-ac1b-ba1450302056', 'TOMF003MQTWTI41', 'TOMF003MQTP2', 'Fernando', 'Torres Moreno', 'txfvrgql@nuclea.solutions', 'xmgncugnrcvd', TRUE, 27134, '448.B', 'Avenida Universidad', 'Colonia Emiliano Zapata', 2, FALSE, '0accdd1d-5682-407b-ab31-7b1e2b644944', '69d96f3d-8196-4cfb-bba1-abe79f747fcc');
INSERT INTO user(userID, curp, rfc, birthName, surname, mail, passwd, passwdFlag, zipCode, houseNumber, streetName, colony, workModality, workStatus, userRoleIDFK, countryUserIDFK) VALUES('a3e66cb7-547e-4102-839e-fb3961f7269f', 'MORM027MDGYNY75', 'MORM027MDGX8', 'Mercedes', 'Moreno Ruiz', 'ckscdvn@outlook.com', 'qdexckahln', TRUE, 99758, '473.C', 'Calle de los Abetos', 'Colonia El Cerrito', 0, FALSE, '0accdd1d-5682-407b-ab31-7b1e2b644944', 'ab2e7f82-3ca4-4740-a63a-8c17f3a09377');
INSERT INTO user(userID, curp, rfc, birthName, surname, mail, passwd, passwdFlag, zipCode, houseNumber, streetName, colony, workModality, workStatus, userRoleIDFK, countryUserIDFK) VALUES('95d884d6-dacb-4960-b157-1ff78d04ddb6', 'FEGR069HQRADE27', 'FEGR069HQRJ3', 'Raquel', 'Fernández González', 'yfbufga@outlook.com', 'gmrdsah', FALSE, 67967, '852.C', 'Avenida de la Independencia', 'Colonia Lomas de Querétaro', 0, FALSE, 'e424e466-d70d-4444-8402-734c71b8147b', 'ab2e7f82-3ca4-4740-a63a-8c17f3a09377');
INSERT INTO user(userID, curp, rfc, birthName, surname, mail, passwd, passwdFlag, zipCode, houseNumber, streetName, colony, workModality, workStatus, userRoleIDFK, countryUserIDFK) VALUES('e6b1d4c3-ae11-4d60-8965-4d8520ac094e', 'FEJP1728HQTYSS58', 'FEJP1728HQF0', 'Pedro', 'Fernández Jiménez', 'ovoyrpscsd@nuclea.solutions', 'emoijtwhep', TRUE, 34604, '343.C', 'Avenida de los Arcos', 'Colonia Valle Verde', 2, FALSE, '84f298db-74a9-4620-9ad1-3e0535874a19', 'ab2e7f82-3ca4-4740-a63a-8c17f3a09377');
INSERT INTO user(userID, curp, rfc, birthName, surname, mail, passwd, passwdFlag, zipCode, houseNumber, streetName, colony, workModality, workStatus, userRoleIDFK, countryUserIDFK) VALUES('9b3a5049-361b-4081-8930-fb18d98c2c28', 'RORA4624MGRVLP12', 'RORA4624MGL9', 'Alberto', 'Rodríguez Ruiz', 'nntdryjrdjm@nuclea.solutions', 'ntjrjyn', TRUE, 89255, '935.B', 'Calle de la Estación', 'Colonia El Campanario', 0, FALSE, '84f298db-74a9-4620-9ad1-3e0535874a19', '922b5207-d4a8-47af-ba65-b4afecfec998');
INSERT INTO user(userID, curp, rfc, birthName, surname, mail, passwd, passwdFlag, zipCode, houseNumber, streetName, colony, workModality, workStatus, userRoleIDFK, countryUserIDFK) VALUES('245adb0e-1ec9-4f28-abfd-65f25abb7f4a', 'GOTJ3810MDGNPC16', 'GOTJ3810MDN0', 'Javier', 'González Torres', 'pbjkatmqkvutg@yahoo.com', 'wsybiqedbgjen', FALSE, 40150, '349.A', 'Avenida Universidad', 'Colonia El Laurel', 0, FALSE, '0accdd1d-5682-407b-ab31-7b1e2b644944', '69d96f3d-8196-4cfb-bba1-abe79f747fcc');
INSERT INTO user(userID, curp, rfc, birthName, surname, mail, passwd, passwdFlag, zipCode, houseNumber, streetName, colony, workModality, workStatus, userRoleIDFK, countryUserIDFK) VALUES('5ed07174-fc75-422e-a1b8-3649cc49b81c', 'JIFF3014HCHKQT94', 'JIFF3014HCO0', 'Fernando', 'Jiménez Fernández', 'aluvafvmkrb@outlook.com', 'jejjnpwrij', FALSE, 38693, '211.A', 'Calle de la Estación', 'Colonia del Sol', 2, TRUE, '84f298db-74a9-4620-9ad1-3e0535874a19', '2d481a69-ece1-4993-9c35-aa0fd53d8668');
INSERT INTO user(userID, curp, rfc, birthName, surname, mail, passwd, passwdFlag, zipCode, houseNumber, streetName, colony, workModality, workStatus, userRoleIDFK, countryUserIDFK) VALUES('68e70e3e-e605-4cc4-9916-96dced360632', 'FEFI3415MQTMCA15', 'FEFI3415MQE7', 'Isabel', 'Fernández Fernández', 'mabodunfcni@nuclea.solutions', 'edyfxwrqsfnli', FALSE, 11645, '713.B', 'Calle Allende', 'Colonia del Sol', 0, FALSE, 'e424e466-d70d-4444-8402-734c71b8147b', 'ab2e7f82-3ca4-4740-a63a-8c17f3a09377');
INSERT INTO user(userID, curp, rfc, birthName, surname, mail, passwd, passwdFlag, zipCode, houseNumber, streetName, colony, workModality, workStatus, userRoleIDFK, countryUserIDFK) VALUES('0c22936a-2634-4ac4-aa46-835ab33d25b2', 'RUJB2529HNTGWF62', 'RUJB2529HNG9', 'Beatriz', 'Ruiz Jiménez', 'ctotwoijxhyw@outlook.com', 'jfqooffbynbe', TRUE, 91573, '510.A', 'Calle de los Abetos', 'Colonia Jardines de Querétaro', 2, TRUE, '84f298db-74a9-4620-9ad1-3e0535874a19', '69d96f3d-8196-4cfb-bba1-abe79f747fcc');
INSERT INTO user(userID, curp, rfc, birthName, surname, mail, passwd, passwdFlag, zipCode, houseNumber, streetName, colony, workModality, workStatus, userRoleIDFK, countryUserIDFK) VALUES('282f517d-5eb3-4dbe-a7f9-85b2dfd25935', 'FETP472MTLUTI37', 'FETP472MTLN5', 'Pedro', 'Fernández Torres', 'mqhvqyamb@gmail.com', 'nwbdgipfxldyj', TRUE, 22720, '295.A', 'Avenida de la Solidaridad', 'Colonia Jardines de Querétaro', 1, TRUE, '0accdd1d-5682-407b-ab31-7b1e2b644944', '922b5207-d4a8-47af-ba65-b4afecfec998');
INSERT INTO user(userID, curp, rfc, birthName, surname, mail, passwd, passwdFlag, zipCode, houseNumber, streetName, colony, workModality, workStatus, userRoleIDFK, countryUserIDFK) VALUES('26dd355b-3366-4782-9c46-b1a5ee157811', 'ROJJ2916MQTNMM24', 'ROJJ2916MQU7', 'José', 'Rodríguez Jiménez', 'ytgfhtrk@outlook.com', 'rqmlint', FALSE, 32911, '793.A', 'Calle de la Corregidora', 'Colonia Los Ángeles', 2, TRUE, '84f298db-74a9-4620-9ad1-3e0535874a19', '2d481a69-ece1-4993-9c35-aa0fd53d8668');
INSERT INTO user(userID, curp, rfc, birthName, surname, mail, passwd, passwdFlag, zipCode, houseNumber, streetName, colony, workModality, workStatus, userRoleIDFK, countryUserIDFK) VALUES('b3ef2571-2795-4d74-bdda-ccfc672629cb', 'RURE1721HSLPFA50', 'RURE1721HSB4', 'Enrique', 'Ruiz Rodríguez', 'hyytfjmw@nuclea.solutions', 'ulruclqsyxp', FALSE, 46559, '843.B', 'Calle Guerrero', 'Colonia del Sol', 0, FALSE, '84f298db-74a9-4620-9ad1-3e0535874a19', 'ab2e7f82-3ca4-4740-a63a-8c17f3a09377');
INSERT INTO user(userID, curp, rfc, birthName, surname, mail, passwd, passwdFlag, zipCode, houseNumber, streetName, colony, workModality, workStatus, userRoleIDFK, countryUserIDFK) VALUES('34ea6f15-af85-4c9c-a58a-1415f9b5e800', 'MOGA039HGTJMB10', 'MOGA039HGTI0', 'Antonio', 'Moreno González', 'rnhaehil@nuclea.solutions', 'cnlmuic', TRUE, 62094, '908.B', 'Calle de la Merced', 'Colonia La Pradera', 2, TRUE, '84f298db-74a9-4620-9ad1-3e0535874a19', '2d481a69-ece1-4993-9c35-aa0fd53d8668');
INSERT INTO user(userID, curp, rfc, birthName, surname, mail, passwd, passwdFlag, zipCode, houseNumber, streetName, colony, workModality, workStatus, userRoleIDFK, countryUserIDFK) VALUES('241ee843-0d72-430f-80e1-a2e3adcc7dfd', 'GORB2629HNLPKB99', 'GORB2629HND7', 'Beatriz', 'González Rodríguez', 'odscokhahm@outlook.com', 'bmictdibe', FALSE, 95722, '224.B', 'Calle de la Esperanza', 'Colonia Santa Rosa', 2, FALSE, 'e424e466-d70d-4444-8402-734c71b8147b', '2d481a69-ece1-4993-9c35-aa0fd53d8668');
INSERT INTO user(userID, curp, rfc, birthName, surname, mail, passwd, passwdFlag, zipCode, houseNumber, streetName, colony, workModality, workStatus, userRoleIDFK, countryUserIDFK) VALUES('d357b29a-776b-4e94-b106-6f7c6bfc2d40', 'FEGC4510MOCRYB12', 'FEGC4510MOB3', 'Carlos', 'Fernández González', 'wrgtdgwnui@yahoo.com', 'wtwywwenf', FALSE, 36713, '333.C', 'Calle Zaragoza', 'Colonia El Campanario', 2, TRUE, '84f298db-74a9-4620-9ad1-3e0535874a19', 'ab2e7f82-3ca4-4740-a63a-8c17f3a09377');
INSERT INTO user(userID, curp, rfc, birthName, surname, mail, passwd, passwdFlag, zipCode, houseNumber, streetName, colony, workModality, workStatus, userRoleIDFK, countryUserIDFK) VALUES('28d295f2-cb7a-4104-82b5-904a16ac9ed8', 'MARJ0222HCMDIG68', 'MARJ0222HCN0', 'José', 'Martínez Ruiz', 'trybefrvvitpv@gmail.com', 'leffisfjkp', TRUE, 32024, '503.C', 'Calle Juárez', 'Colonia Centro', 0, FALSE, '0accdd1d-5682-407b-ab31-7b1e2b644944', '69d96f3d-8196-4cfb-bba1-abe79f747fcc');
INSERT INTO user(userID, curp, rfc, birthName, surname, mail, passwd, passwdFlag, zipCode, houseNumber, streetName, colony, workModality, workStatus, userRoleIDFK, countryUserIDFK) VALUES('0dcd1b3a-e15d-4401-a878-b33871c5f4ac', 'MAHP0822HMSSLJ53', 'MAHP0822HME7', 'Pedro', 'Martínez Hernández', 'kifqepdrwghye@gmail.com', 'tafsemlhab', TRUE, 23078, '39.C', 'Calle de los Naranjos', 'Colonia Morelos', 2, TRUE, '0accdd1d-5682-407b-ab31-7b1e2b644944', '69d96f3d-8196-4cfb-bba1-abe79f747fcc');
INSERT INTO user(userID, curp, rfc, birthName, surname, mail, passwd, passwdFlag, zipCode, houseNumber, streetName, colony, workModality, workStatus, userRoleIDFK, countryUserIDFK) VALUES('09fa7fdf-36d4-491e-b94e-574777e32c06', 'HERF3107HTLTPD79', 'HERF3107HTG2', 'Francisco', 'Hernández Rodríguez', 'uddosjpcgywpt@yahoo.com', 'jbmremfa', TRUE, 82134, '6.C', 'Avenida de los Arcos', 'Colonia Jardines de Querétaro', 2, FALSE, 'e424e466-d70d-4444-8402-734c71b8147b', '2d481a69-ece1-4993-9c35-aa0fd53d8668');
INSERT INTO user(userID, curp, rfc, birthName, surname, mail, passwd, passwdFlag, zipCode, houseNumber, streetName, colony, workModality, workStatus, userRoleIDFK, countryUserIDFK) VALUES('7d625aaa-8fc3-4614-b31a-7c5014646029', 'TOTJ0425MTLWUY89', 'TOTJ0425MTG9', 'Juan', 'Torres Torres', 'eijqgfpkf@yahoo.com', 'gjmyccho', FALSE, 79332, '418.A', 'Calle de la Estación', 'Colonia El Laurel', 2, TRUE, '0accdd1d-5682-407b-ab31-7b1e2b644944', 'ab2e7f82-3ca4-4740-a63a-8c17f3a09377');
INSERT INTO user(userID, curp, rfc, birthName, surname, mail, passwd, passwdFlag, zipCode, houseNumber, streetName, colony, workModality, workStatus, userRoleIDFK, countryUserIDFK) VALUES('7a4c1ed2-3bce-4f8a-a7f9-571a95912f1a', 'MAMD154HMNSVL13', 'MAMD154HMNX7', 'David', 'Martínez Moreno', 'adqavcacx@gmail.com', 'ilaxicxqtf', TRUE, 12496, '175.B', 'Avenida de la Constitución', 'Colonia Santa Rosa', 1, FALSE, 'e424e466-d70d-4444-8402-734c71b8147b', '69d96f3d-8196-4cfb-bba1-abe79f747fcc');
INSERT INTO user(userID, curp, rfc, birthName, surname, mail, passwd, passwdFlag, zipCode, houseNumber, streetName, colony, workModality, workStatus, userRoleIDFK, countryUserIDFK) VALUES('69f1ac96-ae18-4d05-a972-91f8ba270976', 'RURA160MJCKJB48', 'RURA160MJCB6', 'Antonio', 'Ruiz Ruiz', 'pjcubcoapwnwh@yahoo.com', 'xywhowtvceg', TRUE, 80019, '487.C', 'Calle Zaragoza', 'Colonia San Francisco', 0, FALSE, '84f298db-74a9-4620-9ad1-3e0535874a19', '69d96f3d-8196-4cfb-bba1-abe79f747fcc');
INSERT INTO user(userID, curp, rfc, birthName, surname, mail, passwd, passwdFlag, zipCode, houseNumber, streetName, colony, workModality, workStatus, userRoleIDFK, countryUserIDFK) VALUES('ec600678-d3a2-4b0c-82cb-605802a9d503', 'MAMJ3122MASAHT22', 'MAMJ3122MAK4', 'Javier', 'Martínez Martínez', 'gumiuoaqw@outlook.com', 'seekoefpcmrli', TRUE, 48674, '718.A', 'Calle de la Merced', 'Colonia El Laurel', 1, FALSE, '84f298db-74a9-4620-9ad1-3e0535874a19', 'ab2e7f82-3ca4-4740-a63a-8c17f3a09377');
INSERT INTO user(userID, curp, rfc, birthName, surname, mail, passwd, passwdFlag, zipCode, houseNumber, streetName, colony, workModality, workStatus, userRoleIDFK, countryUserIDFK) VALUES('f932fec0-7cd2-4a70-bc58-a226cc599cda', 'HEMM256MQTWKU43', 'HEMM256MQTD6', 'María', 'Hernández Moreno', 'kktavslrdqgyl@nuclea.solutions', 'odncwbm', FALSE, 82138, '809.B', 'Calle Vicente Guerrero', 'Colonia Las Águilas', 1, FALSE, 'e424e466-d70d-4444-8402-734c71b8147b', '922b5207-d4a8-47af-ba65-b4afecfec998');
INSERT INTO user(userID, curp, rfc, birthName, surname, mail, passwd, passwdFlag, zipCode, houseNumber, streetName, colony, workModality, workStatus, userRoleIDFK, countryUserIDFK) VALUES('a395304f-2bdf-4625-9d0a-afd2d3c6c893', 'GOTS01125HQTPWI86', 'GOTS01125HH0', 'Susana', 'González Torres', 'vqkhcnnuvny@yahoo.com', 'sswdnqrbsjade', TRUE, 66624, '985.B', 'Calle del Sol', 'Colonia La Pradera', 2, TRUE, '84f298db-74a9-4620-9ad1-3e0535874a19', '69d96f3d-8196-4cfb-bba1-abe79f747fcc');
INSERT INTO user(userID, curp, rfc, birthName, surname, mail, passwd, passwdFlag, zipCode, houseNumber, streetName, colony, workModality, workStatus, userRoleIDFK, countryUserIDFK) VALUES('3aeda17b-c1b0-439b-8387-b0dce3b5e3ec', 'HEMP257HYNOOL95', 'HEMP257HYNS6', 'Pedro', 'Hernández Martínez', 'jgrnpaxvdhth@gmail.com', 'gpjrjvsbfk', TRUE, 60278, '28.B', 'Calle de la Santa Cruz', 'Colonia El Laurel', 2, TRUE, '84f298db-74a9-4620-9ad1-3e0535874a19', '2d481a69-ece1-4993-9c35-aa0fd53d8668');
INSERT INTO user(userID, curp, rfc, birthName, surname, mail, passwd, passwdFlag, zipCode, houseNumber, streetName, colony, workModality, workStatus, userRoleIDFK, countryUserIDFK) VALUES('cfde327c-6e50-41b4-8aca-f6cb5e915afa', 'GORD219MHGWJW82', 'GORD219MHGE6', 'David', 'González Ruiz', 'ccniwkayfi@nuclea.solutions', 'orenwfriebiww', TRUE, 58392, '63.A', 'Avenida de la Libertad', 'Colonia Valle Verde', 1, FALSE, '0accdd1d-5682-407b-ab31-7b1e2b644944', '922b5207-d4a8-47af-ba65-b4afecfec998');
INSERT INTO user(userID, curp, rfc, birthName, surname, mail, passwd, passwdFlag, zipCode, houseNumber, streetName, colony, workModality, workStatus, userRoleIDFK, countryUserIDFK) VALUES('153806c6-abaa-4219-8e82-c66f9e501e06', 'MOML4924HVZKAP47', 'MOML4924HVY4', 'Lucía', 'Moreno Martínez', 'gkwgbogycdsd@gmail.com', 'oqurwbjm', FALSE, 37827, '98.A', 'Calle 5 de Febrero', 'Colonia Santa Rosa', 2, FALSE, 'e424e466-d70d-4444-8402-734c71b8147b', 'ab2e7f82-3ca4-4740-a63a-8c17f3a09377');
INSERT INTO user(userID, curp, rfc, birthName, surname, mail, passwd, passwdFlag, zipCode, houseNumber, streetName, colony, workModality, workStatus, userRoleIDFK, countryUserIDFK) VALUES('283656be-a928-46e2-aa8c-6bcb48283067', 'GOHC0112HTLUXK18', 'GOHC0112HTT6', 'Carlos', 'González Hernández', 'ovrnioi@yahoo.com', 'cxwepxt', FALSE, 18425, '701.A', 'Calle de la Esperanza', 'Colonia Reforma', 0, TRUE, '0accdd1d-5682-407b-ab31-7b1e2b644944', '2d481a69-ece1-4993-9c35-aa0fd53d8668');
INSERT INTO user(userID, curp, rfc, birthName, surname, mail, passwd, passwdFlag, zipCode, houseNumber, streetName, colony, workModality, workStatus, userRoleIDFK, countryUserIDFK) VALUES('7c1ca409-39b0-45a0-bf81-ce08112c391a', 'JIMM3812HPLGBR11', 'JIMM3812HPP0', 'María', 'Jiménez Martínez', 'xvoalowkvwk@yahoo.com', 'crpafpwklodru', FALSE, 27350, '719.A', 'Calle de los Pinos', 'Colonia El Mirador', 0, TRUE, 'e424e466-d70d-4444-8402-734c71b8147b', '2d481a69-ece1-4993-9c35-aa0fd53d8668');
INSERT INTO user(userID, curp, rfc, birthName, surname, mail, passwd, passwdFlag, zipCode, houseNumber, streetName, colony, workModality, workStatus, userRoleIDFK, countryUserIDFK) VALUES('13e7f14d-cbad-45b7-b989-dd60daaf77f5', 'JIHR2620HTLWPN30', 'JIHR2620HTD8', 'Rafael', 'Jiménez Hernández', 'kvkckcgn@outlook.com', 'wuhfthlmkf', FALSE, 80344, '370.C', 'Calle de los Naranjos', 'Colonia Santa Fe', 1, TRUE, '0accdd1d-5682-407b-ab31-7b1e2b644944', '922b5207-d4a8-47af-ba65-b4afecfec998');
INSERT INTO user(userID, curp, rfc, birthName, surname, mail, passwd, passwdFlag, zipCode, houseNumber, streetName, colony, workModality, workStatus, userRoleIDFK, countryUserIDFK) VALUES('150e3fa5-ff1c-4150-932d-187f66132cd2', 'MOJP3016MMCJVA68', 'MOJP3016MMT3', 'Patricia', 'Moreno Jiménez', 'jeprpmrcgw@yahoo.com', 'gqeldgf', TRUE, 61361, '163.B', 'Calle de la Estación', 'Colonia Jardines de Querétaro', 1, TRUE, '84f298db-74a9-4620-9ad1-3e0535874a19', 'ab2e7f82-3ca4-4740-a63a-8c17f3a09377');
INSERT INTO user(userID, curp, rfc, birthName, surname, mail, passwd, passwdFlag, zipCode, houseNumber, streetName, colony, workModality, workStatus, userRoleIDFK, countryUserIDFK) VALUES('c46f48ba-12ec-43e2-a371-0324ec4bc93e', 'MOMP414MVZWQJ61', 'MOMP414MVZK5', 'Pedro', 'Moreno Martínez', 'rpjiycvttgx@nuclea.solutions', 'smpasty', TRUE, 85321, '47.A', 'Calle de los Pinos', 'Colonia San Francisco', 1, TRUE, '84f298db-74a9-4620-9ad1-3e0535874a19', '922b5207-d4a8-47af-ba65-b4afecfec998');
INSERT INTO user(userID, curp, rfc, birthName, surname, mail, passwd, passwdFlag, zipCode, houseNumber, streetName, colony, workModality, workStatus, userRoleIDFK, countryUserIDFK) VALUES('1936dce2-edad-4091-8887-7391cced536e', 'TOGR3211MSLJSS43', 'TOGR3211MSA9', 'Rafael', 'Torres González', 'rpkkkgihn@yahoo.com', 'syvbipxyvw', TRUE, 46400, '432.C', 'Calle Allende', 'Colonia El Laurel', 1, TRUE, '0accdd1d-5682-407b-ab31-7b1e2b644944', '2d481a69-ece1-4993-9c35-aa0fd53d8668');
INSERT INTO user(userID, curp, rfc, birthName, surname, mail, passwd, passwdFlag, zipCode, houseNumber, streetName, colony, workModality, workStatus, userRoleIDFK, countryUserIDFK) VALUES('6083c3f1-1790-4049-b623-f9556d2e951a', 'TOHM0112HBSYHB59', 'TOHM0112HBF5', 'María', 'Torres Hernández', 'qdrckarnpn@nuclea.solutions', 'cqtciynoqh', TRUE, 57652, '783.C', 'Calle Juárez', 'Colonia El Mirador', 2, FALSE, '84f298db-74a9-4620-9ad1-3e0535874a19', '922b5207-d4a8-47af-ba65-b4afecfec998');
INSERT INTO user(userID, curp, rfc, birthName, surname, mail, passwd, passwdFlag, zipCode, houseNumber, streetName, colony, workModality, workStatus, userRoleIDFK, countryUserIDFK) VALUES('879e4858-f2fd-437d-9586-5d1ac8d2792b', 'FERM1610HJCUNX25', 'FERM1610HJP6', 'Mercedes', 'Fernández Ruiz', 'tjwwcskb@gmail.com', 'veahomn', FALSE, 11315, '203.B', 'Calle Benito Juárez', 'Colonia Los Ángeles', 2, TRUE, '84f298db-74a9-4620-9ad1-3e0535874a19', '922b5207-d4a8-47af-ba65-b4afecfec998');
INSERT INTO user(userID, curp, rfc, birthName, surname, mail, passwd, passwdFlag, zipCode, houseNumber, streetName, colony, workModality, workStatus, userRoleIDFK, countryUserIDFK) VALUES('156122be-22db-49d1-8fe3-90fa33364d58', 'FEJL0314MTCSCA54', 'FEJL0314MTC7', 'Laura', 'Fernández Jiménez', 'hbusjteld@yahoo.com', 'hxiehndliglt', TRUE, 68648, '68.C', 'Calle Juárez', 'Colonia Santa Fe', 2, FALSE, 'e424e466-d70d-4444-8402-734c71b8147b', '2d481a69-ece1-4993-9c35-aa0fd53d8668');
INSERT INTO user(userID, curp, rfc, birthName, surname, mail, passwd, passwdFlag, zipCode, houseNumber, streetName, colony, workModality, workStatus, userRoleIDFK, countryUserIDFK) VALUES('36591382-b8d5-48f1-bf28-39ab93edc43e', 'GOJE3328HCSRAC95', 'GOJE3328HCV2', 'Enrique', 'González Jiménez', 'eumdsbdyljox@outlook.com', 'diagnshlwc', FALSE, 54835, '227.B', 'Avenida Universidad', 'Colonia Lomas de Querétaro', 1, FALSE, 'e424e466-d70d-4444-8402-734c71b8147b', 'ab2e7f82-3ca4-4740-a63a-8c17f3a09377');
INSERT INTO user(userID, curp, rfc, birthName, surname, mail, passwd, passwdFlag, zipCode, houseNumber, streetName, colony, workModality, workStatus, userRoleIDFK, countryUserIDFK) VALUES('e5948fc6-0889-45f5-a95b-8e6cba0a26c4', 'HETL2613MZSHIH48', 'HETL2613MZI7', 'Laura', 'Hernández Torres', 'gdrxfkldtrcl@nuclea.solutions', 'lueerwwccgkj', FALSE, 48815, '909.B', 'Avenida Madero', 'Colonia Los Ángeles', 1, TRUE, '84f298db-74a9-4620-9ad1-3e0535874a19', '2d481a69-ece1-4993-9c35-aa0fd53d8668');
INSERT INTO user(userID, curp, rfc, birthName, surname, mail, passwd, passwdFlag, zipCode, houseNumber, streetName, colony, workModality, workStatus, userRoleIDFK, countryUserIDFK) VALUES('a4749a21-6480-4a9b-bd54-56fb46efe755', 'RUGF4024MCMEGR95', 'RUGF4024MCD4', 'Fernando', 'Ruiz González', 'vupqnjljtoofj@gmail.com', 'ogblfnnausjn', TRUE, 53298, '306.B', 'Avenida de la Independencia', 'Colonia La Pradera', 0, TRUE, '0accdd1d-5682-407b-ab31-7b1e2b644944', 'ab2e7f82-3ca4-4740-a63a-8c17f3a09377');
INSERT INTO user(userID, curp, rfc, birthName, surname, mail, passwd, passwdFlag, zipCode, houseNumber, streetName, colony, workModality, workStatus, userRoleIDFK, countryUserIDFK) VALUES('d3ced3ea-0036-4821-80fb-3c5cf4d8bcbc', 'FERL2312HTLVTE53', 'FERL2312HTG0', 'Lucía', 'Fernández Rodríguez', 'ffahcuci@outlook.com', 'tmbsxhfsydj', FALSE, 25042, '995.A', 'Calle de los Abetos', 'Colonia El Cerrito', 2, FALSE, '0accdd1d-5682-407b-ab31-7b1e2b644944', 'ab2e7f82-3ca4-4740-a63a-8c17f3a09377');
INSERT INTO user(userID, curp, rfc, birthName, surname, mail, passwd, passwdFlag, zipCode, houseNumber, streetName, colony, workModality, workStatus, userRoleIDFK, countryUserIDFK) VALUES('eda48b1e-10c8-4c66-88ca-2137de21aae1', 'RORB31121HVZYAD65', 'RORB31121HI1', 'Beatriz', 'Rodríguez Ruiz', 'flkuowqg@outlook.com', 'mhnwfaldwdvv', TRUE, 90587, '421.A', 'Calle Corregidora', 'Colonia Emiliano Zapata', 2, FALSE, 'e424e466-d70d-4444-8402-734c71b8147b', '922b5207-d4a8-47af-ba65-b4afecfec998');
INSERT INTO user(userID, curp, rfc, birthName, surname, mail, passwd, passwdFlag, zipCode, houseNumber, streetName, colony, workModality, workStatus, userRoleIDFK, countryUserIDFK) VALUES('851702af-8825-481a-b3a2-fa53a08d9782', 'ROHD4117HSREWX66', 'ROHD4117HSM9', 'David', 'Rodríguez Hernández', 'wahwqekbq@gmail.com', 'wddeuprogtt', TRUE, 92721, '985.A', 'Avenida de la Solidaridad', 'Colonia Centro', 1, TRUE, 'e424e466-d70d-4444-8402-734c71b8147b', '69d96f3d-8196-4cfb-bba1-abe79f747fcc');
INSERT INTO user(userID, curp, rfc, birthName, surname, mail, passwd, passwdFlag, zipCode, houseNumber, streetName, colony, workModality, workStatus, userRoleIDFK, countryUserIDFK) VALUES('7cb6f33a-23da-4a20-bef1-c731cdcc9765', 'GOMP4014MZSLMN40', 'GOMP4014MZC2', 'Pedro', 'González Martínez', 'nmlxinexulmlr@nuclea.solutions', 'tsfnijafvn', FALSE, 50726, '427.B', 'Avenida de la Luz', 'Colonia Morelos', 0, TRUE, '0accdd1d-5682-407b-ab31-7b1e2b644944', 'ab2e7f82-3ca4-4740-a63a-8c17f3a09377');
INSERT INTO user(userID, curp, rfc, birthName, surname, mail, passwd, passwdFlag, zipCode, houseNumber, streetName, colony, workModality, workStatus, userRoleIDFK, countryUserIDFK) VALUES('67c4c731-be42-4df0-be02-e8a40ec5a19d', 'FEJL3912HTLWSW86', 'FEJL3912HTM9', 'Laura', 'Fernández Jiménez', 'wwedrywbfjqix@yahoo.com', 'blckdraveb', TRUE, 63716, '183.C', 'Avenida de la Luz', 'Colonia El Mirador', 1, TRUE, '0accdd1d-5682-407b-ab31-7b1e2b644944', '69d96f3d-8196-4cfb-bba1-abe79f747fcc');
INSERT INTO user(userID, curp, rfc, birthName, surname, mail, passwd, passwdFlag, zipCode, houseNumber, streetName, colony, workModality, workStatus, userRoleIDFK, countryUserIDFK) VALUES('1cfc280d-ac32-4a09-87e3-d8ad86814a1b', 'FEGP4015HBSQIE95', 'FEGP4015HBI5', 'Pedro', 'Fernández González', 'lfwktsbtrmqwi@yahoo.com', 'nqnploqjab', TRUE, 57991, '271.B', 'Avenida de los Arcos', 'Colonia Valle Verde', 2, FALSE, '84f298db-74a9-4620-9ad1-3e0535874a19', '69d96f3d-8196-4cfb-bba1-abe79f747fcc');
INSERT INTO user(userID, curp, rfc, birthName, surname, mail, passwd, passwdFlag, zipCode, houseNumber, streetName, colony, workModality, workStatus, userRoleIDFK, countryUserIDFK) VALUES('f62f1061-7ab8-47e0-a9ba-ebecbbe28111', 'HETB449MBSSEM33', 'HETB449MBSW5', 'Beatriz', 'Hernández Torres', 'xsvcfahucbft@nuclea.solutions', 'rqcxhge', TRUE, 75224, '50.A', 'Calle de la Estación', 'Colonia Las Águilas', 1, TRUE, '0accdd1d-5682-407b-ab31-7b1e2b644944', '922b5207-d4a8-47af-ba65-b4afecfec998');
INSERT INTO user(userID, curp, rfc, birthName, surname, mail, passwd, passwdFlag, zipCode, houseNumber, streetName, colony, workModality, workStatus, userRoleIDFK, countryUserIDFK) VALUES('95d3fb74-1781-446c-93e1-f051245e379f', 'JIRJ4627HJCTUW68', 'JIRJ4627HJM6', 'Juan', 'Jiménez Ruiz', 'kstdgdqtcb@nuclea.solutions', 'odukvhenyarp', TRUE, 53395, '403.A', 'Avenida de la Libertad', 'Colonia San Francisco', 1, TRUE, 'e424e466-d70d-4444-8402-734c71b8147b', '69d96f3d-8196-4cfb-bba1-abe79f747fcc');
INSERT INTO user(userID, curp, rfc, birthName, surname, mail, passwd, passwdFlag, zipCode, houseNumber, streetName, colony, workModality, workStatus, userRoleIDFK, countryUserIDFK) VALUES('fbc60219-d8f3-4cc7-b393-feca224410a6', 'MORR1314HCMTUU24', 'MORR1314HCX0', 'Roberto', 'Moreno Ruiz', 'bkqbetok@outlook.com', 'nswpkojwiht', TRUE, 34240, '216.B', 'Calle de la Paz', 'Colonia del Sol', 0, TRUE, '84f298db-74a9-4620-9ad1-3e0535874a19', '69d96f3d-8196-4cfb-bba1-abe79f747fcc');
INSERT INTO user(userID, curp, rfc, birthName, surname, mail, passwd, passwdFlag, zipCode, houseNumber, streetName, colony, workModality, workStatus, userRoleIDFK, countryUserIDFK) VALUES('e7956617-ba72-4bef-a438-0a4019069b2c', 'TOJP3329HJCEAW55', 'TOJP3329HJL8', 'Pedro', 'Torres Jiménez', 'jqxlpcwulmc@outlook.com', 'thinqimdt', FALSE, 11109, '542.C', 'Calle de los Pinos', 'Colonia San Francisco', 2, TRUE, '0accdd1d-5682-407b-ab31-7b1e2b644944', '2d481a69-ece1-4993-9c35-aa0fd53d8668');
INSERT INTO user(userID, curp, rfc, birthName, surname, mail, passwd, passwdFlag, zipCode, houseNumber, streetName, colony, workModality, workStatus, userRoleIDFK, countryUserIDFK) VALUES('0baec403-8d05-48e5-bb3e-a494ce81af24', 'RUMR21019HYNWYI25', 'RUMR21019HU9', 'Roberto', 'Ruiz Moreno', 'mrxvcuhgrcqp@nuclea.solutions', 'hyxwfwejier', TRUE, 93496, '987.C', 'Calle del Carmen', 'Colonia Morelos', 1, TRUE, 'e424e466-d70d-4444-8402-734c71b8147b', 'ab2e7f82-3ca4-4740-a63a-8c17f3a09377');
INSERT INTO user(userID, curp, rfc, birthName, surname, mail, passwd, passwdFlag, zipCode, houseNumber, streetName, colony, workModality, workStatus, userRoleIDFK, countryUserIDFK) VALUES('7fb2c668-5efa-4270-989f-924b173e56e0', 'FEFA4419HVZHXW81', 'FEFA4419HVC0', 'Alberto', 'Fernández Fernández', 'vnicqiufuwcqr@outlook.com', 'qhywmsdvhqm', FALSE, 77545, '167.A', 'Calle de la Corregidora', 'Colonia Jardines de Querétaro', 2, FALSE, 'e424e466-d70d-4444-8402-734c71b8147b', '2d481a69-ece1-4993-9c35-aa0fd53d8668');
INSERT INTO user(userID, curp, rfc, birthName, surname, mail, passwd, passwdFlag, zipCode, houseNumber, streetName, colony, workModality, workStatus, userRoleIDFK, countryUserIDFK) VALUES('5b94b146-bbf0-420f-96ad-e104dea76dca', 'RUJC2123MCHQVC44', 'RUJC2123MCD2', 'Carlos', 'Ruiz Jiménez', 'lyfygmpyfl@gmail.com', 'csompjydmiyoo', FALSE, 83864, '159.C', 'Avenida de la Constitución', 'Colonia Los Ángeles', 2, TRUE, '0accdd1d-5682-407b-ab31-7b1e2b644944', '2d481a69-ece1-4993-9c35-aa0fd53d8668');
INSERT INTO user(userID, curp, rfc, birthName, surname, mail, passwd, passwdFlag, zipCode, houseNumber, streetName, colony, workModality, workStatus, userRoleIDFK, countryUserIDFK) VALUES('53010424-0024-48dc-ab3a-83b3fd0cb22b', 'MOMD3511MZSKOD31', 'MOMD3511MZR6', 'David', 'Moreno Moreno', 'updkvro@outlook.com', 'eccpmdfwnk', TRUE, 56652, '87.C', 'Calle de la Virgen', 'Colonia Centro', 0, TRUE, '0accdd1d-5682-407b-ab31-7b1e2b644944', '2d481a69-ece1-4993-9c35-aa0fd53d8668');
INSERT INTO user(userID, curp, rfc, birthName, surname, mail, passwd, passwdFlag, zipCode, houseNumber, streetName, colony, workModality, workStatus, userRoleIDFK, countryUserIDFK) VALUES('e96064d0-9300-4991-b245-cd907df6df25', 'HEFF4100MGRQVH54', 'HEFF4100MGL5', 'Francisco', 'Hernández Fernández', 'bmiandwlnuif@outlook.com', 'vexqxfrfnjdvv', FALSE, 61326, '939.B', 'Calle de la Merced', 'Colonia Morelos', 2, FALSE, 'e424e466-d70d-4444-8402-734c71b8147b', '69d96f3d-8196-4cfb-bba1-abe79f747fcc');
INSERT INTO user(userID, curp, rfc, birthName, surname, mail, passwd, passwdFlag, zipCode, houseNumber, streetName, colony, workModality, workStatus, userRoleIDFK, countryUserIDFK) VALUES('f7151a61-40d3-4990-9b14-4077fc173bc0', 'RURS1721HHGGRL37', 'RURS1721HHA3', 'Susana', 'Ruiz Rodríguez', 'iqeokrirxnoys@gmail.com', 'ymqxfak', TRUE, 96939, '738.B', 'Avenida Morelos', 'Colonia Valle Verde', 1, FALSE, 'e424e466-d70d-4444-8402-734c71b8147b', '2d481a69-ece1-4993-9c35-aa0fd53d8668');
INSERT INTO user(userID, curp, rfc, birthName, surname, mail, passwd, passwdFlag, zipCode, houseNumber, streetName, colony, workModality, workStatus, userRoleIDFK, countryUserIDFK) VALUES('18c583f2-742b-441f-aad2-8a4b686ddd59', 'GORA3023HYNKHK66', 'GORA3023HYU2', 'Antonio', 'González Ruiz', 'osyxfmdkq@yahoo.com', 'mwmcuac', TRUE, 91663, '179.B', 'Avenida de los Insurgentes', 'Colonia del Sol', 2, FALSE, '0accdd1d-5682-407b-ab31-7b1e2b644944', '69d96f3d-8196-4cfb-bba1-abe79f747fcc');
INSERT INTO user(userID, curp, rfc, birthName, surname, mail, passwd, passwdFlag, zipCode, houseNumber, streetName, colony, workModality, workStatus, userRoleIDFK, countryUserIDFK) VALUES('56a607a8-73d4-4f4f-a3a5-569a25f47323', 'JIFR01013MCSTXF15', 'JIFR01013MW1', 'Raquel', 'Jiménez Fernández', 'fbakhjfairqg@yahoo.com', 'xqxobchjnmx', TRUE, 79323, '220.C', 'Calle Zaragoza', 'Colonia Las Águilas', 2, TRUE, '84f298db-74a9-4620-9ad1-3e0535874a19', '2d481a69-ece1-4993-9c35-aa0fd53d8668');
INSERT INTO user(userID, curp, rfc, birthName, surname, mail, passwd, passwdFlag, zipCode, houseNumber, streetName, colony, workModality, workStatus, userRoleIDFK, countryUserIDFK) VALUES('8eff2363-edfc-4dcf-897b-b46e522f2095', 'GOJB2429HZSWLH95', 'GOJB2429HZY5', 'Beatriz', 'González Jiménez', 'ubxjxrs@gmail.com', 'qhvcbbbafh', TRUE, 84530, '216.C', 'Calle Guerrero', 'Colonia La Pradera', 0, TRUE, '84f298db-74a9-4620-9ad1-3e0535874a19', '69d96f3d-8196-4cfb-bba1-abe79f747fcc');
INSERT INTO user(userID, curp, rfc, birthName, surname, mail, passwd, passwdFlag, zipCode, houseNumber, streetName, colony, workModality, workStatus, userRoleIDFK, countryUserIDFK) VALUES('bf77d2d5-7a08-49cf-adfe-ba247ce5c0ef', 'HEMF1419MCSDVL33', 'HEMF1419MCM9', 'Fernando', 'Hernández Martínez', 'gsqklik@gmail.com', 'wvcefxdprdd', TRUE, 81892, '511.C', 'Calle Guerrero', 'Colonia Nuevo Milenio', 2, FALSE, '84f298db-74a9-4620-9ad1-3e0535874a19', '2d481a69-ece1-4993-9c35-aa0fd53d8668');
INSERT INTO user(userID, curp, rfc, birthName, surname, mail, passwd, passwdFlag, zipCode, houseNumber, streetName, colony, workModality, workStatus, userRoleIDFK, countryUserIDFK) VALUES('01e79be5-171b-4a36-abd9-f879956d79bc', 'MOMA4715MCHIFX65', 'MOMA4715MCY7', 'Ana', 'Moreno Moreno', 'lrujmixosxb@gmail.com', 'dfkdgbkqm', FALSE, 40032, '390.A', 'Calle Zaragoza', 'Colonia El Cerrito', 1, TRUE, 'e424e466-d70d-4444-8402-734c71b8147b', '69d96f3d-8196-4cfb-bba1-abe79f747fcc');
INSERT INTO user(userID, curp, rfc, birthName, surname, mail, passwd, passwdFlag, zipCode, houseNumber, streetName, colony, workModality, workStatus, userRoleIDFK, countryUserIDFK) VALUES('73f6665f-07ac-4890-af7e-68c4dc2a6373', 'HEMR450MJCMWV21', 'HEMR450MJCR5', 'Raquel', 'Hernández Moreno', 'jrwvqthdawpw@outlook.com', 'cayjeoku', FALSE, 61312, '313.A', 'Calle de la Esperanza', 'Colonia Centro', 1, FALSE, 'e424e466-d70d-4444-8402-734c71b8147b', '922b5207-d4a8-47af-ba65-b4afecfec998');
INSERT INTO user(userID, curp, rfc, birthName, surname, mail, passwd, passwdFlag, zipCode, houseNumber, streetName, colony, workModality, workStatus, userRoleIDFK, countryUserIDFK) VALUES('2742d397-3d68-409c-b0c3-94a9ab113903', 'HERF4629MTLWIR31', 'HERF4629MTE6', 'Fernando', 'Hernández Ruiz', 'ybjqxogyp@yahoo.com', 'fcpustgta', FALSE, 89337, '736.A', 'Calle de la Merced', 'Colonia El Laurel', 0, TRUE, '84f298db-74a9-4620-9ad1-3e0535874a19', '2d481a69-ece1-4993-9c35-aa0fd53d8668');
INSERT INTO user(userID, curp, rfc, birthName, surname, mail, passwd, passwdFlag, zipCode, houseNumber, streetName, colony, workModality, workStatus, userRoleIDFK, countryUserIDFK) VALUES('f0ef03c6-ccb1-4f5f-8c06-694933211085', 'HERP4725MZSHAD68', 'HERP4725MZG3', 'Patricia', 'Hernández Ruiz', 'tuxegjr@nuclea.solutions', 'foxpjijxrtvbv', FALSE, 52237, '176.B', 'Calle del Carmen', 'Colonia El Campanario', 2, TRUE, '84f298db-74a9-4620-9ad1-3e0535874a19', '69d96f3d-8196-4cfb-bba1-abe79f747fcc');
INSERT INTO user(userID, curp, rfc, birthName, surname, mail, passwd, passwdFlag, zipCode, houseNumber, streetName, colony, workModality, workStatus, userRoleIDFK, countryUserIDFK) VALUES('2466923a-fc71-4017-826d-0e4e5556fc67', 'HEMI318HGRMRP95', 'HEMI318HGRX8', 'Isabel', 'Hernández Moreno', 'bfybfexf@nuclea.solutions', 'acpywssnuuj', FALSE, 58799, '912.A', 'Avenida de la Constitución', 'Colonia Nuevo Milenio', 1, FALSE, 'e424e466-d70d-4444-8402-734c71b8147b', 'ab2e7f82-3ca4-4740-a63a-8c17f3a09377');
INSERT INTO user(userID, curp, rfc, birthName, surname, mail, passwd, passwdFlag, zipCode, houseNumber, streetName, colony, workModality, workStatus, userRoleIDFK, countryUserIDFK) VALUES('46b131e9-eae1-48b2-a8e7-6c5022a330d3', 'FEFS0214HTLOWX90', 'FEFS0214HTP0', 'Susana', 'Fernández Fernández', 'kthcyjdrg@nuclea.solutions', 'outdftsxyju', FALSE, 15976, '542.A', 'Avenida Constituyentes', 'Colonia Lomas de Querétaro', 2, FALSE, 'e424e466-d70d-4444-8402-734c71b8147b', '922b5207-d4a8-47af-ba65-b4afecfec998');
INSERT INTO user(userID, curp, rfc, birthName, surname, mail, passwd, passwdFlag, zipCode, houseNumber, streetName, colony, workModality, workStatus, userRoleIDFK, countryUserIDFK) VALUES('2dae4484-1928-4fb5-9f53-b19309b34e0e', 'MAGE3314HVZJXR44', 'MAGE3314HVQ6', 'Enrique', 'Martínez González', 'fhxwrgm@nuclea.solutions', 'foevfkowyl', TRUE, 93851, '64.B', 'Calle de la Reforma', 'Colonia Morelos', 0, TRUE, '0accdd1d-5682-407b-ab31-7b1e2b644944', '69d96f3d-8196-4cfb-bba1-abe79f747fcc');
INSERT INTO user(userID, curp, rfc, birthName, surname, mail, passwd, passwdFlag, zipCode, houseNumber, streetName, colony, workModality, workStatus, userRoleIDFK, countryUserIDFK) VALUES('f4855bbc-5961-4b57-8b0e-38a7aa03d4a8', 'MOMA384HQRMUH90', 'MOMA384HQRL7', 'Alberto', 'Moreno Martínez', 'mgmplwmspdvb@nuclea.solutions', 'gavjyerfmad', FALSE, 39716, '148.C', 'Avenida de los Insurgentes', 'Colonia El Cerrito', 2, FALSE, 'e424e466-d70d-4444-8402-734c71b8147b', '922b5207-d4a8-47af-ba65-b4afecfec998');
INSERT INTO user(userID, curp, rfc, birthName, surname, mail, passwd, passwdFlag, zipCode, houseNumber, streetName, colony, workModality, workStatus, userRoleIDFK, countryUserIDFK) VALUES('0b97e4c6-5c5d-4a07-a179-3bfaef488167', 'RUMS3029HSLYCB14', 'RUMS3029HSK0', 'Susana', 'Ruiz Moreno', 'gijtnjp@yahoo.com', 'cxflgokkpolrp', TRUE, 62133, '581.B', 'Avenida Constituyentes', 'Colonia del Sol', 2, TRUE, '84f298db-74a9-4620-9ad1-3e0535874a19', '69d96f3d-8196-4cfb-bba1-abe79f747fcc');
INSERT INTO user(userID, curp, rfc, birthName, surname, mail, passwd, passwdFlag, zipCode, houseNumber, streetName, colony, workModality, workStatus, userRoleIDFK, countryUserIDFK) VALUES('495d849e-b5f7-4355-ab8e-d35e560d1220', 'GOMF0222MCMIBQ24', 'GOMF0222MCH2', 'Fernando', 'González Martínez', 'kxwyhnc@outlook.com', 'twngfqvueth', FALSE, 77876, '222.B', 'Calle del Carmen', 'Colonia Emiliano Zapata', 2, FALSE, '0accdd1d-5682-407b-ab31-7b1e2b644944', '69d96f3d-8196-4cfb-bba1-abe79f747fcc');
INSERT INTO user(userID, curp, rfc, birthName, surname, mail, passwd, passwdFlag, zipCode, houseNumber, streetName, colony, workModality, workStatus, userRoleIDFK, countryUserIDFK) VALUES('a9232dc9-4486-4c85-8e15-862362acb255', 'HEGP0818HGTAOX71', 'HEGP0818HGU2', 'Patricia', 'Hernández González', 'ikowkxaselke@outlook.com', 'kirjhev', TRUE, 39017, '612.A', 'Avenida de la Independencia', 'Colonia Lomas de Querétaro', 2, TRUE, 'e424e466-d70d-4444-8402-734c71b8147b', 'ab2e7f82-3ca4-4740-a63a-8c17f3a09377');
INSERT INTO user(userID, curp, rfc, birthName, surname, mail, passwd, passwdFlag, zipCode, houseNumber, streetName, colony, workModality, workStatus, userRoleIDFK, countryUserIDFK) VALUES('5be47a89-7dea-452b-a125-3b83b7a05590', 'TOGF0214HGRGPP29', 'TOGF0214HGK3', 'Fernando', 'Torres González', 'hebqhjgyo@gmail.com', 'agpsxfa', TRUE, 46150, '538.C', 'Avenida de la Libertad', 'Colonia Valle Verde', 0, TRUE, '0accdd1d-5682-407b-ab31-7b1e2b644944', 'ab2e7f82-3ca4-4740-a63a-8c17f3a09377');
INSERT INTO user(userID, curp, rfc, birthName, surname, mail, passwd, passwdFlag, zipCode, houseNumber, streetName, colony, workModality, workStatus, userRoleIDFK, countryUserIDFK) VALUES('31936144-f85f-4b13-bec7-bfbadd240123', 'HEFJ197MMNYCJ92', 'HEFJ197MMNI0', 'Juan', 'Hernández Fernández', 'efliowxbv@nuclea.solutions', 'xeqmqpliq', TRUE, 52007, '861.C', 'Calle de la Santa Cruz', 'Colonia San José', 1, FALSE, '0accdd1d-5682-407b-ab31-7b1e2b644944', 'ab2e7f82-3ca4-4740-a63a-8c17f3a09377');
INSERT INTO user(userID, curp, rfc, birthName, surname, mail, passwd, passwdFlag, zipCode, houseNumber, streetName, colony, workModality, workStatus, userRoleIDFK, countryUserIDFK) VALUES('cdaa736a-62d2-483e-aa18-ffa66d57b0f0', 'TOFP3713HTLRTB16', 'TOFP3713HTT9', 'Pedro', 'Torres Fernández', 'ivgueikdc@outlook.com', 'vrguqmlo', FALSE, 55403, '128.A', 'Avenida Universidad', 'Colonia Las Águilas', 0, TRUE, 'e424e466-d70d-4444-8402-734c71b8147b', '2d481a69-ece1-4993-9c35-aa0fd53d8668');
INSERT INTO user(userID, curp, rfc, birthName, surname, mail, passwd, passwdFlag, zipCode, houseNumber, streetName, colony, workModality, workStatus, userRoleIDFK, countryUserIDFK) VALUES('caf3378a-69f2-4b5d-a8fd-614092f71142', 'HERR161MCMEEJ55', 'HERR161MCMI3', 'Raquel', 'Hernández Rodríguez', 'cygdhjdo@gmail.com', 'jwodfpdauj', FALSE, 94849, '230.A', 'Calle Juárez', 'Colonia Morelos', 0, FALSE, '0accdd1d-5682-407b-ab31-7b1e2b644944', '2d481a69-ece1-4993-9c35-aa0fd53d8668');
INSERT INTO user(userID, curp, rfc, birthName, surname, mail, passwd, passwdFlag, zipCode, houseNumber, streetName, colony, workModality, workStatus, userRoleIDFK, countryUserIDFK) VALUES('aa80da08-19b0-46f2-987c-ddc20f9f6583', 'ROGR2110HTLGCE76', 'ROGR2110HTD7', 'Raquel', 'Rodríguez González', 'bouffsy@yahoo.com', 'gnmyngcjfel', TRUE, 50238, '404.B', 'Calle de la Merced', 'Colonia Los Ángeles', 2, FALSE, '84f298db-74a9-4620-9ad1-3e0535874a19', '922b5207-d4a8-47af-ba65-b4afecfec998');
INSERT INTO user(userID, curp, rfc, birthName, surname, mail, passwd, passwdFlag, zipCode, houseNumber, streetName, colony, workModality, workStatus, userRoleIDFK, countryUserIDFK) VALUES('0de6fa69-d6aa-49f6-a4ce-3f19c12215f3', 'HEGP21025HCMHOV64', 'HEGP21025HR0', 'Patricia', 'Hernández González', 'dbiryuaxmftkv@gmail.com', 'waqcukl', TRUE, 63279, '214.B', 'Calle Allende', 'Colonia Reforma', 2, TRUE, '84f298db-74a9-4620-9ad1-3e0535874a19', 'ab2e7f82-3ca4-4740-a63a-8c17f3a09377');
INSERT INTO user(userID, curp, rfc, birthName, surname, mail, passwd, passwdFlag, zipCode, houseNumber, streetName, colony, workModality, workStatus, userRoleIDFK, countryUserIDFK) VALUES('7305033a-b87d-4810-b974-b02fc0bb473d', 'TOMF2129HBCFNL67', 'TOMF2129HBU9', 'Francisco', 'Torres Moreno', 'falkvjmheoemr@gmail.com', 'gjqqtkyigtbt', FALSE, 21631, '877.B', 'Calle Zaragoza', 'Colonia El Campanario', 0, FALSE, 'e424e466-d70d-4444-8402-734c71b8147b', '2d481a69-ece1-4993-9c35-aa0fd53d8668');
INSERT INTO user(userID, curp, rfc, birthName, surname, mail, passwd, passwdFlag, zipCode, houseNumber, streetName, colony, workModality, workStatus, userRoleIDFK, countryUserIDFK) VALUES('f8de264d-d5da-4e13-8a37-43b2d09bf4dc', 'MOFC190MCSLYN62', 'MOFC190MCSQ6', 'Carlos', 'Moreno Fernández', 'qetmqxj@nuclea.solutions', 'ldhuhymbxjib', FALSE, 40291, '461.B', 'Calle Hidalgo', 'Colonia Jardines de Querétaro', 0, FALSE, 'e424e466-d70d-4444-8402-734c71b8147b', '2d481a69-ece1-4993-9c35-aa0fd53d8668');
INSERT INTO user(userID, curp, rfc, birthName, surname, mail, passwd, passwdFlag, zipCode, houseNumber, streetName, colony, workModality, workStatus, userRoleIDFK, countryUserIDFK) VALUES('69e03759-b1da-4669-b0d6-d639a3ad0753', 'FEGP11014HMSGUI46', 'FEGP11014HM3', 'Patricia', 'Fernández González', 'qskbxgpewwrqo@nuclea.solutions', 'qamdvcjhjr', TRUE, 92365, '438.B', 'Calle de la Reforma', 'Colonia Lomas de Querétaro', 2, TRUE, 'e424e466-d70d-4444-8402-734c71b8147b', 'ab2e7f82-3ca4-4740-a63a-8c17f3a09377');
INSERT INTO user(userID, curp, rfc, birthName, surname, mail, passwd, passwdFlag, zipCode, houseNumber, streetName, colony, workModality, workStatus, userRoleIDFK, countryUserIDFK) VALUES('e21817be-b798-4e79-ace3-95aaa3e294df', 'MAJE3312MYNPEI40', 'MAJE3312MYS8', 'Elena', 'Martínez Jiménez', 'kjrnxkdaffc@yahoo.com', 'atutvnsu', FALSE, 42481, '155.C', 'Avenida de la Juventud', 'Colonia Nuevo Milenio', 0, TRUE, '84f298db-74a9-4620-9ad1-3e0535874a19', '69d96f3d-8196-4cfb-bba1-abe79f747fcc');
INSERT INTO user(userID, curp, rfc, birthName, surname, mail, passwd, passwdFlag, zipCode, houseNumber, streetName, colony, workModality, workStatus, userRoleIDFK, countryUserIDFK) VALUES('e0c98a74-adf6-4c71-8290-6933a82a453c', 'TOFP1518HTLDNV86', 'TOFP1518HTE5', 'Pedro', 'Torres Fernández', 'rtipigopm@outlook.com', 'qwrewjpffe', FALSE, 20316, '804.A', 'Calle Corregidora', 'Colonia Emiliano Zapata', 2, TRUE, 'e424e466-d70d-4444-8402-734c71b8147b', '2d481a69-ece1-4993-9c35-aa0fd53d8668');
INSERT INTO user(userID, curp, rfc, birthName, surname, mail, passwd, passwdFlag, zipCode, houseNumber, streetName, colony, workModality, workStatus, userRoleIDFK, countryUserIDFK) VALUES('373edf75-ac97-4e5e-8c08-8ed9bb42478b', 'RUJA004MTLMGB56', 'RUJA004MTLI4', 'Adrián', 'Ruiz Jiménez', 'jvautrgf@gmail.com', 'tglwlwhhtb', FALSE, 66153, '68.C', 'Calle de los Naranjos', 'Colonia El Mirador', 0, TRUE, '84f298db-74a9-4620-9ad1-3e0535874a19', 'ab2e7f82-3ca4-4740-a63a-8c17f3a09377');
INSERT INTO user(userID, curp, rfc, birthName, surname, mail, passwd, passwdFlag, zipCode, houseNumber, streetName, colony, workModality, workStatus, userRoleIDFK, countryUserIDFK) VALUES('5d983838-0efc-415e-ba4c-f5842aef8394', 'JIMJ0118MNTPHH84', 'JIMJ0118MNN4', 'José', 'Jiménez Martínez', 'xxobpxknit@gmail.com', 'gvwhahp', FALSE, 53376, '335.C', 'Calle de los Pinos', 'Colonia San José', 2, FALSE, 'e424e466-d70d-4444-8402-734c71b8147b', 'ab2e7f82-3ca4-4740-a63a-8c17f3a09377');
INSERT INTO user(userID, curp, rfc, birthName, surname, mail, passwd, passwdFlag, zipCode, houseNumber, streetName, colony, workModality, workStatus, userRoleIDFK, countryUserIDFK) VALUES('41be79fc-c8e1-436c-9e28-068f8a43f3c6', 'RUGE41022HCHQXX29', 'RUGE41022HG6', 'Elena', 'Ruiz González', 'nrongcerhkxo@gmail.com', 'apcilvordfqcm', TRUE, 23758, '558.C', 'Calle Juárez', 'Colonia Santa Rosa', 2, TRUE, 'e424e466-d70d-4444-8402-734c71b8147b', '922b5207-d4a8-47af-ba65-b4afecfec998');

UPDATE user SET prioritaryDepartmentIDFK = 'ce91b89d-c12c-4f57-b7ce-476e2ecefcd6' WHERE userID = 'c525c8b3-096b-4022-b7a4-9b4ec5ad448c'; 
UPDATE user SET prioritaryDepartmentIDFK = '62619eb5-d5e3-4c6a-aa3c-4c90c249860b' WHERE userID = '77635f5c-c6aa-4b8f-ae94-14f999b27022'; 
UPDATE user SET prioritaryDepartmentIDFK = 'b36fa425-cd9a-4069-b501-b7f6d4683ce9' WHERE userID = '98b88a09-0c74-4f5a-b8c7-199ecef09809'; 
UPDATE user SET prioritaryDepartmentIDFK = 'fd3f9a24-ae3a-478e-bc8b-0cf3c46e7768' WHERE userID = 'c7eecc09-ccd3-4b41-a4d9-808385a8c321'; 
UPDATE user SET prioritaryDepartmentIDFK = '0005939f-0cff-4ce9-b25d-f50a9c1bd14e' WHERE userID = 'df874b60-7f72-4af8-9b9a-19889c2ef2e5'; 
UPDATE user SET prioritaryDepartmentIDFK = '1d978013-b2d9-41b0-a76e-a002e002647e' WHERE userID = '25d133c7-b81b-475a-987a-534340aafb70'; 
UPDATE user SET prioritaryDepartmentIDFK = '64c117fe-a768-4829-bbf4-acbbbc3d7dbf' WHERE userID = '1828d73e-8812-4f56-9242-9f0c8cd0dfd8'; 
UPDATE user SET prioritaryDepartmentIDFK = '60f36ee2-33eb-472d-9bbb-cc71ad05f607' WHERE userID = '3f3f4382-4e49-4163-b8bf-2137dc2beb88'; 
UPDATE user SET prioritaryDepartmentIDFK = '60f36ee2-33eb-472d-9bbb-cc71ad05f607' WHERE userID = 'aab3ff2a-2329-418f-a7be-3c070dc4ac33'; 
UPDATE user SET prioritaryDepartmentIDFK = '25c6b226-0262-4542-a075-3afba75f9530' WHERE userID = '3f438459-6cc4-4876-b576-646ed257b056'; 
UPDATE user SET prioritaryDepartmentIDFK = '64c117fe-a768-4829-bbf4-acbbbc3d7dbf' WHERE userID = '3baffa12-6c37-4fab-9c02-4985018b3473'; 
UPDATE user SET prioritaryDepartmentIDFK = '60f36ee2-33eb-472d-9bbb-cc71ad05f607' WHERE userID = '9ff124de-68a8-4251-aebd-0a8ac04fad19'; 
UPDATE user SET prioritaryDepartmentIDFK = '26c92c62-5438-4519-a6cc-81a003d9b7bd' WHERE userID = '9973af49-d0ad-49e9-a0b9-9e1fcfb874c9'; 
UPDATE user SET prioritaryDepartmentIDFK = '25c6b226-0262-4542-a075-3afba75f9530' WHERE userID = '6f370def-1e3d-4ad7-966d-9be92f7fa4a5'; 
UPDATE user SET prioritaryDepartmentIDFK = '1d978013-b2d9-41b0-a76e-a002e002647e' WHERE userID = 'de35a2f8-aa09-49f5-9d75-2ae180028b6e'; 
UPDATE user SET prioritaryDepartmentIDFK = '38875ae7-a9ee-40c9-823f-7db5fa30249f' WHERE userID = '5f25c1b4-dc89-4878-9f25-1696b299ad45'; 
UPDATE user SET prioritaryDepartmentIDFK = '60f36ee2-33eb-472d-9bbb-cc71ad05f607' WHERE userID = '870badea-d92a-4c87-ac1b-ba1450302056'; 
UPDATE user SET prioritaryDepartmentIDFK = '07832e25-1d19-4e74-803b-b0df407e70f8' WHERE userID = 'a3e66cb7-547e-4102-839e-fb3961f7269f'; 
UPDATE user SET prioritaryDepartmentIDFK = '1d978013-b2d9-41b0-a76e-a002e002647e' WHERE userID = '95d884d6-dacb-4960-b157-1ff78d04ddb6'; 
UPDATE user SET prioritaryDepartmentIDFK = '5816b991-b947-415d-b268-81b0527ef0ec' WHERE userID = 'e6b1d4c3-ae11-4d60-8965-4d8520ac094e'; 
UPDATE user SET prioritaryDepartmentIDFK = '26c92c62-5438-4519-a6cc-81a003d9b7bd' WHERE userID = '9b3a5049-361b-4081-8930-fb18d98c2c28'; 
UPDATE user SET prioritaryDepartmentIDFK = '19d7d794-f71b-480f-9704-81faa9e1ed17' WHERE userID = '245adb0e-1ec9-4f28-abfd-65f25abb7f4a'; 
UPDATE user SET prioritaryDepartmentIDFK = '878da830-db31-4457-9e9a-eb0956e70d3c' WHERE userID = '5ed07174-fc75-422e-a1b8-3649cc49b81c'; 
UPDATE user SET prioritaryDepartmentIDFK = '25c6b226-0262-4542-a075-3afba75f9530' WHERE userID = '68e70e3e-e605-4cc4-9916-96dced360632'; 
UPDATE user SET prioritaryDepartmentIDFK = 'd86d5aab-1197-4648-a94d-89547ced1593' WHERE userID = '0c22936a-2634-4ac4-aa46-835ab33d25b2'; 
UPDATE user SET prioritaryDepartmentIDFK = '60f36ee2-33eb-472d-9bbb-cc71ad05f607' WHERE userID = '282f517d-5eb3-4dbe-a7f9-85b2dfd25935'; 
UPDATE user SET prioritaryDepartmentIDFK = '26c92c62-5438-4519-a6cc-81a003d9b7bd' WHERE userID = '26dd355b-3366-4782-9c46-b1a5ee157811'; 
UPDATE user SET prioritaryDepartmentIDFK = '249a899c-68d0-4a96-9e06-6c9ddd73210c' WHERE userID = 'b3ef2571-2795-4d74-bdda-ccfc672629cb'; 
UPDATE user SET prioritaryDepartmentIDFK = 'fc03e5f7-f792-43b4-8f30-73e2954b4ff0' WHERE userID = '34ea6f15-af85-4c9c-a58a-1415f9b5e800'; 
UPDATE user SET prioritaryDepartmentIDFK = 'ce91b89d-c12c-4f57-b7ce-476e2ecefcd6' WHERE userID = '241ee843-0d72-430f-80e1-a2e3adcc7dfd'; 
UPDATE user SET prioritaryDepartmentIDFK = 'd86d5aab-1197-4648-a94d-89547ced1593' WHERE userID = 'd357b29a-776b-4e94-b106-6f7c6bfc2d40'; 
UPDATE user SET prioritaryDepartmentIDFK = 'b1461591-bb4f-4d63-ae22-93a92094afb3' WHERE userID = '28d295f2-cb7a-4104-82b5-904a16ac9ed8'; 
UPDATE user SET prioritaryDepartmentIDFK = '5816b991-b947-415d-b268-81b0527ef0ec' WHERE userID = '0dcd1b3a-e15d-4401-a878-b33871c5f4ac'; 
UPDATE user SET prioritaryDepartmentIDFK = '19d7d794-f71b-480f-9704-81faa9e1ed17' WHERE userID = '09fa7fdf-36d4-491e-b94e-574777e32c06'; 
UPDATE user SET prioritaryDepartmentIDFK = '25c6b226-0262-4542-a075-3afba75f9530' WHERE userID = '7d625aaa-8fc3-4614-b31a-7c5014646029'; 
UPDATE user SET prioritaryDepartmentIDFK = '249a899c-68d0-4a96-9e06-6c9ddd73210c' WHERE userID = '7a4c1ed2-3bce-4f8a-a7f9-571a95912f1a'; 
UPDATE user SET prioritaryDepartmentIDFK = '0005939f-0cff-4ce9-b25d-f50a9c1bd14e' WHERE userID = '69f1ac96-ae18-4d05-a972-91f8ba270976'; 
UPDATE user SET prioritaryDepartmentIDFK = '25c6b226-0262-4542-a075-3afba75f9530' WHERE userID = 'ec600678-d3a2-4b0c-82cb-605802a9d503'; 
UPDATE user SET prioritaryDepartmentIDFK = 'fd3f9a24-ae3a-478e-bc8b-0cf3c46e7768' WHERE userID = 'f932fec0-7cd2-4a70-bc58-a226cc599cda'; 
UPDATE user SET prioritaryDepartmentIDFK = 'fd3f9a24-ae3a-478e-bc8b-0cf3c46e7768' WHERE userID = 'a395304f-2bdf-4625-9d0a-afd2d3c6c893'; 
UPDATE user SET prioritaryDepartmentIDFK = '19d7d794-f71b-480f-9704-81faa9e1ed17' WHERE userID = '3aeda17b-c1b0-439b-8387-b0dce3b5e3ec'; 
UPDATE user SET prioritaryDepartmentIDFK = 'fd3f9a24-ae3a-478e-bc8b-0cf3c46e7768' WHERE userID = 'cfde327c-6e50-41b4-8aca-f6cb5e915afa'; 
UPDATE user SET prioritaryDepartmentIDFK = 'b1461591-bb4f-4d63-ae22-93a92094afb3' WHERE userID = '153806c6-abaa-4219-8e82-c66f9e501e06'; 
UPDATE user SET prioritaryDepartmentIDFK = '39855aee-8612-445a-ba20-4374177cfb72' WHERE userID = '283656be-a928-46e2-aa8c-6bcb48283067'; 
UPDATE user SET prioritaryDepartmentIDFK = '878da830-db31-4457-9e9a-eb0956e70d3c' WHERE userID = '7c1ca409-39b0-45a0-bf81-ce08112c391a'; 
UPDATE user SET prioritaryDepartmentIDFK = '07832e25-1d19-4e74-803b-b0df407e70f8' WHERE userID = '13e7f14d-cbad-45b7-b989-dd60daaf77f5'; 
UPDATE user SET prioritaryDepartmentIDFK = '64c117fe-a768-4829-bbf4-acbbbc3d7dbf' WHERE userID = '150e3fa5-ff1c-4150-932d-187f66132cd2'; 
UPDATE user SET prioritaryDepartmentIDFK = 'fdf5481d-7b12-407e-b61b-596dfe4eedef' WHERE userID = 'c46f48ba-12ec-43e2-a371-0324ec4bc93e'; 
UPDATE user SET prioritaryDepartmentIDFK = '38875ae7-a9ee-40c9-823f-7db5fa30249f' WHERE userID = '1936dce2-edad-4091-8887-7391cced536e'; 
UPDATE user SET prioritaryDepartmentIDFK = '5816b991-b947-415d-b268-81b0527ef0ec' WHERE userID = '6083c3f1-1790-4049-b623-f9556d2e951a'; 
UPDATE user SET prioritaryDepartmentIDFK = 'f580f18c-8472-462d-9374-4416944770e2' WHERE userID = '879e4858-f2fd-437d-9586-5d1ac8d2792b'; 
UPDATE user SET prioritaryDepartmentIDFK = 'b1461591-bb4f-4d63-ae22-93a92094afb3' WHERE userID = '156122be-22db-49d1-8fe3-90fa33364d58'; 
UPDATE user SET prioritaryDepartmentIDFK = '60f36ee2-33eb-472d-9bbb-cc71ad05f607' WHERE userID = '36591382-b8d5-48f1-bf28-39ab93edc43e'; 
UPDATE user SET prioritaryDepartmentIDFK = '1d978013-b2d9-41b0-a76e-a002e002647e' WHERE userID = 'e5948fc6-0889-45f5-a95b-8e6cba0a26c4'; 
UPDATE user SET prioritaryDepartmentIDFK = '62619eb5-d5e3-4c6a-aa3c-4c90c249860b' WHERE userID = 'a4749a21-6480-4a9b-bd54-56fb46efe755'; 
UPDATE user SET prioritaryDepartmentIDFK = '19d7d794-f71b-480f-9704-81faa9e1ed17' WHERE userID = 'd3ced3ea-0036-4821-80fb-3c5cf4d8bcbc'; 
UPDATE user SET prioritaryDepartmentIDFK = 'b36fa425-cd9a-4069-b501-b7f6d4683ce9' WHERE userID = 'eda48b1e-10c8-4c66-88ca-2137de21aae1'; 
UPDATE user SET prioritaryDepartmentIDFK = 'f580f18c-8472-462d-9374-4416944770e2' WHERE userID = '851702af-8825-481a-b3a2-fa53a08d9782'; 
UPDATE user SET prioritaryDepartmentIDFK = '5816b991-b947-415d-b268-81b0527ef0ec' WHERE userID = '7cb6f33a-23da-4a20-bef1-c731cdcc9765'; 
UPDATE user SET prioritaryDepartmentIDFK = '39855aee-8612-445a-ba20-4374177cfb72' WHERE userID = '67c4c731-be42-4df0-be02-e8a40ec5a19d'; 
UPDATE user SET prioritaryDepartmentIDFK = '6183a38c-c0f0-4c82-b9a2-8da0a4ab3724' WHERE userID = '1cfc280d-ac32-4a09-87e3-d8ad86814a1b'; 
UPDATE user SET prioritaryDepartmentIDFK = '64c117fe-a768-4829-bbf4-acbbbc3d7dbf' WHERE userID = 'f62f1061-7ab8-47e0-a9ba-ebecbbe28111'; 
UPDATE user SET prioritaryDepartmentIDFK = '26c92c62-5438-4519-a6cc-81a003d9b7bd' WHERE userID = '95d3fb74-1781-446c-93e1-f051245e379f'; 
UPDATE user SET prioritaryDepartmentIDFK = '6183a38c-c0f0-4c82-b9a2-8da0a4ab3724' WHERE userID = 'fbc60219-d8f3-4cc7-b393-feca224410a6'; 
UPDATE user SET prioritaryDepartmentIDFK = '19d7d794-f71b-480f-9704-81faa9e1ed17' WHERE userID = 'e7956617-ba72-4bef-a438-0a4019069b2c'; 
UPDATE user SET prioritaryDepartmentIDFK = '07832e25-1d19-4e74-803b-b0df407e70f8' WHERE userID = '0baec403-8d05-48e5-bb3e-a494ce81af24'; 
UPDATE user SET prioritaryDepartmentIDFK = '878da830-db31-4457-9e9a-eb0956e70d3c' WHERE userID = '7fb2c668-5efa-4270-989f-924b173e56e0'; 
UPDATE user SET prioritaryDepartmentIDFK = '5816b991-b947-415d-b268-81b0527ef0ec' WHERE userID = '5b94b146-bbf0-420f-96ad-e104dea76dca'; 
UPDATE user SET prioritaryDepartmentIDFK = '39855aee-8612-445a-ba20-4374177cfb72' WHERE userID = '53010424-0024-48dc-ab3a-83b3fd0cb22b'; 
UPDATE user SET prioritaryDepartmentIDFK = '049ccdf6-044e-4656-8c96-426e34683860' WHERE userID = 'e96064d0-9300-4991-b245-cd907df6df25'; 
UPDATE user SET prioritaryDepartmentIDFK = '62619eb5-d5e3-4c6a-aa3c-4c90c249860b' WHERE userID = 'f7151a61-40d3-4990-9b14-4077fc173bc0'; 
UPDATE user SET prioritaryDepartmentIDFK = '878da830-db31-4457-9e9a-eb0956e70d3c' WHERE userID = '18c583f2-742b-441f-aad2-8a4b686ddd59'; 
UPDATE user SET prioritaryDepartmentIDFK = '5816b991-b947-415d-b268-81b0527ef0ec' WHERE userID = '56a607a8-73d4-4f4f-a3a5-569a25f47323'; 
UPDATE user SET prioritaryDepartmentIDFK = 'fc03e5f7-f792-43b4-8f30-73e2954b4ff0' WHERE userID = '8eff2363-edfc-4dcf-897b-b46e522f2095'; 
UPDATE user SET prioritaryDepartmentIDFK = 'fdf5481d-7b12-407e-b61b-596dfe4eedef' WHERE userID = 'bf77d2d5-7a08-49cf-adfe-ba247ce5c0ef'; 
UPDATE user SET prioritaryDepartmentIDFK = 'd86d5aab-1197-4648-a94d-89547ced1593' WHERE userID = '01e79be5-171b-4a36-abd9-f879956d79bc'; 
UPDATE user SET prioritaryDepartmentIDFK = 'b36fa425-cd9a-4069-b501-b7f6d4683ce9' WHERE userID = '73f6665f-07ac-4890-af7e-68c4dc2a6373'; 
UPDATE user SET prioritaryDepartmentIDFK = '6183a38c-c0f0-4c82-b9a2-8da0a4ab3724' WHERE userID = '2742d397-3d68-409c-b0c3-94a9ab113903'; 
UPDATE user SET prioritaryDepartmentIDFK = '6183a38c-c0f0-4c82-b9a2-8da0a4ab3724' WHERE userID = 'f0ef03c6-ccb1-4f5f-8c06-694933211085'; 
UPDATE user SET prioritaryDepartmentIDFK = 'fd3f9a24-ae3a-478e-bc8b-0cf3c46e7768' WHERE userID = '2466923a-fc71-4017-826d-0e4e5556fc67'; 
UPDATE user SET prioritaryDepartmentIDFK = 'fdf5481d-7b12-407e-b61b-596dfe4eedef' WHERE userID = '46b131e9-eae1-48b2-a8e7-6c5022a330d3'; 
UPDATE user SET prioritaryDepartmentIDFK = '38875ae7-a9ee-40c9-823f-7db5fa30249f' WHERE userID = '2dae4484-1928-4fb5-9f53-b19309b34e0e'; 
UPDATE user SET prioritaryDepartmentIDFK = '25c6b226-0262-4542-a075-3afba75f9530' WHERE userID = 'f4855bbc-5961-4b57-8b0e-38a7aa03d4a8'; 
UPDATE user SET prioritaryDepartmentIDFK = '07832e25-1d19-4e74-803b-b0df407e70f8' WHERE userID = '0b97e4c6-5c5d-4a07-a179-3bfaef488167'; 
UPDATE user SET prioritaryDepartmentIDFK = '25c6b226-0262-4542-a075-3afba75f9530' WHERE userID = '495d849e-b5f7-4355-ab8e-d35e560d1220'; 
UPDATE user SET prioritaryDepartmentIDFK = '64c117fe-a768-4829-bbf4-acbbbc3d7dbf' WHERE userID = 'a9232dc9-4486-4c85-8e15-862362acb255'; 
UPDATE user SET prioritaryDepartmentIDFK = 'fd3f9a24-ae3a-478e-bc8b-0cf3c46e7768' WHERE userID = '5be47a89-7dea-452b-a125-3b83b7a05590'; 
UPDATE user SET prioritaryDepartmentIDFK = '1d978013-b2d9-41b0-a76e-a002e002647e' WHERE userID = '31936144-f85f-4b13-bec7-bfbadd240123'; 
UPDATE user SET prioritaryDepartmentIDFK = '62619eb5-d5e3-4c6a-aa3c-4c90c249860b' WHERE userID = 'cdaa736a-62d2-483e-aa18-ffa66d57b0f0'; 
UPDATE user SET prioritaryDepartmentIDFK = '6183a38c-c0f0-4c82-b9a2-8da0a4ab3724' WHERE userID = 'caf3378a-69f2-4b5d-a8fd-614092f71142'; 
UPDATE user SET prioritaryDepartmentIDFK = '25c6b226-0262-4542-a075-3afba75f9530' WHERE userID = 'aa80da08-19b0-46f2-987c-ddc20f9f6583'; 
UPDATE user SET prioritaryDepartmentIDFK = 'f580f18c-8472-462d-9374-4416944770e2' WHERE userID = '0de6fa69-d6aa-49f6-a4ce-3f19c12215f3'; 
UPDATE user SET prioritaryDepartmentIDFK = '6183a38c-c0f0-4c82-b9a2-8da0a4ab3724' WHERE userID = '7305033a-b87d-4810-b974-b02fc0bb473d'; 
UPDATE user SET prioritaryDepartmentIDFK = '25c6b226-0262-4542-a075-3afba75f9530' WHERE userID = 'f8de264d-d5da-4e13-8a37-43b2d09bf4dc'; 
UPDATE user SET prioritaryDepartmentIDFK = '38875ae7-a9ee-40c9-823f-7db5fa30249f' WHERE userID = '69e03759-b1da-4669-b0d6-d639a3ad0753'; 
UPDATE user SET prioritaryDepartmentIDFK = 'b36fa425-cd9a-4069-b501-b7f6d4683ce9' WHERE userID = 'e21817be-b798-4e79-ace3-95aaa3e294df'; 
UPDATE user SET prioritaryDepartmentIDFK = '60f36ee2-33eb-472d-9bbb-cc71ad05f607' WHERE userID = 'e0c98a74-adf6-4c71-8290-6933a82a453c'; 
UPDATE user SET prioritaryDepartmentIDFK = 'f580f18c-8472-462d-9374-4416944770e2' WHERE userID = '373edf75-ac97-4e5e-8c08-8ed9bb42478b'; 
UPDATE user SET prioritaryDepartmentIDFK = 'b1461591-bb4f-4d63-ae22-93a92094afb3' WHERE userID = '5d983838-0efc-415e-ba4c-f5842aef8394'; 
UPDATE user SET prioritaryDepartmentIDFK = 'fc03e5f7-f792-43b4-8f30-73e2954b4ff0' WHERE userID = '41be79fc-c8e1-436c-9e28-068f8a43f3c6'; 
INSERT INTO workStatus(workStatusID, startDate,endDate, userStatusIDFK) VALUES('611804b9-9dce-40ad-81f3-d23fec4f15fa', '2026-04-07', '2026-12-25', '5be47a89-7dea-452b-a125-3b83b7a05590'); 
INSERT INTO workStatus(workStatusID, startDate,endDate, userStatusIDFK) VALUES('15123bb2-b48d-4161-8d5f-da1dc1f2217a', '2026-05-15', '1531-12-12', '28d295f2-cb7a-4104-82b5-904a16ac9ed8'); 
INSERT INTO workStatus(workStatusID, startDate,endDate, userStatusIDFK) VALUES('3cf17d0e-306a-4e45-a4e5-7b84fa8dbfad', '2026-02-19', '2026-08-22', 'e6b1d4c3-ae11-4d60-8965-4d8520ac094e'); 
INSERT INTO workStatus(workStatusID, startDate,endDate, userStatusIDFK) VALUES('a35a2d7d-77ee-4f98-a8fe-88f33a797049', '2026-02-19', '2026-12-25', '98b88a09-0c74-4f5a-b8c7-199ecef09809'); 
INSERT INTO workStatus(workStatusID, startDate,endDate, userStatusIDFK) VALUES('ef3e8c6a-c386-4882-b33a-cf01dd292f5b', '2026-11-02', '2026-04-02', '5be47a89-7dea-452b-a125-3b83b7a05590'); 
INSERT INTO workStatus(workStatusID, startDate,endDate, userStatusIDFK) VALUES('3886c9c1-7903-4ae9-8ce4-c4f3d4027f3e', '2026-10-12', '2026-06-02', '7305033a-b87d-4810-b974-b02fc0bb473d'); 
INSERT INTO workStatus(workStatusID, startDate,endDate, userStatusIDFK) VALUES('48397017-3b4e-406a-a9e0-8773180d3cd9', '2026-05-23', '2026-05-23', '77635f5c-c6aa-4b8f-ae94-14f999b27022'); 
INSERT INTO workStatus(workStatusID, startDate,endDate, userStatusIDFK) VALUES('708cf834-80cc-46ff-8bfc-0541443fb25b', '2026-05-10', '2026-08-22', 'f0ef03c6-ccb1-4f5f-8c06-694933211085'); 
INSERT INTO workStatus(workStatusID, startDate,endDate, userStatusIDFK) VALUES('e4a97b6b-1c93-4959-adff-99816f2579a3', '2026-03-08', '2026-05-15', '7cb6f33a-23da-4a20-bef1-c731cdcc9765'); 
INSERT INTO workStatus(workStatusID, startDate,endDate, userStatusIDFK) VALUES('a551d6aa-921a-4944-b563-441047ed8bb3', '2026-05-23', '2026-10-01', '245adb0e-1ec9-4f28-abfd-65f25abb7f4a'); 
INSERT INTO workStatus(workStatusID, startDate,endDate, userStatusIDFK) VALUES('638b2bfc-0c9b-4186-bec7-cc186c1dee16', '2026-05-10', '1934-02-24', '69e03759-b1da-4669-b0d6-d639a3ad0753'); 
INSERT INTO workStatus(workStatusID, startDate,endDate, userStatusIDFK) VALUES('f47d6338-8dab-4618-9e30-378a93c2b58f', '2026-08-22', '2026-01-02', '3f3f4382-4e49-4163-b8bf-2137dc2beb88'); 
INSERT INTO workStatus(workStatusID, startDate,endDate, userStatusIDFK) VALUES('558f7721-a7e3-4e96-baed-9efae11c5d1a', '2026-05-15', '2026-01-02', '41be79fc-c8e1-436c-9e28-068f8a43f3c6'); 
INSERT INTO workStatus(workStatusID, startDate,endDate, userStatusIDFK) VALUES('c26670f9-f003-4ba6-928a-f642df85ba00', '2026-08-22', '2026-05-15', 'f8de264d-d5da-4e13-8a37-43b2d09bf4dc'); 
INSERT INTO workStatus(workStatusID, startDate,endDate, userStatusIDFK) VALUES('c3972c61-910d-4def-a727-f767e95ed7e2', '2026-10-01', '2026-06-16', '2dae4484-1928-4fb5-9f53-b19309b34e0e'); 
INSERT INTO workStatus(workStatusID, startDate,endDate, userStatusIDFK) VALUES('f46c28eb-af07-4069-889d-0646609e72c2', '2026-06-05', '1934-02-24', '95d3fb74-1781-446c-93e1-f051245e379f'); 
INSERT INTO workStatus(workStatusID, startDate,endDate, userStatusIDFK) VALUES('1ea76616-0f4f-44e6-b1c2-c1cfb72df7a2', '2026-09-21', '2026-12-25', '7a4c1ed2-3bce-4f8a-a7f9-571a95912f1a'); 
INSERT INTO workStatus(workStatusID, startDate,endDate, userStatusIDFK) VALUES('4506b04c-4d10-4abf-9219-3f1238e7784e', '2026-10-12', '2026-10-01', '870badea-d92a-4c87-ac1b-ba1450302056'); 
INSERT INTO workStatus(workStatusID, startDate,endDate, userStatusIDFK) VALUES('dcf9849d-c83b-4bbf-9da7-bef0edc4a039', '2026-10-12', '2026-12-25', 'f932fec0-7cd2-4a70-bc58-a226cc599cda'); 
INSERT INTO workStatus(workStatusID, startDate,endDate, userStatusIDFK) VALUES('d1833c10-9574-470d-82ed-d584cacf0967', '2000-01-07', '2026-05-10', 'ec600678-d3a2-4b0c-82cb-605802a9d503'); 
INSERT INTO workStatus(workStatusID, startDate,endDate, userStatusIDFK) VALUES('5722da15-12c7-49b2-80eb-6223bce55fcc', '1920-09-15', '2026-05-15', '01e79be5-171b-4a36-abd9-f879956d79bc'); 
INSERT INTO workStatus(workStatusID, startDate,endDate, userStatusIDFK) VALUES('8896b15d-1b7b-4c24-a3c4-68151b8aef30', '2026-08-22', '1917-02-05', 'bf77d2d5-7a08-49cf-adfe-ba247ce5c0ef'); 
INSERT INTO workStatus(workStatusID, startDate,endDate, userStatusIDFK) VALUES('4eb6f4b1-d9b0-4639-bd11-0d4199a3f2f6', '2026-04-30', '1920-09-15', '3aeda17b-c1b0-439b-8387-b0dce3b5e3ec'); 
INSERT INTO workStatus(workStatusID, startDate,endDate, userStatusIDFK) VALUES('e251e74b-6602-4556-b272-0c3bc0c33071', '2000-01-07', '2026-10-01', '95d3fb74-1781-446c-93e1-f051245e379f'); 
INSERT INTO workStatus(workStatusID, startDate,endDate, userStatusIDFK) VALUES('d55d19e2-9eb2-4691-a844-ffcb2750b272', '2026-05-10', '2026-08-22', 'eda48b1e-10c8-4c66-88ca-2137de21aae1'); 
INSERT INTO workStatus(workStatusID, startDate,endDate, userStatusIDFK) VALUES('0ce6b919-227a-4c52-ab78-32f34e900c30', '2026-08-28', '2026-05-15', 'de35a2f8-aa09-49f5-9d75-2ae180028b6e'); 
INSERT INTO workStatus(workStatusID, startDate,endDate, userStatusIDFK) VALUES('bf67fbbe-3222-4ee5-94c5-99dbd18095ea', '1920-09-15', '1920-09-15', '7fb2c668-5efa-4270-989f-924b173e56e0'); 
INSERT INTO workStatus(workStatusID, startDate,endDate, userStatusIDFK) VALUES('f4fa3f26-ee8d-46fa-bde5-b974a4206f63', '2026-10-12', '2026-11-02', '150e3fa5-ff1c-4150-932d-187f66132cd2'); 
INSERT INTO workStatus(workStatusID, startDate,endDate, userStatusIDFK) VALUES('372536d1-0008-4195-b2f3-a4b9e79ff80d', '2026-04-30', '1910-11-20', '7d625aaa-8fc3-4614-b31a-7c5014646029'); 
INSERT INTO workStatus(workStatusID, startDate,endDate, userStatusIDFK) VALUES('8742a940-b64d-4025-b0b3-b622eadb58bb', '2026-08-22', '1531-12-12', 'e96064d0-9300-4991-b245-cd907df6df25'); 
INSERT INTO workStatus(workStatusID, startDate,endDate, userStatusIDFK) VALUES('7153ff16-0ce6-4504-b442-89b8c9cb610a', '2026-01-02', '2026-08-22', '3aeda17b-c1b0-439b-8387-b0dce3b5e3ec'); 
INSERT INTO workStatus(workStatusID, startDate,endDate, userStatusIDFK) VALUES('a75f1d5e-8108-49d9-8315-3ad0878dcf9d', '2026-05-23', '2026-04-02', 'aa80da08-19b0-46f2-987c-ddc20f9f6583'); 
INSERT INTO workStatus(workStatusID, startDate,endDate, userStatusIDFK) VALUES('9daa9426-625d-41c3-a773-71d21bd0ef79', '2026-04-02', '1920-09-15', '77635f5c-c6aa-4b8f-ae94-14f999b27022'); 
INSERT INTO workStatus(workStatusID, startDate,endDate, userStatusIDFK) VALUES('2bbbc865-8b4f-425a-ac8b-103e28bad24e', '2026-10-12', '2026-03-08', '241ee843-0d72-430f-80e1-a2e3adcc7dfd'); 
INSERT INTO workStatus(workStatusID, startDate,endDate, userStatusIDFK) VALUES('df97b351-69ce-4158-8773-50f99e0bc103', '2026-03-08', '2026-11-02', '1cfc280d-ac32-4a09-87e3-d8ad86814a1b'); 
INSERT INTO workStatus(workStatusID, startDate,endDate, userStatusIDFK) VALUES('f0fc8001-3aa8-4b0c-b6d8-3c35b7d3e808', '1806-03-21', '2026-05-15', 'aa80da08-19b0-46f2-987c-ddc20f9f6583'); 
INSERT INTO workStatus(workStatusID, startDate,endDate, userStatusIDFK) VALUES('94fd9de4-f73b-4fb8-be85-c93376c5b377', '2026-05-23', '1920-09-15', '7305033a-b87d-4810-b974-b02fc0bb473d'); 
INSERT INTO workStatus(workStatusID, startDate,endDate, userStatusIDFK) VALUES('0c510a48-86c2-4b6f-8a57-25f4ec2391d0', '2026-05-23', '1886-05-01', 'e0c98a74-adf6-4c71-8290-6933a82a453c'); 
INSERT INTO workStatus(workStatusID, startDate,endDate, userStatusIDFK) VALUES('d20a459b-3dbb-41f0-b261-4b656d9c6fb6', '2026-08-22', '2026-05-15', 'f4855bbc-5961-4b57-8b0e-38a7aa03d4a8'); 
INSERT INTO workStatus(workStatusID, startDate,endDate, userStatusIDFK) VALUES('92fc29b7-f015-4a82-a5f4-4ea5c759eb62', '2026-06-02', '2026-06-16', 'a395304f-2bdf-4625-9d0a-afd2d3c6c893'); 
INSERT INTO workStatus(workStatusID, startDate,endDate, userStatusIDFK) VALUES('87d924d2-3e92-4fad-8892-df1924db42db', '2000-01-07', '2026-10-12', '7cb6f33a-23da-4a20-bef1-c731cdcc9765'); 
INSERT INTO workStatus(workStatusID, startDate,endDate, userStatusIDFK) VALUES('4d3daa9c-e271-45cd-948b-7497124dbce5', '1920-09-15', '2026-09-21', 'c46f48ba-12ec-43e2-a371-0324ec4bc93e'); 
INSERT INTO workStatus(workStatusID, startDate,endDate, userStatusIDFK) VALUES('3896e617-af0a-42f2-a5be-499b0b8646a7', '2026-02-14', '2026-02-19', '2466923a-fc71-4017-826d-0e4e5556fc67'); 
INSERT INTO workStatus(workStatusID, startDate,endDate, userStatusIDFK) VALUES('368b28aa-233a-47df-9f82-2d73bbc359d2', '1917-02-05', '2000-01-07', '09fa7fdf-36d4-491e-b94e-574777e32c06'); 
INSERT INTO workStatus(workStatusID, startDate,endDate, userStatusIDFK) VALUES('644983ae-e48e-442a-b69d-e2d2d46dfa7e', '2026-06-16', '2026-04-07', '95d884d6-dacb-4960-b157-1ff78d04ddb6'); 
INSERT INTO workStatus(workStatusID, startDate,endDate, userStatusIDFK) VALUES('6f54f89c-c8b3-4f21-86d2-854b36cecee4', '1934-02-24', '2026-06-16', '46b131e9-eae1-48b2-a8e7-6c5022a330d3'); 
INSERT INTO workStatus(workStatusID, startDate,endDate, userStatusIDFK) VALUES('dd92b6bf-658a-4c5f-89bd-947f2ce977c9', '1806-03-21', '2026-02-14', '1828d73e-8812-4f56-9242-9f0c8cd0dfd8'); 
INSERT INTO workStatus(workStatusID, startDate,endDate, userStatusIDFK) VALUES('d2b1fa57-fc31-45ca-95d8-262eb5b9e574', '2026-05-10', '1886-05-01', '6083c3f1-1790-4049-b623-f9556d2e951a'); 
INSERT INTO workStatus(workStatusID, startDate,endDate, userStatusIDFK) VALUES('7d785d12-f78a-4b6f-93ac-9a7b7e4b76d6', '1917-02-05', '2000-01-07', '5d983838-0efc-415e-ba4c-f5842aef8394'); 
INSERT INTO workStatus(workStatusID, startDate,endDate, userStatusIDFK) VALUES('11bcd337-eb88-40d0-bc0e-3f9d8cb8fa9e', '2026-11-02', '2026-04-07', 'e21817be-b798-4e79-ace3-95aaa3e294df'); 
INSERT INTO workStatus(workStatusID, startDate,endDate, userStatusIDFK) VALUES('1ed745b8-53c3-43c9-994a-70955b2c6893', '2026-06-05', '1917-02-05', '0de6fa69-d6aa-49f6-a4ce-3f19c12215f3'); 
INSERT INTO workStatus(workStatusID, startDate,endDate, userStatusIDFK) VALUES('e7ed9227-8a1e-4f85-bc8e-0955ade19a65', '2026-03-08', '1806-03-21', '18c583f2-742b-441f-aad2-8a4b686ddd59'); 
INSERT INTO workStatus(workStatusID, startDate,endDate, userStatusIDFK) VALUES('fdf7b36d-8c0f-49f4-a2b1-e52598d3b7bf', '1910-11-20', '2026-06-02', '69f1ac96-ae18-4d05-a972-91f8ba270976'); 
INSERT INTO workStatus(workStatusID, startDate,endDate, userStatusIDFK) VALUES('e2912dec-e6da-4d80-bf01-dea8fed55c6b', '2026-05-23', '1806-03-21', 'a3e66cb7-547e-4102-839e-fb3961f7269f'); 
INSERT INTO workStatus(workStatusID, startDate,endDate, userStatusIDFK) VALUES('550db53b-324e-4eea-8d6b-bfac4e51d93a', '2026-12-25', '2026-08-28', 'ec600678-d3a2-4b0c-82cb-605802a9d503'); 
INSERT INTO workStatus(workStatusID, startDate,endDate, userStatusIDFK) VALUES('b8f20896-9b06-4bf7-b1cc-6275216f2b5c', '2000-01-07', '2000-01-07', 'fbc60219-d8f3-4cc7-b393-feca224410a6'); 
INSERT INTO workStatus(workStatusID, startDate,endDate, userStatusIDFK) VALUES('8b86d64b-3224-4c0b-9ed3-be658bb16d21', '2026-10-01', '2026-04-30', '0baec403-8d05-48e5-bb3e-a494ce81af24'); 
INSERT INTO workStatus(workStatusID, startDate,endDate, userStatusIDFK) VALUES('43e458a5-597a-4484-96b5-fd414184178c', '2026-01-02', '2026-04-07', '1936dce2-edad-4091-8887-7391cced536e'); 
INSERT INTO workStatus(workStatusID, startDate,endDate, userStatusIDFK) VALUES('c299fb80-fe87-416b-a87d-de35c0c28d65', '2026-02-14', '2026-08-28', '7cb6f33a-23da-4a20-bef1-c731cdcc9765'); 
INSERT INTO workStatus(workStatusID, startDate,endDate, userStatusIDFK) VALUES('a0de2f9d-1f70-4136-bcd8-71249a0a1f1a', '2026-06-16', '2026-04-07', 'a395304f-2bdf-4625-9d0a-afd2d3c6c893'); 

INSERT INTO oneOnOneQuestion(questionID, question) VALUES('a64c734f-c951-448a-9311-ef2e1969cef7', '¿Cuál va a ser tu meta del mes?'); 
INSERT INTO oneOnOneQuestion(questionID, question) VALUES('6c16088d-4c04-45bd-a8ff-c7471acfee66', '¿Estás preocupado, decepcionado o estresado?'); 
INSERT INTO oneOnOneQuestion(questionID, question) VALUES('3d2f93c1-b9a6-42a9-94eb-12a3e2aa0ff8', '¿Qué vamos hacer para cumplir las metas?'); 
INSERT INTO oneOnOneQuestion(questionID, question) VALUES('9c44b602-01de-41c8-a51b-971381d950b1', '¿El trabajo y las entregas van en el tiempo planeado?'); 

INSERT INTO oneOnOneMeasurable(measurableID, summary) VALUES('116a12e4-13e7-4f25-8ab2-cf99aa8135ef', 'Carga de trabajo: El colaborador siente que su carga es manejable'); 
INSERT INTO oneOnOneMeasurable(measurableID, summary) VALUES('37f01539-b93b-4450-8ed6-2a9f8796b0f1', 'Salud fisica El colaborador menciona tener una salud fisica un poco mala'); 
INSERT INTO oneOnOneMeasurable(measurableID, summary) VALUES('94059064-2a1a-46fa-b3c0-7be8afb320a0', 'Carga de trabajo: El colaborador siente que su carga es medianamente manejable'); 
INSERT INTO oneOnOneMeasurable(measurableID, summary) VALUES('595903ad-a952-43d3-b10a-6aa1fc133601', 'Reconocimiento: El colaborador no se siente valorado por sus compañeros'); 
INSERT INTO oneOnOneMeasurable(measurableID, summary) VALUES('9a2bbdb0-2570-40a1-9820-5478c01cd119', 'Carga de trabajo El colaborador siente que su carga de trabajo no es manejable'); 

INSERT INTO oneOnOne(oneOnOneID, expectedTime, meetingDate, meetingLink, oneOnOneUserIDFK) VALUES('72029663-0d00-4409-933a-0ab6d4357384', 15, '2025-05-12 14:45:00', 'https://meet.google.com/abc-defg-hij', '7c1ca409-39b0-45a0-bf81-ce08112c391a');
INSERT INTO oneOnOne(oneOnOneID, expectedTime, meetingDate, meetingLink, oneOnOneUserIDFK) VALUES('fc3b1550-b4d5-4c85-ae8c-04b0fe074661', 15, '2025-03-20 13:15:00', 'https://meet.google.com/abc-defg-hij', '28d295f2-cb7a-4104-82b5-904a16ac9ed8');
INSERT INTO oneOnOne(oneOnOneID, expectedTime, meetingDate, meetingLink, oneOnOneUserIDFK) VALUES('1d59a027-0f75-4c82-b9b7-65eeb3a10303', 15, '2025-03-21 16:00:00', 'https://meet.google.com/abc-defg-hij', '495d849e-b5f7-4355-ab8e-d35e560d1220');
INSERT INTO oneOnOne(oneOnOneID, expectedTime, meetingDate, meetingLink, oneOnOneUserIDFK) VALUES('dac6fcdf-77fb-46bd-9cfa-04c2175d633e', 15, '2025-05-07 07:30:00', 'https://meet.google.com/abc-defg-hij', '25d133c7-b81b-475a-987a-534340aafb70');
INSERT INTO oneOnOne(oneOnOneID, expectedTime, meetingDate, meetingLink, oneOnOneUserIDFK) VALUES('efd15255-c005-46c3-894b-9c7925627504', 15, '2025-05-07 07:30:00', 'https://meet.google.com/abc-defg-hij', 'f8de264d-d5da-4e13-8a37-43b2d09bf4dc');
INSERT INTO oneOnOne(oneOnOneID, expectedTime, meetingDate, meetingLink, oneOnOneUserIDFK) VALUES('97cde49b-8ffb-48f2-b965-cad4559c26aa', 15, '2025-03-05 09:15:00', 'https://meet.google.com/abc-defg-hij', 'caf3378a-69f2-4b5d-a8fd-614092f71142');
INSERT INTO oneOnOne(oneOnOneID, expectedTime, meetingDate, meetingLink, oneOnOneUserIDFK) VALUES('1f34ebbb-ad10-4e23-95f7-93ff8e60e429', 15, '2025-05-07 14:30:00', 'https://meet.google.com/abc-defg-hij', '56a607a8-73d4-4f4f-a3a5-569a25f47323');
INSERT INTO oneOnOne(oneOnOneID, expectedTime, meetingDate, meetingLink, oneOnOneUserIDFK) VALUES('e21987ad-eddc-4913-86a5-3e26c4731180', 15, '2025-05-12 14:45:00', 'https://meet.google.com/abc-defg-hij', 'eda48b1e-10c8-4c66-88ca-2137de21aae1');
INSERT INTO oneOnOne(oneOnOneID, expectedTime, meetingDate, meetingLink, oneOnOneUserIDFK) VALUES('433795d7-3624-471a-8d27-fa6f0a13f7b7', 15, '2025-03-05 09:45:00', 'https://meet.google.com/abc-defg-hij', '7c1ca409-39b0-45a0-bf81-ce08112c391a');
INSERT INTO oneOnOne(oneOnOneID, expectedTime, meetingDate, meetingLink, oneOnOneUserIDFK) VALUES('135aa551-8069-4492-a9e5-b48728eb1dff', 15, '2025-03-20 13:15:00', 'https://meet.google.com/abc-defg-hij', '3aeda17b-c1b0-439b-8387-b0dce3b5e3ec');
INSERT INTO oneOnOne(oneOnOneID, expectedTime, meetingDate, meetingLink, oneOnOneUserIDFK) VALUES('3c8e5e36-fe68-49f5-9f49-c81f5c22c4ad', 15, '2025-03-05 09:30:00', 'https://meet.google.com/abc-defg-hij', '13e7f14d-cbad-45b7-b989-dd60daaf77f5');
INSERT INTO oneOnOne(oneOnOneID, expectedTime, meetingDate, meetingLink, oneOnOneUserIDFK) VALUES('351757e9-9f7f-44bc-bff5-fdb6318b1467', 15, '2025-05-12 14:30:00', 'https://meet.google.com/abc-defg-hij', '67c4c731-be42-4df0-be02-e8a40ec5a19d');
INSERT INTO oneOnOne(oneOnOneID, expectedTime, meetingDate, meetingLink, oneOnOneUserIDFK) VALUES('7e9cf947-bc55-4980-830c-ae7541c6cc2a', 15, '2025-05-12 14:15:00', 'https://meet.google.com/abc-defg-hij', 'f8de264d-d5da-4e13-8a37-43b2d09bf4dc');
INSERT INTO oneOnOne(oneOnOneID, expectedTime, meetingDate, meetingLink, oneOnOneUserIDFK) VALUES('21caf41e-8025-4995-8d33-123db1ae37f8', 15, '2025-05-07 14:30:00', 'https://meet.google.com/abc-defg-hij', '6f370def-1e3d-4ad7-966d-9be92f7fa4a5');
INSERT INTO oneOnOne(oneOnOneID, expectedTime, meetingDate, meetingLink, oneOnOneUserIDFK) VALUES('eb8f6e99-04b0-4fd0-9ac4-1cd9e5e6cd03', 15, '2025-05-07 14:45:00', 'https://meet.google.com/abc-defg-hij', 'bf77d2d5-7a08-49cf-adfe-ba247ce5c0ef');
INSERT INTO oneOnOne(oneOnOneID, expectedTime, meetingDate, meetingLink, oneOnOneUserIDFK) VALUES('fc7fe00e-bd91-4cf4-8a27-80ec12105aab', 15, '2025-03-05 09:45:00', 'https://meet.google.com/abc-defg-hij', '18c583f2-742b-441f-aad2-8a4b686ddd59');
INSERT INTO oneOnOne(oneOnOneID, expectedTime, meetingDate, meetingLink, oneOnOneUserIDFK) VALUES('e5e5cf01-beb5-478b-b84e-7d654afd4558', 15, '2025-05-07 14:15:00', 'https://meet.google.com/abc-defg-hij', '7c1ca409-39b0-45a0-bf81-ce08112c391a');
INSERT INTO oneOnOne(oneOnOneID, expectedTime, meetingDate, meetingLink, oneOnOneUserIDFK) VALUES('ae613c2e-4d4e-4ea7-b953-b2043897d439', 15, '2025-03-21 16:15:00', 'https://meet.google.com/abc-defg-hij', '3baffa12-6c37-4fab-9c02-4985018b3473');
INSERT INTO oneOnOne(oneOnOneID, expectedTime, meetingDate, meetingLink, oneOnOneUserIDFK) VALUES('e0416f5d-a7b9-4aec-9214-c327c22463f1', 15, '2025-05-07 07:00:00', 'https://meet.google.com/abc-defg-hij', 'caf3378a-69f2-4b5d-a8fd-614092f71142');
INSERT INTO oneOnOne(oneOnOneID, expectedTime, meetingDate, meetingLink, oneOnOneUserIDFK) VALUES('19aa82cb-afba-4283-b3b7-0c14974d83f4', 15, '2025-03-05 09:30:00', 'https://meet.google.com/abc-defg-hij', '241ee843-0d72-430f-80e1-a2e3adcc7dfd');
INSERT INTO oneOnOne(oneOnOneID, expectedTime, meetingDate, meetingLink, oneOnOneUserIDFK) VALUES('e14e63a4-7526-49d8-973a-89465334c91e', 15, '2025-05-07 14:45:00', 'https://meet.google.com/abc-defg-hij', '46b131e9-eae1-48b2-a8e7-6c5022a330d3');
INSERT INTO oneOnOne(oneOnOneID, expectedTime, meetingDate, meetingLink, oneOnOneUserIDFK) VALUES('66773772-8bce-4f0e-83b4-4a1295997539', 15, '2025-03-20 13:15:00', 'https://meet.google.com/abc-defg-hij', '5f25c1b4-dc89-4878-9f25-1696b299ad45');
INSERT INTO oneOnOne(oneOnOneID, expectedTime, meetingDate, meetingLink, oneOnOneUserIDFK) VALUES('e7b23d70-f990-44c2-af87-452fedbc675f', 15, '2025-05-07 14:30:00', 'https://meet.google.com/abc-defg-hij', 'f4855bbc-5961-4b57-8b0e-38a7aa03d4a8');
INSERT INTO oneOnOne(oneOnOneID, expectedTime, meetingDate, meetingLink, oneOnOneUserIDFK) VALUES('55f8d3a0-0a68-4980-a147-1ba42ecee19f', 15, '2025-03-20 13:45:00', 'https://meet.google.com/abc-defg-hij', '3f3f4382-4e49-4163-b8bf-2137dc2beb88');
INSERT INTO oneOnOne(oneOnOneID, expectedTime, meetingDate, meetingLink, oneOnOneUserIDFK) VALUES('8920cbce-50b8-4bb7-98d2-ec3728e50ac8', 15, '2025-03-05 09:30:00', 'https://meet.google.com/abc-defg-hij', '2466923a-fc71-4017-826d-0e4e5556fc67');
INSERT INTO oneOnOne(oneOnOneID, expectedTime, meetingDate, meetingLink, oneOnOneUserIDFK) VALUES('6f13488b-b777-4998-9620-0a59a92a2477', 15, '2025-03-05 09:45:00', 'https://meet.google.com/abc-defg-hij', '0de6fa69-d6aa-49f6-a4ce-3f19c12215f3');
INSERT INTO oneOnOne(oneOnOneID, expectedTime, meetingDate, meetingLink, oneOnOneUserIDFK) VALUES('31f5d51e-2cfd-4336-85f2-a8c662bb0eed', 15, '2025-05-12 14:15:00', 'https://meet.google.com/abc-defg-hij', 'f4855bbc-5961-4b57-8b0e-38a7aa03d4a8');
INSERT INTO oneOnOne(oneOnOneID, expectedTime, meetingDate, meetingLink, oneOnOneUserIDFK) VALUES('0b9b6615-f50f-4019-86ba-f689eceb5e0a', 15, '2025-03-20 13:45:00', 'https://meet.google.com/abc-defg-hij', '68e70e3e-e605-4cc4-9916-96dced360632');
INSERT INTO oneOnOne(oneOnOneID, expectedTime, meetingDate, meetingLink, oneOnOneUserIDFK) VALUES('4d20fff5-e661-41f4-8e24-7a942f15fa45', 15, '2025-05-07 14:30:00', 'https://meet.google.com/abc-defg-hij', '31936144-f85f-4b13-bec7-bfbadd240123');
INSERT INTO oneOnOne(oneOnOneID, expectedTime, meetingDate, meetingLink, oneOnOneUserIDFK) VALUES('24903f1a-192b-4677-b51d-d2426bf24260', 15, '2025-05-07 07:00:00', 'https://meet.google.com/abc-defg-hij', '26dd355b-3366-4782-9c46-b1a5ee157811');
INSERT INTO oneOnOne(oneOnOneID, expectedTime, meetingDate, meetingLink, oneOnOneUserIDFK) VALUES('ccf23546-8665-4c81-aa66-8a2f8a1a6ea5', 15, '2025-03-20 13:15:00', 'https://meet.google.com/abc-defg-hij', '9b3a5049-361b-4081-8930-fb18d98c2c28');
INSERT INTO oneOnOne(oneOnOneID, expectedTime, meetingDate, meetingLink, oneOnOneUserIDFK) VALUES('aacfc87c-1233-4e54-9446-f7a513e9db59', 15, '2025-05-07 14:15:00', 'https://meet.google.com/abc-defg-hij', '5b94b146-bbf0-420f-96ad-e104dea76dca');
INSERT INTO oneOnOne(oneOnOneID, expectedTime, meetingDate, meetingLink, oneOnOneUserIDFK) VALUES('f1ea1c7b-19a6-4687-8bc9-21f674f1bff0', 15, '2025-03-05 09:15:00', 'https://meet.google.com/abc-defg-hij', 'df874b60-7f72-4af8-9b9a-19889c2ef2e5');
INSERT INTO oneOnOne(oneOnOneID, expectedTime, meetingDate, meetingLink, oneOnOneUserIDFK) VALUES('5786a54e-2cb8-4807-92a8-47c79931e314', 15, '2025-03-05 09:45:00', 'https://meet.google.com/abc-defg-hij', '28d295f2-cb7a-4104-82b5-904a16ac9ed8');
INSERT INTO oneOnOne(oneOnOneID, expectedTime, meetingDate, meetingLink, oneOnOneUserIDFK) VALUES('d1d574f3-cce8-448b-98e7-7d373e04dd8c', 15, '2025-05-07 14:15:00', 'https://meet.google.com/abc-defg-hij', '7d625aaa-8fc3-4614-b31a-7c5014646029');
INSERT INTO oneOnOne(oneOnOneID, expectedTime, meetingDate, meetingLink, oneOnOneUserIDFK) VALUES('37a76c7e-6f05-4f52-9af9-dcc4cab238bd', 15, '2025-03-20 13:45:00', 'https://meet.google.com/abc-defg-hij', '870badea-d92a-4c87-ac1b-ba1450302056');
INSERT INTO oneOnOne(oneOnOneID, expectedTime, meetingDate, meetingLink, oneOnOneUserIDFK) VALUES('09f98886-30c6-4a0d-93ba-a317f14a846f', 15, '2025-03-05 09:15:00', 'https://meet.google.com/abc-defg-hij', 'aa80da08-19b0-46f2-987c-ddc20f9f6583');
INSERT INTO oneOnOne(oneOnOneID, expectedTime, meetingDate, meetingLink, oneOnOneUserIDFK) VALUES('0ca317e8-68e2-4aa0-9f18-c14121bac9a8', 15, '2025-05-07 07:00:00', 'https://meet.google.com/abc-defg-hij', 'f8de264d-d5da-4e13-8a37-43b2d09bf4dc');
INSERT INTO oneOnOne(oneOnOneID, expectedTime, meetingDate, meetingLink, oneOnOneUserIDFK) VALUES('f8e3ed9b-fade-457e-8e9f-086cabab8493', 15, '2025-03-05 09:15:00', 'https://meet.google.com/abc-defg-hij', '26dd355b-3366-4782-9c46-b1a5ee157811');
INSERT INTO oneOnOne(oneOnOneID, expectedTime, meetingDate, meetingLink, oneOnOneUserIDFK) VALUES('b4054675-4668-4f10-9019-a04211832fac', 15, '2025-03-21 16:00:00', 'https://meet.google.com/abc-defg-hij', '28d295f2-cb7a-4104-82b5-904a16ac9ed8');
INSERT INTO oneOnOne(oneOnOneID, expectedTime, meetingDate, meetingLink, oneOnOneUserIDFK) VALUES('fc5c3104-c8dc-4f4c-afc3-b29d77b8e4ec', 15, '2025-05-12 14:30:00', 'https://meet.google.com/abc-defg-hij', 'f8de264d-d5da-4e13-8a37-43b2d09bf4dc');
INSERT INTO oneOnOne(oneOnOneID, expectedTime, meetingDate, meetingLink, oneOnOneUserIDFK) VALUES('0e5c34ae-9e46-41ce-b2af-dc84ab38b5af', 15, '2025-05-07 14:45:00', 'https://meet.google.com/abc-defg-hij', '5be47a89-7dea-452b-a125-3b83b7a05590');
INSERT INTO oneOnOne(oneOnOneID, expectedTime, meetingDate, meetingLink, oneOnOneUserIDFK) VALUES('4d0121ff-9e98-4782-84b6-ce9fc42ad473', 15, '2025-03-05 09:30:00', 'https://meet.google.com/abc-defg-hij', '56a607a8-73d4-4f4f-a3a5-569a25f47323');
INSERT INTO oneOnOne(oneOnOneID, expectedTime, meetingDate, meetingLink, oneOnOneUserIDFK) VALUES('970c5373-91fe-4b46-adab-d80cf8d92df8', 15, '2025-05-07 14:15:00', 'https://meet.google.com/abc-defg-hij', '25d133c7-b81b-475a-987a-534340aafb70');
INSERT INTO oneOnOne(oneOnOneID, expectedTime, meetingDate, meetingLink, oneOnOneUserIDFK) VALUES('fa4a65c8-ea2a-43be-9dbc-d84153e495c6', 15, '2025-03-21 16:00:00', 'https://meet.google.com/abc-defg-hij', '28d295f2-cb7a-4104-82b5-904a16ac9ed8');
INSERT INTO oneOnOne(oneOnOneID, expectedTime, meetingDate, meetingLink, oneOnOneUserIDFK) VALUES('bc411c94-4d15-4d7a-8de4-40bcde8b22a7', 15, '2025-03-20 13:15:00', 'https://meet.google.com/abc-defg-hij', 'caf3378a-69f2-4b5d-a8fd-614092f71142');
INSERT INTO oneOnOne(oneOnOneID, expectedTime, meetingDate, meetingLink, oneOnOneUserIDFK) VALUES('33e9560b-2aa9-4fbf-af65-53e02194fcb5', 15, '2025-05-07 14:45:00', 'https://meet.google.com/abc-defg-hij', '77635f5c-c6aa-4b8f-ae94-14f999b27022');
INSERT INTO oneOnOne(oneOnOneID, expectedTime, meetingDate, meetingLink, oneOnOneUserIDFK) VALUES('5b1e069c-dbe5-47fd-8c9c-4926cf327cda', 15, '2025-03-05 09:30:00', 'https://meet.google.com/abc-defg-hij', 'e96064d0-9300-4991-b245-cd907df6df25');
INSERT INTO oneOnOne(oneOnOneID, expectedTime, meetingDate, meetingLink, oneOnOneUserIDFK) VALUES('1c942e6f-744f-4370-84e4-82263fa02ddb', 15, '2025-03-20 13:45:00', 'https://meet.google.com/abc-defg-hij', '495d849e-b5f7-4355-ab8e-d35e560d1220');
INSERT INTO oneOnOne(oneOnOneID, expectedTime, meetingDate, meetingLink, oneOnOneUserIDFK) VALUES('789e9ec1-c46d-4340-8750-65116cf93fdb', 15, '2025-03-05 09:45:00', 'https://meet.google.com/abc-defg-hij', 'fbc60219-d8f3-4cc7-b393-feca224410a6');
INSERT INTO oneOnOne(oneOnOneID, expectedTime, meetingDate, meetingLink, oneOnOneUserIDFK) VALUES('dd93c25f-ba01-40e7-9d7b-f9dff4977eb5', 15, '2025-05-12 14:45:00', 'https://meet.google.com/abc-defg-hij', '77635f5c-c6aa-4b8f-ae94-14f999b27022');
INSERT INTO oneOnOne(oneOnOneID, expectedTime, meetingDate, meetingLink, oneOnOneUserIDFK) VALUES('9b33f900-4465-4983-8066-121e43a6e0a3', 15, '2025-05-07 14:30:00', 'https://meet.google.com/abc-defg-hij', '28d295f2-cb7a-4104-82b5-904a16ac9ed8');
INSERT INTO oneOnOne(oneOnOneID, expectedTime, meetingDate, meetingLink, oneOnOneUserIDFK) VALUES('47be1e40-9e12-471c-8832-0771cd3a6acd', 15, '2025-03-05 09:30:00', 'https://meet.google.com/abc-defg-hij', '7305033a-b87d-4810-b974-b02fc0bb473d');
INSERT INTO oneOnOne(oneOnOneID, expectedTime, meetingDate, meetingLink, oneOnOneUserIDFK) VALUES('020f2c14-2d6f-4a0d-921a-eeb561add4a1', 15, '2025-05-12 14:45:00', 'https://meet.google.com/abc-defg-hij', '150e3fa5-ff1c-4150-932d-187f66132cd2');
INSERT INTO oneOnOne(oneOnOneID, expectedTime, meetingDate, meetingLink, oneOnOneUserIDFK) VALUES('67aeaa6e-1f77-4989-8427-580a2967363e', 15, '2025-03-21 16:00:00', 'https://meet.google.com/abc-defg-hij', 'e21817be-b798-4e79-ace3-95aaa3e294df');
INSERT INTO oneOnOne(oneOnOneID, expectedTime, meetingDate, meetingLink, oneOnOneUserIDFK) VALUES('a1b81390-6e74-4d42-9688-288eefd7395d', 15, '2025-03-21 16:00:00', 'https://meet.google.com/abc-defg-hij', '34ea6f15-af85-4c9c-a58a-1415f9b5e800');
INSERT INTO oneOnOne(oneOnOneID, expectedTime, meetingDate, meetingLink, oneOnOneUserIDFK) VALUES('80f52ed8-ff57-4036-95d4-dc8e7694a106', 15, '2025-03-05 09:15:00', 'https://meet.google.com/abc-defg-hij', '95d3fb74-1781-446c-93e1-f051245e379f');
INSERT INTO oneOnOne(oneOnOneID, expectedTime, meetingDate, meetingLink, oneOnOneUserIDFK) VALUES('442bcb6d-baba-44f3-973a-a31eba984c93', 15, '2025-03-20 13:45:00', 'https://meet.google.com/abc-defg-hij', 'aa80da08-19b0-46f2-987c-ddc20f9f6583');
INSERT INTO oneOnOne(oneOnOneID, expectedTime, meetingDate, meetingLink, oneOnOneUserIDFK) VALUES('ce39a7aa-c71d-4e68-a341-7d6685a931f2', 15, '2025-03-20 13:15:00', 'https://meet.google.com/abc-defg-hij', '1936dce2-edad-4091-8887-7391cced536e');
INSERT INTO oneOnOne(oneOnOneID, expectedTime, meetingDate, meetingLink, oneOnOneUserIDFK) VALUES('560371f9-212b-426d-be2a-1091f84939a2', 15, '2025-05-07 14:30:00', 'https://meet.google.com/abc-defg-hij', '28d295f2-cb7a-4104-82b5-904a16ac9ed8');
INSERT INTO oneOnOne(oneOnOneID, expectedTime, meetingDate, meetingLink, oneOnOneUserIDFK) VALUES('787a21f6-e0a7-4f12-9902-fdd058004151', 15, '2025-03-21 16:00:00', 'https://meet.google.com/abc-defg-hij', '34ea6f15-af85-4c9c-a58a-1415f9b5e800');
INSERT INTO oneOnOne(oneOnOneID, expectedTime, meetingDate, meetingLink, oneOnOneUserIDFK) VALUES('8e2b0d9f-bc05-48f5-a7f9-4c8871c6a967', 15, '2025-05-07 14:45:00', 'https://meet.google.com/abc-defg-hij', 'cfde327c-6e50-41b4-8aca-f6cb5e915afa');
INSERT INTO oneOnOne(oneOnOneID, expectedTime, meetingDate, meetingLink, oneOnOneUserIDFK) VALUES('b8ea08b6-ba60-46fb-b2d8-67956692a305', 15, '2025-03-05 09:15:00', 'https://meet.google.com/abc-defg-hij', '7cb6f33a-23da-4a20-bef1-c731cdcc9765');
INSERT INTO oneOnOne(oneOnOneID, expectedTime, meetingDate, meetingLink, oneOnOneUserIDFK) VALUES('4450e790-d858-4681-80fd-d2c6b5bccf6b', 15, '2025-05-07 07:30:00', 'https://meet.google.com/abc-defg-hij', 'e21817be-b798-4e79-ace3-95aaa3e294df');
INSERT INTO oneOnOne(oneOnOneID, expectedTime, meetingDate, meetingLink, oneOnOneUserIDFK) VALUES('71e1fad8-7760-4b1a-a6ba-c254fe123b8f', 15, '2025-05-12 14:45:00', 'https://meet.google.com/abc-defg-hij', '5d983838-0efc-415e-ba4c-f5842aef8394');
INSERT INTO oneOnOne(oneOnOneID, expectedTime, meetingDate, meetingLink, oneOnOneUserIDFK) VALUES('6c53e23e-1a98-4ae9-8370-1825e1fa1fb9', 15, '2025-03-20 13:15:00', 'https://meet.google.com/abc-defg-hij', '5be47a89-7dea-452b-a125-3b83b7a05590');
INSERT INTO oneOnOne(oneOnOneID, expectedTime, meetingDate, meetingLink, oneOnOneUserIDFK) VALUES('8be6de4d-3add-4075-ac4a-0851b65c34f4', 15, '2025-03-05 09:15:00', 'https://meet.google.com/abc-defg-hij', 'e5948fc6-0889-45f5-a95b-8e6cba0a26c4');
INSERT INTO oneOnOne(oneOnOneID, expectedTime, meetingDate, meetingLink, oneOnOneUserIDFK) VALUES('5fcf5e77-f53f-4114-b9e2-941d6d7afcbb', 15, '2025-05-07 14:45:00', 'https://meet.google.com/abc-defg-hij', '150e3fa5-ff1c-4150-932d-187f66132cd2');
INSERT INTO oneOnOne(oneOnOneID, expectedTime, meetingDate, meetingLink, oneOnOneUserIDFK) VALUES('29456532-961c-4eca-9004-96ff63665dda', 15, '2025-05-07 07:00:00', 'https://meet.google.com/abc-defg-hij', '53010424-0024-48dc-ab3a-83b3fd0cb22b');
INSERT INTO oneOnOne(oneOnOneID, expectedTime, meetingDate, meetingLink, oneOnOneUserIDFK) VALUES('6f962e04-b39c-4eaf-9733-88725ccdd78e', 15, '2025-05-12 14:15:00', 'https://meet.google.com/abc-defg-hij', '01e79be5-171b-4a36-abd9-f879956d79bc');

INSERT INTO oneOnOneAnswer(answer, answerOneOnOneIDFK, questionIDFK) VALUES('Vamos a fomentar la comunicación continua y a utilizar herramientas de gestión que nos ayuden a monitorear el progreso.', 'dac6fcdf-77fb-46bd-9cfa-04c2175d633e', 'a64c734f-c951-448a-9311-ef2e1969cef7');
INSERT INTO oneOnOneAnswer(answer, answerOneOnOneIDFK, questionIDFK) VALUES('Me siento orgulloso de haber cumplido mis objetivos en el proyecto X, lo que me permitió crecer profesionalmente.', '4d20fff5-e661-41f4-8e24-7a942f15fa45', '3d2f93c1-b9a6-42a9-94eb-12a3e2aa0ff8');
INSERT INTO oneOnOneAnswer(answer, answerOneOnOneIDFK, questionIDFK) VALUES('En general tengo lo necesario, aunque en algunas áreas podría beneficiarme de recursos adicionales para acelerar ciertos procesos.', 'dac6fcdf-77fb-46bd-9cfa-04c2175d633e', '6c16088d-4c04-45bd-a8ff-c7471acfee66');
INSERT INTO oneOnOneAnswer(answer, answerOneOnOneIDFK, questionIDFK) VALUES('Quiero destacar el esfuerzo y la colaboración de todo el equipo, que ha sido fundamental para alcanzar los objetivos planteados.', '1c942e6f-744f-4370-84e4-82263fa02ddb', '9c44b602-01de-41c8-a51b-971381d950b1');
INSERT INTO oneOnOneAnswer(answer, answerOneOnOneIDFK, questionIDFK) VALUES('Actualmente estoy enfocado en el desarrollo del proyecto Y, colaborando estrechamente con mi equipo para alcanzar los objetivos.', 'aacfc87c-1233-4e54-9446-f7a513e9db59', '3d2f93c1-b9a6-42a9-94eb-12a3e2aa0ff8');
INSERT INTO oneOnOneAnswer(answer, answerOneOnOneIDFK, questionIDFK) VALUES('Si bien hubo momentos de presión, no me siento decepcionado y estoy enfocado en encontrar soluciones.', '5b1e069c-dbe5-47fd-8c9c-4926cf327cda', '6c16088d-4c04-45bd-a8ff-c7471acfee66');
INSERT INTO oneOnOneAnswer(answer, answerOneOnOneIDFK, questionIDFK) VALUES('Me encuentro trabajando en la optimización de procesos internos y en la implementación de mejoras para el próximo trimestre.', '0ca317e8-68e2-4aa0-9f18-c14121bac9a8', '6c16088d-4c04-45bd-a8ff-c7471acfee66');
INSERT INTO oneOnOneAnswer(answer, answerOneOnOneIDFK, questionIDFK) VALUES('Vamos a fomentar la comunicación continua y a utilizar herramientas de gestión que nos ayuden a monitorear el progreso.', '4d20fff5-e661-41f4-8e24-7a942f15fa45', 'a64c734f-c951-448a-9311-ef2e1969cef7');
INSERT INTO oneOnOneAnswer(answer, answerOneOnOneIDFK, questionIDFK) VALUES('Mi meta es finalizar el proyecto pendiente y comenzar a implementar nuevas estrategias para mejorar la productividad.', '020f2c14-2d6f-4a0d-921a-eeb561add4a1', '9c44b602-01de-41c8-a51b-971381d950b1');
INSERT INTO oneOnOneAnswer(answer, answerOneOnOneIDFK, questionIDFK) VALUES('Estoy satisfecho por haber superado varios desafíos y mejorar mi organización y gestión del tiempo.', 'ccf23546-8665-4c81-aa66-8a2f8a1a6ea5', '9c44b602-01de-41c8-a51b-971381d950b1');
INSERT INTO oneOnOneAnswer(answer, answerOneOnOneIDFK, questionIDFK) VALUES('Vamos a fomentar la comunicación continua y a utilizar herramientas de gestión que nos ayuden a monitorear el progreso.', '433795d7-3624-471a-8d27-fa6f0a13f7b7', '3d2f93c1-b9a6-42a9-94eb-12a3e2aa0ff8');
INSERT INTO oneOnOneAnswer(answer, answerOneOnOneIDFK, questionIDFK) VALUES('Por el momento, estamos cumpliendo los plazos establecidos y el progreso es consistente.', '6f13488b-b777-4998-9620-0a59a92a2477', '3d2f93c1-b9a6-42a9-94eb-12a3e2aa0ff8');
INSERT INTO oneOnOneAnswer(answer, answerOneOnOneIDFK, questionIDFK) VALUES('Por el momento, estamos cumpliendo los plazos establecidos y el progreso es consistente.', '4d0121ff-9e98-4782-84b6-ce9fc42ad473', '9c44b602-01de-41c8-a51b-971381d950b1');
INSERT INTO oneOnOneAnswer(answer, answerOneOnOneIDFK, questionIDFK) VALUES('En general tengo lo necesario, aunque en algunas áreas podría beneficiarme de recursos adicionales para acelerar ciertos procesos.', 'a1b81390-6e74-4d42-9688-288eefd7395d', '3d2f93c1-b9a6-42a9-94eb-12a3e2aa0ff8');
INSERT INTO oneOnOneAnswer(answer, answerOneOnOneIDFK, questionIDFK) VALUES('Vamos a fomentar la comunicación continua y a utilizar herramientas de gestión que nos ayuden a monitorear el progreso.', '21caf41e-8025-4995-8d33-123db1ae37f8', 'a64c734f-c951-448a-9311-ef2e1969cef7');
INSERT INTO oneOnOneAnswer(answer, answerOneOnOneIDFK, questionIDFK) VALUES('Sí, cuento con las herramientas y el apoyo necesario, lo que me permite avanzar sin mayores inconvenientes.', 'e7b23d70-f990-44c2-af87-452fedbc675f', '3d2f93c1-b9a6-42a9-94eb-12a3e2aa0ff8');
INSERT INTO oneOnOneAnswer(answer, answerOneOnOneIDFK, questionIDFK) VALUES('Estoy satisfecho por haber superado varios desafíos y mejorar mi organización y gestión del tiempo.', '1c942e6f-744f-4370-84e4-82263fa02ddb', '9c44b602-01de-41c8-a51b-971381d950b1');
INSERT INTO oneOnOneAnswer(answer, answerOneOnOneIDFK, questionIDFK) VALUES('Sí, hubo un imprevisto en la coordinación del equipo, pero logramos resolverlo a tiempo con la colaboración de todos.', '1f34ebbb-ad10-4e23-95f7-93ff8e60e429', '9c44b602-01de-41c8-a51b-971381d950b1');
INSERT INTO oneOnOneAnswer(answer, answerOneOnOneIDFK, questionIDFK) VALUES('Si bien hubo momentos de presión, no me siento decepcionado y estoy enfocado en encontrar soluciones.', '21caf41e-8025-4995-8d33-123db1ae37f8', '9c44b602-01de-41c8-a51b-971381d950b1');
INSERT INTO oneOnOneAnswer(answer, answerOneOnOneIDFK, questionIDFK) VALUES('Actualmente estoy enfocado en el desarrollo del proyecto Y, colaborando estrechamente con mi equipo para alcanzar los objetivos.', 'e7b23d70-f990-44c2-af87-452fedbc675f', 'a64c734f-c951-448a-9311-ef2e1969cef7');
INSERT INTO oneOnOneAnswer(answer, answerOneOnOneIDFK, questionIDFK) VALUES('Sí, hubo un imprevisto en la coordinación del equipo, pero logramos resolverlo a tiempo con la colaboración de todos.', '31f5d51e-2cfd-4336-85f2-a8c662bb0eed', '6c16088d-4c04-45bd-a8ff-c7471acfee66');
INSERT INTO oneOnOneAnswer(answer, answerOneOnOneIDFK, questionIDFK) VALUES('Actualmente estoy enfocado en el desarrollo del proyecto Y, colaborando estrechamente con mi equipo para alcanzar los objetivos.', 'bc411c94-4d15-4d7a-8de4-40bcde8b22a7', '3d2f93c1-b9a6-42a9-94eb-12a3e2aa0ff8');
INSERT INTO oneOnOneAnswer(answer, answerOneOnOneIDFK, questionIDFK) VALUES('Sí, cuento con las herramientas y el apoyo necesario, lo que me permite avanzar sin mayores inconvenientes.', 'e0416f5d-a7b9-4aec-9214-c327c22463f1', '3d2f93c1-b9a6-42a9-94eb-12a3e2aa0ff8');
INSERT INTO oneOnOneAnswer(answer, answerOneOnOneIDFK, questionIDFK) VALUES('Si bien hubo momentos de presión, no me siento decepcionado y estoy enfocado en encontrar soluciones.', 'e7b23d70-f990-44c2-af87-452fedbc675f', '3d2f93c1-b9a6-42a9-94eb-12a3e2aa0ff8');
INSERT INTO oneOnOneAnswer(answer, answerOneOnOneIDFK, questionIDFK) VALUES('Actualmente estoy enfocado en el desarrollo del proyecto Y, colaborando estrechamente con mi equipo para alcanzar los objetivos.', '19aa82cb-afba-4283-b3b7-0c14974d83f4', '3d2f93c1-b9a6-42a9-94eb-12a3e2aa0ff8');
INSERT INTO oneOnOneAnswer(answer, answerOneOnOneIDFK, questionIDFK) VALUES('Mi meta es finalizar el proyecto pendiente y comenzar a implementar nuevas estrategias para mejorar la productividad.', '5b1e069c-dbe5-47fd-8c9c-4926cf327cda', '9c44b602-01de-41c8-a51b-971381d950b1');
INSERT INTO oneOnOneAnswer(answer, answerOneOnOneIDFK, questionIDFK) VALUES('Quiero destacar el esfuerzo y la colaboración de todo el equipo, que ha sido fundamental para alcanzar los objetivos planteados.', 'e7b23d70-f990-44c2-af87-452fedbc675f', 'a64c734f-c951-448a-9311-ef2e1969cef7');
INSERT INTO oneOnOneAnswer(answer, answerOneOnOneIDFK, questionIDFK) VALUES('Sí, hubo un imprevisto en la coordinación del equipo, pero logramos resolverlo a tiempo con la colaboración de todos.', 'd1d574f3-cce8-448b-98e7-7d373e04dd8c', 'a64c734f-c951-448a-9311-ef2e1969cef7');
INSERT INTO oneOnOneAnswer(answer, answerOneOnOneIDFK, questionIDFK) VALUES('Estoy satisfecho por haber superado varios desafíos y mejorar mi organización y gestión del tiempo.', '9b33f900-4465-4983-8066-121e43a6e0a3', '9c44b602-01de-41c8-a51b-971381d950b1');
INSERT INTO oneOnOneAnswer(answer, answerOneOnOneIDFK, questionIDFK) VALUES('La mayoría de las entregas están en línea con el cronograma, aunque se requieren pequeños ajustes en algunas tareas.', '135aa551-8069-4492-a9e5-b48728eb1dff', 'a64c734f-c951-448a-9311-ef2e1969cef7');
INSERT INTO oneOnOneAnswer(answer, answerOneOnOneIDFK, questionIDFK) VALUES('Me siento orgulloso de haber cumplido mis objetivos en el proyecto X, lo que me permitió crecer profesionalmente.', '5b1e069c-dbe5-47fd-8c9c-4926cf327cda', '3d2f93c1-b9a6-42a9-94eb-12a3e2aa0ff8');
INSERT INTO oneOnOneAnswer(answer, answerOneOnOneIDFK, questionIDFK) VALUES('Mi meta es finalizar el proyecto pendiente y comenzar a implementar nuevas estrategias para mejorar la productividad.', 'b4054675-4668-4f10-9019-a04211832fac', '6c16088d-4c04-45bd-a8ff-c7471acfee66');
INSERT INTO oneOnOneAnswer(answer, answerOneOnOneIDFK, questionIDFK) VALUES('Planeamos definir un plan de acción detallado, distribuir responsabilidades claramente y realizar seguimientos semanales para ajustar el rumbo si es necesario.', '6f13488b-b777-4998-9620-0a59a92a2477', '3d2f93c1-b9a6-42a9-94eb-12a3e2aa0ff8');
INSERT INTO oneOnOneAnswer(answer, answerOneOnOneIDFK, questionIDFK) VALUES('En general, me siento tranquilo, aunque reconozco que en algunas situaciones se presenta algo de estrés que manejo con calma.', '135aa551-8069-4492-a9e5-b48728eb1dff', 'a64c734f-c951-448a-9311-ef2e1969cef7');
INSERT INTO oneOnOneAnswer(answer, answerOneOnOneIDFK, questionIDFK) VALUES('Me encuentro trabajando en la optimización de procesos internos y en la implementación de mejoras para el próximo trimestre.', 'b4054675-4668-4f10-9019-a04211832fac', 'a64c734f-c951-448a-9311-ef2e1969cef7');
INSERT INTO oneOnOneAnswer(answer, answerOneOnOneIDFK, questionIDFK) VALUES('Sí, cuento con las herramientas y el apoyo necesario, lo que me permite avanzar sin mayores inconvenientes.', 'aacfc87c-1233-4e54-9446-f7a513e9db59', '3d2f93c1-b9a6-42a9-94eb-12a3e2aa0ff8');
INSERT INTO oneOnOneAnswer(answer, answerOneOnOneIDFK, questionIDFK) VALUES('Vamos a fomentar la comunicación continua y a utilizar herramientas de gestión que nos ayuden a monitorear el progreso.', '19aa82cb-afba-4283-b3b7-0c14974d83f4', '3d2f93c1-b9a6-42a9-94eb-12a3e2aa0ff8');
INSERT INTO oneOnOneAnswer(answer, answerOneOnOneIDFK, questionIDFK) VALUES('Estoy satisfecho por haber superado varios desafíos y mejorar mi organización y gestión del tiempo.', '4d0121ff-9e98-4782-84b6-ce9fc42ad473', '3d2f93c1-b9a6-42a9-94eb-12a3e2aa0ff8');
INSERT INTO oneOnOneAnswer(answer, answerOneOnOneIDFK, questionIDFK) VALUES('Quiero concentrarme en perfeccionar mis habilidades técnicas y cumplir con los plazos establecidos en mis tareas.', '6f962e04-b39c-4eaf-9733-88725ccdd78e', '3d2f93c1-b9a6-42a9-94eb-12a3e2aa0ff8');
INSERT INTO oneOnOneAnswer(answer, answerOneOnOneIDFK, questionIDFK) VALUES('La mayoría de las entregas están en línea con el cronograma, aunque se requieren pequeños ajustes en algunas tareas.', '21caf41e-8025-4995-8d33-123db1ae37f8', '6c16088d-4c04-45bd-a8ff-c7471acfee66');
INSERT INTO oneOnOneAnswer(answer, answerOneOnOneIDFK, questionIDFK) VALUES('Vamos a fomentar la comunicación continua y a utilizar herramientas de gestión que nos ayuden a monitorear el progreso.', 'ce39a7aa-c71d-4e68-a341-7d6685a931f2', '3d2f93c1-b9a6-42a9-94eb-12a3e2aa0ff8');
INSERT INTO oneOnOneAnswer(answer, answerOneOnOneIDFK, questionIDFK) VALUES('La mayoría de las entregas están en línea con el cronograma, aunque se requieren pequeños ajustes en algunas tareas.', '21caf41e-8025-4995-8d33-123db1ae37f8', 'a64c734f-c951-448a-9311-ef2e1969cef7');
INSERT INTO oneOnOneAnswer(answer, answerOneOnOneIDFK, questionIDFK) VALUES('En general tengo lo necesario, aunque en algunas áreas podría beneficiarme de recursos adicionales para acelerar ciertos procesos.', 'a1b81390-6e74-4d42-9688-288eefd7395d', '6c16088d-4c04-45bd-a8ff-c7471acfee66');
INSERT INTO oneOnOneAnswer(answer, answerOneOnOneIDFK, questionIDFK) VALUES('En su mayoría la semana fue fluida, aunque surgió una situación que requirió reordenar prioridades, lo cual se solucionó rápidamente.', '97cde49b-8ffb-48f2-b965-cad4559c26aa', 'a64c734f-c951-448a-9311-ef2e1969cef7');
INSERT INTO oneOnOneAnswer(answer, answerOneOnOneIDFK, questionIDFK) VALUES('En general, me siento tranquilo, aunque reconozco que en algunas situaciones se presenta algo de estrés que manejo con calma.', '72029663-0d00-4409-933a-0ab6d4357384', 'a64c734f-c951-448a-9311-ef2e1969cef7');
INSERT INTO oneOnOneAnswer(answer, answerOneOnOneIDFK, questionIDFK) VALUES('Por el momento, estamos cumpliendo los plazos establecidos y el progreso es consistente.', '1f34ebbb-ad10-4e23-95f7-93ff8e60e429', 'a64c734f-c951-448a-9311-ef2e1969cef7');
INSERT INTO oneOnOneAnswer(answer, answerOneOnOneIDFK, questionIDFK) VALUES('Me siento orgulloso de haber cumplido mis objetivos en el proyecto X, lo que me permitió crecer profesionalmente.', '33e9560b-2aa9-4fbf-af65-53e02194fcb5', 'a64c734f-c951-448a-9311-ef2e1969cef7');
INSERT INTO oneOnOneAnswer(answer, answerOneOnOneIDFK, questionIDFK) VALUES('En general, me siento tranquilo, aunque reconozco que en algunas situaciones se presenta algo de estrés que manejo con calma.', '4d20fff5-e661-41f4-8e24-7a942f15fa45', '9c44b602-01de-41c8-a51b-971381d950b1');
INSERT INTO oneOnOneAnswer(answer, answerOneOnOneIDFK, questionIDFK) VALUES('En general tengo lo necesario, aunque en algunas áreas podría beneficiarme de recursos adicionales para acelerar ciertos procesos.', 'fc5c3104-c8dc-4f4c-afc3-b29d77b8e4ec', '9c44b602-01de-41c8-a51b-971381d950b1');
INSERT INTO oneOnOneAnswer(answer, answerOneOnOneIDFK, questionIDFK) VALUES('Si bien hubo momentos de presión, no me siento decepcionado y estoy enfocado en encontrar soluciones.', '6f13488b-b777-4998-9620-0a59a92a2477', '6c16088d-4c04-45bd-a8ff-c7471acfee66');
INSERT INTO oneOnOneAnswer(answer, answerOneOnOneIDFK, questionIDFK) VALUES('Sí, hubo un imprevisto en la coordinación del equipo, pero logramos resolverlo a tiempo con la colaboración de todos.', '24903f1a-192b-4677-b51d-d2426bf24260', 'a64c734f-c951-448a-9311-ef2e1969cef7');
INSERT INTO oneOnOneAnswer(answer, answerOneOnOneIDFK, questionIDFK) VALUES('Sí, hubo un imprevisto en la coordinación del equipo, pero logramos resolverlo a tiempo con la colaboración de todos.', '29456532-961c-4eca-9004-96ff63665dda', '3d2f93c1-b9a6-42a9-94eb-12a3e2aa0ff8');
INSERT INTO oneOnOneAnswer(answer, answerOneOnOneIDFK, questionIDFK) VALUES('Planeamos definir un plan de acción detallado, distribuir responsabilidades claramente y realizar seguimientos semanales para ajustar el rumbo si es necesario.', 'bc411c94-4d15-4d7a-8de4-40bcde8b22a7', '6c16088d-4c04-45bd-a8ff-c7471acfee66');
INSERT INTO oneOnOneAnswer(answer, answerOneOnOneIDFK, questionIDFK) VALUES('Mi meta es finalizar el proyecto pendiente y comenzar a implementar nuevas estrategias para mejorar la productividad.', 'b8ea08b6-ba60-46fb-b2d8-67956692a305', '9c44b602-01de-41c8-a51b-971381d950b1');
INSERT INTO oneOnOneAnswer(answer, answerOneOnOneIDFK, questionIDFK) VALUES('Me siento orgulloso de haber cumplido mis objetivos en el proyecto X, lo que me permitió crecer profesionalmente.', '72029663-0d00-4409-933a-0ab6d4357384', '9c44b602-01de-41c8-a51b-971381d950b1');
INSERT INTO oneOnOneAnswer(answer, answerOneOnOneIDFK, questionIDFK) VALUES('En su mayoría la semana fue fluida, aunque surgió una situación que requirió reordenar prioridades, lo cual se solucionó rápidamente.', '4d0121ff-9e98-4782-84b6-ce9fc42ad473', '9c44b602-01de-41c8-a51b-971381d950b1');
INSERT INTO oneOnOneAnswer(answer, answerOneOnOneIDFK, questionIDFK) VALUES('En general, me siento tranquilo, aunque reconozco que en algunas situaciones se presenta algo de estrés que manejo con calma.', 'dac6fcdf-77fb-46bd-9cfa-04c2175d633e', '6c16088d-4c04-45bd-a8ff-c7471acfee66');
INSERT INTO oneOnOneAnswer(answer, answerOneOnOneIDFK, questionIDFK) VALUES('La mayoría de las entregas están en línea con el cronograma, aunque se requieren pequeños ajustes en algunas tareas.', '29456532-961c-4eca-9004-96ff63665dda', '9c44b602-01de-41c8-a51b-971381d950b1');
INSERT INTO oneOnOneAnswer(answer, answerOneOnOneIDFK, questionIDFK) VALUES('Quiero destacar el esfuerzo y la colaboración de todo el equipo, que ha sido fundamental para alcanzar los objetivos planteados.', 'dac6fcdf-77fb-46bd-9cfa-04c2175d633e', '6c16088d-4c04-45bd-a8ff-c7471acfee66');
INSERT INTO oneOnOneAnswer(answer, answerOneOnOneIDFK, questionIDFK) VALUES('Quiero concentrarme en perfeccionar mis habilidades técnicas y cumplir con los plazos establecidos en mis tareas.', 'ce39a7aa-c71d-4e68-a341-7d6685a931f2', '3d2f93c1-b9a6-42a9-94eb-12a3e2aa0ff8');
INSERT INTO oneOnOneAnswer(answer, answerOneOnOneIDFK, questionIDFK) VALUES('En su mayoría la semana fue fluida, aunque surgió una situación que requirió reordenar prioridades, lo cual se solucionó rápidamente.', 'fa4a65c8-ea2a-43be-9dbc-d84153e495c6', '9c44b602-01de-41c8-a51b-971381d950b1');
INSERT INTO oneOnOneAnswer(answer, answerOneOnOneIDFK, questionIDFK) VALUES('En su mayoría la semana fue fluida, aunque surgió una situación que requirió reordenar prioridades, lo cual se solucionó rápidamente.', '433795d7-3624-471a-8d27-fa6f0a13f7b7', '6c16088d-4c04-45bd-a8ff-c7471acfee66');
INSERT INTO oneOnOneAnswer(answer, answerOneOnOneIDFK, questionIDFK) VALUES('Actualmente estoy enfocado en el desarrollo del proyecto Y, colaborando estrechamente con mi equipo para alcanzar los objetivos.', '6f13488b-b777-4998-9620-0a59a92a2477', '9c44b602-01de-41c8-a51b-971381d950b1');
INSERT INTO oneOnOneAnswer(answer, answerOneOnOneIDFK, questionIDFK) VALUES('Quiero concentrarme en perfeccionar mis habilidades técnicas y cumplir con los plazos establecidos en mis tareas.', '0b9b6615-f50f-4019-86ba-f689eceb5e0a', '3d2f93c1-b9a6-42a9-94eb-12a3e2aa0ff8');
INSERT INTO oneOnOneAnswer(answer, answerOneOnOneIDFK, questionIDFK) VALUES('En general tengo lo necesario, aunque en algunas áreas podría beneficiarme de recursos adicionales para acelerar ciertos procesos.', 'ce39a7aa-c71d-4e68-a341-7d6685a931f2', '3d2f93c1-b9a6-42a9-94eb-12a3e2aa0ff8');
INSERT INTO oneOnOneAnswer(answer, answerOneOnOneIDFK, questionIDFK) VALUES('En su mayoría la semana fue fluida, aunque surgió una situación que requirió reordenar prioridades, lo cual se solucionó rápidamente.', 'e21987ad-eddc-4913-86a5-3e26c4731180', '6c16088d-4c04-45bd-a8ff-c7471acfee66');
INSERT INTO oneOnOneAnswer(answer, answerOneOnOneIDFK, questionIDFK) VALUES('Si bien hubo momentos de presión, no me siento decepcionado y estoy enfocado en encontrar soluciones.', '6f962e04-b39c-4eaf-9733-88725ccdd78e', '9c44b602-01de-41c8-a51b-971381d950b1');
INSERT INTO oneOnOneAnswer(answer, answerOneOnOneIDFK, questionIDFK) VALUES('Quiero destacar el esfuerzo y la colaboración de todo el equipo, que ha sido fundamental para alcanzar los objetivos planteados.', 'fc5c3104-c8dc-4f4c-afc3-b29d77b8e4ec', 'a64c734f-c951-448a-9311-ef2e1969cef7');
INSERT INTO oneOnOneAnswer(answer, answerOneOnOneIDFK, questionIDFK) VALUES('Me siento orgulloso de haber cumplido mis objetivos en el proyecto X, lo que me permitió crecer profesionalmente.', 'd1d574f3-cce8-448b-98e7-7d373e04dd8c', 'a64c734f-c951-448a-9311-ef2e1969cef7');
INSERT INTO oneOnOneAnswer(answer, answerOneOnOneIDFK, questionIDFK) VALUES('Mi meta es finalizar el proyecto pendiente y comenzar a implementar nuevas estrategias para mejorar la productividad.', '1d59a027-0f75-4c82-b9b7-65eeb3a10303', '9c44b602-01de-41c8-a51b-971381d950b1');
INSERT INTO oneOnOneAnswer(answer, answerOneOnOneIDFK, questionIDFK) VALUES('Actualmente estoy enfocado en el desarrollo del proyecto Y, colaborando estrechamente con mi equipo para alcanzar los objetivos.', '24903f1a-192b-4677-b51d-d2426bf24260', 'a64c734f-c951-448a-9311-ef2e1969cef7');
INSERT INTO oneOnOneAnswer(answer, answerOneOnOneIDFK, questionIDFK) VALUES('Por el momento, estamos cumpliendo los plazos establecidos y el progreso es consistente.', 'bc411c94-4d15-4d7a-8de4-40bcde8b22a7', '9c44b602-01de-41c8-a51b-971381d950b1');
INSERT INTO oneOnOneAnswer(answer, answerOneOnOneIDFK, questionIDFK) VALUES('Mi meta es finalizar el proyecto pendiente y comenzar a implementar nuevas estrategias para mejorar la productividad.', 'b8ea08b6-ba60-46fb-b2d8-67956692a305', 'a64c734f-c951-448a-9311-ef2e1969cef7');
INSERT INTO oneOnOneAnswer(answer, answerOneOnOneIDFK, questionIDFK) VALUES('Si bien hubo momentos de presión, no me siento decepcionado y estoy enfocado en encontrar soluciones.', '8be6de4d-3add-4075-ac4a-0851b65c34f4', '6c16088d-4c04-45bd-a8ff-c7471acfee66');
INSERT INTO oneOnOneAnswer(answer, answerOneOnOneIDFK, questionIDFK) VALUES('Quiero destacar el esfuerzo y la colaboración de todo el equipo, que ha sido fundamental para alcanzar los objetivos planteados.', 'e5e5cf01-beb5-478b-b84e-7d654afd4558', '6c16088d-4c04-45bd-a8ff-c7471acfee66');
INSERT INTO oneOnOneAnswer(answer, answerOneOnOneIDFK, questionIDFK) VALUES('Si bien hubo momentos de presión, no me siento decepcionado y estoy enfocado en encontrar soluciones.', '0e5c34ae-9e46-41ce-b2af-dc84ab38b5af', '3d2f93c1-b9a6-42a9-94eb-12a3e2aa0ff8');
INSERT INTO oneOnOneAnswer(answer, answerOneOnOneIDFK, questionIDFK) VALUES('Me encuentro trabajando en la optimización de procesos internos y en la implementación de mejoras para el próximo trimestre.', 'aacfc87c-1233-4e54-9446-f7a513e9db59', '9c44b602-01de-41c8-a51b-971381d950b1');
INSERT INTO oneOnOneAnswer(answer, answerOneOnOneIDFK, questionIDFK) VALUES('Me encuentro trabajando en la optimización de procesos internos y en la implementación de mejoras para el próximo trimestre.', 'aacfc87c-1233-4e54-9446-f7a513e9db59', '6c16088d-4c04-45bd-a8ff-c7471acfee66');
INSERT INTO oneOnOneAnswer(answer, answerOneOnOneIDFK, questionIDFK) VALUES('Sí, cuento con las herramientas y el apoyo necesario, lo que me permite avanzar sin mayores inconvenientes.', '351757e9-9f7f-44bc-bff5-fdb6318b1467', '9c44b602-01de-41c8-a51b-971381d950b1');
INSERT INTO oneOnOneAnswer(answer, answerOneOnOneIDFK, questionIDFK) VALUES('Me encuentro trabajando en la optimización de procesos internos y en la implementación de mejoras para el próximo trimestre.', '7e9cf947-bc55-4980-830c-ae7541c6cc2a', 'a64c734f-c951-448a-9311-ef2e1969cef7');
INSERT INTO oneOnOneAnswer(answer, answerOneOnOneIDFK, questionIDFK) VALUES('Mi meta es finalizar el proyecto pendiente y comenzar a implementar nuevas estrategias para mejorar la productividad.', 'fc3b1550-b4d5-4c85-ae8c-04b0fe074661', '3d2f93c1-b9a6-42a9-94eb-12a3e2aa0ff8');
INSERT INTO oneOnOneAnswer(answer, answerOneOnOneIDFK, questionIDFK) VALUES('Por el momento, estamos cumpliendo los plazos establecidos y el progreso es consistente.', '1f34ebbb-ad10-4e23-95f7-93ff8e60e429', '6c16088d-4c04-45bd-a8ff-c7471acfee66');
INSERT INTO oneOnOneAnswer(answer, answerOneOnOneIDFK, questionIDFK) VALUES('Quiero concentrarme en perfeccionar mis habilidades técnicas y cumplir con los plazos establecidos en mis tareas.', '0b9b6615-f50f-4019-86ba-f689eceb5e0a', '3d2f93c1-b9a6-42a9-94eb-12a3e2aa0ff8');
INSERT INTO oneOnOneAnswer(answer, answerOneOnOneIDFK, questionIDFK) VALUES('Estoy satisfecho por haber superado varios desafíos y mejorar mi organización y gestión del tiempo.', 'dd93c25f-ba01-40e7-9d7b-f9dff4977eb5', '3d2f93c1-b9a6-42a9-94eb-12a3e2aa0ff8');
INSERT INTO oneOnOneAnswer(answer, answerOneOnOneIDFK, questionIDFK) VALUES('Estoy satisfecho por haber superado varios desafíos y mejorar mi organización y gestión del tiempo.', 'a1b81390-6e74-4d42-9688-288eefd7395d', '3d2f93c1-b9a6-42a9-94eb-12a3e2aa0ff8');
INSERT INTO oneOnOneAnswer(answer, answerOneOnOneIDFK, questionIDFK) VALUES('Me siento orgulloso de haber cumplido mis objetivos en el proyecto X, lo que me permitió crecer profesionalmente.', '5fcf5e77-f53f-4114-b9e2-941d6d7afcbb', 'a64c734f-c951-448a-9311-ef2e1969cef7');
INSERT INTO oneOnOneAnswer(answer, answerOneOnOneIDFK, questionIDFK) VALUES('Me siento orgulloso de haber cumplido mis objetivos en el proyecto X, lo que me permitió crecer profesionalmente.', 'ce39a7aa-c71d-4e68-a341-7d6685a931f2', '9c44b602-01de-41c8-a51b-971381d950b1');
INSERT INTO oneOnOneAnswer(answer, answerOneOnOneIDFK, questionIDFK) VALUES('Si bien hubo momentos de presión, no me siento decepcionado y estoy enfocado en encontrar soluciones.', 'aacfc87c-1233-4e54-9446-f7a513e9db59', '3d2f93c1-b9a6-42a9-94eb-12a3e2aa0ff8');
INSERT INTO oneOnOneAnswer(answer, answerOneOnOneIDFK, questionIDFK) VALUES('Quiero concentrarme en perfeccionar mis habilidades técnicas y cumplir con los plazos establecidos en mis tareas.', 'e14e63a4-7526-49d8-973a-89465334c91e', '9c44b602-01de-41c8-a51b-971381d950b1');
INSERT INTO oneOnOneAnswer(answer, answerOneOnOneIDFK, questionIDFK) VALUES('En general tengo lo necesario, aunque en algunas áreas podría beneficiarme de recursos adicionales para acelerar ciertos procesos.', '4450e790-d858-4681-80fd-d2c6b5bccf6b', 'a64c734f-c951-448a-9311-ef2e1969cef7');
INSERT INTO oneOnOneAnswer(answer, answerOneOnOneIDFK, questionIDFK) VALUES('Sí, hubo un imprevisto en la coordinación del equipo, pero logramos resolverlo a tiempo con la colaboración de todos.', '970c5373-91fe-4b46-adab-d80cf8d92df8', '9c44b602-01de-41c8-a51b-971381d950b1');
INSERT INTO oneOnOneAnswer(answer, answerOneOnOneIDFK, questionIDFK) VALUES('Planeamos definir un plan de acción detallado, distribuir responsabilidades claramente y realizar seguimientos semanales para ajustar el rumbo si es necesario.', '71e1fad8-7760-4b1a-a6ba-c254fe123b8f', 'a64c734f-c951-448a-9311-ef2e1969cef7');
INSERT INTO oneOnOneAnswer(answer, answerOneOnOneIDFK, questionIDFK) VALUES('Si bien hubo momentos de presión, no me siento decepcionado y estoy enfocado en encontrar soluciones.', '1f34ebbb-ad10-4e23-95f7-93ff8e60e429', 'a64c734f-c951-448a-9311-ef2e1969cef7');
INSERT INTO oneOnOneAnswer(answer, answerOneOnOneIDFK, questionIDFK) VALUES('La mayoría de las entregas están en línea con el cronograma, aunque se requieren pequeños ajustes en algunas tareas.', '5b1e069c-dbe5-47fd-8c9c-4926cf327cda', '3d2f93c1-b9a6-42a9-94eb-12a3e2aa0ff8');
INSERT INTO oneOnOneAnswer(answer, answerOneOnOneIDFK, questionIDFK) VALUES('Estoy satisfecho por haber superado varios desafíos y mejorar mi organización y gestión del tiempo.', '8e2b0d9f-bc05-48f5-a7f9-4c8871c6a967', 'a64c734f-c951-448a-9311-ef2e1969cef7');
INSERT INTO oneOnOneAnswer(answer, answerOneOnOneIDFK, questionIDFK) VALUES('Mi meta es finalizar el proyecto pendiente y comenzar a implementar nuevas estrategias para mejorar la productividad.', '8e2b0d9f-bc05-48f5-a7f9-4c8871c6a967', '6c16088d-4c04-45bd-a8ff-c7471acfee66');
INSERT INTO oneOnOneAnswer(answer, answerOneOnOneIDFK, questionIDFK) VALUES('Estoy satisfecho por haber superado varios desafíos y mejorar mi organización y gestión del tiempo.', '4d0121ff-9e98-4782-84b6-ce9fc42ad473', '6c16088d-4c04-45bd-a8ff-c7471acfee66');
INSERT INTO oneOnOneAnswer(answer, answerOneOnOneIDFK, questionIDFK) VALUES('Si bien hubo momentos de presión, no me siento decepcionado y estoy enfocado en encontrar soluciones.', 'e5e5cf01-beb5-478b-b84e-7d654afd4558', 'a64c734f-c951-448a-9311-ef2e1969cef7');
INSERT INTO oneOnOneAnswer(answer, answerOneOnOneIDFK, questionIDFK) VALUES('En general tengo lo necesario, aunque en algunas áreas podría beneficiarme de recursos adicionales para acelerar ciertos procesos.', '351757e9-9f7f-44bc-bff5-fdb6318b1467', '3d2f93c1-b9a6-42a9-94eb-12a3e2aa0ff8');
INSERT INTO oneOnOneAnswer(answer, answerOneOnOneIDFK, questionIDFK) VALUES('Actualmente estoy enfocado en el desarrollo del proyecto Y, colaborando estrechamente con mi equipo para alcanzar los objetivos.', 'fc7fe00e-bd91-4cf4-8a27-80ec12105aab', '9c44b602-01de-41c8-a51b-971381d950b1');
INSERT INTO oneOnOneAnswer(answer, answerOneOnOneIDFK, questionIDFK) VALUES('Quiero concentrarme en perfeccionar mis habilidades técnicas y cumplir con los plazos establecidos en mis tareas.', 'aacfc87c-1233-4e54-9446-f7a513e9db59', '9c44b602-01de-41c8-a51b-971381d950b1');
INSERT INTO oneOnOneAnswer(answer, answerOneOnOneIDFK, questionIDFK) VALUES('Si bien hubo momentos de presión, no me siento decepcionado y estoy enfocado en encontrar soluciones.', '0e5c34ae-9e46-41ce-b2af-dc84ab38b5af', '3d2f93c1-b9a6-42a9-94eb-12a3e2aa0ff8');
INSERT INTO oneOnOneAnswer(answer, answerOneOnOneIDFK, questionIDFK) VALUES('Si bien hubo momentos de presión, no me siento decepcionado y estoy enfocado en encontrar soluciones.', '29456532-961c-4eca-9004-96ff63665dda', 'a64c734f-c951-448a-9311-ef2e1969cef7');
INSERT INTO oneOnOneAnswer(answer, answerOneOnOneIDFK, questionIDFK) VALUES('Quiero concentrarme en perfeccionar mis habilidades técnicas y cumplir con los plazos establecidos en mis tareas.', 'fa4a65c8-ea2a-43be-9dbc-d84153e495c6', 'a64c734f-c951-448a-9311-ef2e1969cef7');
INSERT INTO oneOnOneAnswer(answer, answerOneOnOneIDFK, questionIDFK) VALUES('Vamos a fomentar la comunicación continua y a utilizar herramientas de gestión que nos ayuden a monitorear el progreso.', '789e9ec1-c46d-4340-8750-65116cf93fdb', '6c16088d-4c04-45bd-a8ff-c7471acfee66');
INSERT INTO oneOnOneAnswer(answer, answerOneOnOneIDFK, questionIDFK) VALUES('Me siento orgulloso de haber cumplido mis objetivos en el proyecto X, lo que me permitió crecer profesionalmente.', 'e5e5cf01-beb5-478b-b84e-7d654afd4558', '9c44b602-01de-41c8-a51b-971381d950b1');
INSERT INTO oneOnOneAnswer(answer, answerOneOnOneIDFK, questionIDFK) VALUES('Me siento orgulloso de haber cumplido mis objetivos en el proyecto X, lo que me permitió crecer profesionalmente.', '351757e9-9f7f-44bc-bff5-fdb6318b1467', 'a64c734f-c951-448a-9311-ef2e1969cef7');
INSERT INTO oneOnOneAnswer(answer, answerOneOnOneIDFK, questionIDFK) VALUES('En general tengo lo necesario, aunque en algunas áreas podría beneficiarme de recursos adicionales para acelerar ciertos procesos.', '020f2c14-2d6f-4a0d-921a-eeb561add4a1', 'a64c734f-c951-448a-9311-ef2e1969cef7');
INSERT INTO oneOnOneAnswer(answer, answerOneOnOneIDFK, questionIDFK) VALUES('Actualmente estoy enfocado en el desarrollo del proyecto Y, colaborando estrechamente con mi equipo para alcanzar los objetivos.', '442bcb6d-baba-44f3-973a-a31eba984c93', 'a64c734f-c951-448a-9311-ef2e1969cef7');
INSERT INTO oneOnOneAnswer(answer, answerOneOnOneIDFK, questionIDFK) VALUES('Quiero concentrarme en perfeccionar mis habilidades técnicas y cumplir con los plazos establecidos en mis tareas.', 'd1d574f3-cce8-448b-98e7-7d373e04dd8c', '3d2f93c1-b9a6-42a9-94eb-12a3e2aa0ff8');
INSERT INTO oneOnOneAnswer(answer, answerOneOnOneIDFK, questionIDFK) VALUES('Actualmente estoy enfocado en el desarrollo del proyecto Y, colaborando estrechamente con mi equipo para alcanzar los objetivos.', 'e7b23d70-f990-44c2-af87-452fedbc675f', '9c44b602-01de-41c8-a51b-971381d950b1');
INSERT INTO oneOnOneAnswer(answer, answerOneOnOneIDFK, questionIDFK) VALUES('Vamos a fomentar la comunicación continua y a utilizar herramientas de gestión que nos ayuden a monitorear el progreso.', '433795d7-3624-471a-8d27-fa6f0a13f7b7', '6c16088d-4c04-45bd-a8ff-c7471acfee66');
INSERT INTO oneOnOneAnswer(answer, answerOneOnOneIDFK, questionIDFK) VALUES('Estoy satisfecho por haber superado varios desafíos y mejorar mi organización y gestión del tiempo.', '7e9cf947-bc55-4980-830c-ae7541c6cc2a', '3d2f93c1-b9a6-42a9-94eb-12a3e2aa0ff8');
INSERT INTO oneOnOneAnswer(answer, answerOneOnOneIDFK, questionIDFK) VALUES('Sí, cuento con las herramientas y el apoyo necesario, lo que me permite avanzar sin mayores inconvenientes.', 'dac6fcdf-77fb-46bd-9cfa-04c2175d633e', 'a64c734f-c951-448a-9311-ef2e1969cef7');
INSERT INTO oneOnOneAnswer(answer, answerOneOnOneIDFK, questionIDFK) VALUES('En general, me siento tranquilo, aunque reconozco que en algunas situaciones se presenta algo de estrés que manejo con calma.', 'e0416f5d-a7b9-4aec-9214-c327c22463f1', 'a64c734f-c951-448a-9311-ef2e1969cef7');
INSERT INTO oneOnOneAnswer(answer, answerOneOnOneIDFK, questionIDFK) VALUES('Me encuentro trabajando en la optimización de procesos internos y en la implementación de mejoras para el próximo trimestre.', '5fcf5e77-f53f-4114-b9e2-941d6d7afcbb', '3d2f93c1-b9a6-42a9-94eb-12a3e2aa0ff8');
INSERT INTO oneOnOneAnswer(answer, answerOneOnOneIDFK, questionIDFK) VALUES('En general tengo lo necesario, aunque en algunas áreas podría beneficiarme de recursos adicionales para acelerar ciertos procesos.', '020f2c14-2d6f-4a0d-921a-eeb561add4a1', 'a64c734f-c951-448a-9311-ef2e1969cef7');
INSERT INTO oneOnOneAnswer(answer, answerOneOnOneIDFK, questionIDFK) VALUES('Planeamos definir un plan de acción detallado, distribuir responsabilidades claramente y realizar seguimientos semanales para ajustar el rumbo si es necesario.', '787a21f6-e0a7-4f12-9902-fdd058004151', '9c44b602-01de-41c8-a51b-971381d950b1');
INSERT INTO oneOnOneAnswer(answer, answerOneOnOneIDFK, questionIDFK) VALUES('En general, me siento tranquilo, aunque reconozco que en algunas situaciones se presenta algo de estrés que manejo con calma.', '787a21f6-e0a7-4f12-9902-fdd058004151', '6c16088d-4c04-45bd-a8ff-c7471acfee66');
INSERT INTO oneOnOneAnswer(answer, answerOneOnOneIDFK, questionIDFK) VALUES('En general, me siento tranquilo, aunque reconozco que en algunas situaciones se presenta algo de estrés que manejo con calma.', 'efd15255-c005-46c3-894b-9c7925627504', 'a64c734f-c951-448a-9311-ef2e1969cef7');
INSERT INTO oneOnOneAnswer(answer, answerOneOnOneIDFK, questionIDFK) VALUES('Sí, cuento con las herramientas y el apoyo necesario, lo que me permite avanzar sin mayores inconvenientes.', '6f13488b-b777-4998-9620-0a59a92a2477', 'a64c734f-c951-448a-9311-ef2e1969cef7');
INSERT INTO oneOnOneAnswer(answer, answerOneOnOneIDFK, questionIDFK) VALUES('Quiero destacar el esfuerzo y la colaboración de todo el equipo, que ha sido fundamental para alcanzar los objetivos planteados.', 'f8e3ed9b-fade-457e-8e9f-086cabab8493', '3d2f93c1-b9a6-42a9-94eb-12a3e2aa0ff8');
INSERT INTO oneOnOneAnswer(answer, answerOneOnOneIDFK, questionIDFK) VALUES('La mayoría de las entregas están en línea con el cronograma, aunque se requieren pequeños ajustes en algunas tareas.', '9b33f900-4465-4983-8066-121e43a6e0a3', '6c16088d-4c04-45bd-a8ff-c7471acfee66');
INSERT INTO oneOnOneAnswer(answer, answerOneOnOneIDFK, questionIDFK) VALUES('Si bien hubo momentos de presión, no me siento decepcionado y estoy enfocado en encontrar soluciones.', '6f962e04-b39c-4eaf-9733-88725ccdd78e', '3d2f93c1-b9a6-42a9-94eb-12a3e2aa0ff8');
INSERT INTO oneOnOneAnswer(answer, answerOneOnOneIDFK, questionIDFK) VALUES('Sí, cuento con las herramientas y el apoyo necesario, lo que me permite avanzar sin mayores inconvenientes.', '351757e9-9f7f-44bc-bff5-fdb6318b1467', '9c44b602-01de-41c8-a51b-971381d950b1');
INSERT INTO oneOnOneAnswer(answer, answerOneOnOneIDFK, questionIDFK) VALUES('Vamos a fomentar la comunicación continua y a utilizar herramientas de gestión que nos ayuden a monitorear el progreso.', '135aa551-8069-4492-a9e5-b48728eb1dff', '3d2f93c1-b9a6-42a9-94eb-12a3e2aa0ff8');
INSERT INTO oneOnOneAnswer(answer, answerOneOnOneIDFK, questionIDFK) VALUES('Planeamos definir un plan de acción detallado, distribuir responsabilidades claramente y realizar seguimientos semanales para ajustar el rumbo si es necesario.', '67aeaa6e-1f77-4989-8427-580a2967363e', '3d2f93c1-b9a6-42a9-94eb-12a3e2aa0ff8');
INSERT INTO oneOnOneAnswer(answer, answerOneOnOneIDFK, questionIDFK) VALUES('En su mayoría la semana fue fluida, aunque surgió una situación que requirió reordenar prioridades, lo cual se solucionó rápidamente.', 'fc3b1550-b4d5-4c85-ae8c-04b0fe074661', '3d2f93c1-b9a6-42a9-94eb-12a3e2aa0ff8');
INSERT INTO oneOnOneAnswer(answer, answerOneOnOneIDFK, questionIDFK) VALUES('Actualmente estoy enfocado en el desarrollo del proyecto Y, colaborando estrechamente con mi equipo para alcanzar los objetivos.', '433795d7-3624-471a-8d27-fa6f0a13f7b7', 'a64c734f-c951-448a-9311-ef2e1969cef7');
INSERT INTO oneOnOneAnswer(answer, answerOneOnOneIDFK, questionIDFK) VALUES('Quiero concentrarme en perfeccionar mis habilidades técnicas y cumplir con los plazos establecidos en mis tareas.', '4d20fff5-e661-41f4-8e24-7a942f15fa45', 'a64c734f-c951-448a-9311-ef2e1969cef7');
INSERT INTO oneOnOneAnswer(answer, answerOneOnOneIDFK, questionIDFK) VALUES('Planeamos definir un plan de acción detallado, distribuir responsabilidades claramente y realizar seguimientos semanales para ajustar el rumbo si es necesario.', '19aa82cb-afba-4283-b3b7-0c14974d83f4', 'a64c734f-c951-448a-9311-ef2e1969cef7');
INSERT INTO oneOnOneAnswer(answer, answerOneOnOneIDFK, questionIDFK) VALUES('Por el momento, estamos cumpliendo los plazos establecidos y el progreso es consistente.', '55f8d3a0-0a68-4980-a147-1ba42ecee19f', 'a64c734f-c951-448a-9311-ef2e1969cef7');
INSERT INTO oneOnOneAnswer(answer, answerOneOnOneIDFK, questionIDFK) VALUES('En general, me siento tranquilo, aunque reconozco que en algunas situaciones se presenta algo de estrés que manejo con calma.', '72029663-0d00-4409-933a-0ab6d4357384', '3d2f93c1-b9a6-42a9-94eb-12a3e2aa0ff8');
INSERT INTO oneOnOneAnswer(answer, answerOneOnOneIDFK, questionIDFK) VALUES('Vamos a fomentar la comunicación continua y a utilizar herramientas de gestión que nos ayuden a monitorear el progreso.', 'ccf23546-8665-4c81-aa66-8a2f8a1a6ea5', '9c44b602-01de-41c8-a51b-971381d950b1');
INSERT INTO oneOnOneAnswer(answer, answerOneOnOneIDFK, questionIDFK) VALUES('Me siento orgulloso de haber cumplido mis objetivos en el proyecto X, lo que me permitió crecer profesionalmente.', '24903f1a-192b-4677-b51d-d2426bf24260', '9c44b602-01de-41c8-a51b-971381d950b1');
INSERT INTO oneOnOneAnswer(answer, answerOneOnOneIDFK, questionIDFK) VALUES('En su mayoría la semana fue fluida, aunque surgió una situación que requirió reordenar prioridades, lo cual se solucionó rápidamente.', '5b1e069c-dbe5-47fd-8c9c-4926cf327cda', '9c44b602-01de-41c8-a51b-971381d950b1');
INSERT INTO oneOnOneAnswer(answer, answerOneOnOneIDFK, questionIDFK) VALUES('Quiero concentrarme en perfeccionar mis habilidades técnicas y cumplir con los plazos establecidos en mis tareas.', 'ccf23546-8665-4c81-aa66-8a2f8a1a6ea5', '3d2f93c1-b9a6-42a9-94eb-12a3e2aa0ff8');
INSERT INTO oneOnOneAnswer(answer, answerOneOnOneIDFK, questionIDFK) VALUES('Actualmente estoy enfocado en el desarrollo del proyecto Y, colaborando estrechamente con mi equipo para alcanzar los objetivos.', 'ce39a7aa-c71d-4e68-a341-7d6685a931f2', '6c16088d-4c04-45bd-a8ff-c7471acfee66');
INSERT INTO oneOnOneAnswer(answer, answerOneOnOneIDFK, questionIDFK) VALUES('Vamos a fomentar la comunicación continua y a utilizar herramientas de gestión que nos ayuden a monitorear el progreso.', '3c8e5e36-fe68-49f5-9f49-c81f5c22c4ad', '9c44b602-01de-41c8-a51b-971381d950b1');
INSERT INTO oneOnOneAnswer(answer, answerOneOnOneIDFK, questionIDFK) VALUES('La mayoría de las entregas están en línea con el cronograma, aunque se requieren pequeños ajustes en algunas tareas.', '787a21f6-e0a7-4f12-9902-fdd058004151', '3d2f93c1-b9a6-42a9-94eb-12a3e2aa0ff8');
INSERT INTO oneOnOneAnswer(answer, answerOneOnOneIDFK, questionIDFK) VALUES('Me encuentro trabajando en la optimización de procesos internos y en la implementación de mejoras para el próximo trimestre.', 'fa4a65c8-ea2a-43be-9dbc-d84153e495c6', '3d2f93c1-b9a6-42a9-94eb-12a3e2aa0ff8');
INSERT INTO oneOnOneAnswer(answer, answerOneOnOneIDFK, questionIDFK) VALUES('Me siento orgulloso de haber cumplido mis objetivos en el proyecto X, lo que me permitió crecer profesionalmente.', '8be6de4d-3add-4075-ac4a-0851b65c34f4', 'a64c734f-c951-448a-9311-ef2e1969cef7');
INSERT INTO oneOnOneAnswer(answer, answerOneOnOneIDFK, questionIDFK) VALUES('Planeamos definir un plan de acción detallado, distribuir responsabilidades claramente y realizar seguimientos semanales para ajustar el rumbo si es necesario.', '020f2c14-2d6f-4a0d-921a-eeb561add4a1', 'a64c734f-c951-448a-9311-ef2e1969cef7');
INSERT INTO oneOnOneAnswer(answer, answerOneOnOneIDFK, questionIDFK) VALUES('Me encuentro trabajando en la optimización de procesos internos y en la implementación de mejoras para el próximo trimestre.', 'fc5c3104-c8dc-4f4c-afc3-b29d77b8e4ec', '6c16088d-4c04-45bd-a8ff-c7471acfee66');
INSERT INTO oneOnOneAnswer(answer, answerOneOnOneIDFK, questionIDFK) VALUES('En su mayoría la semana fue fluida, aunque surgió una situación que requirió reordenar prioridades, lo cual se solucionó rápidamente.', 'e14e63a4-7526-49d8-973a-89465334c91e', '9c44b602-01de-41c8-a51b-971381d950b1');
INSERT INTO oneOnOneAnswer(answer, answerOneOnOneIDFK, questionIDFK) VALUES('En general, me siento tranquilo, aunque reconozco que en algunas situaciones se presenta algo de estrés que manejo con calma.', '66773772-8bce-4f0e-83b4-4a1295997539', '3d2f93c1-b9a6-42a9-94eb-12a3e2aa0ff8');
INSERT INTO oneOnOneAnswer(answer, answerOneOnOneIDFK, questionIDFK) VALUES('Sí, hubo un imprevisto en la coordinación del equipo, pero logramos resolverlo a tiempo con la colaboración de todos.', '67aeaa6e-1f77-4989-8427-580a2967363e', '6c16088d-4c04-45bd-a8ff-c7471acfee66');
INSERT INTO oneOnOneAnswer(answer, answerOneOnOneIDFK, questionIDFK) VALUES('Me encuentro trabajando en la optimización de procesos internos y en la implementación de mejoras para el próximo trimestre.', 'aacfc87c-1233-4e54-9446-f7a513e9db59', 'a64c734f-c951-448a-9311-ef2e1969cef7');
INSERT INTO oneOnOneAnswer(answer, answerOneOnOneIDFK, questionIDFK) VALUES('En general tengo lo necesario, aunque en algunas áreas podría beneficiarme de recursos adicionales para acelerar ciertos procesos.', '09f98886-30c6-4a0d-93ba-a317f14a846f', '9c44b602-01de-41c8-a51b-971381d950b1');
INSERT INTO oneOnOneAnswer(answer, answerOneOnOneIDFK, questionIDFK) VALUES('Me siento orgulloso de haber cumplido mis objetivos en el proyecto X, lo que me permitió crecer profesionalmente.', '1c942e6f-744f-4370-84e4-82263fa02ddb', '3d2f93c1-b9a6-42a9-94eb-12a3e2aa0ff8');

INSERT INTO oneOnOneMeasure(evaluation, measureOneOnOneIDFK, measurableIDFK) VALUES('3', '6f13488b-b777-4998-9620-0a59a92a2477', '37f01539-b93b-4450-8ed6-2a9f8796b0f1');
INSERT INTO oneOnOneMeasure(evaluation, measureOneOnOneIDFK, measurableIDFK) VALUES('4', '789e9ec1-c46d-4340-8750-65116cf93fdb', '94059064-2a1a-46fa-b3c0-7be8afb320a0');
INSERT INTO oneOnOneMeasure(evaluation, measureOneOnOneIDFK, measurableIDFK) VALUES('4', 'aacfc87c-1233-4e54-9446-f7a513e9db59', '94059064-2a1a-46fa-b3c0-7be8afb320a0');
INSERT INTO oneOnOneMeasure(evaluation, measureOneOnOneIDFK, measurableIDFK) VALUES('5', 'd1d574f3-cce8-448b-98e7-7d373e04dd8c', '595903ad-a952-43d3-b10a-6aa1fc133601');
INSERT INTO oneOnOneMeasure(evaluation, measureOneOnOneIDFK, measurableIDFK) VALUES('5', '442bcb6d-baba-44f3-973a-a31eba984c93', '116a12e4-13e7-4f25-8ab2-cf99aa8135ef');
INSERT INTO oneOnOneMeasure(evaluation, measureOneOnOneIDFK, measurableIDFK) VALUES('3', '0e5c34ae-9e46-41ce-b2af-dc84ab38b5af', '94059064-2a1a-46fa-b3c0-7be8afb320a0');
INSERT INTO oneOnOneMeasure(evaluation, measureOneOnOneIDFK, measurableIDFK) VALUES('2', '5fcf5e77-f53f-4114-b9e2-941d6d7afcbb', '9a2bbdb0-2570-40a1-9820-5478c01cd119');
INSERT INTO oneOnOneMeasure(evaluation, measureOneOnOneIDFK, measurableIDFK) VALUES('5', '560371f9-212b-426d-be2a-1091f84939a2', '595903ad-a952-43d3-b10a-6aa1fc133601');
INSERT INTO oneOnOneMeasure(evaluation, measureOneOnOneIDFK, measurableIDFK) VALUES('2', 'f1ea1c7b-19a6-4687-8bc9-21f674f1bff0', '116a12e4-13e7-4f25-8ab2-cf99aa8135ef');
INSERT INTO oneOnOneMeasure(evaluation, measureOneOnOneIDFK, measurableIDFK) VALUES('2', '1f34ebbb-ad10-4e23-95f7-93ff8e60e429', '94059064-2a1a-46fa-b3c0-7be8afb320a0');
INSERT INTO oneOnOneMeasure(evaluation, measureOneOnOneIDFK, measurableIDFK) VALUES('2', '29456532-961c-4eca-9004-96ff63665dda', '9a2bbdb0-2570-40a1-9820-5478c01cd119');
INSERT INTO oneOnOneMeasure(evaluation, measureOneOnOneIDFK, measurableIDFK) VALUES('3', 'b8ea08b6-ba60-46fb-b2d8-67956692a305', '37f01539-b93b-4450-8ed6-2a9f8796b0f1');
INSERT INTO oneOnOneMeasure(evaluation, measureOneOnOneIDFK, measurableIDFK) VALUES('1', '351757e9-9f7f-44bc-bff5-fdb6318b1467', '94059064-2a1a-46fa-b3c0-7be8afb320a0');
INSERT INTO oneOnOneMeasure(evaluation, measureOneOnOneIDFK, measurableIDFK) VALUES('2', 'fa4a65c8-ea2a-43be-9dbc-d84153e495c6', '94059064-2a1a-46fa-b3c0-7be8afb320a0');
INSERT INTO oneOnOneMeasure(evaluation, measureOneOnOneIDFK, measurableIDFK) VALUES('4', '97cde49b-8ffb-48f2-b965-cad4559c26aa', '37f01539-b93b-4450-8ed6-2a9f8796b0f1');
INSERT INTO oneOnOneMeasure(evaluation, measureOneOnOneIDFK, measurableIDFK) VALUES('1', 'efd15255-c005-46c3-894b-9c7925627504', '94059064-2a1a-46fa-b3c0-7be8afb320a0');
INSERT INTO oneOnOneMeasure(evaluation, measureOneOnOneIDFK, measurableIDFK) VALUES('5', '433795d7-3624-471a-8d27-fa6f0a13f7b7', '116a12e4-13e7-4f25-8ab2-cf99aa8135ef');
INSERT INTO oneOnOneMeasure(evaluation, measureOneOnOneIDFK, measurableIDFK) VALUES('1', '560371f9-212b-426d-be2a-1091f84939a2', '595903ad-a952-43d3-b10a-6aa1fc133601');
INSERT INTO oneOnOneMeasure(evaluation, measureOneOnOneIDFK, measurableIDFK) VALUES('1', 'efd15255-c005-46c3-894b-9c7925627504', '595903ad-a952-43d3-b10a-6aa1fc133601');
INSERT INTO oneOnOneMeasure(evaluation, measureOneOnOneIDFK, measurableIDFK) VALUES('2', '1f34ebbb-ad10-4e23-95f7-93ff8e60e429', '9a2bbdb0-2570-40a1-9820-5478c01cd119');
INSERT INTO oneOnOneMeasure(evaluation, measureOneOnOneIDFK, measurableIDFK) VALUES('2', '5fcf5e77-f53f-4114-b9e2-941d6d7afcbb', '94059064-2a1a-46fa-b3c0-7be8afb320a0');
INSERT INTO oneOnOneMeasure(evaluation, measureOneOnOneIDFK, measurableIDFK) VALUES('1', '351757e9-9f7f-44bc-bff5-fdb6318b1467', '37f01539-b93b-4450-8ed6-2a9f8796b0f1');
INSERT INTO oneOnOneMeasure(evaluation, measureOneOnOneIDFK, measurableIDFK) VALUES('3', '970c5373-91fe-4b46-adab-d80cf8d92df8', '595903ad-a952-43d3-b10a-6aa1fc133601');
INSERT INTO oneOnOneMeasure(evaluation, measureOneOnOneIDFK, measurableIDFK) VALUES('4', '4d0121ff-9e98-4782-84b6-ce9fc42ad473', '37f01539-b93b-4450-8ed6-2a9f8796b0f1');
INSERT INTO oneOnOneMeasure(evaluation, measureOneOnOneIDFK, measurableIDFK) VALUES('1', '31f5d51e-2cfd-4336-85f2-a8c662bb0eed', '94059064-2a1a-46fa-b3c0-7be8afb320a0');
INSERT INTO oneOnOneMeasure(evaluation, measureOneOnOneIDFK, measurableIDFK) VALUES('1', '21caf41e-8025-4995-8d33-123db1ae37f8', '37f01539-b93b-4450-8ed6-2a9f8796b0f1');
INSERT INTO oneOnOneMeasure(evaluation, measureOneOnOneIDFK, measurableIDFK) VALUES('1', 'dd93c25f-ba01-40e7-9d7b-f9dff4977eb5', '595903ad-a952-43d3-b10a-6aa1fc133601');
INSERT INTO oneOnOneMeasure(evaluation, measureOneOnOneIDFK, measurableIDFK) VALUES('2', 'b4054675-4668-4f10-9019-a04211832fac', '9a2bbdb0-2570-40a1-9820-5478c01cd119');
INSERT INTO oneOnOneMeasure(evaluation, measureOneOnOneIDFK, measurableIDFK) VALUES('3', 'e7b23d70-f990-44c2-af87-452fedbc675f', '9a2bbdb0-2570-40a1-9820-5478c01cd119');
INSERT INTO oneOnOneMeasure(evaluation, measureOneOnOneIDFK, measurableIDFK) VALUES('1', '1c942e6f-744f-4370-84e4-82263fa02ddb', '9a2bbdb0-2570-40a1-9820-5478c01cd119');
INSERT INTO oneOnOneMeasure(evaluation, measureOneOnOneIDFK, measurableIDFK) VALUES('4', '0ca317e8-68e2-4aa0-9f18-c14121bac9a8', '595903ad-a952-43d3-b10a-6aa1fc133601');
INSERT INTO oneOnOneMeasure(evaluation, measureOneOnOneIDFK, measurableIDFK) VALUES('5', 'dac6fcdf-77fb-46bd-9cfa-04c2175d633e', '9a2bbdb0-2570-40a1-9820-5478c01cd119');
INSERT INTO oneOnOneMeasure(evaluation, measureOneOnOneIDFK, measurableIDFK) VALUES('5', 'e21987ad-eddc-4913-86a5-3e26c4731180', '94059064-2a1a-46fa-b3c0-7be8afb320a0');
INSERT INTO oneOnOneMeasure(evaluation, measureOneOnOneIDFK, measurableIDFK) VALUES('2', 'bc411c94-4d15-4d7a-8de4-40bcde8b22a7', '9a2bbdb0-2570-40a1-9820-5478c01cd119');
INSERT INTO oneOnOneMeasure(evaluation, measureOneOnOneIDFK, measurableIDFK) VALUES('5', '442bcb6d-baba-44f3-973a-a31eba984c93', '94059064-2a1a-46fa-b3c0-7be8afb320a0');
INSERT INTO oneOnOneMeasure(evaluation, measureOneOnOneIDFK, measurableIDFK) VALUES('1', 'a1b81390-6e74-4d42-9688-288eefd7395d', '595903ad-a952-43d3-b10a-6aa1fc133601');
INSERT INTO oneOnOneMeasure(evaluation, measureOneOnOneIDFK, measurableIDFK) VALUES('1', '29456532-961c-4eca-9004-96ff63665dda', '116a12e4-13e7-4f25-8ab2-cf99aa8135ef');
INSERT INTO oneOnOneMeasure(evaluation, measureOneOnOneIDFK, measurableIDFK) VALUES('2', '5b1e069c-dbe5-47fd-8c9c-4926cf327cda', '94059064-2a1a-46fa-b3c0-7be8afb320a0');
INSERT INTO oneOnOneMeasure(evaluation, measureOneOnOneIDFK, measurableIDFK) VALUES('1', '71e1fad8-7760-4b1a-a6ba-c254fe123b8f', '9a2bbdb0-2570-40a1-9820-5478c01cd119');
INSERT INTO oneOnOneMeasure(evaluation, measureOneOnOneIDFK, measurableIDFK) VALUES('4', '29456532-961c-4eca-9004-96ff63665dda', '37f01539-b93b-4450-8ed6-2a9f8796b0f1');
INSERT INTO oneOnOneMeasure(evaluation, measureOneOnOneIDFK, measurableIDFK) VALUES('2', '66773772-8bce-4f0e-83b4-4a1295997539', '94059064-2a1a-46fa-b3c0-7be8afb320a0');
INSERT INTO oneOnOneMeasure(evaluation, measureOneOnOneIDFK, measurableIDFK) VALUES('2', 'dac6fcdf-77fb-46bd-9cfa-04c2175d633e', '94059064-2a1a-46fa-b3c0-7be8afb320a0');
INSERT INTO oneOnOneMeasure(evaluation, measureOneOnOneIDFK, measurableIDFK) VALUES('4', '97cde49b-8ffb-48f2-b965-cad4559c26aa', '37f01539-b93b-4450-8ed6-2a9f8796b0f1');
INSERT INTO oneOnOneMeasure(evaluation, measureOneOnOneIDFK, measurableIDFK) VALUES('1', '9b33f900-4465-4983-8066-121e43a6e0a3', '116a12e4-13e7-4f25-8ab2-cf99aa8135ef');
INSERT INTO oneOnOneMeasure(evaluation, measureOneOnOneIDFK, measurableIDFK) VALUES('4', '5786a54e-2cb8-4807-92a8-47c79931e314', '595903ad-a952-43d3-b10a-6aa1fc133601');
INSERT INTO oneOnOneMeasure(evaluation, measureOneOnOneIDFK, measurableIDFK) VALUES('4', '4450e790-d858-4681-80fd-d2c6b5bccf6b', '116a12e4-13e7-4f25-8ab2-cf99aa8135ef');
INSERT INTO oneOnOneMeasure(evaluation, measureOneOnOneIDFK, measurableIDFK) VALUES('3', '97cde49b-8ffb-48f2-b965-cad4559c26aa', '116a12e4-13e7-4f25-8ab2-cf99aa8135ef');
INSERT INTO oneOnOneMeasure(evaluation, measureOneOnOneIDFK, measurableIDFK) VALUES('2', '433795d7-3624-471a-8d27-fa6f0a13f7b7', '116a12e4-13e7-4f25-8ab2-cf99aa8135ef');
INSERT INTO oneOnOneMeasure(evaluation, measureOneOnOneIDFK, measurableIDFK) VALUES('1', 'eb8f6e99-04b0-4fd0-9ac4-1cd9e5e6cd03', '9a2bbdb0-2570-40a1-9820-5478c01cd119');
INSERT INTO oneOnOneMeasure(evaluation, measureOneOnOneIDFK, measurableIDFK) VALUES('2', 'fc7fe00e-bd91-4cf4-8a27-80ec12105aab', '9a2bbdb0-2570-40a1-9820-5478c01cd119');
INSERT INTO oneOnOneMeasure(evaluation, measureOneOnOneIDFK, measurableIDFK) VALUES('5', '67aeaa6e-1f77-4989-8427-580a2967363e', '116a12e4-13e7-4f25-8ab2-cf99aa8135ef');
INSERT INTO oneOnOneMeasure(evaluation, measureOneOnOneIDFK, measurableIDFK) VALUES('3', '33e9560b-2aa9-4fbf-af65-53e02194fcb5', '595903ad-a952-43d3-b10a-6aa1fc133601');
INSERT INTO oneOnOneMeasure(evaluation, measureOneOnOneIDFK, measurableIDFK) VALUES('5', 'eb8f6e99-04b0-4fd0-9ac4-1cd9e5e6cd03', '9a2bbdb0-2570-40a1-9820-5478c01cd119');
INSERT INTO oneOnOneMeasure(evaluation, measureOneOnOneIDFK, measurableIDFK) VALUES('1', 'fc3b1550-b4d5-4c85-ae8c-04b0fe074661', '116a12e4-13e7-4f25-8ab2-cf99aa8135ef');
INSERT INTO oneOnOneMeasure(evaluation, measureOneOnOneIDFK, measurableIDFK) VALUES('2', 'b8ea08b6-ba60-46fb-b2d8-67956692a305', '116a12e4-13e7-4f25-8ab2-cf99aa8135ef');
INSERT INTO oneOnOneMeasure(evaluation, measureOneOnOneIDFK, measurableIDFK) VALUES('2', '7e9cf947-bc55-4980-830c-ae7541c6cc2a', '595903ad-a952-43d3-b10a-6aa1fc133601');
INSERT INTO oneOnOneMeasure(evaluation, measureOneOnOneIDFK, measurableIDFK) VALUES('3', 'ae613c2e-4d4e-4ea7-b953-b2043897d439', '94059064-2a1a-46fa-b3c0-7be8afb320a0');
INSERT INTO oneOnOneMeasure(evaluation, measureOneOnOneIDFK, measurableIDFK) VALUES('3', '6f962e04-b39c-4eaf-9733-88725ccdd78e', '37f01539-b93b-4450-8ed6-2a9f8796b0f1');
INSERT INTO oneOnOneMeasure(evaluation, measureOneOnOneIDFK, measurableIDFK) VALUES('2', '29456532-961c-4eca-9004-96ff63665dda', '9a2bbdb0-2570-40a1-9820-5478c01cd119');
INSERT INTO oneOnOneMeasure(evaluation, measureOneOnOneIDFK, measurableIDFK) VALUES('4', '1c942e6f-744f-4370-84e4-82263fa02ddb', '94059064-2a1a-46fa-b3c0-7be8afb320a0');
INSERT INTO oneOnOneMeasure(evaluation, measureOneOnOneIDFK, measurableIDFK) VALUES('1', '3c8e5e36-fe68-49f5-9f49-c81f5c22c4ad', '595903ad-a952-43d3-b10a-6aa1fc133601');
INSERT INTO oneOnOneMeasure(evaluation, measureOneOnOneIDFK, measurableIDFK) VALUES('4', 'f8e3ed9b-fade-457e-8e9f-086cabab8493', '94059064-2a1a-46fa-b3c0-7be8afb320a0');
INSERT INTO oneOnOneMeasure(evaluation, measureOneOnOneIDFK, measurableIDFK) VALUES('4', 'e21987ad-eddc-4913-86a5-3e26c4731180', '94059064-2a1a-46fa-b3c0-7be8afb320a0');
INSERT INTO oneOnOneMeasure(evaluation, measureOneOnOneIDFK, measurableIDFK) VALUES('5', 'e21987ad-eddc-4913-86a5-3e26c4731180', '37f01539-b93b-4450-8ed6-2a9f8796b0f1');
INSERT INTO oneOnOneMeasure(evaluation, measureOneOnOneIDFK, measurableIDFK) VALUES('2', '21caf41e-8025-4995-8d33-123db1ae37f8', '9a2bbdb0-2570-40a1-9820-5478c01cd119');
INSERT INTO oneOnOneMeasure(evaluation, measureOneOnOneIDFK, measurableIDFK) VALUES('1', '55f8d3a0-0a68-4980-a147-1ba42ecee19f', '116a12e4-13e7-4f25-8ab2-cf99aa8135ef');
INSERT INTO oneOnOneMeasure(evaluation, measureOneOnOneIDFK, measurableIDFK) VALUES('3', '7e9cf947-bc55-4980-830c-ae7541c6cc2a', '595903ad-a952-43d3-b10a-6aa1fc133601');
INSERT INTO oneOnOneMeasure(evaluation, measureOneOnOneIDFK, measurableIDFK) VALUES('3', '1c942e6f-744f-4370-84e4-82263fa02ddb', '94059064-2a1a-46fa-b3c0-7be8afb320a0');
INSERT INTO oneOnOneMeasure(evaluation, measureOneOnOneIDFK, measurableIDFK) VALUES('3', '97cde49b-8ffb-48f2-b965-cad4559c26aa', '9a2bbdb0-2570-40a1-9820-5478c01cd119');
INSERT INTO oneOnOneMeasure(evaluation, measureOneOnOneIDFK, measurableIDFK) VALUES('3', 'b8ea08b6-ba60-46fb-b2d8-67956692a305', '94059064-2a1a-46fa-b3c0-7be8afb320a0');
INSERT INTO oneOnOneMeasure(evaluation, measureOneOnOneIDFK, measurableIDFK) VALUES('3', 'f1ea1c7b-19a6-4687-8bc9-21f674f1bff0', '595903ad-a952-43d3-b10a-6aa1fc133601');
INSERT INTO oneOnOneMeasure(evaluation, measureOneOnOneIDFK, measurableIDFK) VALUES('1', '71e1fad8-7760-4b1a-a6ba-c254fe123b8f', '116a12e4-13e7-4f25-8ab2-cf99aa8135ef');
INSERT INTO oneOnOneMeasure(evaluation, measureOneOnOneIDFK, measurableIDFK) VALUES('4', 'ce39a7aa-c71d-4e68-a341-7d6685a931f2', '595903ad-a952-43d3-b10a-6aa1fc133601');
INSERT INTO oneOnOneMeasure(evaluation, measureOneOnOneIDFK, measurableIDFK) VALUES('3', 'e21987ad-eddc-4913-86a5-3e26c4731180', '37f01539-b93b-4450-8ed6-2a9f8796b0f1');
INSERT INTO oneOnOneMeasure(evaluation, measureOneOnOneIDFK, measurableIDFK) VALUES('1', 'aacfc87c-1233-4e54-9446-f7a513e9db59', '595903ad-a952-43d3-b10a-6aa1fc133601');
INSERT INTO oneOnOneMeasure(evaluation, measureOneOnOneIDFK, measurableIDFK) VALUES('5', '1c942e6f-744f-4370-84e4-82263fa02ddb', '37f01539-b93b-4450-8ed6-2a9f8796b0f1');
INSERT INTO oneOnOneMeasure(evaluation, measureOneOnOneIDFK, measurableIDFK) VALUES('2', '9b33f900-4465-4983-8066-121e43a6e0a3', '94059064-2a1a-46fa-b3c0-7be8afb320a0');
INSERT INTO oneOnOneMeasure(evaluation, measureOneOnOneIDFK, measurableIDFK) VALUES('3', 'fc3b1550-b4d5-4c85-ae8c-04b0fe074661', '37f01539-b93b-4450-8ed6-2a9f8796b0f1');
INSERT INTO oneOnOneMeasure(evaluation, measureOneOnOneIDFK, measurableIDFK) VALUES('5', 'f1ea1c7b-19a6-4687-8bc9-21f674f1bff0', '116a12e4-13e7-4f25-8ab2-cf99aa8135ef');
INSERT INTO oneOnOneMeasure(evaluation, measureOneOnOneIDFK, measurableIDFK) VALUES('4', 'e14e63a4-7526-49d8-973a-89465334c91e', '595903ad-a952-43d3-b10a-6aa1fc133601');
INSERT INTO oneOnOneMeasure(evaluation, measureOneOnOneIDFK, measurableIDFK) VALUES('1', 'fc7fe00e-bd91-4cf4-8a27-80ec12105aab', '94059064-2a1a-46fa-b3c0-7be8afb320a0');
INSERT INTO oneOnOneMeasure(evaluation, measureOneOnOneIDFK, measurableIDFK) VALUES('2', '787a21f6-e0a7-4f12-9902-fdd058004151', '116a12e4-13e7-4f25-8ab2-cf99aa8135ef');
INSERT INTO oneOnOneMeasure(evaluation, measureOneOnOneIDFK, measurableIDFK) VALUES('1', 'fc7fe00e-bd91-4cf4-8a27-80ec12105aab', '94059064-2a1a-46fa-b3c0-7be8afb320a0');
INSERT INTO oneOnOneMeasure(evaluation, measureOneOnOneIDFK, measurableIDFK) VALUES('3', '8920cbce-50b8-4bb7-98d2-ec3728e50ac8', '94059064-2a1a-46fa-b3c0-7be8afb320a0');
INSERT INTO oneOnOneMeasure(evaluation, measureOneOnOneIDFK, measurableIDFK) VALUES('1', 'ae613c2e-4d4e-4ea7-b953-b2043897d439', '116a12e4-13e7-4f25-8ab2-cf99aa8135ef');
INSERT INTO oneOnOneMeasure(evaluation, measureOneOnOneIDFK, measurableIDFK) VALUES('4', '3c8e5e36-fe68-49f5-9f49-c81f5c22c4ad', '94059064-2a1a-46fa-b3c0-7be8afb320a0');
INSERT INTO oneOnOneMeasure(evaluation, measureOneOnOneIDFK, measurableIDFK) VALUES('2', 'efd15255-c005-46c3-894b-9c7925627504', '595903ad-a952-43d3-b10a-6aa1fc133601');
INSERT INTO oneOnOneMeasure(evaluation, measureOneOnOneIDFK, measurableIDFK) VALUES('3', '4d20fff5-e661-41f4-8e24-7a942f15fa45', '94059064-2a1a-46fa-b3c0-7be8afb320a0');
INSERT INTO oneOnOneMeasure(evaluation, measureOneOnOneIDFK, measurableIDFK) VALUES('1', '29456532-961c-4eca-9004-96ff63665dda', '9a2bbdb0-2570-40a1-9820-5478c01cd119');
INSERT INTO oneOnOneMeasure(evaluation, measureOneOnOneIDFK, measurableIDFK) VALUES('3', '433795d7-3624-471a-8d27-fa6f0a13f7b7', '116a12e4-13e7-4f25-8ab2-cf99aa8135ef');
INSERT INTO oneOnOneMeasure(evaluation, measureOneOnOneIDFK, measurableIDFK) VALUES('5', '09f98886-30c6-4a0d-93ba-a317f14a846f', '595903ad-a952-43d3-b10a-6aa1fc133601');
INSERT INTO oneOnOneMeasure(evaluation, measureOneOnOneIDFK, measurableIDFK) VALUES('2', '5786a54e-2cb8-4807-92a8-47c79931e314', '595903ad-a952-43d3-b10a-6aa1fc133601');
INSERT INTO oneOnOneMeasure(evaluation, measureOneOnOneIDFK, measurableIDFK) VALUES('2', '0ca317e8-68e2-4aa0-9f18-c14121bac9a8', '9a2bbdb0-2570-40a1-9820-5478c01cd119');
INSERT INTO oneOnOneMeasure(evaluation, measureOneOnOneIDFK, measurableIDFK) VALUES('1', 'bc411c94-4d15-4d7a-8de4-40bcde8b22a7', '37f01539-b93b-4450-8ed6-2a9f8796b0f1');
INSERT INTO oneOnOneMeasure(evaluation, measureOneOnOneIDFK, measurableIDFK) VALUES('5', '97cde49b-8ffb-48f2-b965-cad4559c26aa', '595903ad-a952-43d3-b10a-6aa1fc133601');
INSERT INTO oneOnOneMeasure(evaluation, measureOneOnOneIDFK, measurableIDFK) VALUES('1', '8920cbce-50b8-4bb7-98d2-ec3728e50ac8', '116a12e4-13e7-4f25-8ab2-cf99aa8135ef');
INSERT INTO oneOnOneMeasure(evaluation, measureOneOnOneIDFK, measurableIDFK) VALUES('2', '5786a54e-2cb8-4807-92a8-47c79931e314', '595903ad-a952-43d3-b10a-6aa1fc133601');
INSERT INTO oneOnOneMeasure(evaluation, measureOneOnOneIDFK, measurableIDFK) VALUES('5', 'a1b81390-6e74-4d42-9688-288eefd7395d', '94059064-2a1a-46fa-b3c0-7be8afb320a0');
INSERT INTO oneOnOneMeasure(evaluation, measureOneOnOneIDFK, measurableIDFK) VALUES('1', '351757e9-9f7f-44bc-bff5-fdb6318b1467', '37f01539-b93b-4450-8ed6-2a9f8796b0f1');
INSERT INTO oneOnOneMeasure(evaluation, measureOneOnOneIDFK, measurableIDFK) VALUES('1', '33e9560b-2aa9-4fbf-af65-53e02194fcb5', '595903ad-a952-43d3-b10a-6aa1fc133601');
INSERT INTO oneOnOneMeasure(evaluation, measureOneOnOneIDFK, measurableIDFK) VALUES('2', '09f98886-30c6-4a0d-93ba-a317f14a846f', '94059064-2a1a-46fa-b3c0-7be8afb320a0');
INSERT INTO oneOnOneMeasure(evaluation, measureOneOnOneIDFK, measurableIDFK) VALUES('2', '560371f9-212b-426d-be2a-1091f84939a2', '37f01539-b93b-4450-8ed6-2a9f8796b0f1');
INSERT INTO oneOnOneMeasure(evaluation, measureOneOnOneIDFK, measurableIDFK) VALUES('5', '97cde49b-8ffb-48f2-b965-cad4559c26aa', '94059064-2a1a-46fa-b3c0-7be8afb320a0');
INSERT INTO oneOnOneMeasure(evaluation, measureOneOnOneIDFK, measurableIDFK) VALUES('5', 'b8ea08b6-ba60-46fb-b2d8-67956692a305', '9a2bbdb0-2570-40a1-9820-5478c01cd119');
INSERT INTO oneOnOneMeasure(evaluation, measureOneOnOneIDFK, measurableIDFK) VALUES('2', '0ca317e8-68e2-4aa0-9f18-c14121bac9a8', '37f01539-b93b-4450-8ed6-2a9f8796b0f1');
INSERT INTO oneOnOneMeasure(evaluation, measureOneOnOneIDFK, measurableIDFK) VALUES('1', '5786a54e-2cb8-4807-92a8-47c79931e314', '37f01539-b93b-4450-8ed6-2a9f8796b0f1');
INSERT INTO oneOnOneMeasure(evaluation, measureOneOnOneIDFK, measurableIDFK) VALUES('1', 'f8e3ed9b-fade-457e-8e9f-086cabab8493', '595903ad-a952-43d3-b10a-6aa1fc133601');
INSERT INTO oneOnOneMeasure(evaluation, measureOneOnOneIDFK, measurableIDFK) VALUES('1', '5b1e069c-dbe5-47fd-8c9c-4926cf327cda', '9a2bbdb0-2570-40a1-9820-5478c01cd119');
INSERT INTO oneOnOneMeasure(evaluation, measureOneOnOneIDFK, measurableIDFK) VALUES('4', '789e9ec1-c46d-4340-8750-65116cf93fdb', '37f01539-b93b-4450-8ed6-2a9f8796b0f1');
INSERT INTO oneOnOneMeasure(evaluation, measureOneOnOneIDFK, measurableIDFK) VALUES('5', '24903f1a-192b-4677-b51d-d2426bf24260', '595903ad-a952-43d3-b10a-6aa1fc133601');
INSERT INTO oneOnOneMeasure(evaluation, measureOneOnOneIDFK, measurableIDFK) VALUES('3', '5fcf5e77-f53f-4114-b9e2-941d6d7afcbb', '595903ad-a952-43d3-b10a-6aa1fc133601');
INSERT INTO oneOnOneMeasure(evaluation, measureOneOnOneIDFK, measurableIDFK) VALUES('4', '1c942e6f-744f-4370-84e4-82263fa02ddb', '94059064-2a1a-46fa-b3c0-7be8afb320a0');
INSERT INTO oneOnOneMeasure(evaluation, measureOneOnOneIDFK, measurableIDFK) VALUES('5', 'ce39a7aa-c71d-4e68-a341-7d6685a931f2', '595903ad-a952-43d3-b10a-6aa1fc133601');
INSERT INTO oneOnOneMeasure(evaluation, measureOneOnOneIDFK, measurableIDFK) VALUES('4', '24903f1a-192b-4677-b51d-d2426bf24260', '9a2bbdb0-2570-40a1-9820-5478c01cd119');
INSERT INTO oneOnOneMeasure(evaluation, measureOneOnOneIDFK, measurableIDFK) VALUES('3', 'a1b81390-6e74-4d42-9688-288eefd7395d', '116a12e4-13e7-4f25-8ab2-cf99aa8135ef');
INSERT INTO oneOnOneMeasure(evaluation, measureOneOnOneIDFK, measurableIDFK) VALUES('3', '31f5d51e-2cfd-4336-85f2-a8c662bb0eed', '595903ad-a952-43d3-b10a-6aa1fc133601');
INSERT INTO oneOnOneMeasure(evaluation, measureOneOnOneIDFK, measurableIDFK) VALUES('2', 'd1d574f3-cce8-448b-98e7-7d373e04dd8c', '9a2bbdb0-2570-40a1-9820-5478c01cd119');
INSERT INTO oneOnOneMeasure(evaluation, measureOneOnOneIDFK, measurableIDFK) VALUES('4', '31f5d51e-2cfd-4336-85f2-a8c662bb0eed', '37f01539-b93b-4450-8ed6-2a9f8796b0f1');
INSERT INTO oneOnOneMeasure(evaluation, measureOneOnOneIDFK, measurableIDFK) VALUES('5', '24903f1a-192b-4677-b51d-d2426bf24260', '94059064-2a1a-46fa-b3c0-7be8afb320a0');
INSERT INTO oneOnOneMeasure(evaluation, measureOneOnOneIDFK, measurableIDFK) VALUES('5', '4d0121ff-9e98-4782-84b6-ce9fc42ad473', '116a12e4-13e7-4f25-8ab2-cf99aa8135ef');
INSERT INTO oneOnOneMeasure(evaluation, measureOneOnOneIDFK, measurableIDFK) VALUES('4', 'fc7fe00e-bd91-4cf4-8a27-80ec12105aab', '94059064-2a1a-46fa-b3c0-7be8afb320a0');
INSERT INTO oneOnOneMeasure(evaluation, measureOneOnOneIDFK, measurableIDFK) VALUES('2', '5fcf5e77-f53f-4114-b9e2-941d6d7afcbb', '37f01539-b93b-4450-8ed6-2a9f8796b0f1');
INSERT INTO oneOnOneMeasure(evaluation, measureOneOnOneIDFK, measurableIDFK) VALUES('2', '5786a54e-2cb8-4807-92a8-47c79931e314', '116a12e4-13e7-4f25-8ab2-cf99aa8135ef');
INSERT INTO oneOnOneMeasure(evaluation, measureOneOnOneIDFK, measurableIDFK) VALUES('1', 'e21987ad-eddc-4913-86a5-3e26c4731180', '37f01539-b93b-4450-8ed6-2a9f8796b0f1');
INSERT INTO oneOnOneMeasure(evaluation, measureOneOnOneIDFK, measurableIDFK) VALUES('4', '787a21f6-e0a7-4f12-9902-fdd058004151', '9a2bbdb0-2570-40a1-9820-5478c01cd119');
INSERT INTO oneOnOneMeasure(evaluation, measureOneOnOneIDFK, measurableIDFK) VALUES('5', '970c5373-91fe-4b46-adab-d80cf8d92df8', '595903ad-a952-43d3-b10a-6aa1fc133601');
INSERT INTO oneOnOneMeasure(evaluation, measureOneOnOneIDFK, measurableIDFK) VALUES('2', '71e1fad8-7760-4b1a-a6ba-c254fe123b8f', '37f01539-b93b-4450-8ed6-2a9f8796b0f1');
INSERT INTO oneOnOneMeasure(evaluation, measureOneOnOneIDFK, measurableIDFK) VALUES('5', 'e5e5cf01-beb5-478b-b84e-7d654afd4558', '9a2bbdb0-2570-40a1-9820-5478c01cd119');
INSERT INTO oneOnOneMeasure(evaluation, measureOneOnOneIDFK, measurableIDFK) VALUES('4', '37a76c7e-6f05-4f52-9af9-dcc4cab238bd', '9a2bbdb0-2570-40a1-9820-5478c01cd119');
INSERT INTO oneOnOneMeasure(evaluation, measureOneOnOneIDFK, measurableIDFK) VALUES('3', 'b8ea08b6-ba60-46fb-b2d8-67956692a305', '37f01539-b93b-4450-8ed6-2a9f8796b0f1');
INSERT INTO oneOnOneMeasure(evaluation, measureOneOnOneIDFK, measurableIDFK) VALUES('3', 'efd15255-c005-46c3-894b-9c7925627504', '116a12e4-13e7-4f25-8ab2-cf99aa8135ef');
INSERT INTO oneOnOneMeasure(evaluation, measureOneOnOneIDFK, measurableIDFK) VALUES('3', '8e2b0d9f-bc05-48f5-a7f9-4c8871c6a967', '116a12e4-13e7-4f25-8ab2-cf99aa8135ef');
INSERT INTO oneOnOneMeasure(evaluation, measureOneOnOneIDFK, measurableIDFK) VALUES('1', '55f8d3a0-0a68-4980-a147-1ba42ecee19f', '37f01539-b93b-4450-8ed6-2a9f8796b0f1');
INSERT INTO oneOnOneMeasure(evaluation, measureOneOnOneIDFK, measurableIDFK) VALUES('5', '8920cbce-50b8-4bb7-98d2-ec3728e50ac8', '116a12e4-13e7-4f25-8ab2-cf99aa8135ef');
INSERT INTO oneOnOneMeasure(evaluation, measureOneOnOneIDFK, measurableIDFK) VALUES('5', '3c8e5e36-fe68-49f5-9f49-c81f5c22c4ad', '94059064-2a1a-46fa-b3c0-7be8afb320a0');
INSERT INTO oneOnOneMeasure(evaluation, measureOneOnOneIDFK, measurableIDFK) VALUES('1', 'e0416f5d-a7b9-4aec-9214-c327c22463f1', '116a12e4-13e7-4f25-8ab2-cf99aa8135ef');
INSERT INTO oneOnOneMeasure(evaluation, measureOneOnOneIDFK, measurableIDFK) VALUES('5', '09f98886-30c6-4a0d-93ba-a317f14a846f', '94059064-2a1a-46fa-b3c0-7be8afb320a0');
INSERT INTO oneOnOneMeasure(evaluation, measureOneOnOneIDFK, measurableIDFK) VALUES('1', 'f1ea1c7b-19a6-4687-8bc9-21f674f1bff0', '595903ad-a952-43d3-b10a-6aa1fc133601');
INSERT INTO oneOnOneMeasure(evaluation, measureOneOnOneIDFK, measurableIDFK) VALUES('1', '4d0121ff-9e98-4782-84b6-ce9fc42ad473', '9a2bbdb0-2570-40a1-9820-5478c01cd119');
INSERT INTO oneOnOneMeasure(evaluation, measureOneOnOneIDFK, measurableIDFK) VALUES('4', '29456532-961c-4eca-9004-96ff63665dda', '94059064-2a1a-46fa-b3c0-7be8afb320a0');
INSERT INTO oneOnOneMeasure(evaluation, measureOneOnOneIDFK, measurableIDFK) VALUES('5', '72029663-0d00-4409-933a-0ab6d4357384', '37f01539-b93b-4450-8ed6-2a9f8796b0f1');
INSERT INTO oneOnOneMeasure(evaluation, measureOneOnOneIDFK, measurableIDFK) VALUES('3', 'bc411c94-4d15-4d7a-8de4-40bcde8b22a7', '595903ad-a952-43d3-b10a-6aa1fc133601');
INSERT INTO oneOnOneMeasure(evaluation, measureOneOnOneIDFK, measurableIDFK) VALUES('1', '020f2c14-2d6f-4a0d-921a-eeb561add4a1', '94059064-2a1a-46fa-b3c0-7be8afb320a0');
INSERT INTO oneOnOneMeasure(evaluation, measureOneOnOneIDFK, measurableIDFK) VALUES('5', '6f13488b-b777-4998-9620-0a59a92a2477', '9a2bbdb0-2570-40a1-9820-5478c01cd119');
INSERT INTO oneOnOneMeasure(evaluation, measureOneOnOneIDFK, measurableIDFK) VALUES('2', '1c942e6f-744f-4370-84e4-82263fa02ddb', '37f01539-b93b-4450-8ed6-2a9f8796b0f1');
INSERT INTO oneOnOneMeasure(evaluation, measureOneOnOneIDFK, measurableIDFK) VALUES('1', '1c942e6f-744f-4370-84e4-82263fa02ddb', '116a12e4-13e7-4f25-8ab2-cf99aa8135ef');
INSERT INTO oneOnOneMeasure(evaluation, measureOneOnOneIDFK, measurableIDFK) VALUES('4', '6c53e23e-1a98-4ae9-8370-1825e1fa1fb9', '94059064-2a1a-46fa-b3c0-7be8afb320a0');
INSERT INTO oneOnOneMeasure(evaluation, measureOneOnOneIDFK, measurableIDFK) VALUES('2', '97cde49b-8ffb-48f2-b965-cad4559c26aa', '94059064-2a1a-46fa-b3c0-7be8afb320a0');
INSERT INTO oneOnOneMeasure(evaluation, measureOneOnOneIDFK, measurableIDFK) VALUES('4', 'd1d574f3-cce8-448b-98e7-7d373e04dd8c', '94059064-2a1a-46fa-b3c0-7be8afb320a0');
INSERT INTO oneOnOneMeasure(evaluation, measureOneOnOneIDFK, measurableIDFK) VALUES('4', '020f2c14-2d6f-4a0d-921a-eeb561add4a1', '116a12e4-13e7-4f25-8ab2-cf99aa8135ef');

INSERT INTO vacation(vacationID, startDate, endDate, reason, leaderStatus, hrStatus, vacationUserIDFK) VALUES('15963034-cbc3-4489-8193-d1fc037b9637', '26/05/18', '26/05/19', 'Pasar tiempo con la familia', 0, 0, 'd3ced3ea-0036-4821-80fb-3c5cf4d8bcbc');
INSERT INTO vacation(vacationID, startDate, endDate, reason, leaderStatus, hrStatus, vacationUserIDFK) VALUES('524693ab-379a-4019-a9e1-dd7e770db242', '29/05/27', '29/05/28', 'Recargar energía y motivación', 1, 2, 'c46f48ba-12ec-43e2-a371-0324ec4bc93e');
INSERT INTO vacation(vacationID, startDate, endDate, reason, leaderStatus, hrStatus, vacationUserIDFK) VALUES('599c0e5d-18a4-44bd-b7b4-6d09fa00b432', '31/06/03', '31/06/04', 'Probar nuevas comidas', 2, 1, 'f932fec0-7cd2-4a70-bc58-a226cc599cda');
INSERT INTO vacation(vacationID, startDate, endDate, reason, leaderStatus, hrStatus, vacationUserIDFK) VALUES('d528824c-3534-4f06-bb5a-1754f725b10f', '29/11/12', '29/11/13', 'Probar nuevas comidas', 0, 0, 'b3ef2571-2795-4d74-bdda-ccfc672629cb');
INSERT INTO vacation(vacationID, startDate, endDate, reason, leaderStatus, hrStatus, vacationUserIDFK) VALUES('f9398bf4-3a3f-46d5-b471-d9099a5b56cf', '27/07/27', '27/07/28', 'Descansar del trabajo', 2, 0, '2dae4484-1928-4fb5-9f53-b19309b34e0e');
INSERT INTO vacation(vacationID, startDate, endDate, reason, leaderStatus, hrStatus, vacationUserIDFK) VALUES('3feddf36-1290-45dc-9611-5ecf4be9c385', '29/09/18', '29/09/19', 'Realizar actividades al aire libre', 0, 1, 'd3ced3ea-0036-4821-80fb-3c5cf4d8bcbc');
INSERT INTO vacation(vacationID, startDate, endDate, reason, leaderStatus, hrStatus, vacationUserIDFK) VALUES('5b3366f5-8ebc-441d-a19a-a8e087871799', '31/07/06', '31/07/07', 'Visitar amigos o familiares', 2, 0, '156122be-22db-49d1-8fe3-90fa33364d58');
INSERT INTO vacation(vacationID, startDate, endDate, reason, leaderStatus, hrStatus, vacationUserIDFK) VALUES('6ed4bdb9-bd80-4ee5-aa98-42c5cba8ba59', '31/07/06', '31/07/07', 'Conocer nuevos lugares', 1, 2, '1cfc280d-ac32-4a09-87e3-d8ad86814a1b');
INSERT INTO vacation(vacationID, startDate, endDate, reason, leaderStatus, hrStatus, vacationUserIDFK) VALUES('181ee59f-a5fc-49bd-99af-aac783678040', '32/05/03', '32/05/04', 'Visitar amigos o familiares', 1, 0, '7305033a-b87d-4810-b974-b02fc0bb473d');
INSERT INTO vacation(vacationID, startDate, endDate, reason, leaderStatus, hrStatus, vacationUserIDFK) VALUES('56671721-0fd1-4a73-8ff0-78680f5e07b4', '26/05/09', '26/05/10', 'Pasar tiempo con la familia', 0, 0, '0b97e4c6-5c5d-4a07-a179-3bfaef488167');
INSERT INTO vacation(vacationID, startDate, endDate, reason, leaderStatus, hrStatus, vacationUserIDFK) VALUES('ef1c7a72-83fa-426b-b8d8-bd0e3fd42f4f', '30/09/09', '30/09/10', 'Realizar actividades al aire libre', 0, 1, '245adb0e-1ec9-4f28-abfd-65f25abb7f4a');
INSERT INTO vacation(vacationID, startDate, endDate, reason, leaderStatus, hrStatus, vacationUserIDFK) VALUES('9a3b5da9-9964-4df3-a5cf-a794eb21076e', '30/10/12', '30/10/13', 'Conocer nuevos lugares', 2, 1, 'e0c98a74-adf6-4c71-8290-6933a82a453c');
INSERT INTO vacation(vacationID, startDate, endDate, reason, leaderStatus, hrStatus, vacationUserIDFK) VALUES('9197e3d1-6c12-4011-bce2-06561d63ffb6', '29/06/29', '29/06/30', 'Visitar amigos o familiares', 1, 1, 'b3ef2571-2795-4d74-bdda-ccfc672629cb');
INSERT INTO vacation(vacationID, startDate, endDate, reason, leaderStatus, hrStatus, vacationUserIDFK) VALUES('2b510116-7208-458e-825f-6353f6462462', '33/11/24', '33/11/25', 'Conocer nuevos lugares', 0, 0, 'b3ef2571-2795-4d74-bdda-ccfc672629cb');
INSERT INTO vacation(vacationID, startDate, endDate, reason, leaderStatus, hrStatus, vacationUserIDFK) VALUES('277a6a44-de69-4ba6-86a5-13f1f6140868', '33/04/03', '33/04/04', 'Aprender un nuevo idioma', 1, 0, '6f370def-1e3d-4ad7-966d-9be92f7fa4a5');
INSERT INTO vacation(vacationID, startDate, endDate, reason, leaderStatus, hrStatus, vacationUserIDFK) VALUES('ec5a32e2-a057-45f8-9bb9-0dc233770711', '27/03/15', '27/03/16', 'Celebrar un aniversario', 1, 2, '851702af-8825-481a-b3a2-fa53a08d9782');
INSERT INTO vacation(vacationID, startDate, endDate, reason, leaderStatus, hrStatus, vacationUserIDFK) VALUES('a7ca989d-dfa0-45fc-adfc-db19560dfcf6', '32/07/09', '32/07/10', 'Practicar deportes extremos', 0, 1, '31936144-f85f-4b13-bec7-bfbadd240123');
INSERT INTO vacation(vacationID, startDate, endDate, reason, leaderStatus, hrStatus, vacationUserIDFK) VALUES('fafcc22d-73c9-4f54-8bf6-fb72c1940fa0', '33/09/18', '33/09/19', 'Practicar deportes extremos', 2, 1, 'cfde327c-6e50-41b4-8aca-f6cb5e915afa');
INSERT INTO vacation(vacationID, startDate, endDate, reason, leaderStatus, hrStatus, vacationUserIDFK) VALUES('11777b68-8477-4ee9-b84d-e9b249abe0bd', '28/12/12', '28/12/13', 'Recargar energía y motivación', 2, 1, '1cfc280d-ac32-4a09-87e3-d8ad86814a1b');
INSERT INTO vacation(vacationID, startDate, endDate, reason, leaderStatus, hrStatus, vacationUserIDFK) VALUES('150db3d6-a1c2-46d5-9712-37e989b3510e', '28/03/18', '28/03/19', 'Realizar actividades al aire libre', 1, 0, '6f370def-1e3d-4ad7-966d-9be92f7fa4a5');
INSERT INTO vacation(vacationID, startDate, endDate, reason, leaderStatus, hrStatus, vacationUserIDFK) VALUES('fde09546-8b75-4300-9415-41aa22f480c3', '32/09/15', '32/09/16', 'Celebrar un aniversario', 1, 2, 'c7eecc09-ccd3-4b41-a4d9-808385a8c321');
INSERT INTO vacation(vacationID, startDate, endDate, reason, leaderStatus, hrStatus, vacationUserIDFK) VALUES('09d07793-83c8-41ad-b798-90747826bb03', '28/11/09', '28/11/10', 'Festejar un cumpleaños', 2, 0, '01e79be5-171b-4a36-abd9-f879956d79bc');
INSERT INTO vacation(vacationID, startDate, endDate, reason, leaderStatus, hrStatus, vacationUserIDFK) VALUES('d345daf5-395a-48ef-9151-7d5b21f4eea4', '26/05/18', '26/05/19', 'Disfrutar de la naturaleza', 0, 2, '0c22936a-2634-4ac4-aa46-835ab33d25b2');
INSERT INTO vacation(vacationID, startDate, endDate, reason, leaderStatus, hrStatus, vacationUserIDFK) VALUES('27e2a89f-0863-42a3-a2a6-d3f5ebadeb24', '31/07/06', '31/07/07', 'Desconectarse de la rutina', 0, 0, '69f1ac96-ae18-4d05-a972-91f8ba270976');
INSERT INTO vacation(vacationID, startDate, endDate, reason, leaderStatus, hrStatus, vacationUserIDFK) VALUES('f491b415-86a2-4942-b10b-7658ed1ff7f5', '30/11/15', '30/11/16', 'Recargar energía y motivación', 0, 1, '1828d73e-8812-4f56-9242-9f0c8cd0dfd8');
INSERT INTO vacation(vacationID, startDate, endDate, reason, leaderStatus, hrStatus, vacationUserIDFK) VALUES('406c9a2c-1985-4021-a864-7b1df62f327c', '27/12/09', '27/12/10', 'Disfrutar de la naturaleza', 1, 0, '150e3fa5-ff1c-4150-932d-187f66132cd2');
INSERT INTO vacation(vacationID, startDate, endDate, reason, leaderStatus, hrStatus, vacationUserIDFK) VALUES('f7355ce4-5453-49d6-ad71-7b2edd155af7', '28/07/15', '28/07/16', 'Conocer nuevos lugares', 1, 2, 'eda48b1e-10c8-4c66-88ca-2137de21aae1');
INSERT INTO vacation(vacationID, startDate, endDate, reason, leaderStatus, hrStatus, vacationUserIDFK) VALUES('0f93df05-c312-4195-be3f-98f574f4d9c8', '26/03/12', '26/03/13', 'Recargar energía y motivación', 1, 0, '3aeda17b-c1b0-439b-8387-b0dce3b5e3ec');
INSERT INTO vacation(vacationID, startDate, endDate, reason, leaderStatus, hrStatus, vacationUserIDFK) VALUES('231a6301-2fbd-48c9-a810-8b77a46b7c67', '29/09/06', '29/09/07', 'Explorar diferentes culturas', 1, 2, 'c525c8b3-096b-4022-b7a4-9b4ec5ad448c');
INSERT INTO vacation(vacationID, startDate, endDate, reason, leaderStatus, hrStatus, vacationUserIDFK) VALUES('3c9470b1-8949-49d1-bb18-061e326a1f61', '33/08/15', '33/08/16', 'Aprender un nuevo idioma', 2, 2, '1936dce2-edad-4091-8887-7391cced536e');
INSERT INTO vacation(vacationID, startDate, endDate, reason, leaderStatus, hrStatus, vacationUserIDFK) VALUES('28b606cc-2182-439e-bf2f-19bcc3896d4c', '31/09/12', '31/09/13', 'Conocer nuevos lugares', 2, 1, 'f8de264d-d5da-4e13-8a37-43b2d09bf4dc');
INSERT INTO vacation(vacationID, startDate, endDate, reason, leaderStatus, hrStatus, vacationUserIDFK) VALUES('ff24eb31-8e0b-43b5-a2bd-454a734b1694', '27/08/29', '27/08/30', 'Aprovechar promociones de viaje', 2, 2, '3f3f4382-4e49-4163-b8bf-2137dc2beb88');
INSERT INTO vacation(vacationID, startDate, endDate, reason, leaderStatus, hrStatus, vacationUserIDFK) VALUES('784b093c-d476-48a6-9da6-735cca5f8d58', '27/12/09', '27/12/10', 'Conocer nuevos lugares', 0, 1, '1936dce2-edad-4091-8887-7391cced536e');
INSERT INTO vacation(vacationID, startDate, endDate, reason, leaderStatus, hrStatus, vacationUserIDFK) VALUES('de52d751-9eed-466c-b718-b9af64c3eb38', '31/12/21', '31/12/22', 'Aprovechar promociones de viaje', 2, 0, '28d295f2-cb7a-4104-82b5-904a16ac9ed8');
INSERT INTO vacation(vacationID, startDate, endDate, reason, leaderStatus, hrStatus, vacationUserIDFK) VALUES('1a52f2e4-b180-4c1b-a049-a87e9c7fd03a', '30/08/06', '30/08/07', 'Practicar deportes extremos', 1, 1, '5be47a89-7dea-452b-a125-3b83b7a05590');
INSERT INTO vacation(vacationID, startDate, endDate, reason, leaderStatus, hrStatus, vacationUserIDFK) VALUES('ce5f5332-223e-4b5c-b24a-f2cc9ce5b04e', '33/05/06', '33/05/07', 'Mejorar la salud mental', 2, 0, '241ee843-0d72-430f-80e1-a2e3adcc7dfd');
INSERT INTO vacation(vacationID, startDate, endDate, reason, leaderStatus, hrStatus, vacationUserIDFK) VALUES('361184d2-9054-4cfd-8ab2-a0d811f30b34', '27/11/06', '27/11/07', 'Desconectarse de la rutina', 2, 2, '31936144-f85f-4b13-bec7-bfbadd240123');
INSERT INTO vacation(vacationID, startDate, endDate, reason, leaderStatus, hrStatus, vacationUserIDFK) VALUES('c082b15c-6761-4acc-8e14-d284255656b6', '32/07/09', '32/07/10', 'Descansar del trabajo', 2, 2, 'f932fec0-7cd2-4a70-bc58-a226cc599cda');
INSERT INTO vacation(vacationID, startDate, endDate, reason, leaderStatus, hrStatus, vacationUserIDFK) VALUES('14538c25-4797-4979-8de9-5dcd6c0e2ad3', '32/12/27', '32/12/28', 'Tomar fotos y crear recuerdos', 2, 2, 'caf3378a-69f2-4b5d-a8fd-614092f71142');
INSERT INTO vacation(vacationID, startDate, endDate, reason, leaderStatus, hrStatus, vacationUserIDFK) VALUES('e872420e-c898-4472-ba77-260ecab23311', '30/10/12', '30/10/13', 'Festejar un cumpleaños', 2, 1, '28d295f2-cb7a-4104-82b5-904a16ac9ed8');
INSERT INTO vacation(vacationID, startDate, endDate, reason, leaderStatus, hrStatus, vacationUserIDFK) VALUES('76e825e2-f64f-4666-a356-240cc8661a90', '30/05/29', '30/05/30', 'Cumplir un sueño personal', 2, 2, '245adb0e-1ec9-4f28-abfd-65f25abb7f4a');
INSERT INTO vacation(vacationID, startDate, endDate, reason, leaderStatus, hrStatus, vacationUserIDFK) VALUES('5528061f-da3a-4124-87bb-7c3da3a1209a', '31/07/06', '31/07/07', 'Mejorar la salud mental', 1, 2, '95d3fb74-1781-446c-93e1-f051245e379f');
INSERT INTO vacation(vacationID, startDate, endDate, reason, leaderStatus, hrStatus, vacationUserIDFK) VALUES('2c251ff4-8b39-448a-9786-826cae898c88', '32/08/12', '32/08/13', 'Aprender un nuevo idioma', 2, 1, 'b3ef2571-2795-4d74-bdda-ccfc672629cb');
INSERT INTO vacation(vacationID, startDate, endDate, reason, leaderStatus, hrStatus, vacationUserIDFK) VALUES('7829c71c-cae7-46ba-bdb6-cde9dbeddd67', '29/05/27', '29/05/28', 'Reducir el estrés', 2, 2, 'c525c8b3-096b-4022-b7a4-9b4ec5ad448c');
INSERT INTO vacation(vacationID, startDate, endDate, reason, leaderStatus, hrStatus, vacationUserIDFK) VALUES('e773aa95-fc36-4ebf-b3cb-496cf41188be', '25/06/17', '25/06/18', 'Desconectarse de la rutina', 0, 1, 'caf3378a-69f2-4b5d-a8fd-614092f71142');
INSERT INTO vacation(vacationID, startDate, endDate, reason, leaderStatus, hrStatus, vacationUserIDFK) VALUES('f4459fd0-327d-4759-9e28-97c69b415b98', '25/06/17', '25/06/18', 'Descansar del trabajo', 1, 1, '7305033a-b87d-4810-b974-b02fc0bb473d');
INSERT INTO vacation(vacationID, startDate, endDate, reason, leaderStatus, hrStatus, vacationUserIDFK) VALUES('44a1d738-b25f-46aa-9d6e-6092b40062e6', '31/11/18', '31/11/19', 'Practicar deportes extremos', 2, 1, '851702af-8825-481a-b3a2-fa53a08d9782');
INSERT INTO vacation(vacationID, startDate, endDate, reason, leaderStatus, hrStatus, vacationUserIDFK) VALUES('c1d6215c-187d-4490-b64c-fb3bedd3739f', '30/10/12', '30/10/13', 'Explorar diferentes culturas', 1, 1, '34ea6f15-af85-4c9c-a58a-1415f9b5e800');
INSERT INTO vacation(vacationID, startDate, endDate, reason, leaderStatus, hrStatus, vacationUserIDFK) VALUES('d8aa628c-aac4-4327-9db2-821e89a47aa1', '31/09/12', '31/09/13', 'Realizar actividades al aire libre', 0, 2, '09fa7fdf-36d4-491e-b94e-574777e32c06');
INSERT INTO vacation(vacationID, startDate, endDate, reason, leaderStatus, hrStatus, vacationUserIDFK) VALUES('bb2c52a8-ffc6-4732-b090-02083a6495e4', '30/10/21', '30/10/22', 'Reducir el estrés', 1, 1, 'e96064d0-9300-4991-b245-cd907df6df25');
INSERT INTO vacation(vacationID, startDate, endDate, reason, leaderStatus, hrStatus, vacationUserIDFK) VALUES('ba8ea343-321d-4453-8c15-6a4742bdef41', '31/03/27', '31/03/28', 'Tomar fotos y crear recuerdos', 1, 0, 'cfde327c-6e50-41b4-8aca-f6cb5e915afa');
INSERT INTO vacation(vacationID, startDate, endDate, reason, leaderStatus, hrStatus, vacationUserIDFK) VALUES('c775bb01-d950-4601-98f1-86137f2956b1', '26/05/09', '26/05/10', 'Tomar fotos y crear recuerdos', 2, 0, 'ec600678-d3a2-4b0c-82cb-605802a9d503');
INSERT INTO vacation(vacationID, startDate, endDate, reason, leaderStatus, hrStatus, vacationUserIDFK) VALUES('506f1b92-2c0a-44af-8147-6208bd1d0996', '26/11/03', '26/11/04', 'Disfrutar de la naturaleza', 0, 1, '7c1ca409-39b0-45a0-bf81-ce08112c391a');
INSERT INTO vacation(vacationID, startDate, endDate, reason, leaderStatus, hrStatus, vacationUserIDFK) VALUES('e11ed960-4830-428f-ab16-62bb857d4eb1', '25/03/08', '25/03/09', 'Festejar un cumpleaños', 0, 1, '0baec403-8d05-48e5-bb3e-a494ce81af24');
INSERT INTO vacation(vacationID, startDate, endDate, reason, leaderStatus, hrStatus, vacationUserIDFK) VALUES('69c2d126-e0da-4d4e-8a55-14ab73ee0bbb', '33/05/06', '33/05/07', 'Descansar del trabajo', 1, 2, '282f517d-5eb3-4dbe-a7f9-85b2dfd25935');
INSERT INTO vacation(vacationID, startDate, endDate, reason, leaderStatus, hrStatus, vacationUserIDFK) VALUES('34ad44b9-2a92-4bb2-b4cb-7b1e8e4c446e', '27/07/27', '27/07/28', 'Visitar amigos o familiares', 0, 1, 'c7eecc09-ccd3-4b41-a4d9-808385a8c321');
INSERT INTO vacation(vacationID, startDate, endDate, reason, leaderStatus, hrStatus, vacationUserIDFK) VALUES('56d09cca-bea7-45dc-85d0-65f97daab2a7', '26/03/12', '26/03/13', 'Descansar del trabajo', 0, 2, 'e7956617-ba72-4bef-a438-0a4019069b2c');
INSERT INTO vacation(vacationID, startDate, endDate, reason, leaderStatus, hrStatus, vacationUserIDFK) VALUES('e9d50f77-2253-4549-95a1-3aab71d67530', '28/12/12', '28/12/13', 'Cumplir un sueño personal', 1, 0, 'f4855bbc-5961-4b57-8b0e-38a7aa03d4a8');
INSERT INTO vacation(vacationID, startDate, endDate, reason, leaderStatus, hrStatus, vacationUserIDFK) VALUES('cb723b48-1cee-4f58-8b49-49f41f586b41', '29/05/27', '29/05/28', 'Festejar un cumpleaños', 2, 1, 'e21817be-b798-4e79-ace3-95aaa3e294df');
INSERT INTO vacation(vacationID, startDate, endDate, reason, leaderStatus, hrStatus, vacationUserIDFK) VALUES('f1c4ac63-9a22-4317-9d9f-5ae81195302d', '33/04/03', '33/04/04', 'Mejorar la salud mental', 1, 2, '870badea-d92a-4c87-ac1b-ba1450302056');

INSERT INTO absence(absenceID, reason, startDate, endDate, leaderStatus, hrStatus, absenceUserIDFK) values('8a9876eb-f3c4-4476-8186-cd7d8bf92ba7', 'Luto por fallecimiento de un familiar', '29/08/03', '29/08/04', 1, 2, '3f3f4382-4e49-4163-b8bf-2137dc2beb88'); 
INSERT INTO absence(absenceID, reason, startDate, endDate, leaderStatus, hrStatus, absenceUserIDFK) values('f7d50a09-04c2-430b-b255-17dde0af53cb', 'Problemas familiares', '29/12/15', '29/12/16', 1, 2, '28d295f2-cb7a-4104-82b5-904a16ac9ed8'); 
INSERT INTO absence(absenceID, reason, startDate, endDate, leaderStatus, hrStatus, absenceUserIDFK) values('181826e5-96b2-4ec1-9985-2dce7c02d885', 'Vacaciones programadas', '25/03/08', '25/03/09', 1, 2, '150e3fa5-ff1c-4150-932d-187f66132cd2'); 
INSERT INTO absence(absenceID, reason, startDate, endDate, leaderStatus, hrStatus, absenceUserIDFK) values('11cc9e29-a97e-48fd-897b-14e9932d1079', 'Condiciones climáticas extremas', '29/01/15', '29/01/16', 2, 2, '245adb0e-1ec9-4f28-abfd-65f25abb7f4a'); 
INSERT INTO absence(absenceID, reason, startDate, endDate, leaderStatus, hrStatus, absenceUserIDFK) values('841bdcb1-e959-44c1-9eba-5b27cc27c5f5', 'Licencia por matrimonio', '25/03/08', '25/03/09', 2, 2, 'aa80da08-19b0-46f2-987c-ddc20f9f6583'); 
INSERT INTO absence(absenceID, reason, startDate, endDate, leaderStatus, hrStatus, absenceUserIDFK) values('ce8c48e2-76dc-4f86-95d2-48ac56638908', 'Donación de sangre', '26/07/23', '26/07/24', 2, 2, '150e3fa5-ff1c-4150-932d-187f66132cd2'); 
INSERT INTO absence(absenceID, reason, startDate, endDate, leaderStatus, hrStatus, absenceUserIDFK) values('0ec0766a-e742-41ac-b762-ef05307c4d13', 'Enfermedad', '25/04/11', '25/04/12', 2, 2, '36591382-b8d5-48f1-bf28-39ab93edc43e'); 
INSERT INTO absence(absenceID, reason, startDate, endDate, leaderStatus, hrStatus, absenceUserIDFK) values('787ef5c0-2b4b-43b4-9370-960f7f5686e9', 'Capacitación o curso obligatorio', '33/01/27', '33/01/28', 1, 2, '0de6fa69-d6aa-49f6-a4ce-3f19c12215f3'); 
INSERT INTO absence(absenceID, reason, startDate, endDate, leaderStatus, hrStatus, absenceUserIDFK) values('ea00ddda-050d-4652-a048-7c43c0fa3880', 'Maternidad/Paternidad', '33/08/15', '33/08/16', 1, 2, '98b88a09-0c74-4f5a-b8c7-199ecef09809'); 
INSERT INTO absence(absenceID, reason, startDate, endDate, leaderStatus, hrStatus, absenceUserIDFK) values('d9d7146f-e693-466c-bc04-35f6ee35d3c8', 'Luto por fallecimiento de un familiar', '31/07/06', '31/07/07', 0, 2, 'aa80da08-19b0-46f2-987c-ddc20f9f6583'); 
INSERT INTO absence(absenceID, reason, startDate, endDate, leaderStatus, hrStatus, absenceUserIDFK) values('8c016608-4426-437c-a628-004a02d75e71', 'Maternidad/Paternidad', '32/10/18', '32/10/19', 1, 2, '5f25c1b4-dc89-4878-9f25-1696b299ad45'); 
INSERT INTO absence(absenceID, reason, startDate, endDate, leaderStatus, hrStatus, absenceUserIDFK) values('2a6d3b5f-632a-4437-b2ce-18115a197763', 'Viaje de emergencia', '29/12/15', '29/12/16', 0, 2, 'e6b1d4c3-ae11-4d60-8965-4d8520ac094e'); 
INSERT INTO absence(absenceID, reason, startDate, endDate, leaderStatus, hrStatus, absenceUserIDFK) values('da448eda-8e90-41ec-826f-dd39994a75f8', 'Accidente', '26/05/09', '26/05/10', 0, 2, '41be79fc-c8e1-436c-9e28-068f8a43f3c6'); 
INSERT INTO absence(absenceID, reason, startDate, endDate, leaderStatus, hrStatus, absenceUserIDFK) values('e5915afd-a2b4-461a-9774-b87d4ffc0c29', 'Enfermedad', '31/04/29', '31/04/30', 1, 2, '6083c3f1-1790-4049-b623-f9556d2e951a'); 
INSERT INTO absence(absenceID, reason, startDate, endDate, leaderStatus, hrStatus, absenceUserIDFK) values('779e4a55-d8e3-4f4d-9b4d-ec67327dc12f', 'Luto por fallecimiento de un familiar', '25/07/19', '25/07/20', 0, 2, '153806c6-abaa-4219-8e82-c66f9e501e06'); 
INSERT INTO absence(absenceID, reason, startDate, endDate, leaderStatus, hrStatus, absenceUserIDFK) values('3a8dbaf2-0a09-4e16-b379-b30ef1515846', 'Capacitación o curso obligatorio', '30/10/12', '30/10/13', 2, 2, '0baec403-8d05-48e5-bb3e-a494ce81af24'); 
INSERT INTO absence(absenceID, reason, startDate, endDate, leaderStatus, hrStatus, absenceUserIDFK) values('76163362-7d65-403e-9500-b3db3a40952c', 'Donación de sangre', '32/01/24', '32/01/25', 2, 2, 'e7956617-ba72-4bef-a438-0a4019069b2c'); 
INSERT INTO absence(absenceID, reason, startDate, endDate, leaderStatus, hrStatus, absenceUserIDFK) values('61d29414-e085-4638-8b8f-73b00689e368', 'Problemas de movilidad o avería del vehículo', '28/12/12', '28/12/13', 1, 2, '56a607a8-73d4-4f4f-a3a5-569a25f47323'); 
INSERT INTO absence(absenceID, reason, startDate, endDate, leaderStatus, hrStatus, absenceUserIDFK) values('44de48f7-b982-484e-ae83-edc9e4bf5df9', 'Problemas familiares', '25/03/08', '25/03/09', 2, 2, 'f8de264d-d5da-4e13-8a37-43b2d09bf4dc'); 
INSERT INTO absence(absenceID, reason, startDate, endDate, leaderStatus, hrStatus, absenceUserIDFK) values('d7adee4a-5df4-4341-9dd9-8aa51d68ee15', 'Viaje de emergencia', '27/11/06', '27/11/07', 1, 2, '3aeda17b-c1b0-439b-8387-b0dce3b5e3ec'); 
INSERT INTO absence(absenceID, reason, startDate, endDate, leaderStatus, hrStatus, absenceUserIDFK) values('6f1fd05d-e8b4-4c45-adbc-270c93d4fbde', 'Huelga de transporte', '32/08/12', '32/08/13', 2, 2, '9ff124de-68a8-4251-aebd-0a8ac04fad19'); 
INSERT INTO absence(absenceID, reason, startDate, endDate, leaderStatus, hrStatus, absenceUserIDFK) values('724c8bfc-f2a8-44e0-bd85-500af56fda52', 'Trámites administrativos o legales', '31/06/03', '31/06/04', 2, 2, '3aeda17b-c1b0-439b-8387-b0dce3b5e3ec'); 
INSERT INTO absence(absenceID, reason, startDate, endDate, leaderStatus, hrStatus, absenceUserIDFK) values('9c3c2ac3-49be-4744-9cc9-334d3b80d838', 'Citación judicial', '32/01/24', '32/01/25', 1, 2, '1936dce2-edad-4091-8887-7391cced536e'); 
INSERT INTO absence(absenceID, reason, startDate, endDate, leaderStatus, hrStatus, absenceUserIDFK) values('523e22a2-4917-4223-a969-b2d706ef02c9', 'Problemas familiares', '33/06/09', '33/06/10', 0, 2, '0baec403-8d05-48e5-bb3e-a494ce81af24'); 
INSERT INTO absence(absenceID, reason, startDate, endDate, leaderStatus, hrStatus, absenceUserIDFK) values('7c5c2aaf-a965-4f82-9da1-033af3415c96', 'Consulta médica', '25/08/22', '25/08/23', 1, 2, 'bf77d2d5-7a08-49cf-adfe-ba247ce5c0ef'); 
INSERT INTO absence(absenceID, reason, startDate, endDate, leaderStatus, hrStatus, absenceUserIDFK) values('aedc1160-b317-4fb5-a187-754203d16cb3', 'Condiciones climáticas extremas', '33/01/27', '33/01/28', 1, 2, '3f3f4382-4e49-4163-b8bf-2137dc2beb88'); 
INSERT INTO absence(absenceID, reason, startDate, endDate, leaderStatus, hrStatus, absenceUserIDFK) values('fd6f8400-a977-4105-8dcc-78b57a54c7da', 'Maternidad/Paternidad', '28/05/24', '28/05/25', 2, 2, 'f932fec0-7cd2-4a70-bc58-a226cc599cda'); 
INSERT INTO absence(absenceID, reason, startDate, endDate, leaderStatus, hrStatus, absenceUserIDFK) values('bdbfb132-01b5-446d-a87f-3f4a7caece7c', 'Capacitación o curso obligatorio', '25/09/25', '25/09/26', 2, 2, '7a4c1ed2-3bce-4f8a-a7f9-571a95912f1a'); 
INSERT INTO absence(absenceID, reason, startDate, endDate, leaderStatus, hrStatus, absenceUserIDFK) values('5c5389d4-0903-48d0-9e2f-ae08ec6eb91f', 'Consulta médica', '25/06/17', '25/06/18', 2, 2, 'cfde327c-6e50-41b4-8aca-f6cb5e915afa'); 
INSERT INTO absence(absenceID, reason, startDate, endDate, leaderStatus, hrStatus, absenceUserIDFK) values('ddd6a21c-211e-4aef-9a21-35577d89e151', 'Luto por fallecimiento de un familiar', '31/01/21', '31/01/22', 1, 2, '13e7f14d-cbad-45b7-b989-dd60daaf77f5'); 
INSERT INTO absence(absenceID, reason, startDate, endDate, leaderStatus, hrStatus, absenceUserIDFK) values('62c2a810-ca95-4e84-b4ee-f2d7cbc979e7', 'Trámites administrativos o legales', '32/01/24', '32/01/25', 2, 2, '7fb2c668-5efa-4270-989f-924b173e56e0'); 
INSERT INTO absence(absenceID, reason, startDate, endDate, leaderStatus, hrStatus, absenceUserIDFK) values('d931d20f-884f-4869-a02a-4e198c10c19c', 'Cuidado de un hijo o familiar enfermo', '27/01/09', '27/01/10', 1, 2, 'c525c8b3-096b-4022-b7a4-9b4ec5ad448c'); 
INSERT INTO absence(absenceID, reason, startDate, endDate, leaderStatus, hrStatus, absenceUserIDFK) values('5f0a0951-e1d4-4a5a-bb04-f16cde223eed', 'Convocatoria a servicio militar o cívico', '27/01/09', '27/01/10', 1, 2, '73f6665f-07ac-4890-af7e-68c4dc2a6373'); 
INSERT INTO absence(absenceID, reason, startDate, endDate, leaderStatus, hrStatus, absenceUserIDFK) values('142daf62-463b-4307-974e-5ef2ad68fbfe', 'Cuidado de un hijo o familiar enfermo', '33/06/09', '33/06/10', 1, 2, '6f370def-1e3d-4ad7-966d-9be92f7fa4a5'); 
INSERT INTO absence(absenceID, reason, startDate, endDate, leaderStatus, hrStatus, absenceUserIDFK) values('a48a1d96-f6fb-4834-a863-c16d78ee1cda', 'Cuidado de un hijo o familiar enfermo', '30/10/21', '30/10/22', 0, 2, '245adb0e-1ec9-4f28-abfd-65f25abb7f4a'); 
INSERT INTO absence(absenceID, reason, startDate, endDate, leaderStatus, hrStatus, absenceUserIDFK) values('3c2f9b9a-2148-421d-874c-ec60f1777d87', 'Consulta médica', '31/09/12', '31/09/13', 1, 2, 'e6b1d4c3-ae11-4d60-8965-4d8520ac094e'); 
INSERT INTO absence(absenceID, reason, startDate, endDate, leaderStatus, hrStatus, absenceUserIDFK) values('a261a363-cf1b-42eb-b586-4343c272de5c', 'Viaje de emergencia', '26/05/09', '26/05/10', 1, 2, '9ff124de-68a8-4251-aebd-0a8ac04fad19'); 
INSERT INTO absence(absenceID, reason, startDate, endDate, leaderStatus, hrStatus, absenceUserIDFK) values('b06eab9d-ce9c-444b-a381-c46323260687', 'Convocatoria a servicio militar o cívico', '25/03/08', '25/03/09', 2, 2, '8eff2363-edfc-4dcf-897b-b46e522f2095'); 
INSERT INTO absence(absenceID, reason, startDate, endDate, leaderStatus, hrStatus, absenceUserIDFK) values('e0165f23-5922-4538-be29-5fddd9cd8976', 'Donación de sangre', '25/09/25', '25/09/26', 2, 2, '3baffa12-6c37-4fab-9c02-4985018b3473'); 
INSERT INTO absence(absenceID, reason, startDate, endDate, leaderStatus, hrStatus, absenceUserIDFK) values('e6490cab-ac2f-41b2-b6c6-d38fa6e9efca', 'Capacitación o curso obligatorio', '26/08/26', '26/08/27', 1, 2, '6f370def-1e3d-4ad7-966d-9be92f7fa4a5'); 
INSERT INTO absence(absenceID, reason, startDate, endDate, leaderStatus, hrStatus, absenceUserIDFK) values('7b8f88da-6d62-47f6-9842-1b6328646fd3', 'Emergencia en el hogar (fugas, incendios, etc.)', '33/05/06', '33/05/07', 0, 2, '870badea-d92a-4c87-ac1b-ba1450302056'); 
INSERT INTO absence(absenceID, reason, startDate, endDate, leaderStatus, hrStatus, absenceUserIDFK) values('c2556a95-e411-4fd3-9bc2-e43a3d74c317', 'Problemas de salud mental', '28/03/18', '28/03/19', 1, 2, 'f0ef03c6-ccb1-4f5f-8c06-694933211085'); 
INSERT INTO absence(absenceID, reason, startDate, endDate, leaderStatus, hrStatus, absenceUserIDFK) values('d7fd00f2-6028-47cf-bc67-6ea02ac30bbf', 'Problemas de movilidad o avería del vehículo', '27/11/06', '27/11/07', 2, 2, '09fa7fdf-36d4-491e-b94e-574777e32c06'); 
INSERT INTO absence(absenceID, reason, startDate, endDate, leaderStatus, hrStatus, absenceUserIDFK) values('7bf7005f-313d-43f4-94b4-19128b17127e', 'Accidente', '29/05/27', '29/05/28', 2, 2, '5b94b146-bbf0-420f-96ad-e104dea76dca'); 
INSERT INTO absence(absenceID, reason, startDate, endDate, leaderStatus, hrStatus, absenceUserIDFK) values('47373cb5-d766-48e2-a61f-fe649af565fa', 'Donación de sangre', '29/09/18', '29/09/19', 2, 2, 'b3ef2571-2795-4d74-bdda-ccfc672629cb'); 
INSERT INTO absence(absenceID, reason, startDate, endDate, leaderStatus, hrStatus, absenceUserIDFK) values('1bf78235-090d-4c1c-8bc3-57600a8e9dbf', 'Cuidado de un hijo o familiar enfermo', '31/04/29', '31/04/30', 1, 2, '01e79be5-171b-4a36-abd9-f879956d79bc'); 
INSERT INTO absence(absenceID, reason, startDate, endDate, leaderStatus, hrStatus, absenceUserIDFK) values('48295746-8ef1-4cf3-ab63-95b97e8c3bb3', 'Viaje de emergencia', '33/07/12', '33/07/13', 1, 2, '0dcd1b3a-e15d-4401-a878-b33871c5f4ac'); 
INSERT INTO absence(absenceID, reason, startDate, endDate, leaderStatus, hrStatus, absenceUserIDFK) values('b2d4c309-34cd-47d1-8dfc-d5c444fe1b8b', 'Emergencia en el hogar (fugas, incendios, etc.)', '28/05/24', '28/05/25', 2, 2, '283656be-a928-46e2-aa8c-6bcb48283067'); 
INSERT INTO absence(absenceID, reason, startDate, endDate, leaderStatus, hrStatus, absenceUserIDFK) values('7ff82a15-b1a8-41ec-9c37-355be9091ef2', 'Licencia por matrimonio', '30/12/18', '30/12/19', 0, 2, '41be79fc-c8e1-436c-9e28-068f8a43f3c6'); 
INSERT INTO absence(absenceID, reason, startDate, endDate, leaderStatus, hrStatus, absenceUserIDFK) values('0f7986e4-3dca-4259-956f-661cee5e4603', 'Trámites administrativos o legales', '25/10/27', '25/10/28', 1, 2, '2742d397-3d68-409c-b0c3-94a9ab113903'); 
INSERT INTO absence(absenceID, reason, startDate, endDate, leaderStatus, hrStatus, absenceUserIDFK) values('fc4bdc31-a6c6-4ac5-b878-b142872ac86b', 'Trámites administrativos o legales', '33/11/24', '33/11/25', 1, 2, '0b97e4c6-5c5d-4a07-a179-3bfaef488167'); 
INSERT INTO absence(absenceID, reason, startDate, endDate, leaderStatus, hrStatus, absenceUserIDFK) values('c0e8bc26-04ab-454b-ae95-3a53918530c3', 'Huelga de transporte', '31/12/21', '31/12/22', 2, 2, '95d3fb74-1781-446c-93e1-f051245e379f'); 
INSERT INTO absence(absenceID, reason, startDate, endDate, leaderStatus, hrStatus, absenceUserIDFK) values('f0ae75a1-f0fc-4bb8-a733-4bb5f333711a', 'Cuidado de un hijo o familiar enfermo', '27/11/06', '27/11/07', 1, 2, 'a3e66cb7-547e-4102-839e-fb3961f7269f'); 
INSERT INTO absence(absenceID, reason, startDate, endDate, leaderStatus, hrStatus, absenceUserIDFK) values('82cb34bc-1ec5-414e-886d-44865df3fbff', 'Convocatoria a servicio militar o cívico', '31/11/24', '31/11/25', 1, 2, '28d295f2-cb7a-4104-82b5-904a16ac9ed8'); 
INSERT INTO absence(absenceID, reason, startDate, endDate, leaderStatus, hrStatus, absenceUserIDFK) values('9c5ffde7-14f1-4a86-8b51-a2aad46dde90', 'Citación judicial', '28/01/12', '28/01/13', 1, 2, '34ea6f15-af85-4c9c-a58a-1415f9b5e800'); 
INSERT INTO absence(absenceID, reason, startDate, endDate, leaderStatus, hrStatus, absenceUserIDFK) values('da2c3f1f-b29c-42ad-9bf5-a56691056378', 'Maternidad/Paternidad', '30/10/12', '30/10/13', 2, 2, '7305033a-b87d-4810-b974-b02fc0bb473d'); 
INSERT INTO absence(absenceID, reason, startDate, endDate, leaderStatus, hrStatus, absenceUserIDFK) values('9f5fe442-09b8-4fe7-883b-8b1a16b75935', 'Accidente', '31/11/24', '31/11/25', 1, 2, '0de6fa69-d6aa-49f6-a4ce-3f19c12215f3'); 
INSERT INTO absence(absenceID, reason, startDate, endDate, leaderStatus, hrStatus, absenceUserIDFK) values('16913cbc-f7ce-415b-86da-afd97a0fbdbc', 'Licencia por matrimonio', '26/11/03', '26/11/04', 0, 2, '95d884d6-dacb-4960-b157-1ff78d04ddb6'); 
INSERT INTO absence(absenceID, reason, startDate, endDate, leaderStatus, hrStatus, absenceUserIDFK) values('00bda78b-d8bd-4231-b2ab-2739c1b9757d', 'Emergencia en el hogar (fugas, incendios, etc.)', '30/04/27', '30/04/28', 2, 2, '2466923a-fc71-4017-826d-0e4e5556fc67'); 
INSERT INTO absence(absenceID, reason, startDate, endDate, leaderStatus, hrStatus, absenceUserIDFK) values('0b8a19bb-6393-4a20-8fe2-95bae252616d', 'Capacitación o curso obligatorio', '28/01/12', '28/01/13', 2, 2, '495d849e-b5f7-4355-ab8e-d35e560d1220'); 
INSERT INTO absence(absenceID, reason, startDate, endDate, leaderStatus, hrStatus, absenceUserIDFK) values('5c105a83-491c-4cbf-99ed-02d8f88cf1b3', 'Emergencia en el hogar (fugas, incendios, etc.)', '33/09/18', '33/09/19', 1, 2, 'fbc60219-d8f3-4cc7-b393-feca224410a6'); 
INSERT INTO absence(absenceID, reason, startDate, endDate, leaderStatus, hrStatus, absenceUserIDFK) values('0fd360a4-8d42-47ef-b021-0d5f7d1eba01', 'Huelga de transporte', '27/05/21', '27/05/22', 0, 2, '373edf75-ac97-4e5e-8c08-8ed9bb42478b'); 
INSERT INTO absence(absenceID, reason, startDate, endDate, leaderStatus, hrStatus, absenceUserIDFK) values('266f2a29-4723-4538-96a5-bc54b48fb459', 'Huelga de transporte', '26/05/18', '26/05/19', 0, 2, 'a9232dc9-4486-4c85-8e15-862362acb255'); 
INSERT INTO absence(absenceID, reason, startDate, endDate, leaderStatus, hrStatus, absenceUserIDFK) values('0ca67119-06ef-47c0-b09f-962dc50558ee', 'Problemas familiares', '27/04/18', '27/04/19', 0, 2, '3aeda17b-c1b0-439b-8387-b0dce3b5e3ec'); 
INSERT INTO absence(absenceID, reason, startDate, endDate, leaderStatus, hrStatus, absenceUserIDFK) values('85514942-a5fd-4159-96ee-50a6faf61814', 'Enfermedad', '29/06/29', '29/06/30', 2, 2, '3baffa12-6c37-4fab-9c02-4985018b3473'); 
INSERT INTO absence(absenceID, reason, startDate, endDate, leaderStatus, hrStatus, absenceUserIDFK) values('bcf7ea52-24b0-487c-9ea5-f7422a498b6c', 'Luto por fallecimiento de un familiar', '32/09/15', '32/09/16', 0, 2, '1828d73e-8812-4f56-9242-9f0c8cd0dfd8'); 
INSERT INTO absence(absenceID, reason, startDate, endDate, leaderStatus, hrStatus, absenceUserIDFK) values('48df2c98-8627-4e9e-bb8b-a586479c719a', 'Capacitación o curso obligatorio', '33/12/27', '33/12/28', 0, 2, '67c4c731-be42-4df0-be02-e8a40ec5a19d'); 
INSERT INTO absence(absenceID, reason, startDate, endDate, leaderStatus, hrStatus, absenceUserIDFK) values('3dbf9734-02c1-4d8d-ae6c-166cb4f6984c', 'Accidente', '29/01/15', '29/01/16', 1, 2, '245adb0e-1ec9-4f28-abfd-65f25abb7f4a'); 
INSERT INTO absence(absenceID, reason, startDate, endDate, leaderStatus, hrStatus, absenceUserIDFK) values('1afa65bf-81ad-4bf2-871b-133958d2d08d', 'Citación judicial', '33/07/12', '33/07/13', 0, 2, '0dcd1b3a-e15d-4401-a878-b33871c5f4ac'); 
INSERT INTO absence(absenceID, reason, startDate, endDate, leaderStatus, hrStatus, absenceUserIDFK) values('62bf7678-2b2a-4ec4-b6ea-8351047eb6c3', 'Citación judicial', '33/08/15', '33/08/16', 0, 2, '245adb0e-1ec9-4f28-abfd-65f25abb7f4a'); 

INSERT INTO absenceMedia(absenceMediaID, mediaLink, absenceIDFK) values('8f60b7c2-3b2f-4ab6-ac61-fd1ebd85ee90', 'https://www.ejemplo.com/productos/calculadora-interes', 'b2d4c309-34cd-47d1-8dfc-d5c444fe1b8b'); 
INSERT INTO absenceMedia(absenceMediaID, mediaLink, absenceIDFK) values('5803fa15-1319-487a-b644-1be590ab4547', 'https://www.ecommerceplus.com/guias/venta-online', 'd931d20f-884f-4869-a02a-4e198c10c19c'); 
INSERT INTO absenceMedia(absenceMediaID, mediaLink, absenceIDFK) values('766737a2-c934-4086-b9ae-16584f6e5b4a', 'https://www.redescomunicacion.com/tutoriales/redes-sociales', 'f7d50a09-04c2-430b-b255-17dde0af53cb'); 
INSERT INTO absenceMedia(absenceMediaID, mediaLink, absenceIDFK) values('633ce899-8004-4f10-afc4-571c45cd847c', 'https://www.tutorialesweb.com/aprendizaje/codificacion', 'fd6f8400-a977-4105-8dcc-78b57a54c7da'); 
INSERT INTO absenceMedia(absenceMediaID, mediaLink, absenceIDFK) values('b030d369-dee9-412e-971d-78db8bdb1774', 'https://www.nuevastecnologias.com/innovacion/digitalizacion', '0f7986e4-3dca-4259-956f-661cee5e4603'); 
INSERT INTO absenceMedia(absenceMediaID, mediaLink, absenceIDFK) values('78f3a727-b8fe-43fd-8bc7-793b14296be7', 'https://www.digitalinnovators.com/estrategias/marketing', '7b8f88da-6d62-47f6-9842-1b6328646fd3'); 
INSERT INTO absenceMedia(absenceMediaID, mediaLink, absenceIDFK) values('d0537728-70ef-43fc-8a1b-703fb2e8325a', 'https://www.nuevastecnologias.com/innovacion/digitalizacion', '7c5c2aaf-a965-4f82-9da1-033af3415c96'); 
INSERT INTO absenceMedia(absenceMediaID, mediaLink, absenceIDFK) values('5852e724-1a60-4f2e-89ca-161b13e66f8b', 'https://www.mundodigital.com/tutoriales/marketing-digital', 'bcf7ea52-24b0-487c-9ea5-f7422a498b6c'); 
INSERT INTO absenceMedia(absenceMediaID, mediaLink, absenceIDFK) values('7a12db45-2d4b-44df-b3b6-3942a1929588', 'https://www.tiendavirtual.com/blog/estrategias-marketing', '00bda78b-d8bd-4231-b2ab-2739c1b9757d'); 
INSERT INTO absenceMedia(absenceMediaID, mediaLink, absenceIDFK) values('e915dd72-dff3-4ef2-9afd-7de8dcf8fab8', 'https://www.digitalinnovators.com/estrategias/marketing', 'e0165f23-5922-4538-be29-5fddd9cd8976'); 
INSERT INTO absenceMedia(absenceMediaID, mediaLink, absenceIDFK) values('03c10737-7740-4918-920e-a188bd8a9d9b', 'https://www.tiendavirtual.com/blog/estrategias-marketing', '2a6d3b5f-632a-4437-b2ce-18115a197763'); 
INSERT INTO absenceMedia(absenceMediaID, mediaLink, absenceIDFK) values('8e8a6f68-87ec-4164-a44b-1c21731fe27a', 'https://www.serviciosxyz.com/soluciones/internet-empresas', '0ec0766a-e742-41ac-b762-ef05307c4d13'); 
INSERT INTO absenceMedia(absenceMediaID, mediaLink, absenceIDFK) values('bad0728d-de13-459c-9db3-379a2fc5249e', 'https://www.creacionsistemas.com/planificación/pymes', '9f5fe442-09b8-4fe7-883b-8b1a16b75935'); 
INSERT INTO absenceMedia(absenceMediaID, mediaLink, absenceIDFK) values('8b7f106f-ca2c-413d-8b73-b7a2cd727240', 'https://www.nuevosproyectos.com/planificacion/estrategica', '5f0a0951-e1d4-4a5a-bb04-f16cde223eed'); 
INSERT INTO absenceMedia(absenceMediaID, mediaLink, absenceIDFK) values('5314ecf1-c723-4bf7-a9af-95175b20966b', 'https://www.empresainnovadora.com/noticias/lanzamientos', 'bcf7ea52-24b0-487c-9ea5-f7422a498b6c'); 
INSERT INTO absenceMedia(absenceMediaID, mediaLink, absenceIDFK) values('97219ee3-9455-4562-87f7-a2c647f5db34', 'https://www.redescomunicacion.com/tutoriales/redes-sociales', '5f0a0951-e1d4-4a5a-bb04-f16cde223eed'); 
INSERT INTO absenceMedia(absenceMediaID, mediaLink, absenceIDFK) values('57719940-212f-477c-8fed-e8df4e7f00ec', 'https://www.tuempresa.com/contacto/soporte', '7b8f88da-6d62-47f6-9842-1b6328646fd3'); 
INSERT INTO absenceMedia(absenceMediaID, mediaLink, absenceIDFK) values('41e7f709-de99-4f26-8eaa-5a754db1e6e6', 'https://www.soluciones360.com/soporte/atencion-cliente', '48df2c98-8627-4e9e-bb8b-a586479c719a'); 
INSERT INTO absenceMedia(absenceMediaID, mediaLink, absenceIDFK) values('15498465-376c-4485-ab45-714edab235d1', 'https://www.digitalinnovators.com/estrategias/marketing', '9f5fe442-09b8-4fe7-883b-8b1a16b75935'); 
INSERT INTO absenceMedia(absenceMediaID, mediaLink, absenceIDFK) values('6a8b3af8-3594-4d82-8554-69375b7e81df', 'https://www.redescomunicacion.com/tutoriales/redes-sociales', '787ef5c0-2b4b-43b4-9370-960f7f5686e9'); 
INSERT INTO absenceMedia(absenceMediaID, mediaLink, absenceIDFK) values('4b283d37-6dae-4547-a0ba-181cce82a708', 'https://www.redescomunicacion.com/tutoriales/redes-sociales', 'e6490cab-ac2f-41b2-b6c6-d38fa6e9efca'); 
INSERT INTO absenceMedia(absenceMediaID, mediaLink, absenceIDFK) values('9ce85fe2-3cc8-4997-869a-772a52c2528f', 'https://www.redescomunicacion.com/tutoriales/redes-sociales', '1afa65bf-81ad-4bf2-871b-133958d2d08d'); 
INSERT INTO absenceMedia(absenceMediaID, mediaLink, absenceIDFK) values('3d7e069e-391e-4a07-a061-101a3dac029c', 'https://www.tiendavirtual.com/blog/estrategias-marketing', 'bcf7ea52-24b0-487c-9ea5-f7422a498b6c'); 
INSERT INTO absenceMedia(absenceMediaID, mediaLink, absenceIDFK) values('64a8d6ab-424d-4595-8f27-2409e66287ec', 'https://www.tutorialesweb.com/aprendizaje/codificacion', '00bda78b-d8bd-4231-b2ab-2739c1b9757d'); 
INSERT INTO absenceMedia(absenceMediaID, mediaLink, absenceIDFK) values('0abac8aa-1bd8-4458-84c7-f5130559bbdb', 'https://www.empresainnovadora.com/noticias/lanzamientos', 'fc4bdc31-a6c6-4ac5-b878-b142872ac86b'); 
INSERT INTO absenceMedia(absenceMediaID, mediaLink, absenceIDFK) values('28d99238-00b7-41e6-99c8-d21989dcd351', 'https://www.micompany.com/servicios/consultoria-web', 'e0165f23-5922-4538-be29-5fddd9cd8976'); 
INSERT INTO absenceMedia(absenceMediaID, mediaLink, absenceIDFK) values('294b46ad-123b-4017-957b-f399791b730b', 'https://www.tutorialesweb.com/aprendizaje/codificacion', 'da448eda-8e90-41ec-826f-dd39994a75f8'); 
INSERT INTO absenceMedia(absenceMediaID, mediaLink, absenceIDFK) values('c2945adb-5d2c-44e6-89c7-378fb560dafc', 'https://www.tiendavirtual.com/blog/estrategias-marketing', 'f7d50a09-04c2-430b-b255-17dde0af53cb'); 
INSERT INTO absenceMedia(absenceMediaID, mediaLink, absenceIDFK) values('37ce04cc-49f7-46c2-92d9-ce664c90faa6', 'https://www.serviciosxyz.com/soluciones/internet-empresas', '82cb34bc-1ec5-414e-886d-44865df3fbff'); 
INSERT INTO absenceMedia(absenceMediaID, mediaLink, absenceIDFK) values('d3603ddc-2874-4bdd-9446-d9e23211b036', 'https://www.tiendavirtual.com/blog/estrategias-marketing', '841bdcb1-e959-44c1-9eba-5b27cc27c5f5'); 
INSERT INTO absenceMedia(absenceMediaID, mediaLink, absenceIDFK) values('2d43bc40-1c8a-4669-9aa0-0f86f8e2e735', 'https://www.micompany.com/servicios/consultoria-web', '0f7986e4-3dca-4259-956f-661cee5e4603'); 
INSERT INTO absenceMedia(absenceMediaID, mediaLink, absenceIDFK) values('aa2aec7e-70c6-40a2-9710-d9b40a06f8c6', 'https://www.digitalinnovators.com/estrategias/marketing', '9c5ffde7-14f1-4a86-8b51-a2aad46dde90'); 
INSERT INTO absenceMedia(absenceMediaID, mediaLink, absenceIDFK) values('50ec7d6a-8d8d-4185-afd8-ba2ee76458d3', 'https://www.ejemplo.com/productos/calculadora-interes', '9c3c2ac3-49be-4744-9cc9-334d3b80d838'); 
INSERT INTO absenceMedia(absenceMediaID, mediaLink, absenceIDFK) values('99436a70-5443-455e-8a1d-249031747daf', 'https://www.redescomunicacion.com/tutoriales/redes-sociales', 'da2c3f1f-b29c-42ad-9bf5-a56691056378'); 
INSERT INTO absenceMedia(absenceMediaID, mediaLink, absenceIDFK) values('3ccf8fab-a749-498e-ae31-6291f9fbd464', 'https://www.mundodigital.com/tutoriales/marketing-digital', '266f2a29-4723-4538-96a5-bc54b48fb459'); 
INSERT INTO absenceMedia(absenceMediaID, mediaLink, absenceIDFK) values('a79186f1-aeaa-42df-9eff-8efd09cacc98', 'https://www.serviciosxyz.com/soluciones/internet-empresas', '8a9876eb-f3c4-4476-8186-cd7d8bf92ba7'); 
INSERT INTO absenceMedia(absenceMediaID, mediaLink, absenceIDFK) values('e14f028f-8164-407a-a0f5-decc1d865da4', 'https://www.redescomunicacion.com/tutoriales/redes-sociales', '6f1fd05d-e8b4-4c45-adbc-270c93d4fbde'); 
INSERT INTO absenceMedia(absenceMediaID, mediaLink, absenceIDFK) values('4ef9ea6d-f879-4a01-8336-99b9aa7b09ad', 'https://www.expertositio.com/blog/diseño-web', 'e5915afd-a2b4-461a-9774-b87d4ffc0c29'); 
INSERT INTO absenceMedia(absenceMediaID, mediaLink, absenceIDFK) values('112b0471-20e3-4d3d-a99a-e1e0a530da90', 'https://www.creacionsistemas.com/planificación/pymes', '6f1fd05d-e8b4-4c45-adbc-270c93d4fbde'); 
INSERT INTO absenceMedia(absenceMediaID, mediaLink, absenceIDFK) values('0907d44c-3d6d-46e8-a80f-95f399a61e9d', 'https://www.creacionsistemas.com/planificación/pymes', 'd9d7146f-e693-466c-bc04-35f6ee35d3c8'); 
INSERT INTO absenceMedia(absenceMediaID, mediaLink, absenceIDFK) values('80557be9-f05d-4a95-8da4-252a762e314a', 'https://www.mundodigital.com/tutoriales/marketing-digital', '00bda78b-d8bd-4231-b2ab-2739c1b9757d'); 
INSERT INTO absenceMedia(absenceMediaID, mediaLink, absenceIDFK) values('b88156a0-90eb-4329-92b1-c6aaef47ff6b', 'https://www.smartsolutions.com/servicios/paginas-web', 'f7d50a09-04c2-430b-b255-17dde0af53cb'); 
INSERT INTO absenceMedia(absenceMediaID, mediaLink, absenceIDFK) values('c8fa8555-9eaa-4f15-99b0-5f541e17d575', 'https://www.tiendavirtual.com/blog/estrategias-marketing', 'e0165f23-5922-4538-be29-5fddd9cd8976'); 
INSERT INTO absenceMedia(absenceMediaID, mediaLink, absenceIDFK) values('604b8ef2-fd54-4cec-9b9c-57cc8b1fc610', 'https://www.sistemasmodernos.com/tecnologia/innovacion', '62c2a810-ca95-4e84-b4ee-f2d7cbc979e7'); 
INSERT INTO absenceMedia(absenceMediaID, mediaLink, absenceIDFK) values('bbf37a94-a3d9-48c2-b1bd-37a92297f4b0', 'https://www.micompany.com/servicios/consultoria-web', '62c2a810-ca95-4e84-b4ee-f2d7cbc979e7'); 
INSERT INTO absenceMedia(absenceMediaID, mediaLink, absenceIDFK) values('0426dea0-c235-4c4e-9532-5ec99719bd11', 'https://www.ecommerceplus.com/guias/venta-online', '181826e5-96b2-4ec1-9985-2dce7c02d885'); 
INSERT INTO absenceMedia(absenceMediaID, mediaLink, absenceIDFK) values('eb9522dc-5259-4574-b179-247b6b29a149', 'https://www.ejemplo.com/productos/calculadora-interes', '11cc9e29-a97e-48fd-897b-14e9932d1079'); 
INSERT INTO absenceMedia(absenceMediaID, mediaLink, absenceIDFK) values('7e35b2d3-6710-4dff-aa5a-10d7bafb6ddd', 'https://www.redescomunicacion.com/tutoriales/redes-sociales', '3c2f9b9a-2148-421d-874c-ec60f1777d87'); 
INSERT INTO absenceMedia(absenceMediaID, mediaLink, absenceIDFK) values('365c3427-d658-4241-8144-8a4aa8087f5a', 'https://www.tiendavirtual.com/blog/estrategias-marketing', '11cc9e29-a97e-48fd-897b-14e9932d1079'); 
INSERT INTO absenceMedia(absenceMediaID, mediaLink, absenceIDFK) values('6a79e694-d3f6-4c8d-b2d9-6ac998a126cc', 'https://www.expertositio.com/blog/diseño-web', 'ea00ddda-050d-4652-a048-7c43c0fa3880'); 

INSERT INTO fault(faultID, doneDate, summary, faultUserIDFK) VALUES('6b3da6af-c7f1-47cf-b0b1-ab571b243db0', '2025-03-30', 'Incumplir con los plazos establecidos para la entrega de proyectos o tareas', '56a607a8-73d4-4f4f-a3a5-569a25f47323');
INSERT INTO fault(faultID, doneDate, summary, faultUserIDFK) VALUES('8526f5ef-ef8d-4015-9a59-117fc44e2573', '2025-05-14', 'Cometer fallos en el trabajo de forma repetitiva, a pesar de haber sido señalados previamente', 'c46f48ba-12ec-43e2-a371-0324ec4bc93e');
INSERT INTO fault(faultID, doneDate, summary, faultUserIDFK) VALUES('e5877b90-de96-451c-86ac-506231765721', '2025-05-14', 'El empleado no se presenta al trabajo sin avisar o sin una razón válida, afectando la continuidad de las labores del equipo.', 'cfde327c-6e50-41b4-8aca-f6cb5e915afa');
INSERT INTO fault(faultID, doneDate, summary, faultUserIDFK) VALUES('7b3f0a8c-bece-4be3-81f0-fa0bd5818666', '2025-03-17', 'Llegar tarde de manera reiterada, lo cual puede generar problemas en la coordinación y en el flujo de trabajo.', '2742d397-3d68-409c-b0c3-94a9ab113903');
INSERT INTO fault(faultID, doneDate, summary, faultUserIDFK) VALUES('7b63c7cb-c6f9-411d-9aa7-02cb2241d6ae', '2025-05-14', 'No informar oportunamente sobre dificultades o retrasos que puedan afectar el cumplimiento de las metas', 'fbc60219-d8f3-4cc7-b393-feca224410a6');
INSERT INTO fault(faultID, doneDate, summary, faultUserIDFK) VALUES('e3e67add-f14f-4e78-b5bd-95d039f89804', '2025-05-14', 'El empleado no se presenta al trabajo sin avisar o sin una razón válida, afectando la continuidad de las labores del equipo.', 'e6b1d4c3-ae11-4d60-8965-4d8520ac094e');
INSERT INTO fault(faultID, doneDate, summary, faultUserIDFK) VALUES('dcabedde-760f-404c-bd1f-f14702d7c1df', '2025-03-12', 'No informar oportunamente sobre dificultades o retrasos que puedan afectar el cumplimiento de las metas', '1828d73e-8812-4f56-9242-9f0c8cd0dfd8');
INSERT INTO fault(faultID, doneDate, summary, faultUserIDFK) VALUES('40c6fbd5-9634-4e2e-b88c-bf7e686a6b47', '2025-05-16', 'Incumplir con los plazos establecidos para la entrega de proyectos o tareas', '73f6665f-07ac-4890-af7e-68c4dc2a6373');
INSERT INTO fault(faultID, doneDate, summary, faultUserIDFK) VALUES('2d38861e-7f89-4540-a8be-50a6fe16a1d4', '2025-03-12', 'El empleado no se presenta al trabajo sin avisar o sin una razón válida, afectando la continuidad de las labores del equipo.', 'f8de264d-d5da-4e13-8a37-43b2d09bf4dc');
INSERT INTO fault(faultID, doneDate, summary, faultUserIDFK) VALUES('db0d2e9b-8c97-45f7-9ee6-724514aacb32', '2025-03-17', 'Llegar tarde de manera reiterada, lo cual puede generar problemas en la coordinación y en el flujo de trabajo.', '25d133c7-b81b-475a-987a-534340aafb70');
INSERT INTO fault(faultID, doneDate, summary, faultUserIDFK) VALUES('69bde6b9-63e4-4004-b87d-d95a58e689f3', '2025-05-14', 'Incumplir con los plazos establecidos para la entrega de proyectos o tareas', '2dae4484-1928-4fb5-9f53-b19309b34e0e');
INSERT INTO fault(faultID, doneDate, summary, faultUserIDFK) VALUES('6afedfdc-43f3-460e-a6af-634e182034d1', '2025-05-14', 'Incumplir con los plazos establecidos para la entrega de proyectos o tareas', '7d625aaa-8fc3-4614-b31a-7c5014646029');
INSERT INTO fault(faultID, doneDate, summary, faultUserIDFK) VALUES('87d11e60-2b77-46b4-aab9-d46323d243ff', '2025-03-17', 'El empleado no se presenta al trabajo sin avisar o sin una razón válida, afectando la continuidad de las labores del equipo.', '0b97e4c6-5c5d-4a07-a179-3bfaef488167');
INSERT INTO fault(faultID, doneDate, summary, faultUserIDFK) VALUES('245c3487-aa4c-47de-9d2a-f7bfb1c8dd11', '2025-03-30', 'Cometer fallos en el trabajo de forma repetitiva, a pesar de haber sido señalados previamente', '851702af-8825-481a-b3a2-fa53a08d9782');
INSERT INTO fault(faultID, doneDate, summary, faultUserIDFK) VALUES('a8bf107c-2233-4f65-b264-9cb788f8eb0f', '2025-03-12', 'El empleado no se presenta al trabajo sin avisar o sin una razón válida, afectando la continuidad de las labores del equipo.', 'c46f48ba-12ec-43e2-a371-0324ec4bc93e');
INSERT INTO fault(faultID, doneDate, summary, faultUserIDFK) VALUES('8155e078-1491-40f1-a234-46fadc050a58', '2025-03-12', 'No informar oportunamente sobre dificultades o retrasos que puedan afectar el cumplimiento de las metas', '01e79be5-171b-4a36-abd9-f879956d79bc');
INSERT INTO fault(faultID, doneDate, summary, faultUserIDFK) VALUES('8d700c29-2894-4113-a4c4-4b5a46a03bbe', '2025-03-12', 'Incumplir con los plazos establecidos para la entrega de proyectos o tareas', 'c7eecc09-ccd3-4b41-a4d9-808385a8c321');
INSERT INTO fault(faultID, doneDate, summary, faultUserIDFK) VALUES('a56f33eb-690f-4073-a718-b10fa5221bce', '2025-05-16', 'Cometer fallos en el trabajo de forma repetitiva, a pesar de haber sido señalados previamente', '1cfc280d-ac32-4a09-87e3-d8ad86814a1b');
INSERT INTO fault(faultID, doneDate, summary, faultUserIDFK) VALUES('5d53b4a8-aefa-48e9-b8fc-b5b7a224ea8d', '2025-05-16', 'No informar oportunamente sobre dificultades o retrasos que puedan afectar el cumplimiento de las metas', 'aa80da08-19b0-46f2-987c-ddc20f9f6583');
INSERT INTO fault(faultID, doneDate, summary, faultUserIDFK) VALUES('016196b2-703b-448b-891e-3af87c8eac24', '2025-05-16', 'No informar oportunamente sobre dificultades o retrasos que puedan afectar el cumplimiento de las metas', '3f438459-6cc4-4876-b576-646ed257b056');
INSERT INTO fault(faultID, doneDate, summary, faultUserIDFK) VALUES('255f69da-160b-4f01-998c-fa178d5bad40', '2025-05-16', 'Cometer fallos en el trabajo de forma repetitiva, a pesar de haber sido señalados previamente', '0c22936a-2634-4ac4-aa46-835ab33d25b2');
INSERT INTO fault(faultID, doneDate, summary, faultUserIDFK) VALUES('56f13391-e9af-4f96-935b-3c40809baa5a', '2025-03-30', 'Cometer fallos en el trabajo de forma repetitiva, a pesar de haber sido señalados previamente', 'b3ef2571-2795-4d74-bdda-ccfc672629cb');
INSERT INTO fault(faultID, doneDate, summary, faultUserIDFK) VALUES('b34ee6ad-6573-4912-b3d4-fac82bebfbbc', '2025-05-14', 'No informar oportunamente sobre dificultades o retrasos que puedan afectar el cumplimiento de las metas', '98b88a09-0c74-4f5a-b8c7-199ecef09809');
INSERT INTO fault(faultID, doneDate, summary, faultUserIDFK) VALUES('6b7d36a7-beb6-4368-90f5-1d6aa86c5055', '2025-05-14', 'Incumplir con los plazos establecidos para la entrega de proyectos o tareas', '6f370def-1e3d-4ad7-966d-9be92f7fa4a5');
INSERT INTO fault(faultID, doneDate, summary, faultUserIDFK) VALUES('e47733de-3f5e-4a3a-9a9f-e4f50a612bb1', '2025-05-16', 'No informar oportunamente sobre dificultades o retrasos que puedan afectar el cumplimiento de las metas', 'f8de264d-d5da-4e13-8a37-43b2d09bf4dc');
INSERT INTO fault(faultID, doneDate, summary, faultUserIDFK) VALUES('87f1e9a5-5b91-41ab-a7e2-6f45c6e678a5', '2025-03-30', 'Llegar tarde de manera reiterada, lo cual puede generar problemas en la coordinación y en el flujo de trabajo.', '283656be-a928-46e2-aa8c-6bcb48283067');
INSERT INTO fault(faultID, doneDate, summary, faultUserIDFK) VALUES('5ff00e43-e518-4410-89c4-f1be4be3a7f0', '2025-05-16', 'Cometer fallos en el trabajo de forma repetitiva, a pesar de haber sido señalados previamente', '241ee843-0d72-430f-80e1-a2e3adcc7dfd');
INSERT INTO fault(faultID, doneDate, summary, faultUserIDFK) VALUES('ea20e459-65aa-4fde-8f64-b4bec3a5cc06', '2025-03-17', 'No seguir las políticas o procedimientos establecidos por la empresa', 'd357b29a-776b-4e94-b106-6f7c6bfc2d40');
INSERT INTO fault(faultID, doneDate, summary, faultUserIDFK) VALUES('9bae6e8c-6cba-4f13-aaae-4cac986c90f1', '2025-05-14', 'El empleado no se presenta al trabajo sin avisar o sin una razón válida, afectando la continuidad de las labores del equipo.', '7d625aaa-8fc3-4614-b31a-7c5014646029');
INSERT INTO fault(faultID, doneDate, summary, faultUserIDFK) VALUES('b08a9464-4857-4915-9d94-f9072fa776bb', '2025-03-17', 'Incumplir con los plazos establecidos para la entrega de proyectos o tareas', '3baffa12-6c37-4fab-9c02-4985018b3473');
INSERT INTO fault(faultID, doneDate, summary, faultUserIDFK) VALUES('27dad973-8671-4016-a2b2-519262db26c6', '2025-05-14', 'Incumplir con los plazos establecidos para la entrega de proyectos o tareas', '7a4c1ed2-3bce-4f8a-a7f9-571a95912f1a');
INSERT INTO fault(faultID, doneDate, summary, faultUserIDFK) VALUES('38da6432-e193-4957-8eed-877914625287', '2025-03-17', 'No informar oportunamente sobre dificultades o retrasos que puedan afectar el cumplimiento de las metas', '2466923a-fc71-4017-826d-0e4e5556fc67');
INSERT INTO fault(faultID, doneDate, summary, faultUserIDFK) VALUES('ff251950-b77b-4bdd-824e-5a12873476b9', '2025-03-12', 'No seguir las políticas o procedimientos establecidos por la empresa', '1cfc280d-ac32-4a09-87e3-d8ad86814a1b');
INSERT INTO fault(faultID, doneDate, summary, faultUserIDFK) VALUES('6d577ff5-d193-4723-9b3f-e7823e0c9c8e', '2025-03-17', 'No informar oportunamente sobre dificultades o retrasos que puedan afectar el cumplimiento de las metas', '150e3fa5-ff1c-4150-932d-187f66132cd2');
INSERT INTO fault(faultID, doneDate, summary, faultUserIDFK) VALUES('a15908fc-6b8f-40e1-8846-eadab4425aa9', '2025-05-14', 'No informar oportunamente sobre dificultades o retrasos que puedan afectar el cumplimiento de las metas', 'c525c8b3-096b-4022-b7a4-9b4ec5ad448c');
INSERT INTO fault(faultID, doneDate, summary, faultUserIDFK) VALUES('36083f1d-8b7e-4a27-8cee-3ec68f98ce8b', '2025-03-17', 'No seguir las políticas o procedimientos establecidos por la empresa', 'e6b1d4c3-ae11-4d60-8965-4d8520ac094e');
INSERT INTO fault(faultID, doneDate, summary, faultUserIDFK) VALUES('e5a502cf-7fb6-41d9-9f24-c75f5bcf9f78', '2025-05-14', 'No seguir las políticas o procedimientos establecidos por la empresa', 'e21817be-b798-4e79-ace3-95aaa3e294df');
INSERT INTO fault(faultID, doneDate, summary, faultUserIDFK) VALUES('812990c0-ef20-48bd-ab5b-1a6740bf6a10', '2025-03-17', 'No seguir las políticas o procedimientos establecidos por la empresa', '95d884d6-dacb-4960-b157-1ff78d04ddb6');
INSERT INTO fault(faultID, doneDate, summary, faultUserIDFK) VALUES('188046df-dfa1-4f7e-9909-9bbc8bc54c4b', '2025-03-17', 'Cometer fallos en el trabajo de forma repetitiva, a pesar de haber sido señalados previamente', '28d295f2-cb7a-4104-82b5-904a16ac9ed8');
INSERT INTO fault(faultID, doneDate, summary, faultUserIDFK) VALUES('7218fe8c-7f3f-4ce9-8f8b-0a70a38ab683', '2025-03-30', 'El empleado no se presenta al trabajo sin avisar o sin una razón válida, afectando la continuidad de las labores del equipo.', '495d849e-b5f7-4355-ab8e-d35e560d1220');
INSERT INTO fault(faultID, doneDate, summary, faultUserIDFK) VALUES('e8713b83-2dc6-4879-91fd-e6b46ffeb3fb', '2025-03-17', 'Llegar tarde de manera reiterada, lo cual puede generar problemas en la coordinación y en el flujo de trabajo.', 'e5948fc6-0889-45f5-a95b-8e6cba0a26c4');
INSERT INTO fault(faultID, doneDate, summary, faultUserIDFK) VALUES('6741d271-b176-4b68-b964-bf2b4c3066d0', '2025-03-12', 'Cometer fallos en el trabajo de forma repetitiva, a pesar de haber sido señalados previamente', 'a3e66cb7-547e-4102-839e-fb3961f7269f');
INSERT INTO fault(faultID, doneDate, summary, faultUserIDFK) VALUES('d73e15bd-f384-4ba6-8038-98c79fd99a10', '2025-05-14', 'No informar oportunamente sobre dificultades o retrasos que puedan afectar el cumplimiento de las metas', '6083c3f1-1790-4049-b623-f9556d2e951a');
INSERT INTO fault(faultID, doneDate, summary, faultUserIDFK) VALUES('f20970b2-34bc-429a-8c40-c7a51706bad4', '2025-05-14', 'El empleado no se presenta al trabajo sin avisar o sin una razón válida, afectando la continuidad de las labores del equipo.', '5ed07174-fc75-422e-a1b8-3649cc49b81c');
INSERT INTO fault(faultID, doneDate, summary, faultUserIDFK) VALUES('9fbfc737-8667-4020-b79a-30838d39f33f', '2025-05-16', 'No informar oportunamente sobre dificultades o retrasos que puedan afectar el cumplimiento de las metas', '25d133c7-b81b-475a-987a-534340aafb70');
INSERT INTO fault(faultID, doneDate, summary, faultUserIDFK) VALUES('083c61cf-e178-459b-8cce-dadb6d99a3a4', '2025-03-17', 'No informar oportunamente sobre dificultades o retrasos que puedan afectar el cumplimiento de las metas', '8eff2363-edfc-4dcf-897b-b46e522f2095');
INSERT INTO fault(faultID, doneDate, summary, faultUserIDFK) VALUES('40814f71-04dc-4af7-9b18-a73c20e39eef', '2025-03-30', 'Cometer fallos en el trabajo de forma repetitiva, a pesar de haber sido señalados previamente', '0dcd1b3a-e15d-4401-a878-b33871c5f4ac');
INSERT INTO fault(faultID, doneDate, summary, faultUserIDFK) VALUES('5f63933a-3e01-43e1-a5f3-eb5a346da9a5', '2025-03-30', 'El empleado no se presenta al trabajo sin avisar o sin una razón válida, afectando la continuidad de las labores del equipo.', '69f1ac96-ae18-4d05-a972-91f8ba270976');
INSERT INTO fault(faultID, doneDate, summary, faultUserIDFK) VALUES('69a06710-dc87-437a-b7b7-913c16f4cf50', '2025-05-16', 'No seguir las políticas o procedimientos establecidos por la empresa', 'ec600678-d3a2-4b0c-82cb-605802a9d503');
INSERT INTO fault(faultID, doneDate, summary, faultUserIDFK) VALUES('147617ff-d04b-4c79-b0de-fe40479ea757', '2025-03-30', 'El empleado no se presenta al trabajo sin avisar o sin una razón válida, afectando la continuidad de las labores del equipo.', 'f4855bbc-5961-4b57-8b0e-38a7aa03d4a8');

INSERT INTO faultMedia(faultMediaID, mediaLink, faultIDFK) values('4af5a601-86e2-477a-b168-ac828cc0f8a3', 'https://www.empresafuturo.com/servicios/desarrollo-tecnologico', 'e5a502cf-7fb6-41d9-9f24-c75f5bcf9f78'); 
INSERT INTO faultMedia(faultMediaID, mediaLink, faultIDFK) values('ef2c41df-0a3f-4f51-9dc7-a857f6f24c9c', 'https://www.redescomunicacion.com/tutoriales/redes-sociales', '87d11e60-2b77-46b4-aab9-d46323d243ff'); 
INSERT INTO faultMedia(faultMediaID, mediaLink, faultIDFK) values('7e0b4c2f-73f9-41ff-b9a9-a2797191a6b2', 'https://www.smartsolutions.com/servicios/paginas-web', '7218fe8c-7f3f-4ce9-8f8b-0a70a38ab683'); 
INSERT INTO faultMedia(faultMediaID, mediaLink, faultIDFK) values('f19002ce-57aa-464d-9d72-e99045679b91', 'https://www.serviciosxyz.com/soluciones/internet-empresas', '56f13391-e9af-4f96-935b-3c40809baa5a'); 
INSERT INTO faultMedia(faultMediaID, mediaLink, faultIDFK) values('8a480d44-f2b0-4d63-8163-16b214074316', 'https://www.tuempresa.com/contacto/soporte', '56f13391-e9af-4f96-935b-3c40809baa5a'); 
INSERT INTO faultMedia(faultMediaID, mediaLink, faultIDFK) values('c0fce85d-6ed1-4eb3-b989-45d098cf18a5', 'https://www.mundodigital.com/tutoriales/marketing-digital', 'a15908fc-6b8f-40e1-8846-eadab4425aa9'); 
INSERT INTO faultMedia(faultMediaID, mediaLink, faultIDFK) values('55d16e97-3484-4948-8b8c-5e61271f5d0f', 'https://www.mundodigital.com/tutoriales/marketing-digital', 'f20970b2-34bc-429a-8c40-c7a51706bad4'); 
INSERT INTO faultMedia(faultMediaID, mediaLink, faultIDFK) values('e06a7f19-f4c4-498c-9402-31a70c87787a', 'https://www.nuevosproyectos.com/planificacion/estrategica', '5ff00e43-e518-4410-89c4-f1be4be3a7f0'); 
INSERT INTO faultMedia(faultMediaID, mediaLink, faultIDFK) values('fe67f58a-f454-4b1b-b349-2aef150a5a94', 'https://www.micompany.com/servicios/consultoria-web', '9fbfc737-8667-4020-b79a-30838d39f33f'); 
INSERT INTO faultMedia(faultMediaID, mediaLink, faultIDFK) values('590ddaed-0f0b-441c-920d-96b0ba9518af', 'https://www.creacionsistemas.com/planificación/pymes', '9fbfc737-8667-4020-b79a-30838d39f33f'); 
INSERT INTO faultMedia(faultMediaID, mediaLink, faultIDFK) values('030a2776-5351-4668-9bc0-fd7f0e568de8', 'https://www.ejemplo.com/productos/calculadora-interes', '36083f1d-8b7e-4a27-8cee-3ec68f98ce8b'); 
INSERT INTO faultMedia(faultMediaID, mediaLink, faultIDFK) values('f3d7b886-e44f-469e-a44e-4e035a510d81', 'https://www.redescomunicacion.com/tutoriales/redes-sociales', '5f63933a-3e01-43e1-a5f3-eb5a346da9a5'); 
INSERT INTO faultMedia(faultMediaID, mediaLink, faultIDFK) values('d22ec92e-eec6-4dfc-9c3a-e45fd7d7378f', 'https://www.micompany.com/servicios/consultoria-web', '5ff00e43-e518-4410-89c4-f1be4be3a7f0'); 
INSERT INTO faultMedia(faultMediaID, mediaLink, faultIDFK) values('de94bac2-e208-453d-99d3-be2134914ffd', 'https://www.tiendavirtual.com/blog/estrategias-marketing', 'b08a9464-4857-4915-9d94-f9072fa776bb'); 
INSERT INTO faultMedia(faultMediaID, mediaLink, faultIDFK) values('c46c39e0-a71d-407e-b577-0d5292ece64c', 'https://www.ecommerceplus.com/guias/venta-online', '6b7d36a7-beb6-4368-90f5-1d6aa86c5055'); 
INSERT INTO faultMedia(faultMediaID, mediaLink, faultIDFK) values('547406ae-47c4-4f7b-951f-78145c3c8196', 'https://www.soluciones360.com/soporte/atencion-cliente', 'e47733de-3f5e-4a3a-9a9f-e4f50a612bb1'); 
INSERT INTO faultMedia(faultMediaID, mediaLink, faultIDFK) values('b35da6a8-d4b3-4b66-9fe1-b34eaa07c2b0', 'https://www.nuevosproyectos.com/planificacion/estrategica', '8155e078-1491-40f1-a234-46fadc050a58'); 
INSERT INTO faultMedia(faultMediaID, mediaLink, faultIDFK) values('758584ca-a4fc-4f00-b960-9656884ab32e', 'https://www.ecommerceplus.com/guias/venta-online', '7218fe8c-7f3f-4ce9-8f8b-0a70a38ab683'); 
INSERT INTO faultMedia(faultMediaID, mediaLink, faultIDFK) values('e1eded81-cfa0-4f79-a891-2a5d9a9fe21e', 'https://www.digitalinnovators.com/estrategias/marketing', '188046df-dfa1-4f7e-9909-9bbc8bc54c4b'); 
INSERT INTO faultMedia(faultMediaID, mediaLink, faultIDFK) values('1a488753-a81d-4930-a75c-5e5ae34047d1', 'https://www.creacionsistemas.com/planificación/pymes', 'ea20e459-65aa-4fde-8f64-b4bec3a5cc06'); 
INSERT INTO faultMedia(faultMediaID, mediaLink, faultIDFK) values('71909019-21ba-47bb-9959-d9c2e0f30b67', 'https://www.creacionsistemas.com/planificación/pymes', 'db0d2e9b-8c97-45f7-9ee6-724514aacb32'); 
INSERT INTO faultMedia(faultMediaID, mediaLink, faultIDFK) values('84f0e4ec-4d42-4630-828d-0143a473d334', 'https://www.interactivewebs.com/proyectos/desarrollo-software', '016196b2-703b-448b-891e-3af87c8eac24'); 
INSERT INTO faultMedia(faultMediaID, mediaLink, faultIDFK) values('ee03af47-5d88-493d-bc14-a4c3c828b3ac', 'https://www.serviciosxyz.com/soluciones/internet-empresas', '87d11e60-2b77-46b4-aab9-d46323d243ff'); 
INSERT INTO faultMedia(faultMediaID, mediaLink, faultIDFK) values('ee5a3171-e832-448c-a588-c0327cae352c', 'https://www.nuevosproyectos.com/planificacion/estrategica', '69bde6b9-63e4-4004-b87d-d95a58e689f3'); 
INSERT INTO faultMedia(faultMediaID, mediaLink, faultIDFK) values('b4fecf30-1373-43db-9ca7-87b0a7750bd8', 'https://www.tutorialesweb.com/aprendizaje/codificacion', 'ea20e459-65aa-4fde-8f64-b4bec3a5cc06'); 
INSERT INTO faultMedia(faultMediaID, mediaLink, faultIDFK) values('0b9b7fb0-233f-429f-ad18-cbe2aa80e07a', 'https://www.interactivewebs.com/proyectos/desarrollo-software', 'b34ee6ad-6573-4912-b3d4-fac82bebfbbc'); 
INSERT INTO faultMedia(faultMediaID, mediaLink, faultIDFK) values('eda4ce89-4b55-4af2-8b45-cbb138d64cb7', 'https://www.tiendavirtual.com/blog/estrategias-marketing', '27dad973-8671-4016-a2b2-519262db26c6'); 
INSERT INTO faultMedia(faultMediaID, mediaLink, faultIDFK) values('f6690fe3-81da-452b-9aa5-a50b9993af67', 'https://www.empresafuturo.com/servicios/desarrollo-tecnologico', '69bde6b9-63e4-4004-b87d-d95a58e689f3'); 
INSERT INTO faultMedia(faultMediaID, mediaLink, faultIDFK) values('bd56ec88-9bb7-49d3-8d86-8a14f5807d04', 'https://www.creacionsistemas.com/planificación/pymes', 'd73e15bd-f384-4ba6-8038-98c79fd99a10'); 
INSERT INTO faultMedia(faultMediaID, mediaLink, faultIDFK) values('df282939-cecf-4467-a2f3-ce7eed8bd5da', 'https://www.creacionsistemas.com/planificación/pymes', '6741d271-b176-4b68-b964-bf2b4c3066d0'); 
INSERT INTO faultMedia(faultMediaID, mediaLink, faultIDFK) values('914d441f-d3ce-43c8-8fb0-cdb2aeacdbd7', 'https://www.ejemplo.com/productos/calculadora-interes', '812990c0-ef20-48bd-ab5b-1a6740bf6a10'); 
INSERT INTO faultMedia(faultMediaID, mediaLink, faultIDFK) values('a62a1008-1dde-470b-aa5c-e57dcc76ca10', 'https://www.micompany.com/servicios/consultoria-web', '36083f1d-8b7e-4a27-8cee-3ec68f98ce8b'); 
INSERT INTO faultMedia(faultMediaID, mediaLink, faultIDFK) values('dfc8662e-7833-4026-9fbb-fec464a4ee74', 'https://www.soluciones360.com/soporte/atencion-cliente', '7b3f0a8c-bece-4be3-81f0-fa0bd5818666'); 
INSERT INTO faultMedia(faultMediaID, mediaLink, faultIDFK) values('533417bd-90fc-4a5c-b205-6d08a24cd008', 'https://www.ejemplo.com/productos/calculadora-interes', '245c3487-aa4c-47de-9d2a-f7bfb1c8dd11'); 
INSERT INTO faultMedia(faultMediaID, mediaLink, faultIDFK) values('3b5a6f1a-166d-4f7a-92cd-efbfd942f3f0', 'https://www.ecommerceplus.com/guias/venta-online', '69bde6b9-63e4-4004-b87d-d95a58e689f3'); 
INSERT INTO faultMedia(faultMediaID, mediaLink, faultIDFK) values('ec39df5f-3e4c-47e1-9837-e91280256df0', 'https://www.interactivewebs.com/proyectos/desarrollo-software', '8526f5ef-ef8d-4015-9a59-117fc44e2573'); 
INSERT INTO faultMedia(faultMediaID, mediaLink, faultIDFK) values('5d1efd6f-ecec-4ec5-ae21-b62da4a26784', 'https://www.digitalinnovators.com/estrategias/marketing', 'a56f33eb-690f-4073-a718-b10fa5221bce'); 
INSERT INTO faultMedia(faultMediaID, mediaLink, faultIDFK) values('d0688669-a070-4b20-95e8-10d46b6ef369', 'https://www.soluciones360.com/soporte/atencion-cliente', '38da6432-e193-4957-8eed-877914625287'); 
INSERT INTO faultMedia(faultMediaID, mediaLink, faultIDFK) values('550ca484-2d5a-41d2-bd18-56febe266744', 'https://www.empresafuturo.com/servicios/desarrollo-tecnologico', '147617ff-d04b-4c79-b0de-fe40479ea757'); 
INSERT INTO faultMedia(faultMediaID, mediaLink, faultIDFK) values('b40b2749-f338-4e5f-a611-c883f01d8f94', 'https://www.interactivewebs.com/proyectos/desarrollo-software', '7218fe8c-7f3f-4ce9-8f8b-0a70a38ab683'); 
INSERT INTO faultMedia(faultMediaID, mediaLink, faultIDFK) values('ef538fec-6be5-4a29-8b51-6e9b5822a680', 'https://www.sistemasmodernos.com/tecnologia/innovacion', '8526f5ef-ef8d-4015-9a59-117fc44e2573'); 
INSERT INTO faultMedia(faultMediaID, mediaLink, faultIDFK) values('b88af85e-9bc0-418b-9e71-1f7f2e0ed2bd', 'https://www.ecommerceplus.com/guias/venta-online', 'a8bf107c-2233-4f65-b264-9cb788f8eb0f'); 
INSERT INTO faultMedia(faultMediaID, mediaLink, faultIDFK) values('a2e567ad-36d5-488f-b8ee-0f6488c7ee80', 'https://www.creacionsistemas.com/planificación/pymes', 'a15908fc-6b8f-40e1-8846-eadab4425aa9'); 
INSERT INTO faultMedia(faultMediaID, mediaLink, faultIDFK) values('4106141f-7733-4ea5-8271-623caf042116', 'https://www.soluciones360.com/soporte/atencion-cliente', 'ea20e459-65aa-4fde-8f64-b4bec3a5cc06'); 
INSERT INTO faultMedia(faultMediaID, mediaLink, faultIDFK) values('ecfae7e4-e9f6-4871-bd36-f1e2bf32e8d3', 'https://www.empresainnovadora.com/noticias/lanzamientos', '188046df-dfa1-4f7e-9909-9bbc8bc54c4b'); 
INSERT INTO faultMedia(faultMediaID, mediaLink, faultIDFK) values('06f00548-6168-4510-aca6-261efe1219e5', 'https://www.empresainnovadora.com/noticias/lanzamientos', '6741d271-b176-4b68-b964-bf2b4c3066d0'); 
INSERT INTO faultMedia(faultMediaID, mediaLink, faultIDFK) values('db3e7398-7464-4a33-9763-06e8c30dd8c8', 'https://www.smartsolutions.com/servicios/paginas-web', 'e5a502cf-7fb6-41d9-9f24-c75f5bcf9f78'); 
INSERT INTO faultMedia(faultMediaID, mediaLink, faultIDFK) values('30da499d-8170-4b7f-82d4-6579d640b749', 'https://www.sistemasmodernos.com/tecnologia/innovacion', 'db0d2e9b-8c97-45f7-9ee6-724514aacb32'); 
INSERT INTO faultMedia(faultMediaID, mediaLink, faultIDFK) values('ae535f45-b666-4d79-b306-42c83f72a389', 'https://www.serviciosxyz.com/soluciones/internet-empresas', '36083f1d-8b7e-4a27-8cee-3ec68f98ce8b'); 
INSERT INTO faultMedia(faultMediaID, mediaLink, faultIDFK) values('f9cba37b-9f08-4476-89ac-bf22d86d7537', 'https://www.redescomunicacion.com/tutoriales/redes-sociales', '083c61cf-e178-459b-8cce-dadb6d99a3a4'); 

