INSERT INTO templateHoliday(templateHolidayID, holidayDate, title) values('7b7b8f4d-95e7-47b5-8e27-2153ced83bbd', 'New Year', '2025-01-01'); 
INSERT INTO templateHoliday(templateHolidayID, holidayDate, title) values('a35ed5a5-071f-44ae-a1ef-c47e0fca4115', 'Constitution Day', '2025-02-05'); 
INSERT INTO templateHoliday(templateHolidayID, holidayDate, title) values('63c9975d-eb4f-4802-b683-0e835304828a', 'Benito Juárez Birthday', '2025-03-21'); 
INSERT INTO templateHoliday(templateHolidayID, holidayDate, title) values('5cd87c79-34a5-4c45-8c23-49872cd118d0', 'Labor Day', '2025-05-01'); 
INSERT INTO templateHoliday(templateHolidayID, holidayDate, title) values('70e76f3d-108c-4a4c-a54a-fdee69bf5bde', 'Independence Day', '2025-09-16'); 
INSERT INTO templateHoliday(templateHolidayID, holidayDate, title) values('bf959730-f3b4-4a2d-82b5-f45e1d9ae6e7', 'Revolution Day', '2025-10-20'); 
INSERT INTO templateHoliday(templateHolidayID, holidayDate, title) values('aabd5f17-8c07-453c-a462-36bc97719061', 'Christmas', '2025-12-25'); 

INSERT INTO usedHoliday(usedHolidayID, usedDate, usedTemplateHolidayIDFK) values('d27e6ef5-ccb4-440f-8b8e-0d2c6a8f7201', '2025-01-01', '7b7b8f4d-95e7-47b5-8e27-2153ced83bbd'); 
INSERT INTO usedHoliday(usedHolidayID, usedDate, usedTemplateHolidayIDFK) values('1934ae10-e527-407a-bab5-01146682e7bc', '2025-02-03', 'a35ed5a5-071f-44ae-a1ef-c47e0fca4115'); 
INSERT INTO usedHoliday(usedHolidayID, usedDate, usedTemplateHolidayIDFK) values('9f7b49ee-480d-4392-b094-dc189c1786c7', '2025-03-17', '63c9975d-eb4f-4802-b683-0e835304828a'); 
INSERT INTO usedHoliday(usedHolidayID, usedDate, usedTemplateHolidayIDFK) values('c632a652-a553-45ad-af2a-a61e5d5a2997', '2025-05-01', '5cd87c79-34a5-4c45-8c23-49872cd118d0'); 
INSERT INTO usedHoliday(usedHolidayID, usedDate, usedTemplateHolidayIDFK) values('2e756f43-ee27-4f5f-b8b1-a84b3a99e8e1', '2025-09-16', '70e76f3d-108c-4a4c-a54a-fdee69bf5bde'); 
INSERT INTO usedHoliday(usedHolidayID, usedDate, usedTemplateHolidayIDFK) values('b8a08d05-53f5-4a7d-8ca8-6c0404611e99', '2025-10-17', 'bf959730-f3b4-4a2d-82b5-f45e1d9ae6e7'); 
INSERT INTO usedHoliday(usedHolidayID, usedDate, usedTemplateHolidayIDFK) values('8552291d-466a-401d-abcc-bbedcc7f61f6', '2025-12-25', 'aabd5f17-8c07-453c-a462-36bc97719061');

INSERT INTO privilege(privilegeID, title, summary) values('f767ac50-7874-4894-9819-9debe3008d6b', 'Colaborador consulta ausencias', 'Colaborador consulta ausencias'); 
INSERT INTO privilege(privilegeID, title, summary) values('aefcbfa4-d93f-4d75-92cd-5b25da30b9ae', 'Colaborador consulta calendario', 'Colaborador consulta calendario'); 
INSERT INTO privilege(privilegeID, title, summary) values('8c6d4b5c-9b38-4797-9b64-7ffd839d3fb5', 'Colaborador consulta días feriados', 'Colaborador consulta días feriados'); 
INSERT INTO privilege(privilegeID, title, summary) values('b15979ff-2e0c-4f0f-b49b-d11bed14b8b3', 'Colaborador consulta falta administrativa', 'Colaborador consulta falta administrativa'); 
INSERT INTO privilege(privilegeID, title, summary) values('7e9cb251-44a9-4f31-9d71-5b626ba2fd1e', 'Colaborador consulta perfil', 'Colaborador consulta perfil'); 
INSERT INTO privilege(privilegeID, title, summary) values('94539e57-ce3a-4f92-9920-65f88c9326aa', 'Colaborador consulta sesión del One-On-One', 'Colaborador consulta sesión del One-On-One'); 
INSERT INTO privilege(privilegeID, title, summary) values('d5db2856-fc2f-4708-a728-784223758d4e', 'Colaborador consulta solicitudes de vacaciones', 'Colaborador consulta solicitudes de vacaciones'); 
INSERT INTO privilege(privilegeID, title, summary) values('61d178d3-3f32-42a7-8943-5ee44015ca3e', 'Colaborador elimina solicitud de vacaciones', 'Colaborador elimina solicitud de vacaciones'); 
INSERT INTO privilege(privilegeID, title, summary) values('9a11f693-4932-49c4-8071-20c43480b7ee', 'Colaborador modifica contraseña temporal', 'Colaborador modifica contraseña temporal'); 
INSERT INTO privilege(privilegeID, title, summary) values('20ba4d9c-0b5b-43f5-8dec-060690026d15', 'Colaborador modifica solicitud de vacaciones', 'Colaborador modifica solicitud de vacaciones'); 
INSERT INTO privilege(privilegeID, title, summary) values('d4286531-b61a-4b0e-b134-9910252945a6', 'Colaborador registra ausencia', 'Colaborador registra ausencia'); 
INSERT INTO privilege(privilegeID, title, summary) values('d7f866d9-b91c-4925-ac03-a38704c2d7d7', 'Colaborador registra inicio de sesión', 'Colaborador registra inicio de sesión'); 
INSERT INTO privilege(privilegeID, title, summary) values('8b07bb58-c84f-468e-8159-2c4f7edafd1d', 'Colaborador registra solicitud de vacaciones', 'Colaborador registra solicitud de vacaciones'); 
INSERT INTO privilege(privilegeID, title, summary) values('90720bb3-d2df-4bde-af71-7e8e24bdd02d', 'Líder consulta ausencias de colaborador', 'Líder consulta ausencias de colaborador'); 
INSERT INTO privilege(privilegeID, title, summary) values('c796402f-0939-42eb-b8c8-21a9c8faa9fc', 'Líder consulta colaboradores en su departamento', 'Líder consulta colaboradores en su departamento'); 
INSERT INTO privilege(privilegeID, title, summary) values('52108452-dd0b-42c9-9d1c-df44795c20bf', 'Líder consulta perfil de colaboradores', 'Líder consulta perfil de colaboradores'); 
INSERT INTO privilege(privilegeID, title, summary) values('91bd3edf-0040-46cd-9e69-c04589f10fea', 'Líder consulta solicitudes de vacaciones de colaborador', 'Líder consulta solicitudes de vacaciones de colaborador'); 
INSERT INTO privilege(privilegeID, title, summary) values('26ba18dd-6208-468d-beed-0dd18a058e34', 'Líder registra respuesta hacia ausencia de colaborador', 'Líder registra respuesta hacia ausencia de colaborador'); 
INSERT INTO privilege(privilegeID, title, summary) values('f064fb8f-35cd-4cde-bc24-504c4c26f890', 'Líder registra respuesta hacia solicitud de vacaciones de colaborador', 'Líder registra respuesta hacia solicitud de vacaciones de colaborador'); 
INSERT INTO privilege(privilegeID, title, summary) values('1258107c-ea3d-4fd3-9acc-525cdf21e434', 'Superadmin consulta ausencias de empleado', 'Superadmin consulta ausencias de empleado'); 
INSERT INTO privilege(privilegeID, title, summary) values('ed73c068-3146-4ac3-99e2-1be596032b95', 'Superadmin consulta empleados', 'Superadmin consulta empleados'); 
INSERT INTO privilege(privilegeID, title, summary) values('21d2b459-fc14-4543-baa2-f40d0119e869', 'Superadmin consulta sesión de One-On-One', 'Superadmin consulta sesión de One-On-One'); 
INSERT INTO privilege(privilegeID, title, summary) values('8fd2d592-7b15-4927-bd89-6739f1ef72a3', 'Superadmin consulta solicitudes de vacaciones de empleado', 'Superadmin consulta solicitudes de vacaciones de empleado'); 
INSERT INTO privilege(privilegeID, title, summary) values('58104c99-20f4-4f84-a555-3c0d77536378', 'Superadmin consultar reporte de rotación de empleos mensual', 'Superadmin consultar reporte de rotación de empleos mensual'); 
INSERT INTO privilege(privilegeID, title, summary) values('de6a8234-9ba0-41b0-b103-7d70e452935f', 'Superadmin elimina departamento', 'Superadmin elimina departamento'); 
INSERT INTO privilege(privilegeID, title, summary) values('c1fb2067-de45-473f-a3cf-7284c9391c0c', 'Superadmin elimina día feriado', 'Superadmin elimina día feriado'); 
INSERT INTO privilege(privilegeID, title, summary) values('e2210f77-1a51-4906-bc36-a5b1f8955773', 'Superadmin elimina falta administrativa', 'Superadmin elimina falta administrativa'); 
INSERT INTO privilege(privilegeID, title, summary) values('637978e9-bf70-431b-bdf6-de9a8032ddcb', 'Superadmin modifica datos de empleado', 'Superadmin modifica datos de empleado'); 
INSERT INTO privilege(privilegeID, title, summary) values('a4e0c382-7f8f-4bd2-a60c-2724b31e8687', 'Superadmin modifica departamento', 'Superadmin modifica departamento'); 
INSERT INTO privilege(privilegeID, title, summary) values('46739b47-4adb-4cc1-bab4-c87523a56c5d', 'Superadmin modifica día feriado', 'Superadmin modifica día feriado'); 
INSERT INTO privilege(privilegeID, title, summary) values('2b90e87e-52c1-4dbc-b86c-4af2a056e842', 'Superadmin modifica falta administrativa', 'Superadmin modifica falta administrativa'); 
INSERT INTO privilege(privilegeID, title, summary) values('73d2d2aa-08ef-49d8-a2f0-77403afc926b', 'Superadmin registra alta de empleado', 'Superadmin registra alta de empleado'); 
INSERT INTO privilege(privilegeID, title, summary) values('7f17c492-1c51-486b-b93d-574344a5444d', 'Superadmin registra baja de empleado', 'Superadmin registra baja de empleado'); 
INSERT INTO privilege(privilegeID, title, summary) values('f17c653a-7f14-4409-be92-34214e9e179d', 'Superadmin registra datos del One-On-One', 'Superadmin registra datos del One-On-One'); 
INSERT INTO privilege(privilegeID, title, summary) values('a95f9fe7-63a6-4488-b169-963e2974644f', 'Superadmin registra departamento', 'Superadmin registra departamento'); 
INSERT INTO privilege(privilegeID, title, summary) values('c85b9c1e-39b3-43fc-9481-4740e6f3c39a', 'Superadmin registra día feriado', 'Superadmin registra día feriado'); 
INSERT INTO privilege(privilegeID, title, summary) values('b04ec3a4-b228-49ba-a9d7-4f0cd6290ef1', 'Superadmin registra falta administrativa', 'Superadmin registra falta administrativa'); 
INSERT INTO privilege(privilegeID, title, summary) values('0156be7f-be32-4f58-afa7-f8c68a635e0b', 'Superadmin registra evidencia de falta', 'Superadmin registra evidencia de falta'); 
INSERT INTO privilege(privilegeID, title, summary) values('9cce77f2-8e3f-4faa-a76f-cad4d32e0bdb', 'Superadmin registra fecha prevista de One-On-One', 'Superadmin registra fecha prevista de One-On-One'); 
INSERT INTO privilege(privilegeID, title, summary) values('a3541584-94fb-40c6-94eb-8fdbc256af97', 'Superadmin registra respuesta hacia ausencia de empleado', 'Superadmin registra respuesta hacia ausencia de empleado'); 
INSERT INTO privilege(privilegeID, title, summary) values('76c602f9-8153-4d00-b619-4ebfa9e923b4', 'Superadmin registra respuesta hacia solicitud de vacaciones de empleado', 'Superadmin registra respuesta hacia solicitud de vacaciones de empleado'); 

INSERT INTO role(roleID, title) values('b63fe756-4574-4eed-8d35-53a617347fe7', 'Colaborator'); 
INSERT INTO role(roleID, title) values('451dade0-12cc-4c63-9bbd-25f5dfc41d25', 'Department Leader'); 
INSERT INTO role(roleID, title) values('43fe7d1c-5907-4076-a16d-8d50106596a2', 'Manager'); 

INSERT INTO rolePrivilege(roleIDFK, privilegeIDFK) values('b63fe756-4574-4eed-8d35-53a617347fe7', 'f767ac50-7874-4894-9819-9debe3008d6b'); 
INSERT INTO rolePrivilege(roleIDFK, privilegeIDFK) values('b63fe756-4574-4eed-8d35-53a617347fe7', 'aefcbfa4-d93f-4d75-92cd-5b25da30b9ae'); 
INSERT INTO rolePrivilege(roleIDFK, privilegeIDFK) values('b63fe756-4574-4eed-8d35-53a617347fe7', '8c6d4b5c-9b38-4797-9b64-7ffd839d3fb5'); 
INSERT INTO rolePrivilege(roleIDFK, privilegeIDFK) values('b63fe756-4574-4eed-8d35-53a617347fe7', 'b15979ff-2e0c-4f0f-b49b-d11bed14b8b3'); 
INSERT INTO rolePrivilege(roleIDFK, privilegeIDFK) values('b63fe756-4574-4eed-8d35-53a617347fe7', '7e9cb251-44a9-4f31-9d71-5b626ba2fd1e'); 
INSERT INTO rolePrivilege(roleIDFK, privilegeIDFK) values('b63fe756-4574-4eed-8d35-53a617347fe7', '94539e57-ce3a-4f92-9920-65f88c9326aa'); 
INSERT INTO rolePrivilege(roleIDFK, privilegeIDFK) values('b63fe756-4574-4eed-8d35-53a617347fe7', 'd5db2856-fc2f-4708-a728-784223758d4e'); 
INSERT INTO rolePrivilege(roleIDFK, privilegeIDFK) values('b63fe756-4574-4eed-8d35-53a617347fe7', '61d178d3-3f32-42a7-8943-5ee44015ca3e'); 
INSERT INTO rolePrivilege(roleIDFK, privilegeIDFK) values('b63fe756-4574-4eed-8d35-53a617347fe7', '9a11f693-4932-49c4-8071-20c43480b7ee'); 
INSERT INTO rolePrivilege(roleIDFK, privilegeIDFK) values('b63fe756-4574-4eed-8d35-53a617347fe7', '20ba4d9c-0b5b-43f5-8dec-060690026d15'); 
INSERT INTO rolePrivilege(roleIDFK, privilegeIDFK) values('b63fe756-4574-4eed-8d35-53a617347fe7', 'd4286531-b61a-4b0e-b134-9910252945a6'); 
INSERT INTO rolePrivilege(roleIDFK, privilegeIDFK) values('b63fe756-4574-4eed-8d35-53a617347fe7', 'd7f866d9-b91c-4925-ac03-a38704c2d7d7'); 
INSERT INTO rolePrivilege(roleIDFK, privilegeIDFK) values('b63fe756-4574-4eed-8d35-53a617347fe7', '8b07bb58-c84f-468e-8159-2c4f7edafd1d'); 
INSERT INTO rolePrivilege(roleIDFK, privilegeIDFK) values('451dade0-12cc-4c63-9bbd-25f5dfc41d25', 'f767ac50-7874-4894-9819-9debe3008d6b'); 
INSERT INTO rolePrivilege(roleIDFK, privilegeIDFK) values('451dade0-12cc-4c63-9bbd-25f5dfc41d25', 'aefcbfa4-d93f-4d75-92cd-5b25da30b9ae'); 
INSERT INTO rolePrivilege(roleIDFK, privilegeIDFK) values('451dade0-12cc-4c63-9bbd-25f5dfc41d25', '8c6d4b5c-9b38-4797-9b64-7ffd839d3fb5'); 
INSERT INTO rolePrivilege(roleIDFK, privilegeIDFK) values('451dade0-12cc-4c63-9bbd-25f5dfc41d25', 'b15979ff-2e0c-4f0f-b49b-d11bed14b8b3'); 
INSERT INTO rolePrivilege(roleIDFK, privilegeIDFK) values('451dade0-12cc-4c63-9bbd-25f5dfc41d25', '7e9cb251-44a9-4f31-9d71-5b626ba2fd1e'); 
INSERT INTO rolePrivilege(roleIDFK, privilegeIDFK) values('451dade0-12cc-4c63-9bbd-25f5dfc41d25', '94539e57-ce3a-4f92-9920-65f88c9326aa'); 
INSERT INTO rolePrivilege(roleIDFK, privilegeIDFK) values('451dade0-12cc-4c63-9bbd-25f5dfc41d25', 'd5db2856-fc2f-4708-a728-784223758d4e'); 
INSERT INTO rolePrivilege(roleIDFK, privilegeIDFK) values('451dade0-12cc-4c63-9bbd-25f5dfc41d25', '61d178d3-3f32-42a7-8943-5ee44015ca3e'); 
INSERT INTO rolePrivilege(roleIDFK, privilegeIDFK) values('451dade0-12cc-4c63-9bbd-25f5dfc41d25', '9a11f693-4932-49c4-8071-20c43480b7ee'); 
INSERT INTO rolePrivilege(roleIDFK, privilegeIDFK) values('451dade0-12cc-4c63-9bbd-25f5dfc41d25', '20ba4d9c-0b5b-43f5-8dec-060690026d15'); 
INSERT INTO rolePrivilege(roleIDFK, privilegeIDFK) values('451dade0-12cc-4c63-9bbd-25f5dfc41d25', 'd4286531-b61a-4b0e-b134-9910252945a6'); 
INSERT INTO rolePrivilege(roleIDFK, privilegeIDFK) values('451dade0-12cc-4c63-9bbd-25f5dfc41d25', 'd7f866d9-b91c-4925-ac03-a38704c2d7d7'); 
INSERT INTO rolePrivilege(roleIDFK, privilegeIDFK) values('451dade0-12cc-4c63-9bbd-25f5dfc41d25', '8b07bb58-c84f-468e-8159-2c4f7edafd1d'); 
INSERT INTO rolePrivilege(roleIDFK, privilegeIDFK) values('451dade0-12cc-4c63-9bbd-25f5dfc41d25', '90720bb3-d2df-4bde-af71-7e8e24bdd02d'); 
INSERT INTO rolePrivilege(roleIDFK, privilegeIDFK) values('451dade0-12cc-4c63-9bbd-25f5dfc41d25', 'c796402f-0939-42eb-b8c8-21a9c8faa9fc'); 
INSERT INTO rolePrivilege(roleIDFK, privilegeIDFK) values('451dade0-12cc-4c63-9bbd-25f5dfc41d25', '52108452-dd0b-42c9-9d1c-df44795c20bf'); 
INSERT INTO rolePrivilege(roleIDFK, privilegeIDFK) values('451dade0-12cc-4c63-9bbd-25f5dfc41d25', '91bd3edf-0040-46cd-9e69-c04589f10fea'); 
INSERT INTO rolePrivilege(roleIDFK, privilegeIDFK) values('451dade0-12cc-4c63-9bbd-25f5dfc41d25', '26ba18dd-6208-468d-beed-0dd18a058e34'); 
INSERT INTO rolePrivilege(roleIDFK, privilegeIDFK) values('451dade0-12cc-4c63-9bbd-25f5dfc41d25', 'f064fb8f-35cd-4cde-bc24-504c4c26f890'); 
INSERT INTO rolePrivilege(roleIDFK, privilegeIDFK) values('43fe7d1c-5907-4076-a16d-8d50106596a2', 'f767ac50-7874-4894-9819-9debe3008d6b'); 
INSERT INTO rolePrivilege(roleIDFK, privilegeIDFK) values('43fe7d1c-5907-4076-a16d-8d50106596a2', 'aefcbfa4-d93f-4d75-92cd-5b25da30b9ae'); 
INSERT INTO rolePrivilege(roleIDFK, privilegeIDFK) values('43fe7d1c-5907-4076-a16d-8d50106596a2', '8c6d4b5c-9b38-4797-9b64-7ffd839d3fb5'); 
INSERT INTO rolePrivilege(roleIDFK, privilegeIDFK) values('43fe7d1c-5907-4076-a16d-8d50106596a2', 'b15979ff-2e0c-4f0f-b49b-d11bed14b8b3'); 
INSERT INTO rolePrivilege(roleIDFK, privilegeIDFK) values('43fe7d1c-5907-4076-a16d-8d50106596a2', '7e9cb251-44a9-4f31-9d71-5b626ba2fd1e'); 
INSERT INTO rolePrivilege(roleIDFK, privilegeIDFK) values('43fe7d1c-5907-4076-a16d-8d50106596a2', '94539e57-ce3a-4f92-9920-65f88c9326aa'); 
INSERT INTO rolePrivilege(roleIDFK, privilegeIDFK) values('43fe7d1c-5907-4076-a16d-8d50106596a2', 'd5db2856-fc2f-4708-a728-784223758d4e'); 
INSERT INTO rolePrivilege(roleIDFK, privilegeIDFK) values('43fe7d1c-5907-4076-a16d-8d50106596a2', '61d178d3-3f32-42a7-8943-5ee44015ca3e'); 
INSERT INTO rolePrivilege(roleIDFK, privilegeIDFK) values('43fe7d1c-5907-4076-a16d-8d50106596a2', '9a11f693-4932-49c4-8071-20c43480b7ee'); 
INSERT INTO rolePrivilege(roleIDFK, privilegeIDFK) values('43fe7d1c-5907-4076-a16d-8d50106596a2', '20ba4d9c-0b5b-43f5-8dec-060690026d15'); 
INSERT INTO rolePrivilege(roleIDFK, privilegeIDFK) values('43fe7d1c-5907-4076-a16d-8d50106596a2', 'd4286531-b61a-4b0e-b134-9910252945a6'); 
INSERT INTO rolePrivilege(roleIDFK, privilegeIDFK) values('43fe7d1c-5907-4076-a16d-8d50106596a2', 'd7f866d9-b91c-4925-ac03-a38704c2d7d7'); 
INSERT INTO rolePrivilege(roleIDFK, privilegeIDFK) values('43fe7d1c-5907-4076-a16d-8d50106596a2', '8b07bb58-c84f-468e-8159-2c4f7edafd1d'); 
INSERT INTO rolePrivilege(roleIDFK, privilegeIDFK) values('43fe7d1c-5907-4076-a16d-8d50106596a2', '90720bb3-d2df-4bde-af71-7e8e24bdd02d'); 
INSERT INTO rolePrivilege(roleIDFK, privilegeIDFK) values('43fe7d1c-5907-4076-a16d-8d50106596a2', 'c796402f-0939-42eb-b8c8-21a9c8faa9fc'); 
INSERT INTO rolePrivilege(roleIDFK, privilegeIDFK) values('43fe7d1c-5907-4076-a16d-8d50106596a2', '52108452-dd0b-42c9-9d1c-df44795c20bf'); 
INSERT INTO rolePrivilege(roleIDFK, privilegeIDFK) values('43fe7d1c-5907-4076-a16d-8d50106596a2', '91bd3edf-0040-46cd-9e69-c04589f10fea'); 
INSERT INTO rolePrivilege(roleIDFK, privilegeIDFK) values('43fe7d1c-5907-4076-a16d-8d50106596a2', '26ba18dd-6208-468d-beed-0dd18a058e34'); 
INSERT INTO rolePrivilege(roleIDFK, privilegeIDFK) values('43fe7d1c-5907-4076-a16d-8d50106596a2', 'f064fb8f-35cd-4cde-bc24-504c4c26f890'); 
INSERT INTO rolePrivilege(roleIDFK, privilegeIDFK) values('43fe7d1c-5907-4076-a16d-8d50106596a2', '1258107c-ea3d-4fd3-9acc-525cdf21e434'); 
INSERT INTO rolePrivilege(roleIDFK, privilegeIDFK) values('43fe7d1c-5907-4076-a16d-8d50106596a2', 'ed73c068-3146-4ac3-99e2-1be596032b95'); 
INSERT INTO rolePrivilege(roleIDFK, privilegeIDFK) values('43fe7d1c-5907-4076-a16d-8d50106596a2', '21d2b459-fc14-4543-baa2-f40d0119e869'); 
INSERT INTO rolePrivilege(roleIDFK, privilegeIDFK) values('43fe7d1c-5907-4076-a16d-8d50106596a2', '8fd2d592-7b15-4927-bd89-6739f1ef72a3'); 
INSERT INTO rolePrivilege(roleIDFK, privilegeIDFK) values('43fe7d1c-5907-4076-a16d-8d50106596a2', '58104c99-20f4-4f84-a555-3c0d77536378'); 
INSERT INTO rolePrivilege(roleIDFK, privilegeIDFK) values('43fe7d1c-5907-4076-a16d-8d50106596a2', 'de6a8234-9ba0-41b0-b103-7d70e452935f'); 
INSERT INTO rolePrivilege(roleIDFK, privilegeIDFK) values('43fe7d1c-5907-4076-a16d-8d50106596a2', 'c1fb2067-de45-473f-a3cf-7284c9391c0c'); 
INSERT INTO rolePrivilege(roleIDFK, privilegeIDFK) values('43fe7d1c-5907-4076-a16d-8d50106596a2', 'e2210f77-1a51-4906-bc36-a5b1f8955773'); 
INSERT INTO rolePrivilege(roleIDFK, privilegeIDFK) values('43fe7d1c-5907-4076-a16d-8d50106596a2', '637978e9-bf70-431b-bdf6-de9a8032ddcb'); 
INSERT INTO rolePrivilege(roleIDFK, privilegeIDFK) values('43fe7d1c-5907-4076-a16d-8d50106596a2', 'a4e0c382-7f8f-4bd2-a60c-2724b31e8687'); 
INSERT INTO rolePrivilege(roleIDFK, privilegeIDFK) values('43fe7d1c-5907-4076-a16d-8d50106596a2', '46739b47-4adb-4cc1-bab4-c87523a56c5d'); 
INSERT INTO rolePrivilege(roleIDFK, privilegeIDFK) values('43fe7d1c-5907-4076-a16d-8d50106596a2', '2b90e87e-52c1-4dbc-b86c-4af2a056e842'); 
INSERT INTO rolePrivilege(roleIDFK, privilegeIDFK) values('43fe7d1c-5907-4076-a16d-8d50106596a2', '73d2d2aa-08ef-49d8-a2f0-77403afc926b'); 
INSERT INTO rolePrivilege(roleIDFK, privilegeIDFK) values('43fe7d1c-5907-4076-a16d-8d50106596a2', '7f17c492-1c51-486b-b93d-574344a5444d'); 
INSERT INTO rolePrivilege(roleIDFK, privilegeIDFK) values('43fe7d1c-5907-4076-a16d-8d50106596a2', 'f17c653a-7f14-4409-be92-34214e9e179d'); 
INSERT INTO rolePrivilege(roleIDFK, privilegeIDFK) values('43fe7d1c-5907-4076-a16d-8d50106596a2', 'a95f9fe7-63a6-4488-b169-963e2974644f'); 
INSERT INTO rolePrivilege(roleIDFK, privilegeIDFK) values('43fe7d1c-5907-4076-a16d-8d50106596a2', 'c85b9c1e-39b3-43fc-9481-4740e6f3c39a'); 
INSERT INTO rolePrivilege(roleIDFK, privilegeIDFK) values('43fe7d1c-5907-4076-a16d-8d50106596a2', 'b04ec3a4-b228-49ba-a9d7-4f0cd6290ef1'); 
INSERT INTO rolePrivilege(roleIDFK, privilegeIDFK) values('43fe7d1c-5907-4076-a16d-8d50106596a2', '0156be7f-be32-4f58-afa7-f8c68a635e0b'); 
INSERT INTO rolePrivilege(roleIDFK, privilegeIDFK) values('43fe7d1c-5907-4076-a16d-8d50106596a2', '9cce77f2-8e3f-4faa-a76f-cad4d32e0bdb'); 
INSERT INTO rolePrivilege(roleIDFK, privilegeIDFK) values('43fe7d1c-5907-4076-a16d-8d50106596a2', 'a3541584-94fb-40c6-94eb-8fdbc256af97'); 
INSERT INTO rolePrivilege(roleIDFK, privilegeIDFK) values('43fe7d1c-5907-4076-a16d-8d50106596a2', '76c602f9-8153-4d00-b619-4ebfa9e923b4'); 

INSERT INTO country(countryID, title) values('11bdc0d0-ca12-447b-a043-959dfd25c3d5', 'Mexico'); 
INSERT INTO country(countryID, title) values('50791fff-561b-4008-997c-85003651bc71', 'United States'); 
INSERT INTO country(countryID, title) values('e28d83f0-2f8d-4df1-8c93-e7e08b76db6d', 'Colombia'); 
INSERT INTO country(countryID, title) values('e8981527-c617-444c-bb48-83df0f61b9fc', 'Argentina'); 

INSERT INTO enterprise(enterpriseID, title) values('c1753d69-cba6-4e6d-a796-63e5121e2e94', 'Nuclea'); 
INSERT INTO enterprise(enterpriseID, title) values('1043a6bb-3065-45e9-91ba-cf1525fb54ea', 'ZigZag'); 
INSERT INTO enterprise(enterpriseID, title) values('b55d3862-26c3-4196-ba32-50d51a8584f3', 'WePage'); 
INSERT INTO enterprise(enterpriseID, title) values('d2621be3-1d6c-4b88-a3ba-b0c9008956e4', 'Maya'); 
INSERT INTO enterprise(enterpriseID, title) values('c72dba04-c64e-4c15-8c50-f8d72913a531', 'Moca'); 
INSERT INTO enterprise(enterpriseID, title) values('35ddbcc9-1494-4dd1-b731-702426718891', 'All'); 

INSERT INTO department(departmentID, enterpriseIDFK, title) values('fecd0c76-35ad-4891-a6d9-a114c93058f7', 'c1753d69-cba6-4e6d-a796-63e5121e2e94', 'Backend'); 
INSERT INTO department(departmentID, enterpriseIDFK, title) values('419cd192-9d45-456b-9705-554d211daf9a', 'c1753d69-cba6-4e6d-a796-63e5121e2e94', 'Frontend'); 
INSERT INTO department(departmentID, enterpriseIDFK, title) values('622676e1-fb4a-4db3-8eb3-94b3814466ed', 'c1753d69-cba6-4e6d-a796-63e5121e2e94', 'UX/UI'); 
INSERT INTO department(departmentID, enterpriseIDFK, title) values('ff87a269-40e7-49ff-8b20-a86c79f396a6', 'c1753d69-cba6-4e6d-a796-63e5121e2e94', 'Design'); 
INSERT INTO department(departmentID, enterpriseIDFK, title) values('fb1e3f6d-9e8b-4323-8ec8-19ddd9b798ba', 'c1753d69-cba6-4e6d-a796-63e5121e2e94', 'BAM'); 
INSERT INTO department(departmentID, enterpriseIDFK, title) values('76877774-86e2-4234-9968-b0abb45d045e', 'c1753d69-cba6-4e6d-a796-63e5121e2e94', 'Robotics'); 
INSERT INTO department(departmentID, enterpriseIDFK, title) values('d29eb141-a8da-4188-aefe-77ba5af1b407', '1043a6bb-3065-45e9-91ba-cf1525fb54ea', 'Copywritting'); 
INSERT INTO department(departmentID, enterpriseIDFK, title) values('af8297db-f69f-48b3-8bc7-b7305cc1c069', '1043a6bb-3065-45e9-91ba-cf1525fb54ea', 'Design'); 
INSERT INTO department(departmentID, enterpriseIDFK, title) values('ee8f1286-a19e-408b-b43f-f8718b5b827b', '1043a6bb-3065-45e9-91ba-cf1525fb54ea', 'Motion Graphics'); 
INSERT INTO department(departmentID, enterpriseIDFK, title) values('b0614bc7-1984-4324-a924-0323f8899371', 'b55d3862-26c3-4196-ba32-50d51a8584f3', 'Customer Success'); 
INSERT INTO department(departmentID, enterpriseIDFK, title) values('57d7ab63-0f3e-48d3-aa72-e22bf55bccbf', 'b55d3862-26c3-4196-ba32-50d51a8584f3', 'Design'); 
INSERT INTO department(departmentID, enterpriseIDFK, title) values('830ddb60-75fa-4a2d-b966-ddad111c451b', 'b55d3862-26c3-4196-ba32-50d51a8584f3', 'Sales'); 
INSERT INTO department(departmentID, enterpriseIDFK, title) values('1660c401-7c24-4109-977f-7e0f1e5a587a', 'd2621be3-1d6c-4b88-a3ba-b0c9008956e4', 'Devops'); 
INSERT INTO department(departmentID, enterpriseIDFK, title) values('306d8fcd-946a-4779-8577-8df62ee29e11', 'd2621be3-1d6c-4b88-a3ba-b0c9008956e4', 'Backend'); 
INSERT INTO department(departmentID, enterpriseIDFK, title) values('3210a588-6fb7-43d4-844d-144690c1ef55', 'd2621be3-1d6c-4b88-a3ba-b0c9008956e4', 'Blockchain Dev'); 
INSERT INTO department(departmentID, enterpriseIDFK, title) values('bd68ae37-fe3a-40ae-943e-5b25d74366fb', 'd2621be3-1d6c-4b88-a3ba-b0c9008956e4', 'Comms'); 
INSERT INTO department(departmentID, enterpriseIDFK, title) values('b3d1951f-715f-46dd-b8c6-ecf7d3f659f8', 'c72dba04-c64e-4c15-8c50-f8d72913a531', 'QA'); 
INSERT INTO department(departmentID, enterpriseIDFK, title) values('34e882c5-39d4-4e75-afa3-8f6295a76480', 'c72dba04-c64e-4c15-8c50-f8d72913a531', 'Devops'); 
INSERT INTO department(departmentID, enterpriseIDFK, title) values('a28adeee-0984-41cb-bbd1-4d4b6d635e0a', 'c72dba04-c64e-4c15-8c50-f8d72913a531', 'UX/UI'); 
INSERT INTO department(departmentID, enterpriseIDFK, title) values('9cd451a0-cf9e-4975-9d8e-70d7ee766149', 'c72dba04-c64e-4c15-8c50-f8d72913a531', 'Backend'); 
INSERT INTO department(departmentID, enterpriseIDFK, title) values('0623c61e-bf8e-4d47-9556-816ae86ec634', 'c72dba04-c64e-4c15-8c50-f8d72913a531', 'Frontend'); 
INSERT INTO department(departmentID, enterpriseIDFK, title) values('fe1364ef-4802-4857-a6e7-47a96c1825fe', 'c72dba04-c64e-4c15-8c50-f8d72913a531', 'Comms'); 
INSERT INTO department(departmentID, enterpriseIDFK, title) values('e78396d7-1be6-42f9-8f3e-ce7bcc81581d', '35ddbcc9-1494-4dd1-b731-702426718891', 'HR'); 
INSERT INTO department(departmentID, enterpriseIDFK, title) values('618f03db-2a66-44c2-9296-5c0397f67846', '35ddbcc9-1494-4dd1-b731-702426718891', 'Admin'); 
INSERT INTO department(departmentID, enterpriseIDFK, title) values('4d949540-a6f2-4888-b06f-7da69f03dd6d', '35ddbcc9-1494-4dd1-b731-702426718891', 'DS'); 

INSERT INTO user(userID, curp, rfc, birthName, surname, mail, passwd, passwdFlag, zipCode, houseNumber, streetName, colony, workModality, workStatus, userRoleIDFK, countryUserIDFK) VALUES('ca6644c4-66c9-46df-884f-20ed37f3e0e6', 'RURD0011MMSJSY22', 'RURD0011MMH4', 'David', 'Ruiz Rodríguez', 'wplaayr@outlook.com', '$2b$12$c.Zj5/1PciYqJbFcH3VxKOLhAbozT4Zcvb6zq4ofNo5h9KBk1fO.y', TRUE, 39653, '936.B', 'Calle Hidalgo', 'Colonia Jardines de Querétaro', 1, TRUE, '43fe7d1c-5907-4076-a16d-8d50106596a2', 'e28d83f0-2f8d-4df1-8c93-e7e08b76db6d');
INSERT INTO user(userID, curp, rfc, birthName, surname, mail, passwd, passwdFlag, zipCode, houseNumber, streetName, colony, workModality, workStatus, userRoleIDFK, countryUserIDFK) VALUES('eb4055c7-8c5e-48ab-bff1-800fdc7b3826', 'ROTP3316HHGYHB56', 'ROTP3316HHH3', 'Pedro', 'Rodríguez Torres', 'iuodkws@yahoo.com', '$2b$12$c.Zj5/1PciYqJbFcH3VxKOLhAbozT4Zcvb6zq4ofNo5h9KBk1fO.y', FALSE, 15682, '771.B', 'Calle de los Abetos', 'Colonia San José', 1, TRUE, '451dade0-12cc-4c63-9bbd-25f5dfc41d25', 'e28d83f0-2f8d-4df1-8c93-e7e08b76db6d');
INSERT INTO user(userID, curp, rfc, birthName, surname, mail, passwd, passwdFlag, zipCode, houseNumber, streetName, colony, workModality, workStatus, userRoleIDFK, countryUserIDFK) VALUES('9a0beaa8-91da-4446-8f9d-6522dd46ea53', 'GOJD01028MJCPVY74', 'GOJD01028ME1', 'David', 'González Jiménez', 'wjklousd@gmail.com', '$2b$12$c.Zj5/1PciYqJbFcH3VxKOLhAbozT4Zcvb6zq4ofNo5h9KBk1fO.y', TRUE, 15108, '662.A', 'Calle de la Estación', 'Colonia Santa Fe', 0, FALSE, 'b63fe756-4574-4eed-8d35-53a617347fe7', 'e8981527-c617-444c-bb48-83df0f61b9fc');
INSERT INTO user(userID, curp, rfc, birthName, surname, mail, passwd, passwdFlag, zipCode, houseNumber, streetName, colony, workModality, workStatus, userRoleIDFK, countryUserIDFK) VALUES('29ccff7f-685f-4607-a664-067fa763c553', 'TOGP2817HCMCJG28', 'TOGP2817HCQ6', 'Pedro', 'Torres González', 'kesphygfkcy@gmail.com', '$2b$12$c.Zj5/1PciYqJbFcH3VxKOLhAbozT4Zcvb6zq4ofNo5h9KBk1fO.y', FALSE, 31994, '248.A', 'Calle de la Esperanza', 'Colonia El Campanario', 1, TRUE, '43fe7d1c-5907-4076-a16d-8d50106596a2', 'e8981527-c617-444c-bb48-83df0f61b9fc');
INSERT INTO user(userID, curp, rfc, birthName, surname, mail, passwd, passwdFlag, zipCode, houseNumber, streetName, colony, workModality, workStatus, userRoleIDFK, countryUserIDFK) VALUES('3bc6e149-1904-4356-bb7d-569d7d2fd4a9', 'JIRB3916HGRQJF23', 'JIRB3916HGS5', 'Beatriz', 'Jiménez Rodríguez', 'yjrlxuflyr@yahoo.com', '$2b$12$c.Zj5/1PciYqJbFcH3VxKOLhAbozT4Zcvb6zq4ofNo5h9KBk1fO.y', TRUE, 36323, '574.B', 'Calle Corregidora', 'Colonia Las Águilas', 0, TRUE, '43fe7d1c-5907-4076-a16d-8d50106596a2', 'e8981527-c617-444c-bb48-83df0f61b9fc');
INSERT INTO user(userID, curp, rfc, birthName, surname, mail, passwd, passwdFlag, zipCode, houseNumber, streetName, colony, workModality, workStatus, userRoleIDFK, countryUserIDFK) VALUES('8974e0c6-8527-409a-9c67-82ec6af0d378', 'RUFA1615HCLFMA48', 'RUFA1615HCY4', 'Alberto', 'Ruiz Fernández', 'pikysjcf@outlook.com', '$2b$12$c.Zj5/1PciYqJbFcH3VxKOLhAbozT4Zcvb6zq4ofNo5h9KBk1fO.y', FALSE, 42733, '990.B', 'Calle del Carmen', 'Colonia El Laurel', 0, TRUE, 'b63fe756-4574-4eed-8d35-53a617347fe7', 'e8981527-c617-444c-bb48-83df0f61b9fc');
INSERT INTO user(userID, curp, rfc, birthName, surname, mail, passwd, passwdFlag, zipCode, houseNumber, streetName, colony, workModality, workStatus, userRoleIDFK, countryUserIDFK) VALUES('edbef5c1-b6b7-474e-82b9-0cdcc1049548', 'FERE259MMNNIV63', 'FERE259MMNL8', 'Enrique', 'Fernández Rodríguez', 'yrphkfnts@yahoo.com', '$2b$12$c.Zj5/1PciYqJbFcH3VxKOLhAbozT4Zcvb6zq4ofNo5h9KBk1fO.y', TRUE, 26905, '344.A', 'Calle Hidalgo', 'Colonia Nuevo Milenio', 2, FALSE, '451dade0-12cc-4c63-9bbd-25f5dfc41d25', '11bdc0d0-ca12-447b-a043-959dfd25c3d5');
INSERT INTO user(userID, curp, rfc, birthName, surname, mail, passwd, passwdFlag, zipCode, houseNumber, streetName, colony, workModality, workStatus, userRoleIDFK, countryUserIDFK) VALUES('84c14d4c-1750-472f-8021-b7f7e01bb767', 'TOHI0810HCSDDB41', 'TOHI0810HCQ0', 'Isabel', 'Torres Hernández', 'essyibwapprlf@nuclea.solutions', '$2b$12$c.Zj5/1PciYqJbFcH3VxKOLhAbozT4Zcvb6zq4ofNo5h9KBk1fO.y', TRUE, 29244, '517.B', 'Calle del Sol', 'Colonia El Laurel', 2, TRUE, 'b63fe756-4574-4eed-8d35-53a617347fe7', '50791fff-561b-4008-997c-85003651bc71');
INSERT INTO user(userID, curp, rfc, birthName, surname, mail, passwd, passwdFlag, zipCode, houseNumber, streetName, colony, workModality, workStatus, userRoleIDFK, countryUserIDFK) VALUES('513792cc-f4e9-4f9b-8e46-17a6a8847969', 'JIJF194MQTOHH53', 'JIJF194MQTL8', 'Francisco', 'Jiménez Jiménez', 'ijalkyu@gmail.com', '$2b$12$c.Zj5/1PciYqJbFcH3VxKOLhAbozT4Zcvb6zq4ofNo5h9KBk1fO.y', FALSE, 41184, '546.C', 'Calle del Sol', 'Colonia Valle Verde', 2, TRUE, 'b63fe756-4574-4eed-8d35-53a617347fe7', 'e28d83f0-2f8d-4df1-8c93-e7e08b76db6d');
INSERT INTO user(userID, curp, rfc, birthName, surname, mail, passwd, passwdFlag, zipCode, houseNumber, streetName, colony, workModality, workStatus, userRoleIDFK, countryUserIDFK) VALUES('950c231b-70e7-4d2c-88f8-8dd2e53a04f8', 'TOHF3711MCLRXJ82', 'TOHF3711MCQ6', 'Francisco', 'Torres Hernández', 'hmiwjfllb@nuclea.solutions', '$2b$12$c.Zj5/1PciYqJbFcH3VxKOLhAbozT4Zcvb6zq4ofNo5h9KBk1fO.y', TRUE, 23739, '119.C', 'Avenida de la Solidaridad', 'Colonia El Laurel', 1, TRUE, '43fe7d1c-5907-4076-a16d-8d50106596a2', '11bdc0d0-ca12-447b-a043-959dfd25c3d5');
INSERT INTO user(userID, curp, rfc, birthName, surname, mail, passwd, passwdFlag, zipCode, houseNumber, streetName, colony, workModality, workStatus, userRoleIDFK, countryUserIDFK) VALUES('279d1bb1-adb1-4bdd-966a-26bc8c9965d3', 'ROGI4511MCMOEE19', 'ROGI4511MCE7', 'Isabel', 'Rodríguez González', 'rkpcxxfafsc@nuclea.solutions', '$2b$12$c.Zj5/1PciYqJbFcH3VxKOLhAbozT4Zcvb6zq4ofNo5h9KBk1fO.y', TRUE, 38111, '703.A', 'Avenida de la Libertad', 'Colonia Centro', 0, TRUE, '43fe7d1c-5907-4076-a16d-8d50106596a2', '50791fff-561b-4008-997c-85003651bc71');
INSERT INTO user(userID, curp, rfc, birthName, surname, mail, passwd, passwdFlag, zipCode, houseNumber, streetName, colony, workModality, workStatus, userRoleIDFK, countryUserIDFK) VALUES('2397938a-10af-40c4-b026-c5d8ffda0637', 'JIHR322MTLKHH98', 'JIHR322MTLK5', 'Rafael', 'Jiménez Hernández', 'fxaxctr@nuclea.solutions', '$2b$12$c.Zj5/1PciYqJbFcH3VxKOLhAbozT4Zcvb6zq4ofNo5h9KBk1fO.y', TRUE, 28248, '961.A', 'Calle del Carmen', 'Colonia Las Águilas', 1, FALSE, '451dade0-12cc-4c63-9bbd-25f5dfc41d25', '11bdc0d0-ca12-447b-a043-959dfd25c3d5');
INSERT INTO user(userID, curp, rfc, birthName, surname, mail, passwd, passwdFlag, zipCode, houseNumber, streetName, colony, workModality, workStatus, userRoleIDFK, countryUserIDFK) VALUES('42058908-1739-4235-b2bb-13e786456659', 'FERD0101HNLAMK14', 'FERD0101HND3', 'David', 'Fernández Rodríguez', 'teodvcbeuwceb@outlook.com', '$2b$12$c.Zj5/1PciYqJbFcH3VxKOLhAbozT4Zcvb6zq4ofNo5h9KBk1fO.y', FALSE, 13280, '959.B', 'Avenida Universidad', 'Colonia Jardines de Querétaro', 1, FALSE, '43fe7d1c-5907-4076-a16d-8d50106596a2', '50791fff-561b-4008-997c-85003651bc71');
INSERT INTO user(userID, curp, rfc, birthName, surname, mail, passwd, passwdFlag, zipCode, houseNumber, streetName, colony, workModality, workStatus, userRoleIDFK, countryUserIDFK) VALUES('a45e62af-e659-48f3-9c72-ed3b43c22e1e', 'JIMM4218HSRUWV33', 'JIMM4218HSD6', 'María', 'Jiménez Martínez', 'okfmoxec@gmail.com', '$2b$12$c.Zj5/1PciYqJbFcH3VxKOLhAbozT4Zcvb6zq4ofNo5h9KBk1fO.y', TRUE, 25617, '781.B', 'Calle 5 de Febrero', 'Colonia Morelos', 2, TRUE, 'b63fe756-4574-4eed-8d35-53a617347fe7', 'e28d83f0-2f8d-4df1-8c93-e7e08b76db6d');
INSERT INTO user(userID, curp, rfc, birthName, surname, mail, passwd, passwdFlag, zipCode, houseNumber, streetName, colony, workModality, workStatus, userRoleIDFK, countryUserIDFK) VALUES('248d076c-f2af-4d30-b57a-df815eec81f3', 'GORJ2221HTCVOW79', 'GORJ2221HTX9', 'Juan', 'González Rodríguez', 'hjmbvgn@yahoo.com', '$2b$12$c.Zj5/1PciYqJbFcH3VxKOLhAbozT4Zcvb6zq4ofNo5h9KBk1fO.y', TRUE, 29336, '739.B', 'Calle de la Santa Cruz', 'Colonia del Sol', 2, FALSE, 'b63fe756-4574-4eed-8d35-53a617347fe7', 'e28d83f0-2f8d-4df1-8c93-e7e08b76db6d');
INSERT INTO user(userID, curp, rfc, birthName, surname, mail, passwd, passwdFlag, zipCode, houseNumber, streetName, colony, workModality, workStatus, userRoleIDFK, countryUserIDFK) VALUES('3c7437db-913d-41c6-b6d9-476a2a1f8f84', 'JIHA1025MJCIYE23', 'JIHA1025MJH0', 'Ana', 'Jiménez Hernández', 'dgxwegxvl@nuclea.solutions', '$2b$12$c.Zj5/1PciYqJbFcH3VxKOLhAbozT4Zcvb6zq4ofNo5h9KBk1fO.y', TRUE, 28404, '946.C', 'Calle del Carmen', 'Colonia La Pradera', 0, FALSE, '43fe7d1c-5907-4076-a16d-8d50106596a2', '11bdc0d0-ca12-447b-a043-959dfd25c3d5');
INSERT INTO user(userID, curp, rfc, birthName, surname, mail, passwd, passwdFlag, zipCode, houseNumber, streetName, colony, workModality, workStatus, userRoleIDFK, countryUserIDFK) VALUES('72278567-81e4-4526-b5b1-b10c9afed9a5', 'RUHF4110HGTPWH55', 'RUHF4110HGP1', 'Francisco', 'Ruiz Hernández', 'wotgdtbv@yahoo.com', '$2b$12$c.Zj5/1PciYqJbFcH3VxKOLhAbozT4Zcvb6zq4ofNo5h9KBk1fO.y', FALSE, 32478, '850.B', 'Calle 5 de Febrero', 'Colonia Reforma', 2, TRUE, '43fe7d1c-5907-4076-a16d-8d50106596a2', '50791fff-561b-4008-997c-85003651bc71');
INSERT INTO user(userID, curp, rfc, birthName, surname, mail, passwd, passwdFlag, zipCode, houseNumber, streetName, colony, workModality, workStatus, userRoleIDFK, countryUserIDFK) VALUES('ef17ec72-ff6c-42ca-9689-19e14d2fc831', 'GOGA0923MSRRRX62', 'GOGA0923MSN2', 'Ana', 'González González', 'fckgvytsthpi@nuclea.solutions', '$2b$12$c.Zj5/1PciYqJbFcH3VxKOLhAbozT4Zcvb6zq4ofNo5h9KBk1fO.y', TRUE, 38956, '956.A', 'Avenida de la Constitución', 'Colonia Los Ángeles', 2, FALSE, '451dade0-12cc-4c63-9bbd-25f5dfc41d25', '11bdc0d0-ca12-447b-a043-959dfd25c3d5');
INSERT INTO user(userID, curp, rfc, birthName, surname, mail, passwd, passwdFlag, zipCode, houseNumber, streetName, colony, workModality, workStatus, userRoleIDFK, countryUserIDFK) VALUES('3dc312b1-a6ff-49ea-aa1f-15e1e06e155b', 'ROMJ184HTLHWN47', 'ROMJ184HTLV3', 'Juan', 'Rodríguez Martínez', 'xlljroe@gmail.com', '$2b$12$c.Zj5/1PciYqJbFcH3VxKOLhAbozT4Zcvb6zq4ofNo5h9KBk1fO.y', TRUE, 26990, '301.C', 'Calle de la Virgen', 'Colonia Nuevo Milenio', 0, FALSE, 'b63fe756-4574-4eed-8d35-53a617347fe7', '11bdc0d0-ca12-447b-a043-959dfd25c3d5');
INSERT INTO user(userID, curp, rfc, birthName, surname, mail, passwd, passwdFlag, zipCode, houseNumber, streetName, colony, workModality, workStatus, userRoleIDFK, countryUserIDFK) VALUES('8bd5c82d-31bf-42b0-a5ae-c903a9e809be', 'GOHP0104HSLCSS81', 'GOHP0104HSH2', 'Pedro', 'González Hernández', 'jccmxdwhtw@yahoo.com', '$2b$12$c.Zj5/1PciYqJbFcH3VxKOLhAbozT4Zcvb6zq4ofNo5h9KBk1fO.y', FALSE, 26103, '540.A', 'Avenida de la Libertad', 'Colonia Los Ángeles', 0, TRUE, '43fe7d1c-5907-4076-a16d-8d50106596a2', 'e28d83f0-2f8d-4df1-8c93-e7e08b76db6d');
INSERT INTO user(userID, curp, rfc, birthName, surname, mail, passwd, passwdFlag, zipCode, houseNumber, streetName, colony, workModality, workStatus, userRoleIDFK, countryUserIDFK) VALUES('ce9fc010-b4f9-48f5-927f-5a14b5561561', 'TOGJ2422HSLMFP24', 'TOGJ2422HSW6', 'José', 'Torres González', 'susmpfmdux@gmail.com', '$2b$12$c.Zj5/1PciYqJbFcH3VxKOLhAbozT4Zcvb6zq4ofNo5h9KBk1fO.y', FALSE, 29567, '93.A', 'Calle 5 de Febrero', 'Colonia El Mirador', 2, FALSE, '451dade0-12cc-4c63-9bbd-25f5dfc41d25', 'e28d83f0-2f8d-4df1-8c93-e7e08b76db6d');
INSERT INTO user(userID, curp, rfc, birthName, surname, mail, passwd, passwdFlag, zipCode, houseNumber, streetName, colony, workModality, workStatus, userRoleIDFK, countryUserIDFK) VALUES('791b8aeb-abf8-4697-b4ec-89153c91a1f6', 'RUTJ4624HBSOLY97', 'RUTJ4624HBT5', 'José', 'Ruiz Torres', 'xrrqcqnv@yahoo.com', '$2b$12$c.Zj5/1PciYqJbFcH3VxKOLhAbozT4Zcvb6zq4ofNo5h9KBk1fO.y', FALSE, 18274, '922.C', 'Avenida de la Constitución', 'Colonia Lomas de Querétaro', 2, FALSE, '43fe7d1c-5907-4076-a16d-8d50106596a2', '11bdc0d0-ca12-447b-a043-959dfd25c3d5');
INSERT INTO user(userID, curp, rfc, birthName, surname, mail, passwd, passwdFlag, zipCode, houseNumber, streetName, colony, workModality, workStatus, userRoleIDFK, countryUserIDFK) VALUES('fd661249-1ea1-4542-814f-b6c0123d0ba5', 'FEMA01123MBCQHN74', 'FEMA01123MX7', 'Alberto', 'Fernández Moreno', 'uuqbbxx@yahoo.com', '$2b$12$c.Zj5/1PciYqJbFcH3VxKOLhAbozT4Zcvb6zq4ofNo5h9KBk1fO.y', FALSE, 27523, '362.B', 'Avenida de la Constitución', 'Colonia Santa Fe', 0, FALSE, '451dade0-12cc-4c63-9bbd-25f5dfc41d25', '11bdc0d0-ca12-447b-a043-959dfd25c3d5');
INSERT INTO user(userID, curp, rfc, birthName, surname, mail, passwd, passwdFlag, zipCode, houseNumber, streetName, colony, workModality, workStatus, userRoleIDFK, countryUserIDFK) VALUES('91b66437-998f-4d62-a315-0f6214aad4c4', 'TOMR340HZSXCC67', 'TOMR340HZSX1', 'Roberto', 'Torres Moreno', 'txoryiulvcmp@outlook.com', '$2b$12$c.Zj5/1PciYqJbFcH3VxKOLhAbozT4Zcvb6zq4ofNo5h9KBk1fO.y', FALSE, 24297, '446.C', 'Avenida de la Luz', 'Colonia Las Águilas', 1, TRUE, '451dade0-12cc-4c63-9bbd-25f5dfc41d25', '11bdc0d0-ca12-447b-a043-959dfd25c3d5');
INSERT INTO user(userID, curp, rfc, birthName, surname, mail, passwd, passwdFlag, zipCode, houseNumber, streetName, colony, workModality, workStatus, userRoleIDFK, countryUserIDFK) VALUES('6fa73afe-aa68-4ab1-96df-89a6705da7cb', 'MAFR2109MVZFOD37', 'MAFR2109MVP9', 'Rafael', 'Martínez Fernández', 'ajmrqej@gmail.com', '$2b$12$c.Zj5/1PciYqJbFcH3VxKOLhAbozT4Zcvb6zq4ofNo5h9KBk1fO.y', FALSE, 30744, '514.B', 'Calle de la Corregidora', 'Colonia del Sol', 1, TRUE, 'b63fe756-4574-4eed-8d35-53a617347fe7', 'e8981527-c617-444c-bb48-83df0f61b9fc');
INSERT INTO user(userID, curp, rfc, birthName, surname, mail, passwd, passwdFlag, zipCode, houseNumber, streetName, colony, workModality, workStatus, userRoleIDFK, countryUserIDFK) VALUES('d3986e31-055e-485a-a27e-3eb41db5ea04', 'FETE0116HTLIRK36', 'FETE0116HTX9', 'Elena', 'Fernández Torres', 'nnhcvrpcsuic@yahoo.com', '$2b$12$c.Zj5/1PciYqJbFcH3VxKOLhAbozT4Zcvb6zq4ofNo5h9KBk1fO.y', TRUE, 36075, '303.C', 'Calle de los Pinos', 'Colonia Santa Rosa', 0, TRUE, 'b63fe756-4574-4eed-8d35-53a617347fe7', 'e8981527-c617-444c-bb48-83df0f61b9fc');
INSERT INTO user(userID, curp, rfc, birthName, surname, mail, passwd, passwdFlag, zipCode, houseNumber, streetName, colony, workModality, workStatus, userRoleIDFK, countryUserIDFK) VALUES('3a083e2c-63a5-4c2f-be2f-711b80124758', 'GOJJ2314HQTJVL64', 'GOJJ2314HQC5', 'Javier', 'González Jiménez', 'rxjulkpkjqbb@outlook.com', '$2b$12$c.Zj5/1PciYqJbFcH3VxKOLhAbozT4Zcvb6zq4ofNo5h9KBk1fO.y', FALSE, 39295, '181.B', 'Calle Zaragoza', 'Colonia Reforma', 0, TRUE, '43fe7d1c-5907-4076-a16d-8d50106596a2', '50791fff-561b-4008-997c-85003651bc71');
INSERT INTO user(userID, curp, rfc, birthName, surname, mail, passwd, passwdFlag, zipCode, houseNumber, streetName, colony, workModality, workStatus, userRoleIDFK, countryUserIDFK) VALUES('9137a27a-1e5c-40dd-b0b8-870f0c0a20db', 'RUFJ036HYNPFX42', 'RUFJ036HYNI8', 'Juan', 'Ruiz Fernández', 'afrqrbocvyv@yahoo.com', '$2b$12$c.Zj5/1PciYqJbFcH3VxKOLhAbozT4Zcvb6zq4ofNo5h9KBk1fO.y', TRUE, 19584, '656.C', 'Avenida de la Libertad', 'Colonia Jardines de Querétaro', 0, FALSE, 'b63fe756-4574-4eed-8d35-53a617347fe7', 'e28d83f0-2f8d-4df1-8c93-e7e08b76db6d');
INSERT INTO user(userID, curp, rfc, birthName, surname, mail, passwd, passwdFlag, zipCode, houseNumber, streetName, colony, workModality, workStatus, userRoleIDFK, countryUserIDFK) VALUES('0fd50711-832e-4abf-8347-3c4bc513e858', 'ROGP41125HDGTMD10', 'ROGP41125HN6', 'Pedro', 'Rodríguez González', 'unkaqwuk@yahoo.com', '$2b$12$c.Zj5/1PciYqJbFcH3VxKOLhAbozT4Zcvb6zq4ofNo5h9KBk1fO.y', TRUE, 37059, '727.A', 'Calle de la Merced', 'Colonia Santa Fe', 2, TRUE, '451dade0-12cc-4c63-9bbd-25f5dfc41d25', 'e28d83f0-2f8d-4df1-8c93-e7e08b76db6d');
INSERT INTO user(userID, curp, rfc, birthName, surname, mail, passwd, passwdFlag, zipCode, houseNumber, streetName, colony, workModality, workStatus, userRoleIDFK, countryUserIDFK) VALUES('8256cc46-3582-4e50-b85b-517cc5c0b9c0', 'MAMP2625HBSTRR42', 'MAMP2625HBK3', 'Pedro', 'Martínez Moreno', 'iseppmo@yahoo.com', '$2b$12$c.Zj5/1PciYqJbFcH3VxKOLhAbozT4Zcvb6zq4ofNo5h9KBk1fO.y', FALSE, 24374, '568.C', 'Calle de la Amistad', 'Colonia La Pradera', 2, FALSE, '43fe7d1c-5907-4076-a16d-8d50106596a2', '11bdc0d0-ca12-447b-a043-959dfd25c3d5');
INSERT INTO user(userID, curp, rfc, birthName, surname, mail, passwd, passwdFlag, zipCode, houseNumber, streetName, colony, workModality, workStatus, userRoleIDFK, countryUserIDFK) VALUES('c565fef9-25fa-40b0-a5c3-67b589880a35', 'ROJP413HJCIHY76', 'ROJP413HJCM5', 'Pedro', 'Rodríguez Jiménez', 'uddmrqqgsuo@nuclea.solutions', '$2b$12$c.Zj5/1PciYqJbFcH3VxKOLhAbozT4Zcvb6zq4ofNo5h9KBk1fO.y', FALSE, 12507, '276.B', 'Calle de la Paz', 'Colonia Jardines de Querétaro', 2, TRUE, 'b63fe756-4574-4eed-8d35-53a617347fe7', '11bdc0d0-ca12-447b-a043-959dfd25c3d5');
INSERT INTO user(userID, curp, rfc, birthName, surname, mail, passwd, passwdFlag, zipCode, houseNumber, streetName, colony, workModality, workStatus, userRoleIDFK, countryUserIDFK) VALUES('716a24f6-af68-4584-af28-42108401aa3b', 'RURA481HASOFV41', 'RURA481HASV8', 'Antonio', 'Ruiz Rodríguez', 'qosglbxu@gmail.com', '$2b$12$c.Zj5/1PciYqJbFcH3VxKOLhAbozT4Zcvb6zq4ofNo5h9KBk1fO.y', FALSE, 10159, '174.C', 'Calle Allende', 'Colonia Reforma', 0, FALSE, '43fe7d1c-5907-4076-a16d-8d50106596a2', '11bdc0d0-ca12-447b-a043-959dfd25c3d5');
INSERT INTO user(userID, curp, rfc, birthName, surname, mail, passwd, passwdFlag, zipCode, houseNumber, streetName, colony, workModality, workStatus, userRoleIDFK, countryUserIDFK) VALUES('8861eb81-d199-4990-a8c8-2119d7a16810', 'ROFB1112MMSQTX85', 'ROFB1112MML9', 'Beatriz', 'Rodríguez Fernández', 'amfbktmn@gmail.com', '$2b$12$c.Zj5/1PciYqJbFcH3VxKOLhAbozT4Zcvb6zq4ofNo5h9KBk1fO.y', FALSE, 37200, '25.B', 'Calle de los Cedros', 'Colonia San José', 0, TRUE, '451dade0-12cc-4c63-9bbd-25f5dfc41d25', 'e8981527-c617-444c-bb48-83df0f61b9fc');
INSERT INTO user(userID, curp, rfc, birthName, surname, mail, passwd, passwdFlag, zipCode, houseNumber, streetName, colony, workModality, workStatus, userRoleIDFK, countryUserIDFK) VALUES('74e6c4fc-8e1c-46e7-a686-b91cb68f3eee', 'MAMB187HOCTVE98', 'MAMB187HOCK7', 'Beatriz', 'Martínez Martínez', 'afrenss@yahoo.com', '$2b$12$c.Zj5/1PciYqJbFcH3VxKOLhAbozT4Zcvb6zq4ofNo5h9KBk1fO.y', TRUE, 19550, '863.B', 'Avenida de la Solidaridad', 'Colonia Los Ángeles', 0, FALSE, '43fe7d1c-5907-4076-a16d-8d50106596a2', '11bdc0d0-ca12-447b-a043-959dfd25c3d5');
INSERT INTO user(userID, curp, rfc, birthName, surname, mail, passwd, passwdFlag, zipCode, houseNumber, streetName, colony, workModality, workStatus, userRoleIDFK, countryUserIDFK) VALUES('9382325f-0e8e-4b3b-b238-d3b0fba57a2c', 'MOHM179HHGWFP71', 'MOHM179HHGL5', 'María', 'Moreno Hernández', 'knmrwnpnupvj@outlook.com', '$2b$12$c.Zj5/1PciYqJbFcH3VxKOLhAbozT4Zcvb6zq4ofNo5h9KBk1fO.y', FALSE, 18227, '824.B', 'Avenida de la Constitución', 'Colonia Jardines de Querétaro', 2, TRUE, 'b63fe756-4574-4eed-8d35-53a617347fe7', '50791fff-561b-4008-997c-85003651bc71');
INSERT INTO user(userID, curp, rfc, birthName, surname, mail, passwd, passwdFlag, zipCode, houseNumber, streetName, colony, workModality, workStatus, userRoleIDFK, countryUserIDFK) VALUES('d5230dc1-7e2e-4a53-9b14-a82243a7d720', 'TOHS4615HSRRUI21', 'TOHS4615HSA9', 'Susana', 'Torres Hernández', 'lgtgrxldtal@outlook.com', '$2b$12$c.Zj5/1PciYqJbFcH3VxKOLhAbozT4Zcvb6zq4ofNo5h9KBk1fO.y', FALSE, 40599, '223.A', 'Calle Juárez', 'Colonia Valle Verde', 2, FALSE, '43fe7d1c-5907-4076-a16d-8d50106596a2', 'e28d83f0-2f8d-4df1-8c93-e7e08b76db6d');
INSERT INTO user(userID, curp, rfc, birthName, surname, mail, passwd, passwdFlag, zipCode, houseNumber, streetName, colony, workModality, workStatus, userRoleIDFK, countryUserIDFK) VALUES('00e384b3-2159-49d0-baff-d25fd97c0cde', 'JITP366MQRGBV68', 'JITP366MQRG9', 'Pedro', 'Jiménez Torres', 'eedenarmpxoem@nuclea.solutions', '$2b$12$c.Zj5/1PciYqJbFcH3VxKOLhAbozT4Zcvb6zq4ofNo5h9KBk1fO.y', TRUE, 22618, '839.A', 'Calle de la Esperanza', 'Colonia Santa Rosa', 1, TRUE, '43fe7d1c-5907-4076-a16d-8d50106596a2', 'e8981527-c617-444c-bb48-83df0f61b9fc');
INSERT INTO user(userID, curp, rfc, birthName, surname, mail, passwd, passwdFlag, zipCode, houseNumber, streetName, colony, workModality, workStatus, userRoleIDFK, countryUserIDFK) VALUES('046803ce-c44a-42ff-b81b-7a37a6d875f6', 'FEFB41119MTCEPC97', 'FEFB41119MR1', 'Beatriz', 'Fernández Fernández', 'iqmxqrwjacf@nuclea.solutions', '$2b$12$c.Zj5/1PciYqJbFcH3VxKOLhAbozT4Zcvb6zq4ofNo5h9KBk1fO.y', TRUE, 15568, '1.C', 'Calle de la Luna', 'Colonia del Sol', 2, TRUE, '43fe7d1c-5907-4076-a16d-8d50106596a2', '50791fff-561b-4008-997c-85003651bc71');
INSERT INTO user(userID, curp, rfc, birthName, surname, mail, passwd, passwdFlag, zipCode, houseNumber, streetName, colony, workModality, workStatus, userRoleIDFK, countryUserIDFK) VALUES('9b9664ae-e27e-4ffd-a275-63528e32eeb6', 'RUMP3126MTLQGB62', 'RUMP3126MTE3', 'Patricia', 'Ruiz Martínez', 'wkudppqruvm@outlook.com', '$2b$12$c.Zj5/1PciYqJbFcH3VxKOLhAbozT4Zcvb6zq4ofNo5h9KBk1fO.y', TRUE, 12901, '431.A', 'Calle Juárez', 'Colonia Santa Rosa', 2, TRUE, '43fe7d1c-5907-4076-a16d-8d50106596a2', 'e28d83f0-2f8d-4df1-8c93-e7e08b76db6d');
INSERT INTO user(userID, curp, rfc, birthName, surname, mail, passwd, passwdFlag, zipCode, houseNumber, streetName, colony, workModality, workStatus, userRoleIDFK, countryUserIDFK) VALUES('281c551e-5910-41fc-b369-aaec083a82c1', 'MARP41118HZSFCK57', 'MARP41118HW9', 'Pedro', 'Martínez Rodríguez', 'carddcsipn@outlook.com', '$2b$12$c.Zj5/1PciYqJbFcH3VxKOLhAbozT4Zcvb6zq4ofNo5h9KBk1fO.y', FALSE, 17731, '565.B', 'Calle de los Naranjos', 'Colonia Emiliano Zapata', 0, FALSE, 'b63fe756-4574-4eed-8d35-53a617347fe7', '11bdc0d0-ca12-447b-a043-959dfd25c3d5');
INSERT INTO user(userID, curp, rfc, birthName, surname, mail, passwd, passwdFlag, zipCode, houseNumber, streetName, colony, workModality, workStatus, userRoleIDFK, countryUserIDFK) VALUES('c170819e-487c-4828-9f56-0eb93483c718', 'HEHR0614HMNAVA16', 'HEHR0614HMD9', 'Roberto', 'Hernández Hernández', 'hsatwte@yahoo.com', '$2b$12$c.Zj5/1PciYqJbFcH3VxKOLhAbozT4Zcvb6zq4ofNo5h9KBk1fO.y', TRUE, 17212, '916.B', 'Calle Juárez', 'Colonia Los Ángeles', 2, TRUE, 'b63fe756-4574-4eed-8d35-53a617347fe7', 'e8981527-c617-444c-bb48-83df0f61b9fc');
INSERT INTO user(userID, curp, rfc, birthName, surname, mail, passwd, passwdFlag, zipCode, houseNumber, streetName, colony, workModality, workStatus, userRoleIDFK, countryUserIDFK) VALUES('9a8cd2dd-93a0-4d2c-9ce9-18760bf430c8', 'FERM251HSLUOU91', 'FERM251HSLI6', 'María', 'Fernández Ruiz', 'fwokjdg@outlook.com', '$2b$12$c.Zj5/1PciYqJbFcH3VxKOLhAbozT4Zcvb6zq4ofNo5h9KBk1fO.y', FALSE, 12216, '533.A', 'Calle de la Paz', 'Colonia La Pradera', 1, FALSE, 'b63fe756-4574-4eed-8d35-53a617347fe7', '50791fff-561b-4008-997c-85003651bc71');
INSERT INTO user(userID, curp, rfc, birthName, surname, mail, passwd, passwdFlag, zipCode, houseNumber, streetName, colony, workModality, workStatus, userRoleIDFK, countryUserIDFK) VALUES('6bd3b37d-d0ef-4c88-b8e0-6f1eef105f0f', 'RUFL363MCMORR68', 'RUFL363MCMC2', 'Laura', 'Ruiz Fernández', 'ilpvyrxoqp@yahoo.com', '$2b$12$c.Zj5/1PciYqJbFcH3VxKOLhAbozT4Zcvb6zq4ofNo5h9KBk1fO.y', TRUE, 12485, '172.B', 'Avenida de la Constitución', 'Colonia Santa Rosa', 2, FALSE, 'b63fe756-4574-4eed-8d35-53a617347fe7', '50791fff-561b-4008-997c-85003651bc71');
INSERT INTO user(userID, curp, rfc, birthName, surname, mail, passwd, passwdFlag, zipCode, houseNumber, streetName, colony, workModality, workStatus, userRoleIDFK, countryUserIDFK) VALUES('757da6d8-ed9f-437a-bf45-62ee500f527a', 'RORL089MDGHQT49', 'RORL089MDGU2', 'Laura', 'Rodríguez Rodríguez', 'rlwwmqagwg@yahoo.com', '$2b$12$c.Zj5/1PciYqJbFcH3VxKOLhAbozT4Zcvb6zq4ofNo5h9KBk1fO.y', FALSE, 41441, '568.B', 'Calle Zaragoza', 'Colonia Centro', 0, TRUE, '451dade0-12cc-4c63-9bbd-25f5dfc41d25', 'e8981527-c617-444c-bb48-83df0f61b9fc');
INSERT INTO user(userID, curp, rfc, birthName, surname, mail, passwd, passwdFlag, zipCode, houseNumber, streetName, colony, workModality, workStatus, userRoleIDFK, countryUserIDFK) VALUES('6c49760f-97f2-4cbf-85f5-cf70b4650964', 'TORF341HCSVPC60', 'TORF341HCSX9', 'Francisco', 'Torres Ruiz', 'eloyddal@outlook.com', '$2b$12$c.Zj5/1PciYqJbFcH3VxKOLhAbozT4Zcvb6zq4ofNo5h9KBk1fO.y', TRUE, 18129, '791.C', 'Calle de la Luna', 'Colonia Jardines de Querétaro', 2, TRUE, 'b63fe756-4574-4eed-8d35-53a617347fe7', '11bdc0d0-ca12-447b-a043-959dfd25c3d5');
INSERT INTO user(userID, curp, rfc, birthName, surname, mail, passwd, passwdFlag, zipCode, houseNumber, streetName, colony, workModality, workStatus, userRoleIDFK, countryUserIDFK) VALUES('03d6c669-1a6a-4ea6-b000-b8c6f0a46246', 'MOTL387HPLCJM84', 'MOTL387HPLF0', 'Laura', 'Moreno Torres', 'disklhhhfl@gmail.com', '$2b$12$c.Zj5/1PciYqJbFcH3VxKOLhAbozT4Zcvb6zq4ofNo5h9KBk1fO.y', FALSE, 17839, '640.C', 'Calle de la Virgen', 'Colonia Santa Fe', 1, TRUE, 'b63fe756-4574-4eed-8d35-53a617347fe7', 'e28d83f0-2f8d-4df1-8c93-e7e08b76db6d');
INSERT INTO user(userID, curp, rfc, birthName, surname, mail, passwd, passwdFlag, zipCode, houseNumber, streetName, colony, workModality, workStatus, userRoleIDFK, countryUserIDFK) VALUES('c91e0f5a-5250-4536-b118-4f991aed2559', 'JITM016MDGYTK92', 'JITM016MDGN8', 'Mercedes', 'Jiménez Torres', 'qjdfmfpnt@gmail.com', '$2b$12$c.Zj5/1PciYqJbFcH3VxKOLhAbozT4Zcvb6zq4ofNo5h9KBk1fO.y', TRUE, 41943, '923.A', 'Calle de la Paz', 'Colonia Lomas de Querétaro', 0, TRUE, '43fe7d1c-5907-4076-a16d-8d50106596a2', '50791fff-561b-4008-997c-85003651bc71');
INSERT INTO user(userID, curp, rfc, birthName, surname, mail, passwd, passwdFlag, zipCode, houseNumber, streetName, colony, workModality, workStatus, userRoleIDFK, countryUserIDFK) VALUES('b0a59af1-39aa-482b-9a15-7f208f805e62', 'JIGS040MJCYWU18', 'JIGS040MJCV8', 'Susana', 'Jiménez González', 'jawcggjrqy@outlook.com', '$2b$12$c.Zj5/1PciYqJbFcH3VxKOLhAbozT4Zcvb6zq4ofNo5h9KBk1fO.y', TRUE, 11854, '236.C', 'Calle de la Corregidora', 'Colonia Valle Verde', 0, FALSE, '451dade0-12cc-4c63-9bbd-25f5dfc41d25', 'e28d83f0-2f8d-4df1-8c93-e7e08b76db6d');
INSERT INTO user(userID, curp, rfc, birthName, surname, mail, passwd, passwdFlag, zipCode, houseNumber, streetName, colony, workModality, workStatus, userRoleIDFK, countryUserIDFK) VALUES('51d5159e-16a2-45a7-9e65-7e9dee1c9f9c', 'JIHJ1629MZSOSU88', 'JIHJ1629MZH0', 'Javier', 'Jiménez Hernández', 'clykphatae@nuclea.solutions', '$2b$12$c.Zj5/1PciYqJbFcH3VxKOLhAbozT4Zcvb6zq4ofNo5h9KBk1fO.y', FALSE, 30046, '973.C', 'Avenida Revolución', 'Colonia Reforma', 0, TRUE, '43fe7d1c-5907-4076-a16d-8d50106596a2', '11bdc0d0-ca12-447b-a043-959dfd25c3d5');
INSERT INTO user(userID, curp, rfc, birthName, surname, mail, passwd, passwdFlag, zipCode, houseNumber, streetName, colony, workModality, workStatus, userRoleIDFK, countryUserIDFK) VALUES('166db528-59d6-4b4b-b3c2-2ed494eeff9f', 'RUMP01128HCSTUV76', 'RUMP01128HP0', 'Pedro', 'Ruiz Moreno', 'gsmkgfwrlmsm@yahoo.com', '$2b$12$c.Zj5/1PciYqJbFcH3VxKOLhAbozT4Zcvb6zq4ofNo5h9KBk1fO.y', TRUE, 15790, '493.A', 'Calle del Carmen', 'Colonia Morelos', 1, FALSE, 'b63fe756-4574-4eed-8d35-53a617347fe7', 'e28d83f0-2f8d-4df1-8c93-e7e08b76db6d');
INSERT INTO user(userID, curp, rfc, birthName, surname, mail, passwd, passwdFlag, zipCode, houseNumber, streetName, colony, workModality, workStatus, userRoleIDFK, countryUserIDFK) VALUES('99ca6923-a4c8-46eb-a194-aa0a6f611977', 'MOMC11110HNTFLY52', 'MOMC11110HU1', 'Carlos', 'Moreno Martínez', 'oqalxdjldmiur@yahoo.com', '$2b$12$c.Zj5/1PciYqJbFcH3VxKOLhAbozT4Zcvb6zq4ofNo5h9KBk1fO.y', TRUE, 24613, '165.C', 'Avenida de la Juventud', 'Colonia Jardines de Querétaro', 0, TRUE, '451dade0-12cc-4c63-9bbd-25f5dfc41d25', '50791fff-561b-4008-997c-85003651bc71');
INSERT INTO user(userID, curp, rfc, birthName, surname, mail, passwd, passwdFlag, zipCode, houseNumber, streetName, colony, workModality, workStatus, userRoleIDFK, countryUserIDFK) VALUES('723d8814-d263-4225-a88a-159171c714b5', 'TOTA0317HQRRAF79', 'TOTA0317HQQ8', 'Ana', 'Torres Torres', 'brgjdvmyhm@gmail.com', '$2b$12$c.Zj5/1PciYqJbFcH3VxKOLhAbozT4Zcvb6zq4ofNo5h9KBk1fO.y', FALSE, 22906, '564.B', 'Avenida Revolución', 'Colonia Jardines de Querétaro', 2, TRUE, 'b63fe756-4574-4eed-8d35-53a617347fe7', 'e8981527-c617-444c-bb48-83df0f61b9fc');
INSERT INTO user(userID, curp, rfc, birthName, surname, mail, passwd, passwdFlag, zipCode, houseNumber, streetName, colony, workModality, workStatus, userRoleIDFK, countryUserIDFK) VALUES('03a5b903-4703-4103-9d3c-48e093f78328', 'TOGA0527MQRSAQ99', 'TOGA0527MQP6', 'Alberto', 'Torres González', 'ghclfsfxsfw@nuclea.solutions', '$2b$12$c.Zj5/1PciYqJbFcH3VxKOLhAbozT4Zcvb6zq4ofNo5h9KBk1fO.y', TRUE, 14837, '635.A', 'Calle de la Paz', 'Colonia San José', 1, TRUE, 'b63fe756-4574-4eed-8d35-53a617347fe7', '50791fff-561b-4008-997c-85003651bc71');
INSERT INTO user(userID, curp, rfc, birthName, surname, mail, passwd, passwdFlag, zipCode, houseNumber, streetName, colony, workModality, workStatus, userRoleIDFK, countryUserIDFK) VALUES('0c45c8a6-0a55-4089-bf56-1aa6a72abf95', 'ROGA474MHGCEK11', 'ROGA474MHGS8', 'Alberto', 'Rodríguez González', 'rkwwoqk@outlook.com', '$2b$12$c.Zj5/1PciYqJbFcH3VxKOLhAbozT4Zcvb6zq4ofNo5h9KBk1fO.y', TRUE, 42466, '599.A', 'Avenida Revolución', 'Colonia Las Águilas', 1, TRUE, 'b63fe756-4574-4eed-8d35-53a617347fe7', '50791fff-561b-4008-997c-85003651bc71');
INSERT INTO user(userID, curp, rfc, birthName, surname, mail, passwd, passwdFlag, zipCode, houseNumber, streetName, colony, workModality, workStatus, userRoleIDFK, countryUserIDFK) VALUES('1581577a-4d89-4afc-950d-cf3b11ab3a67', 'RORE0911HJCUWD20', 'RORE0911HJH9', 'Elena', 'Rodríguez Rodríguez', 'bdrxbjjynwtf@gmail.com', '$2b$12$c.Zj5/1PciYqJbFcH3VxKOLhAbozT4Zcvb6zq4ofNo5h9KBk1fO.y', FALSE, 35429, '44.A', 'Avenida de la Juventud', 'Colonia El Laurel', 0, TRUE, '451dade0-12cc-4c63-9bbd-25f5dfc41d25', 'e8981527-c617-444c-bb48-83df0f61b9fc');
INSERT INTO user(userID, curp, rfc, birthName, surname, mail, passwd, passwdFlag, zipCode, houseNumber, streetName, colony, workModality, workStatus, userRoleIDFK, countryUserIDFK) VALUES('3a4d117a-0c1f-40c5-aa0d-a2da3b2e84a2', 'FEHJ1116MGRRUO46', 'FEHJ1116MGE1', 'José', 'Fernández Hernández', 'nhcoimemegjj@yahoo.com', '$2b$12$c.Zj5/1PciYqJbFcH3VxKOLhAbozT4Zcvb6zq4ofNo5h9KBk1fO.y', FALSE, 29937, '334.B', 'Avenida de los Insurgentes', 'Colonia San José', 1, FALSE, 'b63fe756-4574-4eed-8d35-53a617347fe7', '50791fff-561b-4008-997c-85003651bc71');
INSERT INTO user(userID, curp, rfc, birthName, surname, mail, passwd, passwdFlag, zipCode, houseNumber, streetName, colony, workModality, workStatus, userRoleIDFK, countryUserIDFK) VALUES('75a0cbf7-59b3-4ff1-9c18-d6f58253e8c0', 'MATR1311MCHESE92', 'MATR1311MCD6', 'Roberto', 'Martínez Torres', 'iurjmyugho@outlook.com', '$2b$12$c.Zj5/1PciYqJbFcH3VxKOLhAbozT4Zcvb6zq4ofNo5h9KBk1fO.y', FALSE, 15781, '791.A', 'Avenida Revolución', 'Colonia Centro', 2, TRUE, 'b63fe756-4574-4eed-8d35-53a617347fe7', '50791fff-561b-4008-997c-85003651bc71');
INSERT INTO user(userID, curp, rfc, birthName, surname, mail, passwd, passwdFlag, zipCode, houseNumber, streetName, colony, workModality, workStatus, userRoleIDFK, countryUserIDFK) VALUES('5ea97481-bfc9-4e04-85c8-598af5abd2f2', 'MATA016MCLXYQ22', 'MATA016MCLO2', 'Adrián', 'Martínez Torres', 'egondtrbls@gmail.com', '$2b$12$c.Zj5/1PciYqJbFcH3VxKOLhAbozT4Zcvb6zq4ofNo5h9KBk1fO.y', FALSE, 27125, '277.B', 'Calle Zaragoza', 'Colonia La Pradera', 1, TRUE, '43fe7d1c-5907-4076-a16d-8d50106596a2', 'e28d83f0-2f8d-4df1-8c93-e7e08b76db6d');
INSERT INTO user(userID, curp, rfc, birthName, surname, mail, passwd, passwdFlag, zipCode, houseNumber, streetName, colony, workModality, workStatus, userRoleIDFK, countryUserIDFK) VALUES('5fef43a9-024a-4662-af79-fcfd0d9508fc', 'RUTS3027MBCYCE25', 'RUTS3027MBQ7', 'Susana', 'Ruiz Torres', 'ybdlarhhqdcs@yahoo.com', '$2b$12$c.Zj5/1PciYqJbFcH3VxKOLhAbozT4Zcvb6zq4ofNo5h9KBk1fO.y', FALSE, 21763, '187.B', 'Avenida de la Solidaridad', 'Colonia Centro', 0, FALSE, '43fe7d1c-5907-4076-a16d-8d50106596a2', 'e8981527-c617-444c-bb48-83df0f61b9fc');
INSERT INTO user(userID, curp, rfc, birthName, surname, mail, passwd, passwdFlag, zipCode, houseNumber, streetName, colony, workModality, workStatus, userRoleIDFK, countryUserIDFK) VALUES('e5b7f165-1492-453a-8149-c4cac367c110', 'MAML2119HVZCNW73', 'MAML2119HVW0', 'Lucía', 'Martínez Moreno', 'hvuepeyky@nuclea.solutions', '$2b$12$c.Zj5/1PciYqJbFcH3VxKOLhAbozT4Zcvb6zq4ofNo5h9KBk1fO.y', TRUE, 31895, '47.C', 'Calle de los Naranjos', 'Colonia del Sol', 1, TRUE, 'b63fe756-4574-4eed-8d35-53a617347fe7', 'e8981527-c617-444c-bb48-83df0f61b9fc');
INSERT INTO user(userID, curp, rfc, birthName, surname, mail, passwd, passwdFlag, zipCode, houseNumber, streetName, colony, workModality, workStatus, userRoleIDFK, countryUserIDFK) VALUES('035f1351-7a86-4b41-b00c-708e4329d857', 'MAGA159MOCJAH90', 'MAGA159MOCW5', 'Ana', 'Martínez González', 'uskshdounwa@yahoo.com', '$2b$12$c.Zj5/1PciYqJbFcH3VxKOLhAbozT4Zcvb6zq4ofNo5h9KBk1fO.y', FALSE, 40559, '389.B', 'Calle de la Virgen', 'Colonia El Campanario', 1, TRUE, '43fe7d1c-5907-4076-a16d-8d50106596a2', '11bdc0d0-ca12-447b-a043-959dfd25c3d5');
INSERT INTO user(userID, curp, rfc, birthName, surname, mail, passwd, passwdFlag, zipCode, houseNumber, streetName, colony, workModality, workStatus, userRoleIDFK, countryUserIDFK) VALUES('a3b361eb-ff5a-42dc-ba3a-9d3f6965f8de', 'ROGF11013HQRSGY52', 'ROGF11013HJ6', 'Fernando', 'Rodríguez González', 'wtrsmvmstsj@nuclea.solutions', '$2b$12$c.Zj5/1PciYqJbFcH3VxKOLhAbozT4Zcvb6zq4ofNo5h9KBk1fO.y', TRUE, 18433, '599.B', 'Avenida de la Libertad', 'Colonia El Mirador', 2, TRUE, '451dade0-12cc-4c63-9bbd-25f5dfc41d25', '50791fff-561b-4008-997c-85003651bc71');
INSERT INTO user(userID, curp, rfc, birthName, surname, mail, passwd, passwdFlag, zipCode, houseNumber, streetName, colony, workModality, workStatus, userRoleIDFK, countryUserIDFK) VALUES('f33cbe92-be38-4f78-92e6-f4d9a9ac80e1', 'MOTR4113HOCBVR34', 'MOTR4113HOW9', 'Raquel', 'Moreno Torres', 'udhubwxowl@gmail.com', '$2b$12$c.Zj5/1PciYqJbFcH3VxKOLhAbozT4Zcvb6zq4ofNo5h9KBk1fO.y', TRUE, 30183, '600.C', 'Calle de la Santa Cruz', 'Colonia Reforma', 0, TRUE, '43fe7d1c-5907-4076-a16d-8d50106596a2', '50791fff-561b-4008-997c-85003651bc71');
INSERT INTO user(userID, curp, rfc, birthName, surname, mail, passwd, passwdFlag, zipCode, houseNumber, streetName, colony, workModality, workStatus, userRoleIDFK, countryUserIDFK) VALUES('0ede2132-a1e0-43f7-a131-8b4ad4513d41', 'ROGC11111MBSWYE50', 'ROGC11111MV4', 'Carlos', 'Rodríguez González', 'xadsmjrr@yahoo.com', '$2b$12$c.Zj5/1PciYqJbFcH3VxKOLhAbozT4Zcvb6zq4ofNo5h9KBk1fO.y', TRUE, 22794, '918.C', 'Calle Zaragoza', 'Colonia Valle Verde', 0, TRUE, 'b63fe756-4574-4eed-8d35-53a617347fe7', 'e8981527-c617-444c-bb48-83df0f61b9fc');
INSERT INTO user(userID, curp, rfc, birthName, surname, mail, passwd, passwdFlag, zipCode, houseNumber, streetName, colony, workModality, workStatus, userRoleIDFK, countryUserIDFK) VALUES('0d20a5cc-65e1-486c-a306-f550f362c483', 'TOGF376MSLKUJ36', 'TOGF376MSLS8', 'Fernando', 'Torres González', 'qbbdnwp@outlook.com', '$2b$12$c.Zj5/1PciYqJbFcH3VxKOLhAbozT4Zcvb6zq4ofNo5h9KBk1fO.y', TRUE, 16363, '224.B', 'Calle Juárez', 'Colonia Morelos', 2, FALSE, '451dade0-12cc-4c63-9bbd-25f5dfc41d25', 'e8981527-c617-444c-bb48-83df0f61b9fc');
INSERT INTO user(userID, curp, rfc, birthName, surname, mail, passwd, passwdFlag, zipCode, houseNumber, streetName, colony, workModality, workStatus, userRoleIDFK, countryUserIDFK) VALUES('458bbbd2-84bc-4828-be1c-54a6b0bf7c32', 'FERR2528HJCHGH44', 'FERR2528HJK1', 'Rafael', 'Fernández Ruiz', 'gbwwmpue@outlook.com', '$2b$12$c.Zj5/1PciYqJbFcH3VxKOLhAbozT4Zcvb6zq4ofNo5h9KBk1fO.y', FALSE, 15230, '636.B', 'Calle Corregidora', 'Colonia El Mirador', 1, TRUE, 'b63fe756-4574-4eed-8d35-53a617347fe7', 'e8981527-c617-444c-bb48-83df0f61b9fc');
INSERT INTO user(userID, curp, rfc, birthName, surname, mail, passwd, passwdFlag, zipCode, houseNumber, streetName, colony, workModality, workStatus, userRoleIDFK, countryUserIDFK) VALUES('ab286392-8f67-4508-b890-81b33cb0ddad', 'GORF3111MASVXV57', 'GORF3111MAC0', 'Francisco', 'González Ruiz', 'doxuyokl@nuclea.solutions', '$2b$12$c.Zj5/1PciYqJbFcH3VxKOLhAbozT4Zcvb6zq4ofNo5h9KBk1fO.y', TRUE, 25902, '345.C', 'Avenida de los Insurgentes', 'Colonia Reforma', 2, TRUE, '451dade0-12cc-4c63-9bbd-25f5dfc41d25', '50791fff-561b-4008-997c-85003651bc71');
INSERT INTO user(userID, curp, rfc, birthName, surname, mail, passwd, passwdFlag, zipCode, houseNumber, streetName, colony, workModality, workStatus, userRoleIDFK, countryUserIDFK) VALUES('697f1dd1-7dce-4f1f-a84b-9747f07b3910', 'GOHL0923HYNFCI87', 'GOHL0923HYB5', 'Lucía', 'González Hernández', 'ktmrentdvqee@yahoo.com', '$2b$12$c.Zj5/1PciYqJbFcH3VxKOLhAbozT4Zcvb6zq4ofNo5h9KBk1fO.y', TRUE, 41852, '800.A', 'Avenida Revolución', 'Colonia del Sol', 1, TRUE, 'b63fe756-4574-4eed-8d35-53a617347fe7', '50791fff-561b-4008-997c-85003651bc71');
INSERT INTO user(userID, curp, rfc, birthName, surname, mail, passwd, passwdFlag, zipCode, houseNumber, streetName, colony, workModality, workStatus, userRoleIDFK, countryUserIDFK) VALUES('4c96f7c9-6682-43f3-bacf-86eefe280de2', 'TOFD3712HSLSFC43', 'TOFD3712HSW4', 'David', 'Torres Fernández', 'jshdjuhtqyrhc@gmail.com', '$2b$12$c.Zj5/1PciYqJbFcH3VxKOLhAbozT4Zcvb6zq4ofNo5h9KBk1fO.y', TRUE, 25543, '877.A', 'Avenida de la Juventud', 'Colonia Lomas de Querétaro', 0, FALSE, 'b63fe756-4574-4eed-8d35-53a617347fe7', '11bdc0d0-ca12-447b-a043-959dfd25c3d5');
INSERT INTO user(userID, curp, rfc, birthName, surname, mail, passwd, passwdFlag, zipCode, houseNumber, streetName, colony, workModality, workStatus, userRoleIDFK, countryUserIDFK) VALUES('c048c484-5e74-470d-9c6d-2c4a93bf56ae', 'JIHJ21117HTLXCJ51', 'JIHJ21117HV8', 'Juan', 'Jiménez Hernández', 'pnedpbxfjqy@outlook.com', '$2b$12$c.Zj5/1PciYqJbFcH3VxKOLhAbozT4Zcvb6zq4ofNo5h9KBk1fO.y', FALSE, 26837, '587.C', 'Avenida de la Luz', 'Colonia Jardines de Querétaro', 0, FALSE, 'b63fe756-4574-4eed-8d35-53a617347fe7', '50791fff-561b-4008-997c-85003651bc71');
INSERT INTO user(userID, curp, rfc, birthName, surname, mail, passwd, passwdFlag, zipCode, houseNumber, streetName, colony, workModality, workStatus, userRoleIDFK, countryUserIDFK) VALUES('7364b063-b6ea-4745-a988-7be411bfc66b', 'ROJB309HCSLJY42', 'ROJB309HCSD6', 'Beatriz', 'Rodríguez Jiménez', 'uyfeibrpyjvs@yahoo.com', '$2b$12$c.Zj5/1PciYqJbFcH3VxKOLhAbozT4Zcvb6zq4ofNo5h9KBk1fO.y', FALSE, 40527, '686.C', 'Calle 5 de Febrero', 'Colonia Centro', 1, FALSE, 'b63fe756-4574-4eed-8d35-53a617347fe7', '50791fff-561b-4008-997c-85003651bc71');
INSERT INTO user(userID, curp, rfc, birthName, surname, mail, passwd, passwdFlag, zipCode, houseNumber, streetName, colony, workModality, workStatus, userRoleIDFK, countryUserIDFK) VALUES('83f74314-7509-44ce-bf81-ab4cfe55784d', 'MAJA033HYNPOS79', 'MAJA033HYNG7', 'Adrián', 'Martínez Jiménez', 'dgtddiq@gmail.com', '$2b$12$c.Zj5/1PciYqJbFcH3VxKOLhAbozT4Zcvb6zq4ofNo5h9KBk1fO.y', FALSE, 38551, '885.A', 'Calle de los Naranjos', 'Colonia Santa Rosa', 1, FALSE, '451dade0-12cc-4c63-9bbd-25f5dfc41d25', '11bdc0d0-ca12-447b-a043-959dfd25c3d5');
INSERT INTO user(userID, curp, rfc, birthName, surname, mail, passwd, passwdFlag, zipCode, houseNumber, streetName, colony, workModality, workStatus, userRoleIDFK, countryUserIDFK) VALUES('bd2372ae-75e0-4c32-b18d-1c7839a5c6e5', 'FEGM41018HCMRHB42', 'FEGM41018HH6', 'María', 'Fernández González', 'kmtsorcd@outlook.com', '$2b$12$c.Zj5/1PciYqJbFcH3VxKOLhAbozT4Zcvb6zq4ofNo5h9KBk1fO.y', TRUE, 36993, '816.B', 'Avenida de la Luz', 'Colonia Valle Verde', 0, FALSE, '451dade0-12cc-4c63-9bbd-25f5dfc41d25', 'e8981527-c617-444c-bb48-83df0f61b9fc');
INSERT INTO user(userID, curp, rfc, birthName, surname, mail, passwd, passwdFlag, zipCode, houseNumber, streetName, colony, workModality, workStatus, userRoleIDFK, countryUserIDFK) VALUES('6159066d-62b8-4468-9a58-4f464062bc9a', 'TORJ0616HCSSMR16', 'TORJ0616HCR5', 'Juan', 'Torres Ruiz', 'skwcnbcbkc@gmail.com', '$2b$12$c.Zj5/1PciYqJbFcH3VxKOLhAbozT4Zcvb6zq4ofNo5h9KBk1fO.y', FALSE, 16610, '753.B', 'Avenida Madero', 'Colonia Los Ángeles', 2, FALSE, '451dade0-12cc-4c63-9bbd-25f5dfc41d25', 'e8981527-c617-444c-bb48-83df0f61b9fc');
INSERT INTO user(userID, curp, rfc, birthName, surname, mail, passwd, passwdFlag, zipCode, houseNumber, streetName, colony, workModality, workStatus, userRoleIDFK, countryUserIDFK) VALUES('1ff524f1-2c87-4ef6-a7b2-e92e53fce5ec', 'MARA201MCMRNO14', 'MARA201MCMX6', 'Adrián', 'Martínez Ruiz', 'qohgkapntmcer@nuclea.solutions', '$2b$12$c.Zj5/1PciYqJbFcH3VxKOLhAbozT4Zcvb6zq4ofNo5h9KBk1fO.y', TRUE, 17042, '333.C', 'Calle de la Santa Cruz', 'Colonia El Cerrito', 0, TRUE, '451dade0-12cc-4c63-9bbd-25f5dfc41d25', '50791fff-561b-4008-997c-85003651bc71');
INSERT INTO user(userID, curp, rfc, birthName, surname, mail, passwd, passwdFlag, zipCode, houseNumber, streetName, colony, workModality, workStatus, userRoleIDFK, countryUserIDFK) VALUES('238b2a75-0f03-4dac-840c-f4ae1e267409', 'RORF0229MSLSQX43', 'RORF0229MSQ9', 'Francisco', 'Rodríguez Rodríguez', 'aobwkvtrdenq@outlook.com', '$2b$12$c.Zj5/1PciYqJbFcH3VxKOLhAbozT4Zcvb6zq4ofNo5h9KBk1fO.y', TRUE, 34649, '744.A', 'Calle de la Luna', 'Colonia El Campanario', 1, FALSE, '451dade0-12cc-4c63-9bbd-25f5dfc41d25', 'e28d83f0-2f8d-4df1-8c93-e7e08b76db6d');
INSERT INTO user(userID, curp, rfc, birthName, surname, mail, passwd, passwdFlag, zipCode, houseNumber, streetName, colony, workModality, workStatus, userRoleIDFK, countryUserIDFK) VALUES('4e627872-424f-4072-9e64-9ff93d2832df', 'HEJR3100MPLWPR51', 'HEJR3100MPU5', 'Roberto', 'Hernández Jiménez', 'gdslvtysqc@nuclea.solutions', '$2b$12$c.Zj5/1PciYqJbFcH3VxKOLhAbozT4Zcvb6zq4ofNo5h9KBk1fO.y', TRUE, 27508, '883.B', 'Calle de la Paz', 'Colonia Las Águilas', 0, FALSE, '43fe7d1c-5907-4076-a16d-8d50106596a2', '11bdc0d0-ca12-447b-a043-959dfd25c3d5');
INSERT INTO user(userID, curp, rfc, birthName, surname, mail, passwd, passwdFlag, zipCode, houseNumber, streetName, colony, workModality, workStatus, userRoleIDFK, countryUserIDFK) VALUES('b0f144f4-1b74-4a32-923e-42caa72518ec', 'TOHC0411HMSISG43', 'TOHC0411HML2', 'Carlos', 'Torres Hernández', 'vceytim@nuclea.solutions', '$2b$12$c.Zj5/1PciYqJbFcH3VxKOLhAbozT4Zcvb6zq4ofNo5h9KBk1fO.y', TRUE, 27471, '53.A', 'Calle Zaragoza', 'Colonia del Sol', 2, FALSE, 'b63fe756-4574-4eed-8d35-53a617347fe7', 'e28d83f0-2f8d-4df1-8c93-e7e08b76db6d');
INSERT INTO user(userID, curp, rfc, birthName, surname, mail, passwd, passwdFlag, zipCode, houseNumber, streetName, colony, workModality, workStatus, userRoleIDFK, countryUserIDFK) VALUES('0bb82762-493c-4a4e-bef6-20de224f9063', 'FERP0819HSRBQU48', 'FERP0819HST6', 'Patricia', 'Fernández Ruiz', 'dagtkuhxym@nuclea.solutions', '$2b$12$c.Zj5/1PciYqJbFcH3VxKOLhAbozT4Zcvb6zq4ofNo5h9KBk1fO.y', TRUE, 10635, '932.B', 'Calle Vicente Guerrero', 'Colonia Valle Verde', 0, TRUE, 'b63fe756-4574-4eed-8d35-53a617347fe7', 'e28d83f0-2f8d-4df1-8c93-e7e08b76db6d');
INSERT INTO user(userID, curp, rfc, birthName, surname, mail, passwd, passwdFlag, zipCode, houseNumber, streetName, colony, workModality, workStatus, userRoleIDFK, countryUserIDFK) VALUES('4500c8f6-8b64-42dc-a107-6a6d8bae0239', 'GOJR1317MBCSMU67', 'GOJR1317MBG0', 'Raquel', 'González Jiménez', 'fgisnhsbxmjw@yahoo.com', '$2b$12$c.Zj5/1PciYqJbFcH3VxKOLhAbozT4Zcvb6zq4ofNo5h9KBk1fO.y', FALSE, 22028, '322.C', 'Calle de la Corregidora', 'Colonia Los Ángeles', 0, TRUE, '451dade0-12cc-4c63-9bbd-25f5dfc41d25', '50791fff-561b-4008-997c-85003651bc71');
INSERT INTO user(userID, curp, rfc, birthName, surname, mail, passwd, passwdFlag, zipCode, houseNumber, streetName, colony, workModality, workStatus, userRoleIDFK, countryUserIDFK) VALUES('c8d35db1-0c6b-4db5-a08a-3d7de8957225', 'MOHE223MCHKKD29', 'MOHE223MCHK7', 'Enrique', 'Moreno Hernández', 'kexkvobqenn@outlook.com', '$2b$12$c.Zj5/1PciYqJbFcH3VxKOLhAbozT4Zcvb6zq4ofNo5h9KBk1fO.y', TRUE, 21641, '850.A', 'Calle de los Pinos', 'Colonia La Pradera', 1, TRUE, '43fe7d1c-5907-4076-a16d-8d50106596a2', '50791fff-561b-4008-997c-85003651bc71');
INSERT INTO user(userID, curp, rfc, birthName, surname, mail, passwd, passwdFlag, zipCode, houseNumber, streetName, colony, workModality, workStatus, userRoleIDFK, countryUserIDFK) VALUES('4dff1a60-395d-49e0-87cb-872f118cadc2', 'MOTA01012HQRMEN33', 'MOTA01012HT1', 'Ana', 'Moreno Torres', 'twguhrjymfjmf@nuclea.solutions', '$2b$12$c.Zj5/1PciYqJbFcH3VxKOLhAbozT4Zcvb6zq4ofNo5h9KBk1fO.y', FALSE, 32931, '678.B', 'Avenida de la Solidaridad', 'Colonia Morelos', 0, FALSE, '451dade0-12cc-4c63-9bbd-25f5dfc41d25', 'e28d83f0-2f8d-4df1-8c93-e7e08b76db6d');
INSERT INTO user(userID, curp, rfc, birthName, surname, mail, passwd, passwdFlag, zipCode, houseNumber, streetName, colony, workModality, workStatus, userRoleIDFK, countryUserIDFK) VALUES('ac60ecc0-8a4e-4a6c-b20f-de716570ccaf', 'MOMS2719HCMJUQ81', 'MOMS2719HCD5', 'Susana', 'Moreno Martínez', 'hqjdnfvwmub@outlook.com', '$2b$12$c.Zj5/1PciYqJbFcH3VxKOLhAbozT4Zcvb6zq4ofNo5h9KBk1fO.y', FALSE, 35945, '685.C', 'Calle Guerrero', 'Colonia La Pradera', 0, FALSE, '451dade0-12cc-4c63-9bbd-25f5dfc41d25', 'e8981527-c617-444c-bb48-83df0f61b9fc');
INSERT INTO user(userID, curp, rfc, birthName, surname, mail, passwd, passwdFlag, zipCode, houseNumber, streetName, colony, workModality, workStatus, userRoleIDFK, countryUserIDFK) VALUES('bf66412c-2099-45cc-a791-4eda1f03f04f', 'HERF416MPLAIG73', 'HERF416MPLF6', 'Francisco', 'Hernández Rodríguez', 'ikusblk@outlook.com', '$2b$12$c.Zj5/1PciYqJbFcH3VxKOLhAbozT4Zcvb6zq4ofNo5h9KBk1fO.y', TRUE, 27553, '888.B', 'Avenida Constituyentes', 'Colonia Santa Rosa', 2, TRUE, '43fe7d1c-5907-4076-a16d-8d50106596a2', '50791fff-561b-4008-997c-85003651bc71');
INSERT INTO user(userID, curp, rfc, birthName, surname, mail, passwd, passwdFlag, zipCode, houseNumber, streetName, colony, workModality, workStatus, userRoleIDFK, countryUserIDFK) VALUES('26d76314-70c3-4b1c-9abf-e178313d6632', 'RUHM048MVZJEI23', 'RUHM048MVZE2', 'Mercedes', 'Ruiz Hernández', 'vhdspcbqpdf@gmail.com', '$2b$12$c.Zj5/1PciYqJbFcH3VxKOLhAbozT4Zcvb6zq4ofNo5h9KBk1fO.y', TRUE, 18458, '945.B', 'Calle de la Paz', 'Colonia Lomas de Querétaro', 1, FALSE, 'b63fe756-4574-4eed-8d35-53a617347fe7', '11bdc0d0-ca12-447b-a043-959dfd25c3d5');
INSERT INTO user(userID, curp, rfc, birthName, surname, mail, passwd, passwdFlag, zipCode, houseNumber, streetName, colony, workModality, workStatus, userRoleIDFK, countryUserIDFK) VALUES('c2be4d0a-c627-4798-b3dc-a374c4fe7e63', 'ROGP256HHGFIG16', 'ROGP256HHGK1', 'Pedro', 'Rodríguez González', 'phdmlblxvkxsk@outlook.com', '$2b$12$c.Zj5/1PciYqJbFcH3VxKOLhAbozT4Zcvb6zq4ofNo5h9KBk1fO.y', TRUE, 12055, '222.A', 'Avenida de la Libertad', 'Colonia La Pradera', 1, TRUE, '451dade0-12cc-4c63-9bbd-25f5dfc41d25', '11bdc0d0-ca12-447b-a043-959dfd25c3d5');
INSERT INTO user(userID, curp, rfc, birthName, surname, mail, passwd, passwdFlag, zipCode, houseNumber, streetName, colony, workModality, workStatus, userRoleIDFK, countryUserIDFK) VALUES('0c6e0924-7a33-4af1-a152-6c49a17f2794', 'TOTP41012HSLFVJ58', 'TOTP41012HU8', 'Patricia', 'Torres Torres', 'ofhvbirilojo@yahoo.com', '$2b$12$c.Zj5/1PciYqJbFcH3VxKOLhAbozT4Zcvb6zq4ofNo5h9KBk1fO.y', TRUE, 25316, '726.C', 'Calle de la Estación', 'Colonia El Mirador', 0, TRUE, '451dade0-12cc-4c63-9bbd-25f5dfc41d25', 'e8981527-c617-444c-bb48-83df0f61b9fc');
INSERT INTO user(userID, curp, rfc, birthName, surname, mail, passwd, passwdFlag, zipCode, houseNumber, streetName, colony, workModality, workStatus, userRoleIDFK, countryUserIDFK) VALUES('ebc47f6a-8514-441c-bb48-515619cf5c98', 'MATS0727MCMCSX18', 'MATS0727MCY8', 'Susana', 'Martínez Torres', 'ojmdkrub@nuclea.solutions', '$2b$12$c.Zj5/1PciYqJbFcH3VxKOLhAbozT4Zcvb6zq4ofNo5h9KBk1fO.y', FALSE, 29636, '419.C', 'Avenida Morelos', 'Colonia Santa Rosa', 2, FALSE, '43fe7d1c-5907-4076-a16d-8d50106596a2', 'e8981527-c617-444c-bb48-83df0f61b9fc');
INSERT INTO user(userID, curp, rfc, birthName, surname, mail, passwd, passwdFlag, zipCode, houseNumber, streetName, colony, workModality, workStatus, userRoleIDFK, countryUserIDFK) VALUES('3802877b-8564-43e1-8592-2b12ba59ac54', 'MAMA1619MNTLPG89', 'MAMA1619MNC2', 'Ana', 'Martínez Martínez', 'shslmnxu@gmail.com', '$2b$12$c.Zj5/1PciYqJbFcH3VxKOLhAbozT4Zcvb6zq4ofNo5h9KBk1fO.y', TRUE, 22993, '498.C', 'Avenida de los Arcos', 'Colonia El Campanario', 0, FALSE, '451dade0-12cc-4c63-9bbd-25f5dfc41d25', '11bdc0d0-ca12-447b-a043-959dfd25c3d5');
INSERT INTO user(userID, curp, rfc, birthName, surname, mail, passwd, passwdFlag, zipCode, houseNumber, streetName, colony, workModality, workStatus, userRoleIDFK, countryUserIDFK) VALUES('0a97f6b0-2a35-4d01-b1fb-fe8184435ff2', 'MAMJ347HCHQXP59', 'MAMJ347HCHU0', 'Juan', 'Martínez Moreno', 'qkquouyb@nuclea.solutions', '$2b$12$c.Zj5/1PciYqJbFcH3VxKOLhAbozT4Zcvb6zq4ofNo5h9KBk1fO.y', FALSE, 27643, '9.C', 'Avenida Revolución', 'Colonia Santa Rosa', 2, FALSE, '43fe7d1c-5907-4076-a16d-8d50106596a2', '50791fff-561b-4008-997c-85003651bc71');
INSERT INTO user(userID, curp, rfc, birthName, surname, mail, passwd, passwdFlag, zipCode, houseNumber, streetName, colony, workModality, workStatus, userRoleIDFK, countryUserIDFK) VALUES('5f439cb7-6316-497d-a455-8133f1e666fc', 'RUGF2723HHGMEW19', 'RUGF2723HHK0', 'Francisco', 'Ruiz González', 'eadnyfinvxdfl@yahoo.com', '$2b$12$c.Zj5/1PciYqJbFcH3VxKOLhAbozT4Zcvb6zq4ofNo5h9KBk1fO.y', FALSE, 16473, '852.B', 'Calle 5 de Febrero', 'Colonia San José', 1, TRUE, '451dade0-12cc-4c63-9bbd-25f5dfc41d25', '11bdc0d0-ca12-447b-a043-959dfd25c3d5');
INSERT INTO user(userID, curp, rfc, birthName, surname, mail, passwd, passwdFlag, zipCode, houseNumber, streetName, colony, workModality, workStatus, userRoleIDFK, countryUserIDFK) VALUES('ee98551e-3454-4c60-8daa-129162b3629f', 'GOTB136MTLNXI16', 'GOTB136MTLD2', 'Beatriz', 'González Torres', 'mjjvwgmlcu@nuclea.solutions', '$2b$12$c.Zj5/1PciYqJbFcH3VxKOLhAbozT4Zcvb6zq4ofNo5h9KBk1fO.y', FALSE, 25449, '765.C', 'Avenida de la Constitución', 'Colonia del Sol', 1, FALSE, 'b63fe756-4574-4eed-8d35-53a617347fe7', '11bdc0d0-ca12-447b-a043-959dfd25c3d5');
INSERT INTO user(userID, curp, rfc, birthName, surname, mail, passwd, passwdFlag, zipCode, houseNumber, streetName, colony, workModality, workStatus, userRoleIDFK, countryUserIDFK) VALUES('f21cdc13-7ad1-4987-98c7-4325f3dd0fd6', 'GOJA4126MCLOAU28', 'GOJA4126MCR4', 'Ana', 'González Jiménez', 'rpqtbotqtyv@yahoo.com', '$2b$12$c.Zj5/1PciYqJbFcH3VxKOLhAbozT4Zcvb6zq4ofNo5h9KBk1fO.y', FALSE, 38754, '332.B', 'Avenida de la Juventud', 'Colonia El Laurel', 0, FALSE, '43fe7d1c-5907-4076-a16d-8d50106596a2', '50791fff-561b-4008-997c-85003651bc71');
INSERT INTO user(userID, curp, rfc, birthName, surname, mail, passwd, passwdFlag, zipCode, houseNumber, streetName, colony, workModality, workStatus, userRoleIDFK, countryUserIDFK) VALUES('f74308ee-11d6-4ca9-a493-53dc555beb87', 'RURI2019MCSYCD30', 'RURI2019MCV3', 'Isabel', 'Ruiz Ruiz', 'pvsqeyoo@gmail.com', '$2b$12$c.Zj5/1PciYqJbFcH3VxKOLhAbozT4Zcvb6zq4ofNo5h9KBk1fO.y', TRUE, 25326, '158.C', 'Avenida Morelos', 'Colonia El Mirador', 2, TRUE, 'b63fe756-4574-4eed-8d35-53a617347fe7', 'e28d83f0-2f8d-4df1-8c93-e7e08b76db6d');
INSERT INTO user(userID, curp, rfc, birthName, surname, mail, passwd, passwdFlag, zipCode, houseNumber, streetName, colony, workModality, workStatus, userRoleIDFK, countryUserIDFK) VALUES('816b1a79-0595-488b-8e80-ed4d28d294bb', 'HEMF0312MNLDPB45', 'HEMF0312MNY3', 'Fernando', 'Hernández Moreno', 'fjciccfdenee@outlook.com', '$2b$12$c.Zj5/1PciYqJbFcH3VxKOLhAbozT4Zcvb6zq4ofNo5h9KBk1fO.y', TRUE, 34302, '227.A', 'Calle de los Naranjos', 'Colonia San Francisco', 2, FALSE, 'b63fe756-4574-4eed-8d35-53a617347fe7', 'e28d83f0-2f8d-4df1-8c93-e7e08b76db6d');
INSERT INTO user(userID, curp, rfc, birthName, surname, mail, passwd, passwdFlag, zipCode, houseNumber, streetName, colony, workModality, workStatus, userRoleIDFK, countryUserIDFK) VALUES('cf674044-4024-4fad-b4f8-d242ab347d69', 'TOHF493HTCBSQ41', 'TOHF493HTCG1', 'Francisco', 'Torres Hernández', 'prgtwlhxe@yahoo.com', '$2b$12$c.Zj5/1PciYqJbFcH3VxKOLhAbozT4Zcvb6zq4ofNo5h9KBk1fO.y', TRUE, 26294, '971.A', 'Calle Juárez', 'Colonia El Mirador', 1, FALSE, 'b63fe756-4574-4eed-8d35-53a617347fe7', 'e8981527-c617-444c-bb48-83df0f61b9fc');
INSERT INTO user(userID, curp, rfc, birthName, surname, mail, passwd, passwdFlag, zipCode, houseNumber, streetName, colony, workModality, workStatus, userRoleIDFK, countryUserIDFK) VALUES('a4bb3380-ac61-4774-bd25-95fecabe8827', 'GOHS31112MGTCAI70', 'GOHS31112MK3', 'Susana', 'González Hernández', 'qqtyuhtu@outlook.com', '$2b$12$c.Zj5/1PciYqJbFcH3VxKOLhAbozT4Zcvb6zq4ofNo5h9KBk1fO.y', TRUE, 12992, '568.A', 'Calle de la Reforma', 'Colonia Emiliano Zapata', 0, FALSE, '43fe7d1c-5907-4076-a16d-8d50106596a2', 'e28d83f0-2f8d-4df1-8c93-e7e08b76db6d');
INSERT INTO user(userID, curp, rfc, birthName, surname, mail, passwd, passwdFlag, zipCode, houseNumber, streetName, colony, workModality, workStatus, userRoleIDFK, countryUserIDFK) VALUES('2a4f568a-ffa0-41d0-b0cb-f6eaa4e831c8', 'MOHP4104MCMEYU83', 'MOHP4104MCU2', 'Patricia', 'Moreno Hernández', 'ejxkmds@outlook.com', '$2b$12$c.Zj5/1PciYqJbFcH3VxKOLhAbozT4Zcvb6zq4ofNo5h9KBk1fO.y', TRUE, 31095, '280.B', 'Avenida de los Arcos', 'Colonia del Sol', 2, FALSE, '451dade0-12cc-4c63-9bbd-25f5dfc41d25', '11bdc0d0-ca12-447b-a043-959dfd25c3d5');
INSERT INTO user(userID, curp, rfc, birthName, surname, mail, passwd, passwdFlag, zipCode, houseNumber, streetName, colony, workModality, workStatus, userRoleIDFK, countryUserIDFK) VALUES('85e6a81d-3f4a-489d-9dd1-4a9157277e98', 'ROJE1117HTLVVG39', 'ROJE1117HTN9', 'Elena', 'Rodríguez Jiménez', 'ygnkgmgyx@gmail.com', '$2b$12$c.Zj5/1PciYqJbFcH3VxKOLhAbozT4Zcvb6zq4ofNo5h9KBk1fO.y', FALSE, 42420, '426.A', 'Calle Vicente Guerrero', 'Colonia Morelos', 0, FALSE, '451dade0-12cc-4c63-9bbd-25f5dfc41d25', '50791fff-561b-4008-997c-85003651bc71');
INSERT INTO user(userID, curp, rfc, birthName, surname, mail, passwd, passwdFlag, zipCode, houseNumber, streetName, colony, workModality, workStatus, userRoleIDFK, countryUserIDFK) VALUES('0bfe5477-8cff-4198-aecc-07856dbb2c77', 'TOMJ11116MZSOGU49', 'TOMJ11116MT5', 'Javier', 'Torres Moreno', 'qedkquwhdswu@yahoo.com', '$2b$12$c.Zj5/1PciYqJbFcH3VxKOLhAbozT4Zcvb6zq4ofNo5h9KBk1fO.y', FALSE, 39738, '205.B', 'Calle de la Amistad', 'Colonia Los Ángeles', 1, FALSE, 'b63fe756-4574-4eed-8d35-53a617347fe7', '50791fff-561b-4008-997c-85003651bc71');

UPDATE user SET prioritaryDepartmentIDFK = '306d8fcd-946a-4779-8577-8df62ee29e11' WHERE userID = 'ca6644c4-66c9-46df-884f-20ed37f3e0e6'; 
UPDATE user SET prioritaryDepartmentIDFK = '0623c61e-bf8e-4d47-9556-816ae86ec634' WHERE userID = 'eb4055c7-8c5e-48ab-bff1-800fdc7b3826'; 
UPDATE user SET prioritaryDepartmentIDFK = 'e78396d7-1be6-42f9-8f3e-ce7bcc81581d' WHERE userID = '9a0beaa8-91da-4446-8f9d-6522dd46ea53'; 
UPDATE user SET prioritaryDepartmentIDFK = '76877774-86e2-4234-9968-b0abb45d045e' WHERE userID = '29ccff7f-685f-4607-a664-067fa763c553'; 
UPDATE user SET prioritaryDepartmentIDFK = '1660c401-7c24-4109-977f-7e0f1e5a587a' WHERE userID = '3bc6e149-1904-4356-bb7d-569d7d2fd4a9'; 
UPDATE user SET prioritaryDepartmentIDFK = '4d949540-a6f2-4888-b06f-7da69f03dd6d' WHERE userID = '8974e0c6-8527-409a-9c67-82ec6af0d378'; 
UPDATE user SET prioritaryDepartmentIDFK = 'ee8f1286-a19e-408b-b43f-f8718b5b827b' WHERE userID = 'edbef5c1-b6b7-474e-82b9-0cdcc1049548'; 
UPDATE user SET prioritaryDepartmentIDFK = '0623c61e-bf8e-4d47-9556-816ae86ec634' WHERE userID = '84c14d4c-1750-472f-8021-b7f7e01bb767'; 
UPDATE user SET prioritaryDepartmentIDFK = '306d8fcd-946a-4779-8577-8df62ee29e11' WHERE userID = '513792cc-f4e9-4f9b-8e46-17a6a8847969'; 
UPDATE user SET prioritaryDepartmentIDFK = '830ddb60-75fa-4a2d-b966-ddad111c451b' WHERE userID = '950c231b-70e7-4d2c-88f8-8dd2e53a04f8'; 
UPDATE user SET prioritaryDepartmentIDFK = '34e882c5-39d4-4e75-afa3-8f6295a76480' WHERE userID = '279d1bb1-adb1-4bdd-966a-26bc8c9965d3'; 
UPDATE user SET prioritaryDepartmentIDFK = '3210a588-6fb7-43d4-844d-144690c1ef55' WHERE userID = '2397938a-10af-40c4-b026-c5d8ffda0637'; 
UPDATE user SET prioritaryDepartmentIDFK = 'ee8f1286-a19e-408b-b43f-f8718b5b827b' WHERE userID = '42058908-1739-4235-b2bb-13e786456659'; 
UPDATE user SET prioritaryDepartmentIDFK = '622676e1-fb4a-4db3-8eb3-94b3814466ed' WHERE userID = 'a45e62af-e659-48f3-9c72-ed3b43c22e1e'; 
UPDATE user SET prioritaryDepartmentIDFK = '618f03db-2a66-44c2-9296-5c0397f67846' WHERE userID = '248d076c-f2af-4d30-b57a-df815eec81f3'; 
UPDATE user SET prioritaryDepartmentIDFK = '4d949540-a6f2-4888-b06f-7da69f03dd6d' WHERE userID = '3c7437db-913d-41c6-b6d9-476a2a1f8f84'; 
UPDATE user SET prioritaryDepartmentIDFK = 'bd68ae37-fe3a-40ae-943e-5b25d74366fb' WHERE userID = '72278567-81e4-4526-b5b1-b10c9afed9a5'; 
UPDATE user SET prioritaryDepartmentIDFK = 'fb1e3f6d-9e8b-4323-8ec8-19ddd9b798ba' WHERE userID = 'ef17ec72-ff6c-42ca-9689-19e14d2fc831'; 
UPDATE user SET prioritaryDepartmentIDFK = '4d949540-a6f2-4888-b06f-7da69f03dd6d' WHERE userID = '3dc312b1-a6ff-49ea-aa1f-15e1e06e155b'; 
UPDATE user SET prioritaryDepartmentIDFK = 'bd68ae37-fe3a-40ae-943e-5b25d74366fb' WHERE userID = '8bd5c82d-31bf-42b0-a5ae-c903a9e809be'; 
UPDATE user SET prioritaryDepartmentIDFK = 'ff87a269-40e7-49ff-8b20-a86c79f396a6' WHERE userID = 'ce9fc010-b4f9-48f5-927f-5a14b5561561'; 
UPDATE user SET prioritaryDepartmentIDFK = '76877774-86e2-4234-9968-b0abb45d045e' WHERE userID = '791b8aeb-abf8-4697-b4ec-89153c91a1f6'; 
UPDATE user SET prioritaryDepartmentIDFK = '57d7ab63-0f3e-48d3-aa72-e22bf55bccbf' WHERE userID = 'fd661249-1ea1-4542-814f-b6c0123d0ba5'; 
UPDATE user SET prioritaryDepartmentIDFK = 'bd68ae37-fe3a-40ae-943e-5b25d74366fb' WHERE userID = '91b66437-998f-4d62-a315-0f6214aad4c4'; 
UPDATE user SET prioritaryDepartmentIDFK = 'a28adeee-0984-41cb-bbd1-4d4b6d635e0a' WHERE userID = '6fa73afe-aa68-4ab1-96df-89a6705da7cb'; 
UPDATE user SET prioritaryDepartmentIDFK = '4d949540-a6f2-4888-b06f-7da69f03dd6d' WHERE userID = 'd3986e31-055e-485a-a27e-3eb41db5ea04'; 
UPDATE user SET prioritaryDepartmentIDFK = '618f03db-2a66-44c2-9296-5c0397f67846' WHERE userID = '3a083e2c-63a5-4c2f-be2f-711b80124758'; 
UPDATE user SET prioritaryDepartmentIDFK = 'b3d1951f-715f-46dd-b8c6-ecf7d3f659f8' WHERE userID = '9137a27a-1e5c-40dd-b0b8-870f0c0a20db'; 
UPDATE user SET prioritaryDepartmentIDFK = 'bd68ae37-fe3a-40ae-943e-5b25d74366fb' WHERE userID = '0fd50711-832e-4abf-8347-3c4bc513e858'; 
UPDATE user SET prioritaryDepartmentIDFK = '3210a588-6fb7-43d4-844d-144690c1ef55' WHERE userID = '8256cc46-3582-4e50-b85b-517cc5c0b9c0'; 
UPDATE user SET prioritaryDepartmentIDFK = '306d8fcd-946a-4779-8577-8df62ee29e11' WHERE userID = 'c565fef9-25fa-40b0-a5c3-67b589880a35'; 
UPDATE user SET prioritaryDepartmentIDFK = 'bd68ae37-fe3a-40ae-943e-5b25d74366fb' WHERE userID = '716a24f6-af68-4584-af28-42108401aa3b'; 
UPDATE user SET prioritaryDepartmentIDFK = 'd29eb141-a8da-4188-aefe-77ba5af1b407' WHERE userID = '8861eb81-d199-4990-a8c8-2119d7a16810'; 
UPDATE user SET prioritaryDepartmentIDFK = '4d949540-a6f2-4888-b06f-7da69f03dd6d' WHERE userID = '74e6c4fc-8e1c-46e7-a686-b91cb68f3eee'; 
UPDATE user SET prioritaryDepartmentIDFK = 'e78396d7-1be6-42f9-8f3e-ce7bcc81581d' WHERE userID = '9382325f-0e8e-4b3b-b238-d3b0fba57a2c'; 
UPDATE user SET prioritaryDepartmentIDFK = '1660c401-7c24-4109-977f-7e0f1e5a587a' WHERE userID = 'd5230dc1-7e2e-4a53-9b14-a82243a7d720'; 
UPDATE user SET prioritaryDepartmentIDFK = '3210a588-6fb7-43d4-844d-144690c1ef55' WHERE userID = '00e384b3-2159-49d0-baff-d25fd97c0cde'; 
UPDATE user SET prioritaryDepartmentIDFK = '4d949540-a6f2-4888-b06f-7da69f03dd6d' WHERE userID = '046803ce-c44a-42ff-b81b-7a37a6d875f6'; 
UPDATE user SET prioritaryDepartmentIDFK = '419cd192-9d45-456b-9705-554d211daf9a' WHERE userID = '9b9664ae-e27e-4ffd-a275-63528e32eeb6'; 
UPDATE user SET prioritaryDepartmentIDFK = '34e882c5-39d4-4e75-afa3-8f6295a76480' WHERE userID = '281c551e-5910-41fc-b369-aaec083a82c1'; 
UPDATE user SET prioritaryDepartmentIDFK = 'bd68ae37-fe3a-40ae-943e-5b25d74366fb' WHERE userID = 'c170819e-487c-4828-9f56-0eb93483c718'; 
UPDATE user SET prioritaryDepartmentIDFK = '34e882c5-39d4-4e75-afa3-8f6295a76480' WHERE userID = '9a8cd2dd-93a0-4d2c-9ce9-18760bf430c8'; 
UPDATE user SET prioritaryDepartmentIDFK = '3210a588-6fb7-43d4-844d-144690c1ef55' WHERE userID = '6bd3b37d-d0ef-4c88-b8e0-6f1eef105f0f'; 
UPDATE user SET prioritaryDepartmentIDFK = '618f03db-2a66-44c2-9296-5c0397f67846' WHERE userID = '757da6d8-ed9f-437a-bf45-62ee500f527a'; 
UPDATE user SET prioritaryDepartmentIDFK = '618f03db-2a66-44c2-9296-5c0397f67846' WHERE userID = '6c49760f-97f2-4cbf-85f5-cf70b4650964'; 
UPDATE user SET prioritaryDepartmentIDFK = '76877774-86e2-4234-9968-b0abb45d045e' WHERE userID = '03d6c669-1a6a-4ea6-b000-b8c6f0a46246'; 
UPDATE user SET prioritaryDepartmentIDFK = 'fecd0c76-35ad-4891-a6d9-a114c93058f7' WHERE userID = 'c91e0f5a-5250-4536-b118-4f991aed2559'; 
UPDATE user SET prioritaryDepartmentIDFK = '622676e1-fb4a-4db3-8eb3-94b3814466ed' WHERE userID = 'b0a59af1-39aa-482b-9a15-7f208f805e62'; 
UPDATE user SET prioritaryDepartmentIDFK = '419cd192-9d45-456b-9705-554d211daf9a' WHERE userID = '51d5159e-16a2-45a7-9e65-7e9dee1c9f9c'; 
UPDATE user SET prioritaryDepartmentIDFK = 'fecd0c76-35ad-4891-a6d9-a114c93058f7' WHERE userID = '166db528-59d6-4b4b-b3c2-2ed494eeff9f'; 
UPDATE user SET prioritaryDepartmentIDFK = '34e882c5-39d4-4e75-afa3-8f6295a76480' WHERE userID = '99ca6923-a4c8-46eb-a194-aa0a6f611977'; 
UPDATE user SET prioritaryDepartmentIDFK = '419cd192-9d45-456b-9705-554d211daf9a' WHERE userID = '723d8814-d263-4225-a88a-159171c714b5'; 
UPDATE user SET prioritaryDepartmentIDFK = '4d949540-a6f2-4888-b06f-7da69f03dd6d' WHERE userID = '03a5b903-4703-4103-9d3c-48e093f78328'; 
UPDATE user SET prioritaryDepartmentIDFK = '76877774-86e2-4234-9968-b0abb45d045e' WHERE userID = '0c45c8a6-0a55-4089-bf56-1aa6a72abf95'; 
UPDATE user SET prioritaryDepartmentIDFK = '34e882c5-39d4-4e75-afa3-8f6295a76480' WHERE userID = '1581577a-4d89-4afc-950d-cf3b11ab3a67'; 
UPDATE user SET prioritaryDepartmentIDFK = 'ff87a269-40e7-49ff-8b20-a86c79f396a6' WHERE userID = '3a4d117a-0c1f-40c5-aa0d-a2da3b2e84a2'; 
UPDATE user SET prioritaryDepartmentIDFK = '34e882c5-39d4-4e75-afa3-8f6295a76480' WHERE userID = '75a0cbf7-59b3-4ff1-9c18-d6f58253e8c0'; 
UPDATE user SET prioritaryDepartmentIDFK = 'af8297db-f69f-48b3-8bc7-b7305cc1c069' WHERE userID = '5ea97481-bfc9-4e04-85c8-598af5abd2f2'; 
UPDATE user SET prioritaryDepartmentIDFK = '618f03db-2a66-44c2-9296-5c0397f67846' WHERE userID = '5fef43a9-024a-4662-af79-fcfd0d9508fc'; 
UPDATE user SET prioritaryDepartmentIDFK = '419cd192-9d45-456b-9705-554d211daf9a' WHERE userID = 'e5b7f165-1492-453a-8149-c4cac367c110'; 
UPDATE user SET prioritaryDepartmentIDFK = 'fb1e3f6d-9e8b-4323-8ec8-19ddd9b798ba' WHERE userID = '035f1351-7a86-4b41-b00c-708e4329d857'; 
UPDATE user SET prioritaryDepartmentIDFK = '3210a588-6fb7-43d4-844d-144690c1ef55' WHERE userID = 'a3b361eb-ff5a-42dc-ba3a-9d3f6965f8de'; 
UPDATE user SET prioritaryDepartmentIDFK = 'bd68ae37-fe3a-40ae-943e-5b25d74366fb' WHERE userID = 'f33cbe92-be38-4f78-92e6-f4d9a9ac80e1'; 
UPDATE user SET prioritaryDepartmentIDFK = 'fb1e3f6d-9e8b-4323-8ec8-19ddd9b798ba' WHERE userID = '0ede2132-a1e0-43f7-a131-8b4ad4513d41'; 
UPDATE user SET prioritaryDepartmentIDFK = '622676e1-fb4a-4db3-8eb3-94b3814466ed' WHERE userID = '0d20a5cc-65e1-486c-a306-f550f362c483'; 
UPDATE user SET prioritaryDepartmentIDFK = '76877774-86e2-4234-9968-b0abb45d045e' WHERE userID = '458bbbd2-84bc-4828-be1c-54a6b0bf7c32'; 
UPDATE user SET prioritaryDepartmentIDFK = 'ff87a269-40e7-49ff-8b20-a86c79f396a6' WHERE userID = 'ab286392-8f67-4508-b890-81b33cb0ddad'; 
UPDATE user SET prioritaryDepartmentIDFK = 'ee8f1286-a19e-408b-b43f-f8718b5b827b' WHERE userID = '697f1dd1-7dce-4f1f-a84b-9747f07b3910'; 
UPDATE user SET prioritaryDepartmentIDFK = '4d949540-a6f2-4888-b06f-7da69f03dd6d' WHERE userID = '4c96f7c9-6682-43f3-bacf-86eefe280de2'; 
UPDATE user SET prioritaryDepartmentIDFK = 'ff87a269-40e7-49ff-8b20-a86c79f396a6' WHERE userID = 'c048c484-5e74-470d-9c6d-2c4a93bf56ae'; 
UPDATE user SET prioritaryDepartmentIDFK = 'a28adeee-0984-41cb-bbd1-4d4b6d635e0a' WHERE userID = '7364b063-b6ea-4745-a988-7be411bfc66b'; 
UPDATE user SET prioritaryDepartmentIDFK = '618f03db-2a66-44c2-9296-5c0397f67846' WHERE userID = '83f74314-7509-44ce-bf81-ab4cfe55784d'; 
UPDATE user SET prioritaryDepartmentIDFK = '57d7ab63-0f3e-48d3-aa72-e22bf55bccbf' WHERE userID = 'bd2372ae-75e0-4c32-b18d-1c7839a5c6e5'; 
UPDATE user SET prioritaryDepartmentIDFK = 'fb1e3f6d-9e8b-4323-8ec8-19ddd9b798ba' WHERE userID = '6159066d-62b8-4468-9a58-4f464062bc9a'; 
UPDATE user SET prioritaryDepartmentIDFK = '1660c401-7c24-4109-977f-7e0f1e5a587a' WHERE userID = '1ff524f1-2c87-4ef6-a7b2-e92e53fce5ec'; 
UPDATE user SET prioritaryDepartmentIDFK = '830ddb60-75fa-4a2d-b966-ddad111c451b' WHERE userID = '238b2a75-0f03-4dac-840c-f4ae1e267409'; 
UPDATE user SET prioritaryDepartmentIDFK = '306d8fcd-946a-4779-8577-8df62ee29e11' WHERE userID = '4e627872-424f-4072-9e64-9ff93d2832df'; 
UPDATE user SET prioritaryDepartmentIDFK = 'fb1e3f6d-9e8b-4323-8ec8-19ddd9b798ba' WHERE userID = 'b0f144f4-1b74-4a32-923e-42caa72518ec'; 
UPDATE user SET prioritaryDepartmentIDFK = 'b3d1951f-715f-46dd-b8c6-ecf7d3f659f8' WHERE userID = '0bb82762-493c-4a4e-bef6-20de224f9063'; 
UPDATE user SET prioritaryDepartmentIDFK = 'bd68ae37-fe3a-40ae-943e-5b25d74366fb' WHERE userID = '4500c8f6-8b64-42dc-a107-6a6d8bae0239'; 
UPDATE user SET prioritaryDepartmentIDFK = '3210a588-6fb7-43d4-844d-144690c1ef55' WHERE userID = 'c8d35db1-0c6b-4db5-a08a-3d7de8957225'; 
UPDATE user SET prioritaryDepartmentIDFK = '57d7ab63-0f3e-48d3-aa72-e22bf55bccbf' WHERE userID = '4dff1a60-395d-49e0-87cb-872f118cadc2'; 
UPDATE user SET prioritaryDepartmentIDFK = 'fe1364ef-4802-4857-a6e7-47a96c1825fe' WHERE userID = 'ac60ecc0-8a4e-4a6c-b20f-de716570ccaf'; 
UPDATE user SET prioritaryDepartmentIDFK = 'a28adeee-0984-41cb-bbd1-4d4b6d635e0a' WHERE userID = 'bf66412c-2099-45cc-a791-4eda1f03f04f'; 
UPDATE user SET prioritaryDepartmentIDFK = 'ff87a269-40e7-49ff-8b20-a86c79f396a6' WHERE userID = '26d76314-70c3-4b1c-9abf-e178313d6632'; 
UPDATE user SET prioritaryDepartmentIDFK = '622676e1-fb4a-4db3-8eb3-94b3814466ed' WHERE userID = 'c2be4d0a-c627-4798-b3dc-a374c4fe7e63'; 
UPDATE user SET prioritaryDepartmentIDFK = 'ff87a269-40e7-49ff-8b20-a86c79f396a6' WHERE userID = '0c6e0924-7a33-4af1-a152-6c49a17f2794'; 
UPDATE user SET prioritaryDepartmentIDFK = 'ee8f1286-a19e-408b-b43f-f8718b5b827b' WHERE userID = 'ebc47f6a-8514-441c-bb48-515619cf5c98'; 
UPDATE user SET prioritaryDepartmentIDFK = '306d8fcd-946a-4779-8577-8df62ee29e11' WHERE userID = '3802877b-8564-43e1-8592-2b12ba59ac54'; 
UPDATE user SET prioritaryDepartmentIDFK = 'a28adeee-0984-41cb-bbd1-4d4b6d635e0a' WHERE userID = '0a97f6b0-2a35-4d01-b1fb-fe8184435ff2'; 
UPDATE user SET prioritaryDepartmentIDFK = 'b3d1951f-715f-46dd-b8c6-ecf7d3f659f8' WHERE userID = '5f439cb7-6316-497d-a455-8133f1e666fc'; 
UPDATE user SET prioritaryDepartmentIDFK = 'fe1364ef-4802-4857-a6e7-47a96c1825fe' WHERE userID = 'ee98551e-3454-4c60-8daa-129162b3629f'; 
UPDATE user SET prioritaryDepartmentIDFK = '306d8fcd-946a-4779-8577-8df62ee29e11' WHERE userID = 'f21cdc13-7ad1-4987-98c7-4325f3dd0fd6'; 
UPDATE user SET prioritaryDepartmentIDFK = '57d7ab63-0f3e-48d3-aa72-e22bf55bccbf' WHERE userID = 'f74308ee-11d6-4ca9-a493-53dc555beb87'; 
UPDATE user SET prioritaryDepartmentIDFK = 'ee8f1286-a19e-408b-b43f-f8718b5b827b' WHERE userID = '816b1a79-0595-488b-8e80-ed4d28d294bb'; 
UPDATE user SET prioritaryDepartmentIDFK = '419cd192-9d45-456b-9705-554d211daf9a' WHERE userID = 'cf674044-4024-4fad-b4f8-d242ab347d69'; 
UPDATE user SET prioritaryDepartmentIDFK = '9cd451a0-cf9e-4975-9d8e-70d7ee766149' WHERE userID = 'a4bb3380-ac61-4774-bd25-95fecabe8827'; 
UPDATE user SET prioritaryDepartmentIDFK = '1660c401-7c24-4109-977f-7e0f1e5a587a' WHERE userID = '2a4f568a-ffa0-41d0-b0cb-f6eaa4e831c8'; 
UPDATE user SET prioritaryDepartmentIDFK = 'd29eb141-a8da-4188-aefe-77ba5af1b407' WHERE userID = '85e6a81d-3f4a-489d-9dd1-4a9157277e98'; 
UPDATE user SET prioritaryDepartmentIDFK = 'fe1364ef-4802-4857-a6e7-47a96c1825fe' WHERE userID = '0bfe5477-8cff-4198-aecc-07856dbb2c77'; 

INSERT INTO workStatus(workStatusID, startDate,endDate, userStatusIDFK) VALUES('05be5aa4-19ab-40c1-8083-65ee7858706f', '2026-10-12', '1934-02-24', '816b1a79-0595-488b-8e80-ed4d28d294bb'); 
INSERT INTO workStatus(workStatusID, startDate,endDate, userStatusIDFK) VALUES('71810976-90d4-4081-9c64-b10e9dac3a8c', '2026-06-16', '1917-02-05', '0ede2132-a1e0-43f7-a131-8b4ad4513d41'); 
INSERT INTO workStatus(workStatusID, startDate,endDate, userStatusIDFK) VALUES('69848969-2b31-4b49-bd28-45c0067fe241', '2026-08-28', '2026-06-05', '035f1351-7a86-4b41-b00c-708e4329d857'); 
INSERT INTO workStatus(workStatusID, startDate,endDate, userStatusIDFK) VALUES('46883f5a-3a31-4173-975e-e3764c501fcd', '2026-04-30', '1920-09-15', '0d20a5cc-65e1-486c-a306-f550f362c483'); 
INSERT INTO workStatus(workStatusID, startDate,endDate, userStatusIDFK) VALUES('3ddd611a-d4e8-48b0-9c2d-2d0895822d45', '2026-06-05', '2026-12-25', '791b8aeb-abf8-4697-b4ec-89153c91a1f6'); 
INSERT INTO workStatus(workStatusID, startDate,endDate, userStatusIDFK) VALUES('03431bf9-98c3-4dac-99b3-b300a1d6dc05', '2026-08-22', '2026-03-08', '9b9664ae-e27e-4ffd-a275-63528e32eeb6'); 
INSERT INTO workStatus(workStatusID, startDate,endDate, userStatusIDFK) VALUES('078b9796-6315-433c-9938-e62aa3da0210', '2026-08-28', '1934-02-24', '0c45c8a6-0a55-4089-bf56-1aa6a72abf95'); 
INSERT INTO workStatus(workStatusID, startDate,endDate, userStatusIDFK) VALUES('4f26fb22-a65e-4d1f-8e50-ca4ce2fa99bc', '2026-10-12', '2026-08-28', '8974e0c6-8527-409a-9c67-82ec6af0d378'); 
INSERT INTO workStatus(workStatusID, startDate,endDate, userStatusIDFK) VALUES('aebbf39f-4d20-417e-9abc-29d5a6aa654c', '2026-06-05', '2026-05-23', '8bd5c82d-31bf-42b0-a5ae-c903a9e809be'); 
INSERT INTO workStatus(workStatusID, startDate,endDate, userStatusIDFK) VALUES('d17e3beb-9807-4519-a0f1-fecbf9604864', '1886-05-01', '2026-04-07', '75a0cbf7-59b3-4ff1-9c18-d6f58253e8c0'); 
INSERT INTO workStatus(workStatusID, startDate,endDate, userStatusIDFK) VALUES('02f8f168-0e6d-4bf6-9294-4092ca065c2a', '1910-11-20', '2026-04-07', '238b2a75-0f03-4dac-840c-f4ae1e267409'); 
INSERT INTO workStatus(workStatusID, startDate,endDate, userStatusIDFK) VALUES('4c8d6a9f-8d4e-4060-ab14-eb64f1904ff1', '1920-09-15', '2026-11-02', '5ea97481-bfc9-4e04-85c8-598af5abd2f2'); 
INSERT INTO workStatus(workStatusID, startDate,endDate, userStatusIDFK) VALUES('9dfbd4dc-be1b-4803-a2a4-af48003f7e3f', '2000-01-07', '2026-02-14', '238b2a75-0f03-4dac-840c-f4ae1e267409'); 
INSERT INTO workStatus(workStatusID, startDate,endDate, userStatusIDFK) VALUES('ca96ac2a-dfe4-4c90-8b81-df3a37c48154', '2026-05-23', '2026-06-16', '84c14d4c-1750-472f-8021-b7f7e01bb767'); 
INSERT INTO workStatus(workStatusID, startDate,endDate, userStatusIDFK) VALUES('80503671-293a-4f65-9365-074a37bfea13', '1934-02-24', '2026-10-12', '4500c8f6-8b64-42dc-a107-6a6d8bae0239'); 
INSERT INTO workStatus(workStatusID, startDate,endDate, userStatusIDFK) VALUES('7dadb588-3ad0-4ae8-8f39-8920bbfb7602', '2026-09-21', '1886-05-01', 'd5230dc1-7e2e-4a53-9b14-a82243a7d720'); 
INSERT INTO workStatus(workStatusID, startDate,endDate, userStatusIDFK) VALUES('0a077566-9108-4fc8-84a7-2a0cd51d8dd4', '2026-04-30', '2026-10-01', '046803ce-c44a-42ff-b81b-7a37a6d875f6'); 
INSERT INTO workStatus(workStatusID, startDate,endDate, userStatusIDFK) VALUES('5b712e2c-fed4-41c1-bcec-24927ad86dcc', '2026-04-07', '2026-06-16', '42058908-1739-4235-b2bb-13e786456659'); 
INSERT INTO workStatus(workStatusID, startDate,endDate, userStatusIDFK) VALUES('07ec8cb1-6455-4604-98f0-a098c763c7e6', '1886-05-01', '2026-05-10', '9b9664ae-e27e-4ffd-a275-63528e32eeb6'); 
INSERT INTO workStatus(workStatusID, startDate,endDate, userStatusIDFK) VALUES('a1f96a5e-99d3-4863-9f3f-17572a2a34aa', '2026-10-12', '2026-08-28', '9a8cd2dd-93a0-4d2c-9ce9-18760bf430c8'); 
INSERT INTO workStatus(workStatusID, startDate,endDate, userStatusIDFK) VALUES('12fa3712-802b-4718-923f-db4fcac3cb49', '2026-09-21', '1917-02-05', 'c2be4d0a-c627-4798-b3dc-a374c4fe7e63'); 
INSERT INTO workStatus(workStatusID, startDate,endDate, userStatusIDFK) VALUES('bf92a5f6-d764-4efe-a686-4713f431c751', '2026-02-19', '2026-04-30', '723d8814-d263-4225-a88a-159171c714b5'); 
INSERT INTO workStatus(workStatusID, startDate,endDate, userStatusIDFK) VALUES('80047a01-e73b-4c0f-a01f-77a4b2374d06', '2026-05-23', '2026-02-14', '3bc6e149-1904-4356-bb7d-569d7d2fd4a9'); 
INSERT INTO workStatus(workStatusID, startDate,endDate, userStatusIDFK) VALUES('5f2b4d09-63d9-4bdc-b2d0-8470800aafa8', '2026-05-23', '1910-11-20', '1581577a-4d89-4afc-950d-cf3b11ab3a67'); 
INSERT INTO workStatus(workStatusID, startDate,endDate, userStatusIDFK) VALUES('89cce077-eeca-4149-bc4b-d3ced9b55a2e', '1806-03-21', '1917-02-05', 'bf66412c-2099-45cc-a791-4eda1f03f04f'); 
INSERT INTO workStatus(workStatusID, startDate,endDate, userStatusIDFK) VALUES('85790559-e650-423c-a042-deafbfb74473', '2026-06-05', '2026-08-22', '0c45c8a6-0a55-4089-bf56-1aa6a72abf95'); 
INSERT INTO workStatus(workStatusID, startDate,endDate, userStatusIDFK) VALUES('6ffc08bd-4815-41e8-b353-9fa407fc7206', '1886-05-01', '2026-09-21', '0c6e0924-7a33-4af1-a152-6c49a17f2794'); 
INSERT INTO workStatus(workStatusID, startDate,endDate, userStatusIDFK) VALUES('f43e5fb2-8abb-494f-bd3f-c6b83ec559d7', '2026-05-10', '1910-11-20', '84c14d4c-1750-472f-8021-b7f7e01bb767'); 
INSERT INTO workStatus(workStatusID, startDate,endDate, userStatusIDFK) VALUES('d2bf5dc3-8459-4047-adfe-2f21682e3974', '2026-10-01', '2026-02-19', '6159066d-62b8-4468-9a58-4f464062bc9a'); 
INSERT INTO workStatus(workStatusID, startDate,endDate, userStatusIDFK) VALUES('613a806f-cedd-4d4b-a6d2-4208e1840381', '2026-06-02', '2026-03-08', 'ac60ecc0-8a4e-4a6c-b20f-de716570ccaf'); 
INSERT INTO workStatus(workStatusID, startDate,endDate, userStatusIDFK) VALUES('70ee14b4-cc0a-41c8-9568-b0456db15ed5', '2026-12-25', '2026-02-19', 'f33cbe92-be38-4f78-92e6-f4d9a9ac80e1'); 
INSERT INTO workStatus(workStatusID, startDate,endDate, userStatusIDFK) VALUES('1ea82de1-e7a3-478f-bc46-a507543e798d', '2026-01-02', '1886-05-01', '9a8cd2dd-93a0-4d2c-9ce9-18760bf430c8'); 
INSERT INTO workStatus(workStatusID, startDate,endDate, userStatusIDFK) VALUES('0109b9c1-0ee3-4261-a503-9547aa0a84b6', '2026-06-16', '2026-12-25', '5f439cb7-6316-497d-a455-8133f1e666fc'); 
INSERT INTO workStatus(workStatusID, startDate,endDate, userStatusIDFK) VALUES('375bf255-2776-4b53-b102-7eaf9d013a8e', '2026-03-08', '2000-01-07', '74e6c4fc-8e1c-46e7-a686-b91cb68f3eee'); 
INSERT INTO workStatus(workStatusID, startDate,endDate, userStatusIDFK) VALUES('f477f654-ddc8-43a8-8907-dc5b17aa502d', '2026-03-08', '2026-05-23', '9382325f-0e8e-4b3b-b238-d3b0fba57a2c'); 
INSERT INTO workStatus(workStatusID, startDate,endDate, userStatusIDFK) VALUES('47d75eda-2146-465a-a3fb-c8938bccfd38', '2026-04-02', '2026-08-22', 'a45e62af-e659-48f3-9c72-ed3b43c22e1e'); 
INSERT INTO workStatus(workStatusID, startDate,endDate, userStatusIDFK) VALUES('33c25d2a-98bb-4f56-97f4-ef7435f1f1c6', '2026-02-19', '2026-04-02', '3dc312b1-a6ff-49ea-aa1f-15e1e06e155b'); 
INSERT INTO workStatus(workStatusID, startDate,endDate, userStatusIDFK) VALUES('65f28c29-8589-4492-ba55-7a9bfc431ea8', '2026-04-30', '1886-05-01', '74e6c4fc-8e1c-46e7-a686-b91cb68f3eee'); 
INSERT INTO workStatus(workStatusID, startDate,endDate, userStatusIDFK) VALUES('3cc55611-cb50-4671-8933-53cc07d1b33d', '1886-05-01', '2026-11-02', '4500c8f6-8b64-42dc-a107-6a6d8bae0239'); 
INSERT INTO workStatus(workStatusID, startDate,endDate, userStatusIDFK) VALUES('f5ee7734-e061-4eb9-8613-04132f367f37', '2026-02-14', '2026-08-22', 'ee98551e-3454-4c60-8daa-129162b3629f'); 
INSERT INTO workStatus(workStatusID, startDate,endDate, userStatusIDFK) VALUES('2d0f882c-c464-41a2-84fd-661ae4c8867b', '1886-05-01', '2026-05-10', '9a0beaa8-91da-4446-8f9d-6522dd46ea53'); 
INSERT INTO workStatus(workStatusID, startDate,endDate, userStatusIDFK) VALUES('50ffbf45-cba3-4254-8ae0-68e69aa21356', '2026-11-02', '2026-01-02', 'b0f144f4-1b74-4a32-923e-42caa72518ec'); 
INSERT INTO workStatus(workStatusID, startDate,endDate, userStatusIDFK) VALUES('96e14c16-c602-4963-850e-d8b9873b7b94', '2026-05-23', '2026-02-14', 'c565fef9-25fa-40b0-a5c3-67b589880a35'); 
INSERT INTO workStatus(workStatusID, startDate,endDate, userStatusIDFK) VALUES('71bff0bb-3377-489d-845a-e317ffef95f5', '1934-02-24', '2026-02-14', '91b66437-998f-4d62-a315-0f6214aad4c4'); 
INSERT INTO workStatus(workStatusID, startDate,endDate, userStatusIDFK) VALUES('338f1138-6dbd-4506-97cc-a135ee549fb9', '1917-02-05', '2026-04-02', 'f33cbe92-be38-4f78-92e6-f4d9a9ac80e1'); 
INSERT INTO workStatus(workStatusID, startDate,endDate, userStatusIDFK) VALUES('31066cbd-b2c9-4333-8666-6ecfb49a1452', '1917-02-05', '1920-09-15', '85e6a81d-3f4a-489d-9dd1-4a9157277e98'); 
INSERT INTO workStatus(workStatusID, startDate,endDate, userStatusIDFK) VALUES('d639ba2e-1ae8-4ac3-9beb-a3efe4edc551', '1920-09-15', '2026-05-10', 'f33cbe92-be38-4f78-92e6-f4d9a9ac80e1'); 
INSERT INTO workStatus(workStatusID, startDate,endDate, userStatusIDFK) VALUES('b60b7c87-3dc8-4fb6-ba72-73a559925c4b', '1920-09-15', '1917-02-05', 'c91e0f5a-5250-4536-b118-4f991aed2559'); 
INSERT INTO workStatus(workStatusID, startDate,endDate, userStatusIDFK) VALUES('2a065b10-8170-4155-82bb-3edb46301fc0', '2026-05-10', '2026-04-07', 'a4bb3380-ac61-4774-bd25-95fecabe8827'); 
INSERT INTO workStatus(workStatusID, startDate,endDate, userStatusIDFK) VALUES('20f04916-9419-4290-b8b4-94eb72e66488', '1920-09-15', '2026-06-05', '00e384b3-2159-49d0-baff-d25fd97c0cde'); 
INSERT INTO workStatus(workStatusID, startDate,endDate, userStatusIDFK) VALUES('1770e6f4-ad46-42c8-9699-798c6cefae88', '2026-10-12', '1917-02-05', 'ebc47f6a-8514-441c-bb48-515619cf5c98'); 
INSERT INTO workStatus(workStatusID, startDate,endDate, userStatusIDFK) VALUES('9cf9945c-2793-4996-a7ca-5118a19f4717', '2026-10-12', '2026-11-02', '0fd50711-832e-4abf-8347-3c4bc513e858'); 
INSERT INTO workStatus(workStatusID, startDate,endDate, userStatusIDFK) VALUES('f0489910-1a9c-4785-9940-900335f1f4b9', '1531-12-12', '1920-09-15', '9137a27a-1e5c-40dd-b0b8-870f0c0a20db'); 
INSERT INTO workStatus(workStatusID, startDate,endDate, userStatusIDFK) VALUES('61229548-7da1-4051-a03e-efad71da764f', '2026-04-07', '2026-08-22', '2397938a-10af-40c4-b026-c5d8ffda0637'); 
INSERT INTO workStatus(workStatusID, startDate,endDate, userStatusIDFK) VALUES('b2695a39-b661-4fc7-aaee-09f5aa9272f7', '2026-08-28', '2026-08-28', '72278567-81e4-4526-b5b1-b10c9afed9a5'); 
INSERT INTO workStatus(workStatusID, startDate,endDate, userStatusIDFK) VALUES('45d44544-4190-4106-9ae1-f534f1772317', '2000-01-07', '2026-09-21', 'ebc47f6a-8514-441c-bb48-515619cf5c98'); 
INSERT INTO workStatus(workStatusID, startDate,endDate, userStatusIDFK) VALUES('fa6743bb-dec0-48f5-af94-9a933696d17e', '2000-01-07', '1910-11-20', 'ee98551e-3454-4c60-8daa-129162b3629f'); 
INSERT INTO workStatus(workStatusID, startDate,endDate, userStatusIDFK) VALUES('eddefef6-737e-48db-bcfa-0e19940019e6', '2026-05-10', '1806-03-21', '238b2a75-0f03-4dac-840c-f4ae1e267409'); 
INSERT INTO workStatus(workStatusID, startDate,endDate, userStatusIDFK) VALUES('7f91ffb6-be8e-429c-af91-89f7e0fec8e9', '2026-10-12', '2026-10-01', '4c96f7c9-6682-43f3-bacf-86eefe280de2'); 
INSERT INTO workStatus(workStatusID, startDate,endDate, userStatusIDFK) VALUES('c6083b6a-79a7-48a7-a4bb-3e8d07946e0b', '2026-03-08', '2026-11-02', '2397938a-10af-40c4-b026-c5d8ffda0637'); 

INSERT INTO oneOnOneQuestion(questionID, question) VALUES('bf332f1f-d788-49ea-9dfb-2ea24bb01135', '¿Cuál va a ser tu meta del mes?'); 
INSERT INTO oneOnOneQuestion(questionID, question) VALUES('a8cf4653-43d9-42eb-8438-1352957ca4c4', '¿Qué vamos hacer para cumplir las metas?'); 
INSERT INTO oneOnOneQuestion(questionID, question) VALUES('f5e7306a-26a4-4a6c-b7f2-dc7e2a5b5c0c', '¿Estás preocupado, decepcionado o estresado?'); 
INSERT INTO oneOnOneQuestion(questionID, question) VALUES('3bc4fe7d-699e-43f9-995e-0d3801f59dcd', '¿A quién quiero reconocer en la semana?'); 

INSERT INTO oneOnOneMeasurable(measurableID, summary) VALUES('a3401a6b-0dd9-4ba1-8f22-0481d3ee1721', 'Reconocimiento: El colaborador se siente poco valorado por sus compañeros'); 
INSERT INTO oneOnOneMeasurable(measurableID, summary) VALUES('b17b32fb-4139-4363-9e29-027b711d64d8', 'Reconocimiento: El colaborador se siente poco valorado por sus compañeros'); 
INSERT INTO oneOnOneMeasurable(measurableID, summary) VALUES('5c880ecb-5277-4ea3-85ee-b3d6cbbf9762', 'Reconocimiento: El colaborador se siente altamente valorado por sus compañeros'); 
INSERT INTO oneOnOneMeasurable(measurableID, summary) VALUES('752bc861-3707-4136-af7e-0f4eab76e5d4', 'Salud fisica El colaborador menciona tener una salud fisica un poco mala'); 
INSERT INTO oneOnOneMeasurable(measurableID, summary) VALUES('76cab43c-0109-47ec-a34c-14df491b247a', 'Salud fisica El colaborador menciona tener una salud fisica un poco mala'); 

INSERT INTO oneOnOne(oneOnOneID, expectedTime, meetingDate, meetingLink, oneOnOneUserIDFK) VALUES('def2ad46-0f25-40c9-9626-c56ae36d5c99', 15, '2025-03-05 09:15:00', 'https://meet.google.com/abc-defg-hij', '1581577a-4d89-4afc-950d-cf3b11ab3a67');
INSERT INTO oneOnOne(oneOnOneID, expectedTime, meetingDate, meetingLink, oneOnOneUserIDFK) VALUES('21c14bd9-5a47-40e3-a088-a24f05a0cdba', 15, '2025-05-12 14:45:00', 'https://meet.google.com/abc-defg-hij', '8bd5c82d-31bf-42b0-a5ae-c903a9e809be');
INSERT INTO oneOnOne(oneOnOneID, expectedTime, meetingDate, meetingLink, oneOnOneUserIDFK) VALUES('cbf52d8f-b706-421a-8b69-b1e1a60ab654', 15, '2025-05-07 14:30:00', 'https://meet.google.com/abc-defg-hij', '3a4d117a-0c1f-40c5-aa0d-a2da3b2e84a2');
INSERT INTO oneOnOne(oneOnOneID, expectedTime, meetingDate, meetingLink, oneOnOneUserIDFK) VALUES('85c317e8-3a5f-4144-8041-140b02f839fa', 15, '2025-03-20 13:45:00', 'https://meet.google.com/abc-defg-hij', '035f1351-7a86-4b41-b00c-708e4329d857');
INSERT INTO oneOnOne(oneOnOneID, expectedTime, meetingDate, meetingLink, oneOnOneUserIDFK) VALUES('f6a65e8c-f21f-4c3c-9366-567d1260c16f', 15, '2025-03-21 16:00:00', 'https://meet.google.com/abc-defg-hij', '0bb82762-493c-4a4e-bef6-20de224f9063');
INSERT INTO oneOnOne(oneOnOneID, expectedTime, meetingDate, meetingLink, oneOnOneUserIDFK) VALUES('2594f248-a177-470f-bf83-2ef7f0f839dd', 15, '2025-03-20 13:30:00', 'https://meet.google.com/abc-defg-hij', '9137a27a-1e5c-40dd-b0b8-870f0c0a20db');
INSERT INTO oneOnOne(oneOnOneID, expectedTime, meetingDate, meetingLink, oneOnOneUserIDFK) VALUES('379e20a8-562b-4598-a891-bfe9c0e8568c', 15, '2025-03-05 09:45:00', 'https://meet.google.com/abc-defg-hij', '1581577a-4d89-4afc-950d-cf3b11ab3a67');
INSERT INTO oneOnOne(oneOnOneID, expectedTime, meetingDate, meetingLink, oneOnOneUserIDFK) VALUES('5099ae91-b454-4e00-b911-6b697c901825', 15, '2025-03-05 09:45:00', 'https://meet.google.com/abc-defg-hij', '3a083e2c-63a5-4c2f-be2f-711b80124758');
INSERT INTO oneOnOne(oneOnOneID, expectedTime, meetingDate, meetingLink, oneOnOneUserIDFK) VALUES('61d63d65-c450-4102-93b5-fc8f92861ead', 15, '2025-05-07 14:45:00', 'https://meet.google.com/abc-defg-hij', 'd5230dc1-7e2e-4a53-9b14-a82243a7d720');
INSERT INTO oneOnOne(oneOnOneID, expectedTime, meetingDate, meetingLink, oneOnOneUserIDFK) VALUES('d2551181-f82e-4cfe-9269-5f80c4edc1ca', 15, '2025-03-20 13:15:00', 'https://meet.google.com/abc-defg-hij', 'c8d35db1-0c6b-4db5-a08a-3d7de8957225');
INSERT INTO oneOnOne(oneOnOneID, expectedTime, meetingDate, meetingLink, oneOnOneUserIDFK) VALUES('02db5316-b8c0-4251-a466-5c74af2541a7', 15, '2025-05-07 14:45:00', 'https://meet.google.com/abc-defg-hij', '84c14d4c-1750-472f-8021-b7f7e01bb767');
INSERT INTO oneOnOne(oneOnOneID, expectedTime, meetingDate, meetingLink, oneOnOneUserIDFK) VALUES('688af435-22bb-4172-8296-c46d06ecdb1e', 15, '2025-03-21 16:15:00', 'https://meet.google.com/abc-defg-hij', 'f33cbe92-be38-4f78-92e6-f4d9a9ac80e1');
INSERT INTO oneOnOne(oneOnOneID, expectedTime, meetingDate, meetingLink, oneOnOneUserIDFK) VALUES('3dd83540-a9ff-4eed-8ae4-3652b5973b26', 15, '2025-03-20 13:45:00', 'https://meet.google.com/abc-defg-hij', '9137a27a-1e5c-40dd-b0b8-870f0c0a20db');
INSERT INTO oneOnOne(oneOnOneID, expectedTime, meetingDate, meetingLink, oneOnOneUserIDFK) VALUES('12b840a9-1ea0-4566-aa7b-1f1c1e1c44d8', 15, '2025-03-21 16:15:00', 'https://meet.google.com/abc-defg-hij', 'a45e62af-e659-48f3-9c72-ed3b43c22e1e');
INSERT INTO oneOnOne(oneOnOneID, expectedTime, meetingDate, meetingLink, oneOnOneUserIDFK) VALUES('1814f9ef-8bef-4722-9911-854423e18724', 15, '2025-05-07 14:15:00', 'https://meet.google.com/abc-defg-hij', 'ebc47f6a-8514-441c-bb48-515619cf5c98');
INSERT INTO oneOnOne(oneOnOneID, expectedTime, meetingDate, meetingLink, oneOnOneUserIDFK) VALUES('a6f8f033-16d3-4bb6-bc96-f7f9b1c58056', 15, '2025-05-07 14:30:00', 'https://meet.google.com/abc-defg-hij', '4c96f7c9-6682-43f3-bacf-86eefe280de2');
INSERT INTO oneOnOne(oneOnOneID, expectedTime, meetingDate, meetingLink, oneOnOneUserIDFK) VALUES('18b02c9b-99f2-4154-a756-c6b12c322ad5', 15, '2025-05-07 14:45:00', 'https://meet.google.com/abc-defg-hij', '2a4f568a-ffa0-41d0-b0cb-f6eaa4e831c8');
INSERT INTO oneOnOne(oneOnOneID, expectedTime, meetingDate, meetingLink, oneOnOneUserIDFK) VALUES('2d5569f5-a58c-48ce-9b69-11d213b0ea7d', 15, '2025-03-20 13:45:00', 'https://meet.google.com/abc-defg-hij', 'c91e0f5a-5250-4536-b118-4f991aed2559');
INSERT INTO oneOnOne(oneOnOneID, expectedTime, meetingDate, meetingLink, oneOnOneUserIDFK) VALUES('05d5df7d-dfba-4571-8581-d434773a3f73', 15, '2025-03-20 13:30:00', 'https://meet.google.com/abc-defg-hij', '5ea97481-bfc9-4e04-85c8-598af5abd2f2');
INSERT INTO oneOnOne(oneOnOneID, expectedTime, meetingDate, meetingLink, oneOnOneUserIDFK) VALUES('e93acb79-78d4-4a96-b813-30ff4f97cbf9', 15, '2025-03-20 13:15:00', 'https://meet.google.com/abc-defg-hij', '0bfe5477-8cff-4198-aecc-07856dbb2c77');
INSERT INTO oneOnOne(oneOnOneID, expectedTime, meetingDate, meetingLink, oneOnOneUserIDFK) VALUES('1f8a905c-4daa-422b-bd01-bcaa709b117a', 15, '2025-03-05 09:15:00', 'https://meet.google.com/abc-defg-hij', '0c45c8a6-0a55-4089-bf56-1aa6a72abf95');
INSERT INTO oneOnOne(oneOnOneID, expectedTime, meetingDate, meetingLink, oneOnOneUserIDFK) VALUES('249301f6-0ae2-4e9f-9ebb-4c50d194a6d3', 15, '2025-05-12 14:15:00', 'https://meet.google.com/abc-defg-hij', '0fd50711-832e-4abf-8347-3c4bc513e858');
INSERT INTO oneOnOne(oneOnOneID, expectedTime, meetingDate, meetingLink, oneOnOneUserIDFK) VALUES('3fe9173b-33d2-42e7-9c0f-b4b93da96f2d', 15, '2025-03-05 09:30:00', 'https://meet.google.com/abc-defg-hij', '4500c8f6-8b64-42dc-a107-6a6d8bae0239');
INSERT INTO oneOnOne(oneOnOneID, expectedTime, meetingDate, meetingLink, oneOnOneUserIDFK) VALUES('0ea6b5ee-43b7-40ba-acd7-4077aee65b95', 15, '2025-03-20 13:45:00', 'https://meet.google.com/abc-defg-hij', '716a24f6-af68-4584-af28-42108401aa3b');
INSERT INTO oneOnOne(oneOnOneID, expectedTime, meetingDate, meetingLink, oneOnOneUserIDFK) VALUES('88752272-6ee4-4461-b2a6-c56770b6337a', 15, '2025-05-07 14:45:00', 'https://meet.google.com/abc-defg-hij', '6bd3b37d-d0ef-4c88-b8e0-6f1eef105f0f');
INSERT INTO oneOnOne(oneOnOneID, expectedTime, meetingDate, meetingLink, oneOnOneUserIDFK) VALUES('51da8523-18b8-4b6d-a87f-56ef76dbec6b', 15, '2025-03-05 09:30:00', 'https://meet.google.com/abc-defg-hij', '248d076c-f2af-4d30-b57a-df815eec81f3');
INSERT INTO oneOnOne(oneOnOneID, expectedTime, meetingDate, meetingLink, oneOnOneUserIDFK) VALUES('b7b4e311-c0ba-4a6f-8f54-c69c0b9c3b98', 15, '2025-03-21 16:00:00', 'https://meet.google.com/abc-defg-hij', '281c551e-5910-41fc-b369-aaec083a82c1');
INSERT INTO oneOnOne(oneOnOneID, expectedTime, meetingDate, meetingLink, oneOnOneUserIDFK) VALUES('2fdefa1c-8645-4213-b53f-428314ce0a0c', 15, '2025-03-05 09:15:00', 'https://meet.google.com/abc-defg-hij', 'f21cdc13-7ad1-4987-98c7-4325f3dd0fd6');
INSERT INTO oneOnOne(oneOnOneID, expectedTime, meetingDate, meetingLink, oneOnOneUserIDFK) VALUES('3d6101ab-fb4c-4879-a74e-b49e7b4340f8', 15, '2025-05-07 07:00:00', 'https://meet.google.com/abc-defg-hij', '9a8cd2dd-93a0-4d2c-9ce9-18760bf430c8');
INSERT INTO oneOnOne(oneOnOneID, expectedTime, meetingDate, meetingLink, oneOnOneUserIDFK) VALUES('3ef837a7-7f6f-4b82-8b33-6407306fb351', 15, '2025-03-20 13:15:00', 'https://meet.google.com/abc-defg-hij', '046803ce-c44a-42ff-b81b-7a37a6d875f6');
INSERT INTO oneOnOne(oneOnOneID, expectedTime, meetingDate, meetingLink, oneOnOneUserIDFK) VALUES('9dd0e4cf-091c-4d6f-9c49-92f58754515b', 15, '2025-03-05 09:45:00', 'https://meet.google.com/abc-defg-hij', '0d20a5cc-65e1-486c-a306-f550f362c483');
INSERT INTO oneOnOne(oneOnOneID, expectedTime, meetingDate, meetingLink, oneOnOneUserIDFK) VALUES('1f5a5f21-9a62-4289-8e47-71e1fed189bb', 15, '2025-05-07 14:15:00', 'https://meet.google.com/abc-defg-hij', '1ff524f1-2c87-4ef6-a7b2-e92e53fce5ec');
INSERT INTO oneOnOne(oneOnOneID, expectedTime, meetingDate, meetingLink, oneOnOneUserIDFK) VALUES('c95af9d7-fb83-436b-a808-512b6f5bdf2e', 15, '2025-03-21 16:00:00', 'https://meet.google.com/abc-defg-hij', '99ca6923-a4c8-46eb-a194-aa0a6f611977');
INSERT INTO oneOnOne(oneOnOneID, expectedTime, meetingDate, meetingLink, oneOnOneUserIDFK) VALUES('c5d2196c-af20-4fac-8cf4-cf7494f8ad5f', 15, '2025-03-20 13:30:00', 'https://meet.google.com/abc-defg-hij', '1581577a-4d89-4afc-950d-cf3b11ab3a67');
INSERT INTO oneOnOne(oneOnOneID, expectedTime, meetingDate, meetingLink, oneOnOneUserIDFK) VALUES('72ea83e7-a36a-4445-97a1-726ab000947d', 15, '2025-05-07 07:30:00', 'https://meet.google.com/abc-defg-hij', '5ea97481-bfc9-4e04-85c8-598af5abd2f2');
INSERT INTO oneOnOne(oneOnOneID, expectedTime, meetingDate, meetingLink, oneOnOneUserIDFK) VALUES('2536c1d7-a09a-4fe2-8fd7-479014dc3beb', 15, '2025-05-07 14:15:00', 'https://meet.google.com/abc-defg-hij', '0ede2132-a1e0-43f7-a131-8b4ad4513d41');
INSERT INTO oneOnOne(oneOnOneID, expectedTime, meetingDate, meetingLink, oneOnOneUserIDFK) VALUES('87050c1e-6453-43bb-95e1-61eb222a7811', 15, '2025-05-07 07:30:00', 'https://meet.google.com/abc-defg-hij', '281c551e-5910-41fc-b369-aaec083a82c1');
INSERT INTO oneOnOne(oneOnOneID, expectedTime, meetingDate, meetingLink, oneOnOneUserIDFK) VALUES('694f2967-f94d-4847-85e8-d968430fc4c6', 15, '2025-05-07 14:15:00', 'https://meet.google.com/abc-defg-hij', '035f1351-7a86-4b41-b00c-708e4329d857');
INSERT INTO oneOnOne(oneOnOneID, expectedTime, meetingDate, meetingLink, oneOnOneUserIDFK) VALUES('54de9f6e-40b8-4504-b962-baa86f1a07a3', 15, '2025-05-12 14:15:00', 'https://meet.google.com/abc-defg-hij', 'c565fef9-25fa-40b0-a5c3-67b589880a35');
INSERT INTO oneOnOne(oneOnOneID, expectedTime, meetingDate, meetingLink, oneOnOneUserIDFK) VALUES('f83df042-3dec-4cf5-aa4c-dac5709a5278', 15, '2025-03-21 16:15:00', 'https://meet.google.com/abc-defg-hij', 'f33cbe92-be38-4f78-92e6-f4d9a9ac80e1');
INSERT INTO oneOnOne(oneOnOneID, expectedTime, meetingDate, meetingLink, oneOnOneUserIDFK) VALUES('085b419e-4a30-4dda-9124-f5da11ed4524', 15, '2025-05-12 14:30:00', 'https://meet.google.com/abc-defg-hij', 'ebc47f6a-8514-441c-bb48-515619cf5c98');
INSERT INTO oneOnOne(oneOnOneID, expectedTime, meetingDate, meetingLink, oneOnOneUserIDFK) VALUES('f482de25-e8c4-438d-bde8-a273baa3d8d9', 15, '2025-03-05 09:45:00', 'https://meet.google.com/abc-defg-hij', '72278567-81e4-4526-b5b1-b10c9afed9a5');
INSERT INTO oneOnOne(oneOnOneID, expectedTime, meetingDate, meetingLink, oneOnOneUserIDFK) VALUES('85117754-02d8-486e-a8c9-2b215d01fb89', 15, '2025-03-20 13:30:00', 'https://meet.google.com/abc-defg-hij', '9137a27a-1e5c-40dd-b0b8-870f0c0a20db');
INSERT INTO oneOnOne(oneOnOneID, expectedTime, meetingDate, meetingLink, oneOnOneUserIDFK) VALUES('fb35c839-98d5-4f10-a248-73100ffc27bf', 15, '2025-03-05 09:45:00', 'https://meet.google.com/abc-defg-hij', '8861eb81-d199-4990-a8c8-2119d7a16810');
INSERT INTO oneOnOne(oneOnOneID, expectedTime, meetingDate, meetingLink, oneOnOneUserIDFK) VALUES('c4a4ac47-4bf1-4bbd-abd2-f66f462e9b9b', 15, '2025-05-07 07:30:00', 'https://meet.google.com/abc-defg-hij', '03a5b903-4703-4103-9d3c-48e093f78328');
INSERT INTO oneOnOne(oneOnOneID, expectedTime, meetingDate, meetingLink, oneOnOneUserIDFK) VALUES('5016e296-dcd6-471c-8472-64cf79abb71c', 15, '2025-03-21 16:15:00', 'https://meet.google.com/abc-defg-hij', '4dff1a60-395d-49e0-87cb-872f118cadc2');
INSERT INTO oneOnOne(oneOnOneID, expectedTime, meetingDate, meetingLink, oneOnOneUserIDFK) VALUES('3c0ed9e2-fdb6-4a34-865f-9a07d5d77cc0', 15, '2025-05-07 07:30:00', 'https://meet.google.com/abc-defg-hij', 'ee98551e-3454-4c60-8daa-129162b3629f');
INSERT INTO oneOnOne(oneOnOneID, expectedTime, meetingDate, meetingLink, oneOnOneUserIDFK) VALUES('b96c9158-93a0-4ba6-8ebd-6fca9608decc', 15, '2025-03-05 09:15:00', 'https://meet.google.com/abc-defg-hij', '4c96f7c9-6682-43f3-bacf-86eefe280de2');
INSERT INTO oneOnOne(oneOnOneID, expectedTime, meetingDate, meetingLink, oneOnOneUserIDFK) VALUES('04b6befa-3acf-43bb-8b63-f1368e3d74b4', 15, '2025-05-07 07:00:00', 'https://meet.google.com/abc-defg-hij', '0d20a5cc-65e1-486c-a306-f550f362c483');
INSERT INTO oneOnOne(oneOnOneID, expectedTime, meetingDate, meetingLink, oneOnOneUserIDFK) VALUES('aafd1119-e8b8-4bc7-94cd-f5f0570d5c8c', 15, '2025-03-05 09:45:00', 'https://meet.google.com/abc-defg-hij', '4c96f7c9-6682-43f3-bacf-86eefe280de2');
INSERT INTO oneOnOne(oneOnOneID, expectedTime, meetingDate, meetingLink, oneOnOneUserIDFK) VALUES('af648b74-0df5-426d-bd56-db883d9cf8a9', 15, '2025-05-07 14:15:00', 'https://meet.google.com/abc-defg-hij', '5fef43a9-024a-4662-af79-fcfd0d9508fc');
INSERT INTO oneOnOne(oneOnOneID, expectedTime, meetingDate, meetingLink, oneOnOneUserIDFK) VALUES('a2829824-49ec-403d-8d37-5ac14ae13ac4', 15, '2025-05-07 14:30:00', 'https://meet.google.com/abc-defg-hij', '4500c8f6-8b64-42dc-a107-6a6d8bae0239');
INSERT INTO oneOnOne(oneOnOneID, expectedTime, meetingDate, meetingLink, oneOnOneUserIDFK) VALUES('0e6fcee0-0a9e-4aab-9fbe-1faedcf24152', 15, '2025-05-07 07:00:00', 'https://meet.google.com/abc-defg-hij', '0c6e0924-7a33-4af1-a152-6c49a17f2794');
INSERT INTO oneOnOne(oneOnOneID, expectedTime, meetingDate, meetingLink, oneOnOneUserIDFK) VALUES('c45bb2c7-ed39-4ca2-a57d-7e4b23cd6b2f', 15, '2025-03-20 13:15:00', 'https://meet.google.com/abc-defg-hij', 'a3b361eb-ff5a-42dc-ba3a-9d3f6965f8de');
INSERT INTO oneOnOne(oneOnOneID, expectedTime, meetingDate, meetingLink, oneOnOneUserIDFK) VALUES('60bef977-dacb-4154-8a2a-f44c918b31b2', 15, '2025-05-07 14:30:00', 'https://meet.google.com/abc-defg-hij', 'ca6644c4-66c9-46df-884f-20ed37f3e0e6');
INSERT INTO oneOnOne(oneOnOneID, expectedTime, meetingDate, meetingLink, oneOnOneUserIDFK) VALUES('06780d80-c87e-4196-8a69-48264917bc8f', 15, '2025-05-07 07:00:00', 'https://meet.google.com/abc-defg-hij', 'b0f144f4-1b74-4a32-923e-42caa72518ec');
INSERT INTO oneOnOne(oneOnOneID, expectedTime, meetingDate, meetingLink, oneOnOneUserIDFK) VALUES('936fe708-fc4b-493d-8576-b865f7a1eeda', 15, '2025-05-12 14:45:00', 'https://meet.google.com/abc-defg-hij', '8974e0c6-8527-409a-9c67-82ec6af0d378');
INSERT INTO oneOnOne(oneOnOneID, expectedTime, meetingDate, meetingLink, oneOnOneUserIDFK) VALUES('99b0f303-f7a5-4e47-8fe9-78667f79ecdf', 15, '2025-05-12 14:45:00', 'https://meet.google.com/abc-defg-hij', 'bf66412c-2099-45cc-a791-4eda1f03f04f');
INSERT INTO oneOnOne(oneOnOneID, expectedTime, meetingDate, meetingLink, oneOnOneUserIDFK) VALUES('a74220a5-2819-4e45-8974-7f2b30b364d0', 15, '2025-05-07 14:15:00', 'https://meet.google.com/abc-defg-hij', '3802877b-8564-43e1-8592-2b12ba59ac54');
INSERT INTO oneOnOne(oneOnOneID, expectedTime, meetingDate, meetingLink, oneOnOneUserIDFK) VALUES('52f91e4f-0f48-461c-b2fa-76b60d3002ca', 15, '2025-05-07 14:45:00', 'https://meet.google.com/abc-defg-hij', 'd3986e31-055e-485a-a27e-3eb41db5ea04');
INSERT INTO oneOnOne(oneOnOneID, expectedTime, meetingDate, meetingLink, oneOnOneUserIDFK) VALUES('5519d343-0b95-4098-ba46-78516b5e3551', 15, '2025-05-12 14:15:00', 'https://meet.google.com/abc-defg-hij', '03a5b903-4703-4103-9d3c-48e093f78328');
INSERT INTO oneOnOne(oneOnOneID, expectedTime, meetingDate, meetingLink, oneOnOneUserIDFK) VALUES('3745aa41-d6f8-406e-a64a-e720f8d44653', 15, '2025-05-07 14:15:00', 'https://meet.google.com/abc-defg-hij', '950c231b-70e7-4d2c-88f8-8dd2e53a04f8');
INSERT INTO oneOnOne(oneOnOneID, expectedTime, meetingDate, meetingLink, oneOnOneUserIDFK) VALUES('7f2eba7f-63cd-42f9-8110-5e32ead9ba3b', 15, '2025-03-05 09:30:00', 'https://meet.google.com/abc-defg-hij', '42058908-1739-4235-b2bb-13e786456659');
INSERT INTO oneOnOne(oneOnOneID, expectedTime, meetingDate, meetingLink, oneOnOneUserIDFK) VALUES('89e8546a-49b8-4492-b391-212722765eeb', 15, '2025-05-07 14:45:00', 'https://meet.google.com/abc-defg-hij', '2397938a-10af-40c4-b026-c5d8ffda0637');
INSERT INTO oneOnOne(oneOnOneID, expectedTime, meetingDate, meetingLink, oneOnOneUserIDFK) VALUES('1ccc6743-980f-4a34-84cf-7171ad7126b5', 15, '2025-05-12 14:30:00', 'https://meet.google.com/abc-defg-hij', 'e5b7f165-1492-453a-8149-c4cac367c110');
INSERT INTO oneOnOne(oneOnOneID, expectedTime, meetingDate, meetingLink, oneOnOneUserIDFK) VALUES('d9d84916-ff47-45ac-91d7-d9416ac07e6e', 15, '2025-03-21 16:15:00', 'https://meet.google.com/abc-defg-hij', 'ce9fc010-b4f9-48f5-927f-5a14b5561561');
INSERT INTO oneOnOne(oneOnOneID, expectedTime, meetingDate, meetingLink, oneOnOneUserIDFK) VALUES('95b0aa0b-697b-4100-b172-a5d8498dee70', 15, '2025-05-12 14:15:00', 'https://meet.google.com/abc-defg-hij', '3dc312b1-a6ff-49ea-aa1f-15e1e06e155b');
INSERT INTO oneOnOne(oneOnOneID, expectedTime, meetingDate, meetingLink, oneOnOneUserIDFK) VALUES('05292dc4-4a45-4bf8-b81e-a5d62602b5b6', 15, '2025-03-20 13:15:00', 'https://meet.google.com/abc-defg-hij', '046803ce-c44a-42ff-b81b-7a37a6d875f6');
INSERT INTO oneOnOne(oneOnOneID, expectedTime, meetingDate, meetingLink, oneOnOneUserIDFK) VALUES('da5d10f1-5155-41f9-9c8f-12a3901bf69b', 15, '2025-05-12 14:15:00', 'https://meet.google.com/abc-defg-hij', 'b0f144f4-1b74-4a32-923e-42caa72518ec');
INSERT INTO oneOnOne(oneOnOneID, expectedTime, meetingDate, meetingLink, oneOnOneUserIDFK) VALUES('438a2280-a56a-408a-ab2e-21459271b1cb', 15, '2025-05-12 14:30:00', 'https://meet.google.com/abc-defg-hij', '4500c8f6-8b64-42dc-a107-6a6d8bae0239');

INSERT INTO oneOnOneAnswer(answer, answerOneOnOneIDFK, questionIDFK) VALUES('Vamos a fomentar la comunicación continua y a utilizar herramientas de gestión que nos ayuden a monitorear el progreso.', 'c4a4ac47-4bf1-4bbd-abd2-f66f462e9b9b', 'bf332f1f-d788-49ea-9dfb-2ea24bb01135');
INSERT INTO oneOnOneAnswer(answer, answerOneOnOneIDFK, questionIDFK) VALUES('En general tengo lo necesario, aunque en algunas áreas podría beneficiarme de recursos adicionales para acelerar ciertos procesos.', '51da8523-18b8-4b6d-a87f-56ef76dbec6b', 'f5e7306a-26a4-4a6c-b7f2-dc7e2a5b5c0c');
INSERT INTO oneOnOneAnswer(answer, answerOneOnOneIDFK, questionIDFK) VALUES('Por el momento, estamos cumpliendo los plazos establecidos y el progreso es consistente.', '87050c1e-6453-43bb-95e1-61eb222a7811', '3bc4fe7d-699e-43f9-995e-0d3801f59dcd');
INSERT INTO oneOnOneAnswer(answer, answerOneOnOneIDFK, questionIDFK) VALUES('Sí, hubo un imprevisto en la coordinación del equipo, pero logramos resolverlo a tiempo con la colaboración de todos.', '694f2967-f94d-4847-85e8-d968430fc4c6', 'a8cf4653-43d9-42eb-8438-1352957ca4c4');
INSERT INTO oneOnOneAnswer(answer, answerOneOnOneIDFK, questionIDFK) VALUES('Vamos a fomentar la comunicación continua y a utilizar herramientas de gestión que nos ayuden a monitorear el progreso.', 'c4a4ac47-4bf1-4bbd-abd2-f66f462e9b9b', 'bf332f1f-d788-49ea-9dfb-2ea24bb01135');
INSERT INTO oneOnOneAnswer(answer, answerOneOnOneIDFK, questionIDFK) VALUES('Sí, hubo un imprevisto en la coordinación del equipo, pero logramos resolverlo a tiempo con la colaboración de todos.', 'b7b4e311-c0ba-4a6f-8f54-c69c0b9c3b98', 'f5e7306a-26a4-4a6c-b7f2-dc7e2a5b5c0c');
INSERT INTO oneOnOneAnswer(answer, answerOneOnOneIDFK, questionIDFK) VALUES('Estoy satisfecho por haber superado varios desafíos y mejorar mi organización y gestión del tiempo.', '1f5a5f21-9a62-4289-8e47-71e1fed189bb', '3bc4fe7d-699e-43f9-995e-0d3801f59dcd');
INSERT INTO oneOnOneAnswer(answer, answerOneOnOneIDFK, questionIDFK) VALUES('En su mayoría la semana fue fluida, aunque surgió una situación que requirió reordenar prioridades, lo cual se solucionó rápidamente.', 'e93acb79-78d4-4a96-b813-30ff4f97cbf9', '3bc4fe7d-699e-43f9-995e-0d3801f59dcd');
INSERT INTO oneOnOneAnswer(answer, answerOneOnOneIDFK, questionIDFK) VALUES('En general, me siento tranquilo, aunque reconozco que en algunas situaciones se presenta algo de estrés que manejo con calma.', '3745aa41-d6f8-406e-a64a-e720f8d44653', 'f5e7306a-26a4-4a6c-b7f2-dc7e2a5b5c0c');
INSERT INTO oneOnOneAnswer(answer, answerOneOnOneIDFK, questionIDFK) VALUES('Por el momento, estamos cumpliendo los plazos establecidos y el progreso es consistente.', '89e8546a-49b8-4492-b391-212722765eeb', '3bc4fe7d-699e-43f9-995e-0d3801f59dcd');
INSERT INTO oneOnOneAnswer(answer, answerOneOnOneIDFK, questionIDFK) VALUES('La mayoría de las entregas están en línea con el cronograma, aunque se requieren pequeños ajustes en algunas tareas.', 'a2829824-49ec-403d-8d37-5ac14ae13ac4', '3bc4fe7d-699e-43f9-995e-0d3801f59dcd');
INSERT INTO oneOnOneAnswer(answer, answerOneOnOneIDFK, questionIDFK) VALUES('En general, me siento tranquilo, aunque reconozco que en algunas situaciones se presenta algo de estrés que manejo con calma.', '688af435-22bb-4172-8296-c46d06ecdb1e', 'a8cf4653-43d9-42eb-8438-1352957ca4c4');
INSERT INTO oneOnOneAnswer(answer, answerOneOnOneIDFK, questionIDFK) VALUES('En su mayoría la semana fue fluida, aunque surgió una situación que requirió reordenar prioridades, lo cual se solucionó rápidamente.', '52f91e4f-0f48-461c-b2fa-76b60d3002ca', 'f5e7306a-26a4-4a6c-b7f2-dc7e2a5b5c0c');
INSERT INTO oneOnOneAnswer(answer, answerOneOnOneIDFK, questionIDFK) VALUES('Estoy satisfecho por haber superado varios desafíos y mejorar mi organización y gestión del tiempo.', '1ccc6743-980f-4a34-84cf-7171ad7126b5', 'bf332f1f-d788-49ea-9dfb-2ea24bb01135');
INSERT INTO oneOnOneAnswer(answer, answerOneOnOneIDFK, questionIDFK) VALUES('Quiero concentrarme en perfeccionar mis habilidades técnicas y cumplir con los plazos establecidos en mis tareas.', '5099ae91-b454-4e00-b911-6b697c901825', 'bf332f1f-d788-49ea-9dfb-2ea24bb01135');
INSERT INTO oneOnOneAnswer(answer, answerOneOnOneIDFK, questionIDFK) VALUES('Quiero destacar el esfuerzo y la colaboración de todo el equipo, que ha sido fundamental para alcanzar los objetivos planteados.', '61d63d65-c450-4102-93b5-fc8f92861ead', 'f5e7306a-26a4-4a6c-b7f2-dc7e2a5b5c0c');
INSERT INTO oneOnOneAnswer(answer, answerOneOnOneIDFK, questionIDFK) VALUES('Si bien hubo momentos de presión, no me siento decepcionado y estoy enfocado en encontrar soluciones.', '85c317e8-3a5f-4144-8041-140b02f839fa', 'bf332f1f-d788-49ea-9dfb-2ea24bb01135');
INSERT INTO oneOnOneAnswer(answer, answerOneOnOneIDFK, questionIDFK) VALUES('En general, me siento tranquilo, aunque reconozco que en algunas situaciones se presenta algo de estrés que manejo con calma.', '2594f248-a177-470f-bf83-2ef7f0f839dd', 'bf332f1f-d788-49ea-9dfb-2ea24bb01135');
INSERT INTO oneOnOneAnswer(answer, answerOneOnOneIDFK, questionIDFK) VALUES('Quiero destacar el esfuerzo y la colaboración de todo el equipo, que ha sido fundamental para alcanzar los objetivos planteados.', 'cbf52d8f-b706-421a-8b69-b1e1a60ab654', '3bc4fe7d-699e-43f9-995e-0d3801f59dcd');
INSERT INTO oneOnOneAnswer(answer, answerOneOnOneIDFK, questionIDFK) VALUES('Sí, hubo un imprevisto en la coordinación del equipo, pero logramos resolverlo a tiempo con la colaboración de todos.', 'c45bb2c7-ed39-4ca2-a57d-7e4b23cd6b2f', 'a8cf4653-43d9-42eb-8438-1352957ca4c4');
INSERT INTO oneOnOneAnswer(answer, answerOneOnOneIDFK, questionIDFK) VALUES('Sí, cuento con las herramientas y el apoyo necesario, lo que me permite avanzar sin mayores inconvenientes.', '88752272-6ee4-4461-b2a6-c56770b6337a', 'a8cf4653-43d9-42eb-8438-1352957ca4c4');
INSERT INTO oneOnOneAnswer(answer, answerOneOnOneIDFK, questionIDFK) VALUES('Quiero concentrarme en perfeccionar mis habilidades técnicas y cumplir con los plazos establecidos en mis tareas.', '54de9f6e-40b8-4504-b962-baa86f1a07a3', '3bc4fe7d-699e-43f9-995e-0d3801f59dcd');
INSERT INTO oneOnOneAnswer(answer, answerOneOnOneIDFK, questionIDFK) VALUES('Sí, cuento con las herramientas y el apoyo necesario, lo que me permite avanzar sin mayores inconvenientes.', 'a6f8f033-16d3-4bb6-bc96-f7f9b1c58056', 'a8cf4653-43d9-42eb-8438-1352957ca4c4');
INSERT INTO oneOnOneAnswer(answer, answerOneOnOneIDFK, questionIDFK) VALUES('Si bien hubo momentos de presión, no me siento decepcionado y estoy enfocado en encontrar soluciones.', '02db5316-b8c0-4251-a466-5c74af2541a7', 'bf332f1f-d788-49ea-9dfb-2ea24bb01135');
INSERT INTO oneOnOneAnswer(answer, answerOneOnOneIDFK, questionIDFK) VALUES('Sí, cuento con las herramientas y el apoyo necesario, lo que me permite avanzar sin mayores inconvenientes.', '99b0f303-f7a5-4e47-8fe9-78667f79ecdf', '3bc4fe7d-699e-43f9-995e-0d3801f59dcd');
INSERT INTO oneOnOneAnswer(answer, answerOneOnOneIDFK, questionIDFK) VALUES('En general tengo lo necesario, aunque en algunas áreas podría beneficiarme de recursos adicionales para acelerar ciertos procesos.', '3ef837a7-7f6f-4b82-8b33-6407306fb351', 'bf332f1f-d788-49ea-9dfb-2ea24bb01135');
INSERT INTO oneOnOneAnswer(answer, answerOneOnOneIDFK, questionIDFK) VALUES('En general, me siento tranquilo, aunque reconozco que en algunas situaciones se presenta algo de estrés que manejo con calma.', '02db5316-b8c0-4251-a466-5c74af2541a7', 'bf332f1f-d788-49ea-9dfb-2ea24bb01135');
INSERT INTO oneOnOneAnswer(answer, answerOneOnOneIDFK, questionIDFK) VALUES('Si bien hubo momentos de presión, no me siento decepcionado y estoy enfocado en encontrar soluciones.', '54de9f6e-40b8-4504-b962-baa86f1a07a3', 'f5e7306a-26a4-4a6c-b7f2-dc7e2a5b5c0c');
INSERT INTO oneOnOneAnswer(answer, answerOneOnOneIDFK, questionIDFK) VALUES('Por el momento, estamos cumpliendo los plazos establecidos y el progreso es consistente.', '2d5569f5-a58c-48ce-9b69-11d213b0ea7d', '3bc4fe7d-699e-43f9-995e-0d3801f59dcd');
INSERT INTO oneOnOneAnswer(answer, answerOneOnOneIDFK, questionIDFK) VALUES('En general, me siento tranquilo, aunque reconozco que en algunas situaciones se presenta algo de estrés que manejo con calma.', '04b6befa-3acf-43bb-8b63-f1368e3d74b4', 'f5e7306a-26a4-4a6c-b7f2-dc7e2a5b5c0c');
INSERT INTO oneOnOneAnswer(answer, answerOneOnOneIDFK, questionIDFK) VALUES('Planeamos definir un plan de acción detallado, distribuir responsabilidades claramente y realizar seguimientos semanales para ajustar el rumbo si es necesario.', '89e8546a-49b8-4492-b391-212722765eeb', 'f5e7306a-26a4-4a6c-b7f2-dc7e2a5b5c0c');
INSERT INTO oneOnOneAnswer(answer, answerOneOnOneIDFK, questionIDFK) VALUES('Me siento orgulloso de haber cumplido mis objetivos en el proyecto X, lo que me permitió crecer profesionalmente.', 'cbf52d8f-b706-421a-8b69-b1e1a60ab654', 'bf332f1f-d788-49ea-9dfb-2ea24bb01135');
INSERT INTO oneOnOneAnswer(answer, answerOneOnOneIDFK, questionIDFK) VALUES('Estoy satisfecho por haber superado varios desafíos y mejorar mi organización y gestión del tiempo.', '1f5a5f21-9a62-4289-8e47-71e1fed189bb', 'f5e7306a-26a4-4a6c-b7f2-dc7e2a5b5c0c');
INSERT INTO oneOnOneAnswer(answer, answerOneOnOneIDFK, questionIDFK) VALUES('Quiero destacar el esfuerzo y la colaboración de todo el equipo, que ha sido fundamental para alcanzar los objetivos planteados.', '2594f248-a177-470f-bf83-2ef7f0f839dd', 'f5e7306a-26a4-4a6c-b7f2-dc7e2a5b5c0c');
INSERT INTO oneOnOneAnswer(answer, answerOneOnOneIDFK, questionIDFK) VALUES('Quiero concentrarme en perfeccionar mis habilidades técnicas y cumplir con los plazos establecidos en mis tareas.', '06780d80-c87e-4196-8a69-48264917bc8f', 'a8cf4653-43d9-42eb-8438-1352957ca4c4');
INSERT INTO oneOnOneAnswer(answer, answerOneOnOneIDFK, questionIDFK) VALUES('Me siento orgulloso de haber cumplido mis objetivos en el proyecto X, lo que me permitió crecer profesionalmente.', '2fdefa1c-8645-4213-b53f-428314ce0a0c', '3bc4fe7d-699e-43f9-995e-0d3801f59dcd');
INSERT INTO oneOnOneAnswer(answer, answerOneOnOneIDFK, questionIDFK) VALUES('Por el momento, estamos cumpliendo los plazos establecidos y el progreso es consistente.', '2536c1d7-a09a-4fe2-8fd7-479014dc3beb', 'f5e7306a-26a4-4a6c-b7f2-dc7e2a5b5c0c');
INSERT INTO oneOnOneAnswer(answer, answerOneOnOneIDFK, questionIDFK) VALUES('En general, me siento tranquilo, aunque reconozco que en algunas situaciones se presenta algo de estrés que manejo con calma.', '3dd83540-a9ff-4eed-8ae4-3652b5973b26', 'a8cf4653-43d9-42eb-8438-1352957ca4c4');
INSERT INTO oneOnOneAnswer(answer, answerOneOnOneIDFK, questionIDFK) VALUES('Vamos a fomentar la comunicación continua y a utilizar herramientas de gestión que nos ayuden a monitorear el progreso.', '95b0aa0b-697b-4100-b172-a5d8498dee70', 'bf332f1f-d788-49ea-9dfb-2ea24bb01135');
INSERT INTO oneOnOneAnswer(answer, answerOneOnOneIDFK, questionIDFK) VALUES('En su mayoría la semana fue fluida, aunque surgió una situación que requirió reordenar prioridades, lo cual se solucionó rápidamente.', '52f91e4f-0f48-461c-b2fa-76b60d3002ca', '3bc4fe7d-699e-43f9-995e-0d3801f59dcd');
INSERT INTO oneOnOneAnswer(answer, answerOneOnOneIDFK, questionIDFK) VALUES('Vamos a fomentar la comunicación continua y a utilizar herramientas de gestión que nos ayuden a monitorear el progreso.', 'fb35c839-98d5-4f10-a248-73100ffc27bf', 'f5e7306a-26a4-4a6c-b7f2-dc7e2a5b5c0c');
INSERT INTO oneOnOneAnswer(answer, answerOneOnOneIDFK, questionIDFK) VALUES('En general, me siento tranquilo, aunque reconozco que en algunas situaciones se presenta algo de estrés que manejo con calma.', '89e8546a-49b8-4492-b391-212722765eeb', '3bc4fe7d-699e-43f9-995e-0d3801f59dcd');
INSERT INTO oneOnOneAnswer(answer, answerOneOnOneIDFK, questionIDFK) VALUES('En general, me siento tranquilo, aunque reconozco que en algunas situaciones se presenta algo de estrés que manejo con calma.', 'fb35c839-98d5-4f10-a248-73100ffc27bf', 'f5e7306a-26a4-4a6c-b7f2-dc7e2a5b5c0c');
INSERT INTO oneOnOneAnswer(answer, answerOneOnOneIDFK, questionIDFK) VALUES('Planeamos definir un plan de acción detallado, distribuir responsabilidades claramente y realizar seguimientos semanales para ajustar el rumbo si es necesario.', '04b6befa-3acf-43bb-8b63-f1368e3d74b4', '3bc4fe7d-699e-43f9-995e-0d3801f59dcd');
INSERT INTO oneOnOneAnswer(answer, answerOneOnOneIDFK, questionIDFK) VALUES('Me siento orgulloso de haber cumplido mis objetivos en el proyecto X, lo que me permitió crecer profesionalmente.', 'da5d10f1-5155-41f9-9c8f-12a3901bf69b', '3bc4fe7d-699e-43f9-995e-0d3801f59dcd');
INSERT INTO oneOnOneAnswer(answer, answerOneOnOneIDFK, questionIDFK) VALUES('Actualmente estoy enfocado en el desarrollo del proyecto Y, colaborando estrechamente con mi equipo para alcanzar los objetivos.', '04b6befa-3acf-43bb-8b63-f1368e3d74b4', '3bc4fe7d-699e-43f9-995e-0d3801f59dcd');
INSERT INTO oneOnOneAnswer(answer, answerOneOnOneIDFK, questionIDFK) VALUES('Por el momento, estamos cumpliendo los plazos establecidos y el progreso es consistente.', 'e93acb79-78d4-4a96-b813-30ff4f97cbf9', 'a8cf4653-43d9-42eb-8438-1352957ca4c4');
INSERT INTO oneOnOneAnswer(answer, answerOneOnOneIDFK, questionIDFK) VALUES('En general, me siento tranquilo, aunque reconozco que en algunas situaciones se presenta algo de estrés que manejo con calma.', '2d5569f5-a58c-48ce-9b69-11d213b0ea7d', 'a8cf4653-43d9-42eb-8438-1352957ca4c4');
INSERT INTO oneOnOneAnswer(answer, answerOneOnOneIDFK, questionIDFK) VALUES('Me siento orgulloso de haber cumplido mis objetivos en el proyecto X, lo que me permitió crecer profesionalmente.', '61d63d65-c450-4102-93b5-fc8f92861ead', 'a8cf4653-43d9-42eb-8438-1352957ca4c4');
INSERT INTO oneOnOneAnswer(answer, answerOneOnOneIDFK, questionIDFK) VALUES('Me encuentro trabajando en la optimización de procesos internos y en la implementación de mejoras para el próximo trimestre.', '61d63d65-c450-4102-93b5-fc8f92861ead', 'a8cf4653-43d9-42eb-8438-1352957ca4c4');
INSERT INTO oneOnOneAnswer(answer, answerOneOnOneIDFK, questionIDFK) VALUES('En general tengo lo necesario, aunque en algunas áreas podría beneficiarme de recursos adicionales para acelerar ciertos procesos.', 'da5d10f1-5155-41f9-9c8f-12a3901bf69b', 'bf332f1f-d788-49ea-9dfb-2ea24bb01135');
INSERT INTO oneOnOneAnswer(answer, answerOneOnOneIDFK, questionIDFK) VALUES('En general tengo lo necesario, aunque en algunas áreas podría beneficiarme de recursos adicionales para acelerar ciertos procesos.', '688af435-22bb-4172-8296-c46d06ecdb1e', '3bc4fe7d-699e-43f9-995e-0d3801f59dcd');
INSERT INTO oneOnOneAnswer(answer, answerOneOnOneIDFK, questionIDFK) VALUES('Vamos a fomentar la comunicación continua y a utilizar herramientas de gestión que nos ayuden a monitorear el progreso.', '2594f248-a177-470f-bf83-2ef7f0f839dd', 'f5e7306a-26a4-4a6c-b7f2-dc7e2a5b5c0c');
INSERT INTO oneOnOneAnswer(answer, answerOneOnOneIDFK, questionIDFK) VALUES('En general, me siento tranquilo, aunque reconozco que en algunas situaciones se presenta algo de estrés que manejo con calma.', 'd2551181-f82e-4cfe-9269-5f80c4edc1ca', 'bf332f1f-d788-49ea-9dfb-2ea24bb01135');
INSERT INTO oneOnOneAnswer(answer, answerOneOnOneIDFK, questionIDFK) VALUES('Sí, hubo un imprevisto en la coordinación del equipo, pero logramos resolverlo a tiempo con la colaboración de todos.', '12b840a9-1ea0-4566-aa7b-1f1c1e1c44d8', 'bf332f1f-d788-49ea-9dfb-2ea24bb01135');
INSERT INTO oneOnOneAnswer(answer, answerOneOnOneIDFK, questionIDFK) VALUES('Por el momento, estamos cumpliendo los plazos establecidos y el progreso es consistente.', '2fdefa1c-8645-4213-b53f-428314ce0a0c', '3bc4fe7d-699e-43f9-995e-0d3801f59dcd');
INSERT INTO oneOnOneAnswer(answer, answerOneOnOneIDFK, questionIDFK) VALUES('La mayoría de las entregas están en línea con el cronograma, aunque se requieren pequeños ajustes en algunas tareas.', '60bef977-dacb-4154-8a2a-f44c918b31b2', 'a8cf4653-43d9-42eb-8438-1352957ca4c4');
INSERT INTO oneOnOneAnswer(answer, answerOneOnOneIDFK, questionIDFK) VALUES('La mayoría de las entregas están en línea con el cronograma, aunque se requieren pequeños ajustes en algunas tareas.', '02db5316-b8c0-4251-a466-5c74af2541a7', 'bf332f1f-d788-49ea-9dfb-2ea24bb01135');
INSERT INTO oneOnOneAnswer(answer, answerOneOnOneIDFK, questionIDFK) VALUES('Quiero destacar el esfuerzo y la colaboración de todo el equipo, que ha sido fundamental para alcanzar los objetivos planteados.', '2594f248-a177-470f-bf83-2ef7f0f839dd', 'bf332f1f-d788-49ea-9dfb-2ea24bb01135');
INSERT INTO oneOnOneAnswer(answer, answerOneOnOneIDFK, questionIDFK) VALUES('Por el momento, estamos cumpliendo los plazos establecidos y el progreso es consistente.', '085b419e-4a30-4dda-9124-f5da11ed4524', '3bc4fe7d-699e-43f9-995e-0d3801f59dcd');
INSERT INTO oneOnOneAnswer(answer, answerOneOnOneIDFK, questionIDFK) VALUES('Mi meta es finalizar el proyecto pendiente y comenzar a implementar nuevas estrategias para mejorar la productividad.', '3ef837a7-7f6f-4b82-8b33-6407306fb351', 'a8cf4653-43d9-42eb-8438-1352957ca4c4');
INSERT INTO oneOnOneAnswer(answer, answerOneOnOneIDFK, questionIDFK) VALUES('Planeamos definir un plan de acción detallado, distribuir responsabilidades claramente y realizar seguimientos semanales para ajustar el rumbo si es necesario.', '1814f9ef-8bef-4722-9911-854423e18724', '3bc4fe7d-699e-43f9-995e-0d3801f59dcd');
INSERT INTO oneOnOneAnswer(answer, answerOneOnOneIDFK, questionIDFK) VALUES('Sí, cuento con las herramientas y el apoyo necesario, lo que me permite avanzar sin mayores inconvenientes.', '7f2eba7f-63cd-42f9-8110-5e32ead9ba3b', 'bf332f1f-d788-49ea-9dfb-2ea24bb01135');
INSERT INTO oneOnOneAnswer(answer, answerOneOnOneIDFK, questionIDFK) VALUES('En general, me siento tranquilo, aunque reconozco que en algunas situaciones se presenta algo de estrés que manejo con calma.', '85c317e8-3a5f-4144-8041-140b02f839fa', 'bf332f1f-d788-49ea-9dfb-2ea24bb01135');
INSERT INTO oneOnOneAnswer(answer, answerOneOnOneIDFK, questionIDFK) VALUES('Mi meta es finalizar el proyecto pendiente y comenzar a implementar nuevas estrategias para mejorar la productividad.', 'f482de25-e8c4-438d-bde8-a273baa3d8d9', 'bf332f1f-d788-49ea-9dfb-2ea24bb01135');
INSERT INTO oneOnOneAnswer(answer, answerOneOnOneIDFK, questionIDFK) VALUES('Mi meta es finalizar el proyecto pendiente y comenzar a implementar nuevas estrategias para mejorar la productividad.', '54de9f6e-40b8-4504-b962-baa86f1a07a3', 'f5e7306a-26a4-4a6c-b7f2-dc7e2a5b5c0c');
INSERT INTO oneOnOneAnswer(answer, answerOneOnOneIDFK, questionIDFK) VALUES('Mi meta es finalizar el proyecto pendiente y comenzar a implementar nuevas estrategias para mejorar la productividad.', '85117754-02d8-486e-a8c9-2b215d01fb89', 'bf332f1f-d788-49ea-9dfb-2ea24bb01135');
INSERT INTO oneOnOneAnswer(answer, answerOneOnOneIDFK, questionIDFK) VALUES('Me encuentro trabajando en la optimización de procesos internos y en la implementación de mejoras para el próximo trimestre.', 'aafd1119-e8b8-4bc7-94cd-f5f0570d5c8c', 'bf332f1f-d788-49ea-9dfb-2ea24bb01135');
INSERT INTO oneOnOneAnswer(answer, answerOneOnOneIDFK, questionIDFK) VALUES('Por el momento, estamos cumpliendo los plazos establecidos y el progreso es consistente.', '12b840a9-1ea0-4566-aa7b-1f1c1e1c44d8', '3bc4fe7d-699e-43f9-995e-0d3801f59dcd');
INSERT INTO oneOnOneAnswer(answer, answerOneOnOneIDFK, questionIDFK) VALUES('Si bien hubo momentos de presión, no me siento decepcionado y estoy enfocado en encontrar soluciones.', 'e93acb79-78d4-4a96-b813-30ff4f97cbf9', '3bc4fe7d-699e-43f9-995e-0d3801f59dcd');
INSERT INTO oneOnOneAnswer(answer, answerOneOnOneIDFK, questionIDFK) VALUES('En su mayoría la semana fue fluida, aunque surgió una situación que requirió reordenar prioridades, lo cual se solucionó rápidamente.', '99b0f303-f7a5-4e47-8fe9-78667f79ecdf', 'a8cf4653-43d9-42eb-8438-1352957ca4c4');
INSERT INTO oneOnOneAnswer(answer, answerOneOnOneIDFK, questionIDFK) VALUES('Sí, hubo un imprevisto en la coordinación del equipo, pero logramos resolverlo a tiempo con la colaboración de todos.', 'af648b74-0df5-426d-bd56-db883d9cf8a9', 'f5e7306a-26a4-4a6c-b7f2-dc7e2a5b5c0c');
INSERT INTO oneOnOneAnswer(answer, answerOneOnOneIDFK, questionIDFK) VALUES('En general, me siento tranquilo, aunque reconozco que en algunas situaciones se presenta algo de estrés que manejo con calma.', '3c0ed9e2-fdb6-4a34-865f-9a07d5d77cc0', '3bc4fe7d-699e-43f9-995e-0d3801f59dcd');
INSERT INTO oneOnOneAnswer(answer, answerOneOnOneIDFK, questionIDFK) VALUES('Sí, cuento con las herramientas y el apoyo necesario, lo que me permite avanzar sin mayores inconvenientes.', '21c14bd9-5a47-40e3-a088-a24f05a0cdba', 'a8cf4653-43d9-42eb-8438-1352957ca4c4');
INSERT INTO oneOnOneAnswer(answer, answerOneOnOneIDFK, questionIDFK) VALUES('Planeamos definir un plan de acción detallado, distribuir responsabilidades claramente y realizar seguimientos semanales para ajustar el rumbo si es necesario.', '51da8523-18b8-4b6d-a87f-56ef76dbec6b', '3bc4fe7d-699e-43f9-995e-0d3801f59dcd');
INSERT INTO oneOnOneAnswer(answer, answerOneOnOneIDFK, questionIDFK) VALUES('Sí, cuento con las herramientas y el apoyo necesario, lo que me permite avanzar sin mayores inconvenientes.', '12b840a9-1ea0-4566-aa7b-1f1c1e1c44d8', 'f5e7306a-26a4-4a6c-b7f2-dc7e2a5b5c0c');
INSERT INTO oneOnOneAnswer(answer, answerOneOnOneIDFK, questionIDFK) VALUES('En su mayoría la semana fue fluida, aunque surgió una situación que requirió reordenar prioridades, lo cual se solucionó rápidamente.', '02db5316-b8c0-4251-a466-5c74af2541a7', 'a8cf4653-43d9-42eb-8438-1352957ca4c4');
INSERT INTO oneOnOneAnswer(answer, answerOneOnOneIDFK, questionIDFK) VALUES('Sí, hubo un imprevisto en la coordinación del equipo, pero logramos resolverlo a tiempo con la colaboración de todos.', 'af648b74-0df5-426d-bd56-db883d9cf8a9', 'bf332f1f-d788-49ea-9dfb-2ea24bb01135');
INSERT INTO oneOnOneAnswer(answer, answerOneOnOneIDFK, questionIDFK) VALUES('Estoy satisfecho por haber superado varios desafíos y mejorar mi organización y gestión del tiempo.', 'f482de25-e8c4-438d-bde8-a273baa3d8d9', '3bc4fe7d-699e-43f9-995e-0d3801f59dcd');
INSERT INTO oneOnOneAnswer(answer, answerOneOnOneIDFK, questionIDFK) VALUES('Quiero destacar el esfuerzo y la colaboración de todo el equipo, que ha sido fundamental para alcanzar los objetivos planteados.', '3fe9173b-33d2-42e7-9c0f-b4b93da96f2d', 'bf332f1f-d788-49ea-9dfb-2ea24bb01135');
INSERT INTO oneOnOneAnswer(answer, answerOneOnOneIDFK, questionIDFK) VALUES('Actualmente estoy enfocado en el desarrollo del proyecto Y, colaborando estrechamente con mi equipo para alcanzar los objetivos.', '1f8a905c-4daa-422b-bd01-bcaa709b117a', 'a8cf4653-43d9-42eb-8438-1352957ca4c4');
INSERT INTO oneOnOneAnswer(answer, answerOneOnOneIDFK, questionIDFK) VALUES('Actualmente estoy enfocado en el desarrollo del proyecto Y, colaborando estrechamente con mi equipo para alcanzar los objetivos.', '2536c1d7-a09a-4fe2-8fd7-479014dc3beb', 'a8cf4653-43d9-42eb-8438-1352957ca4c4');
INSERT INTO oneOnOneAnswer(answer, answerOneOnOneIDFK, questionIDFK) VALUES('Quiero destacar el esfuerzo y la colaboración de todo el equipo, que ha sido fundamental para alcanzar los objetivos planteados.', 'a2829824-49ec-403d-8d37-5ac14ae13ac4', '3bc4fe7d-699e-43f9-995e-0d3801f59dcd');
INSERT INTO oneOnOneAnswer(answer, answerOneOnOneIDFK, questionIDFK) VALUES('Planeamos definir un plan de acción detallado, distribuir responsabilidades claramente y realizar seguimientos semanales para ajustar el rumbo si es necesario.', 'c45bb2c7-ed39-4ca2-a57d-7e4b23cd6b2f', 'a8cf4653-43d9-42eb-8438-1352957ca4c4');
INSERT INTO oneOnOneAnswer(answer, answerOneOnOneIDFK, questionIDFK) VALUES('Estoy satisfecho por haber superado varios desafíos y mejorar mi organización y gestión del tiempo.', '3ef837a7-7f6f-4b82-8b33-6407306fb351', 'bf332f1f-d788-49ea-9dfb-2ea24bb01135');
INSERT INTO oneOnOneAnswer(answer, answerOneOnOneIDFK, questionIDFK) VALUES('Por el momento, estamos cumpliendo los plazos establecidos y el progreso es consistente.', '3ef837a7-7f6f-4b82-8b33-6407306fb351', 'a8cf4653-43d9-42eb-8438-1352957ca4c4');
INSERT INTO oneOnOneAnswer(answer, answerOneOnOneIDFK, questionIDFK) VALUES('Me encuentro trabajando en la optimización de procesos internos y en la implementación de mejoras para el próximo trimestre.', '54de9f6e-40b8-4504-b962-baa86f1a07a3', 'bf332f1f-d788-49ea-9dfb-2ea24bb01135');
INSERT INTO oneOnOneAnswer(answer, answerOneOnOneIDFK, questionIDFK) VALUES('Quiero concentrarme en perfeccionar mis habilidades técnicas y cumplir con los plazos establecidos en mis tareas.', '936fe708-fc4b-493d-8576-b865f7a1eeda', 'bf332f1f-d788-49ea-9dfb-2ea24bb01135');
INSERT INTO oneOnOneAnswer(answer, answerOneOnOneIDFK, questionIDFK) VALUES('Actualmente estoy enfocado en el desarrollo del proyecto Y, colaborando estrechamente con mi equipo para alcanzar los objetivos.', 'c95af9d7-fb83-436b-a808-512b6f5bdf2e', 'bf332f1f-d788-49ea-9dfb-2ea24bb01135');
INSERT INTO oneOnOneAnswer(answer, answerOneOnOneIDFK, questionIDFK) VALUES('La mayoría de las entregas están en línea con el cronograma, aunque se requieren pequeños ajustes en algunas tareas.', '249301f6-0ae2-4e9f-9ebb-4c50d194a6d3', 'a8cf4653-43d9-42eb-8438-1352957ca4c4');
INSERT INTO oneOnOneAnswer(answer, answerOneOnOneIDFK, questionIDFK) VALUES('En su mayoría la semana fue fluida, aunque surgió una situación que requirió reordenar prioridades, lo cual se solucionó rápidamente.', 'a6f8f033-16d3-4bb6-bc96-f7f9b1c58056', 'bf332f1f-d788-49ea-9dfb-2ea24bb01135');
INSERT INTO oneOnOneAnswer(answer, answerOneOnOneIDFK, questionIDFK) VALUES('Estoy satisfecho por haber superado varios desafíos y mejorar mi organización y gestión del tiempo.', '21c14bd9-5a47-40e3-a088-a24f05a0cdba', 'a8cf4653-43d9-42eb-8438-1352957ca4c4');
INSERT INTO oneOnOneAnswer(answer, answerOneOnOneIDFK, questionIDFK) VALUES('En general tengo lo necesario, aunque en algunas áreas podría beneficiarme de recursos adicionales para acelerar ciertos procesos.', '02db5316-b8c0-4251-a466-5c74af2541a7', 'a8cf4653-43d9-42eb-8438-1352957ca4c4');
INSERT INTO oneOnOneAnswer(answer, answerOneOnOneIDFK, questionIDFK) VALUES('Estoy satisfecho por haber superado varios desafíos y mejorar mi organización y gestión del tiempo.', '1ccc6743-980f-4a34-84cf-7171ad7126b5', 'a8cf4653-43d9-42eb-8438-1352957ca4c4');
INSERT INTO oneOnOneAnswer(answer, answerOneOnOneIDFK, questionIDFK) VALUES('Si bien hubo momentos de presión, no me siento decepcionado y estoy enfocado en encontrar soluciones.', '95b0aa0b-697b-4100-b172-a5d8498dee70', 'a8cf4653-43d9-42eb-8438-1352957ca4c4');
INSERT INTO oneOnOneAnswer(answer, answerOneOnOneIDFK, questionIDFK) VALUES('Quiero concentrarme en perfeccionar mis habilidades técnicas y cumplir con los plazos establecidos en mis tareas.', '0e6fcee0-0a9e-4aab-9fbe-1faedcf24152', 'a8cf4653-43d9-42eb-8438-1352957ca4c4');
INSERT INTO oneOnOneAnswer(answer, answerOneOnOneIDFK, questionIDFK) VALUES('Si bien hubo momentos de presión, no me siento decepcionado y estoy enfocado en encontrar soluciones.', '85c317e8-3a5f-4144-8041-140b02f839fa', 'a8cf4653-43d9-42eb-8438-1352957ca4c4');
INSERT INTO oneOnOneAnswer(answer, answerOneOnOneIDFK, questionIDFK) VALUES('En general tengo lo necesario, aunque en algunas áreas podría beneficiarme de recursos adicionales para acelerar ciertos procesos.', '2fdefa1c-8645-4213-b53f-428314ce0a0c', 'f5e7306a-26a4-4a6c-b7f2-dc7e2a5b5c0c');
INSERT INTO oneOnOneAnswer(answer, answerOneOnOneIDFK, questionIDFK) VALUES('En su mayoría la semana fue fluida, aunque surgió una situación que requirió reordenar prioridades, lo cual se solucionó rápidamente.', 'a2829824-49ec-403d-8d37-5ac14ae13ac4', 'a8cf4653-43d9-42eb-8438-1352957ca4c4');
INSERT INTO oneOnOneAnswer(answer, answerOneOnOneIDFK, questionIDFK) VALUES('En general, me siento tranquilo, aunque reconozco que en algunas situaciones se presenta algo de estrés que manejo con calma.', '688af435-22bb-4172-8296-c46d06ecdb1e', 'a8cf4653-43d9-42eb-8438-1352957ca4c4');
INSERT INTO oneOnOneAnswer(answer, answerOneOnOneIDFK, questionIDFK) VALUES('En general, me siento tranquilo, aunque reconozco que en algunas situaciones se presenta algo de estrés que manejo con calma.', 'a2829824-49ec-403d-8d37-5ac14ae13ac4', 'f5e7306a-26a4-4a6c-b7f2-dc7e2a5b5c0c');
INSERT INTO oneOnOneAnswer(answer, answerOneOnOneIDFK, questionIDFK) VALUES('Actualmente estoy enfocado en el desarrollo del proyecto Y, colaborando estrechamente con mi equipo para alcanzar los objetivos.', '3dd83540-a9ff-4eed-8ae4-3652b5973b26', 'bf332f1f-d788-49ea-9dfb-2ea24bb01135');
INSERT INTO oneOnOneAnswer(answer, answerOneOnOneIDFK, questionIDFK) VALUES('Sí, hubo un imprevisto en la coordinación del equipo, pero logramos resolverlo a tiempo con la colaboración de todos.', '9dd0e4cf-091c-4d6f-9c49-92f58754515b', 'f5e7306a-26a4-4a6c-b7f2-dc7e2a5b5c0c');
INSERT INTO oneOnOneAnswer(answer, answerOneOnOneIDFK, questionIDFK) VALUES('Sí, cuento con las herramientas y el apoyo necesario, lo que me permite avanzar sin mayores inconvenientes.', '694f2967-f94d-4847-85e8-d968430fc4c6', '3bc4fe7d-699e-43f9-995e-0d3801f59dcd');
INSERT INTO oneOnOneAnswer(answer, answerOneOnOneIDFK, questionIDFK) VALUES('Vamos a fomentar la comunicación continua y a utilizar herramientas de gestión que nos ayuden a monitorear el progreso.', '2536c1d7-a09a-4fe2-8fd7-479014dc3beb', 'f5e7306a-26a4-4a6c-b7f2-dc7e2a5b5c0c');
INSERT INTO oneOnOneAnswer(answer, answerOneOnOneIDFK, questionIDFK) VALUES('Quiero concentrarme en perfeccionar mis habilidades técnicas y cumplir con los plazos establecidos en mis tareas.', '694f2967-f94d-4847-85e8-d968430fc4c6', 'bf332f1f-d788-49ea-9dfb-2ea24bb01135');
INSERT INTO oneOnOneAnswer(answer, answerOneOnOneIDFK, questionIDFK) VALUES('Actualmente estoy enfocado en el desarrollo del proyecto Y, colaborando estrechamente con mi equipo para alcanzar los objetivos.', '5016e296-dcd6-471c-8472-64cf79abb71c', '3bc4fe7d-699e-43f9-995e-0d3801f59dcd');
INSERT INTO oneOnOneAnswer(answer, answerOneOnOneIDFK, questionIDFK) VALUES('En general, me siento tranquilo, aunque reconozco que en algunas situaciones se presenta algo de estrés que manejo con calma.', 'aafd1119-e8b8-4bc7-94cd-f5f0570d5c8c', 'f5e7306a-26a4-4a6c-b7f2-dc7e2a5b5c0c');
INSERT INTO oneOnOneAnswer(answer, answerOneOnOneIDFK, questionIDFK) VALUES('Mi meta es finalizar el proyecto pendiente y comenzar a implementar nuevas estrategias para mejorar la productividad.', 'd2551181-f82e-4cfe-9269-5f80c4edc1ca', 'bf332f1f-d788-49ea-9dfb-2ea24bb01135');
INSERT INTO oneOnOneAnswer(answer, answerOneOnOneIDFK, questionIDFK) VALUES('En general tengo lo necesario, aunque en algunas áreas podría beneficiarme de recursos adicionales para acelerar ciertos procesos.', '60bef977-dacb-4154-8a2a-f44c918b31b2', 'a8cf4653-43d9-42eb-8438-1352957ca4c4');
INSERT INTO oneOnOneAnswer(answer, answerOneOnOneIDFK, questionIDFK) VALUES('Sí, hubo un imprevisto en la coordinación del equipo, pero logramos resolverlo a tiempo con la colaboración de todos.', '72ea83e7-a36a-4445-97a1-726ab000947d', 'bf332f1f-d788-49ea-9dfb-2ea24bb01135');
INSERT INTO oneOnOneAnswer(answer, answerOneOnOneIDFK, questionIDFK) VALUES('En su mayoría la semana fue fluida, aunque surgió una situación que requirió reordenar prioridades, lo cual se solucionó rápidamente.', '1f5a5f21-9a62-4289-8e47-71e1fed189bb', 'bf332f1f-d788-49ea-9dfb-2ea24bb01135');
INSERT INTO oneOnOneAnswer(answer, answerOneOnOneIDFK, questionIDFK) VALUES('Sí, cuento con las herramientas y el apoyo necesario, lo que me permite avanzar sin mayores inconvenientes.', '5099ae91-b454-4e00-b911-6b697c901825', 'f5e7306a-26a4-4a6c-b7f2-dc7e2a5b5c0c');
INSERT INTO oneOnOneAnswer(answer, answerOneOnOneIDFK, questionIDFK) VALUES('Actualmente estoy enfocado en el desarrollo del proyecto Y, colaborando estrechamente con mi equipo para alcanzar los objetivos.', '2fdefa1c-8645-4213-b53f-428314ce0a0c', 'f5e7306a-26a4-4a6c-b7f2-dc7e2a5b5c0c');
INSERT INTO oneOnOneAnswer(answer, answerOneOnOneIDFK, questionIDFK) VALUES('Planeamos definir un plan de acción detallado, distribuir responsabilidades claramente y realizar seguimientos semanales para ajustar el rumbo si es necesario.', '3745aa41-d6f8-406e-a64a-e720f8d44653', '3bc4fe7d-699e-43f9-995e-0d3801f59dcd');
INSERT INTO oneOnOneAnswer(answer, answerOneOnOneIDFK, questionIDFK) VALUES('La mayoría de las entregas están en línea con el cronograma, aunque se requieren pequeños ajustes en algunas tareas.', 'f482de25-e8c4-438d-bde8-a273baa3d8d9', 'f5e7306a-26a4-4a6c-b7f2-dc7e2a5b5c0c');
INSERT INTO oneOnOneAnswer(answer, answerOneOnOneIDFK, questionIDFK) VALUES('La mayoría de las entregas están en línea con el cronograma, aunque se requieren pequeños ajustes en algunas tareas.', 'def2ad46-0f25-40c9-9626-c56ae36d5c99', 'f5e7306a-26a4-4a6c-b7f2-dc7e2a5b5c0c');
INSERT INTO oneOnOneAnswer(answer, answerOneOnOneIDFK, questionIDFK) VALUES('Sí, cuento con las herramientas y el apoyo necesario, lo que me permite avanzar sin mayores inconvenientes.', '1f5a5f21-9a62-4289-8e47-71e1fed189bb', 'bf332f1f-d788-49ea-9dfb-2ea24bb01135');
INSERT INTO oneOnOneAnswer(answer, answerOneOnOneIDFK, questionIDFK) VALUES('Actualmente estoy enfocado en el desarrollo del proyecto Y, colaborando estrechamente con mi equipo para alcanzar los objetivos.', 'b7b4e311-c0ba-4a6f-8f54-c69c0b9c3b98', 'bf332f1f-d788-49ea-9dfb-2ea24bb01135');
INSERT INTO oneOnOneAnswer(answer, answerOneOnOneIDFK, questionIDFK) VALUES('Mi meta es finalizar el proyecto pendiente y comenzar a implementar nuevas estrategias para mejorar la productividad.', '54de9f6e-40b8-4504-b962-baa86f1a07a3', '3bc4fe7d-699e-43f9-995e-0d3801f59dcd');
INSERT INTO oneOnOneAnswer(answer, answerOneOnOneIDFK, questionIDFK) VALUES('Vamos a fomentar la comunicación continua y a utilizar herramientas de gestión que nos ayuden a monitorear el progreso.', '0ea6b5ee-43b7-40ba-acd7-4077aee65b95', 'a8cf4653-43d9-42eb-8438-1352957ca4c4');
INSERT INTO oneOnOneAnswer(answer, answerOneOnOneIDFK, questionIDFK) VALUES('En su mayoría la semana fue fluida, aunque surgió una situación que requirió reordenar prioridades, lo cual se solucionó rápidamente.', '7f2eba7f-63cd-42f9-8110-5e32ead9ba3b', 'a8cf4653-43d9-42eb-8438-1352957ca4c4');
INSERT INTO oneOnOneAnswer(answer, answerOneOnOneIDFK, questionIDFK) VALUES('Por el momento, estamos cumpliendo los plazos establecidos y el progreso es consistente.', '87050c1e-6453-43bb-95e1-61eb222a7811', '3bc4fe7d-699e-43f9-995e-0d3801f59dcd');
INSERT INTO oneOnOneAnswer(answer, answerOneOnOneIDFK, questionIDFK) VALUES('Planeamos definir un plan de acción detallado, distribuir responsabilidades claramente y realizar seguimientos semanales para ajustar el rumbo si es necesario.', '2fdefa1c-8645-4213-b53f-428314ce0a0c', 'a8cf4653-43d9-42eb-8438-1352957ca4c4');
INSERT INTO oneOnOneAnswer(answer, answerOneOnOneIDFK, questionIDFK) VALUES('La mayoría de las entregas están en línea con el cronograma, aunque se requieren pequeños ajustes en algunas tareas.', 'c4a4ac47-4bf1-4bbd-abd2-f66f462e9b9b', 'a8cf4653-43d9-42eb-8438-1352957ca4c4');
INSERT INTO oneOnOneAnswer(answer, answerOneOnOneIDFK, questionIDFK) VALUES('Quiero destacar el esfuerzo y la colaboración de todo el equipo, que ha sido fundamental para alcanzar los objetivos planteados.', '249301f6-0ae2-4e9f-9ebb-4c50d194a6d3', 'bf332f1f-d788-49ea-9dfb-2ea24bb01135');
INSERT INTO oneOnOneAnswer(answer, answerOneOnOneIDFK, questionIDFK) VALUES('En general, me siento tranquilo, aunque reconozco que en algunas situaciones se presenta algo de estrés que manejo con calma.', 'f482de25-e8c4-438d-bde8-a273baa3d8d9', 'bf332f1f-d788-49ea-9dfb-2ea24bb01135');
INSERT INTO oneOnOneAnswer(answer, answerOneOnOneIDFK, questionIDFK) VALUES('La mayoría de las entregas están en línea con el cronograma, aunque se requieren pequeños ajustes en algunas tareas.', '1f8a905c-4daa-422b-bd01-bcaa709b117a', 'a8cf4653-43d9-42eb-8438-1352957ca4c4');
INSERT INTO oneOnOneAnswer(answer, answerOneOnOneIDFK, questionIDFK) VALUES('Quiero concentrarme en perfeccionar mis habilidades técnicas y cumplir con los plazos establecidos en mis tareas.', '085b419e-4a30-4dda-9124-f5da11ed4524', 'f5e7306a-26a4-4a6c-b7f2-dc7e2a5b5c0c');
INSERT INTO oneOnOneAnswer(answer, answerOneOnOneIDFK, questionIDFK) VALUES('Por el momento, estamos cumpliendo los plazos establecidos y el progreso es consistente.', '3dd83540-a9ff-4eed-8ae4-3652b5973b26', 'a8cf4653-43d9-42eb-8438-1352957ca4c4');
INSERT INTO oneOnOneAnswer(answer, answerOneOnOneIDFK, questionIDFK) VALUES('Sí, hubo un imprevisto en la coordinación del equipo, pero logramos resolverlo a tiempo con la colaboración de todos.', '9dd0e4cf-091c-4d6f-9c49-92f58754515b', 'f5e7306a-26a4-4a6c-b7f2-dc7e2a5b5c0c');
INSERT INTO oneOnOneAnswer(answer, answerOneOnOneIDFK, questionIDFK) VALUES('Me encuentro trabajando en la optimización de procesos internos y en la implementación de mejoras para el próximo trimestre.', '21c14bd9-5a47-40e3-a088-a24f05a0cdba', 'a8cf4653-43d9-42eb-8438-1352957ca4c4');
INSERT INTO oneOnOneAnswer(answer, answerOneOnOneIDFK, questionIDFK) VALUES('En general tengo lo necesario, aunque en algunas áreas podría beneficiarme de recursos adicionales para acelerar ciertos procesos.', '05292dc4-4a45-4bf8-b81e-a5d62602b5b6', 'bf332f1f-d788-49ea-9dfb-2ea24bb01135');
INSERT INTO oneOnOneAnswer(answer, answerOneOnOneIDFK, questionIDFK) VALUES('Estoy satisfecho por haber superado varios desafíos y mejorar mi organización y gestión del tiempo.', '60bef977-dacb-4154-8a2a-f44c918b31b2', 'bf332f1f-d788-49ea-9dfb-2ea24bb01135');
INSERT INTO oneOnOneAnswer(answer, answerOneOnOneIDFK, questionIDFK) VALUES('Me encuentro trabajando en la optimización de procesos internos y en la implementación de mejoras para el próximo trimestre.', 'da5d10f1-5155-41f9-9c8f-12a3901bf69b', '3bc4fe7d-699e-43f9-995e-0d3801f59dcd');
INSERT INTO oneOnOneAnswer(answer, answerOneOnOneIDFK, questionIDFK) VALUES('Planeamos definir un plan de acción detallado, distribuir responsabilidades claramente y realizar seguimientos semanales para ajustar el rumbo si es necesario.', 'c4a4ac47-4bf1-4bbd-abd2-f66f462e9b9b', '3bc4fe7d-699e-43f9-995e-0d3801f59dcd');
INSERT INTO oneOnOneAnswer(answer, answerOneOnOneIDFK, questionIDFK) VALUES('Planeamos definir un plan de acción detallado, distribuir responsabilidades claramente y realizar seguimientos semanales para ajustar el rumbo si es necesario.', '3745aa41-d6f8-406e-a64a-e720f8d44653', '3bc4fe7d-699e-43f9-995e-0d3801f59dcd');
INSERT INTO oneOnOneAnswer(answer, answerOneOnOneIDFK, questionIDFK) VALUES('Me encuentro trabajando en la optimización de procesos internos y en la implementación de mejoras para el próximo trimestre.', 'd9d84916-ff47-45ac-91d7-d9416ac07e6e', 'a8cf4653-43d9-42eb-8438-1352957ca4c4');
INSERT INTO oneOnOneAnswer(answer, answerOneOnOneIDFK, questionIDFK) VALUES('Por el momento, estamos cumpliendo los plazos establecidos y el progreso es consistente.', '3c0ed9e2-fdb6-4a34-865f-9a07d5d77cc0', '3bc4fe7d-699e-43f9-995e-0d3801f59dcd');
INSERT INTO oneOnOneAnswer(answer, answerOneOnOneIDFK, questionIDFK) VALUES('Mi meta es finalizar el proyecto pendiente y comenzar a implementar nuevas estrategias para mejorar la productividad.', 'b7b4e311-c0ba-4a6f-8f54-c69c0b9c3b98', '3bc4fe7d-699e-43f9-995e-0d3801f59dcd');
INSERT INTO oneOnOneAnswer(answer, answerOneOnOneIDFK, questionIDFK) VALUES('Actualmente estoy enfocado en el desarrollo del proyecto Y, colaborando estrechamente con mi equipo para alcanzar los objetivos.', '0e6fcee0-0a9e-4aab-9fbe-1faedcf24152', '3bc4fe7d-699e-43f9-995e-0d3801f59dcd');
INSERT INTO oneOnOneAnswer(answer, answerOneOnOneIDFK, questionIDFK) VALUES('Me encuentro trabajando en la optimización de procesos internos y en la implementación de mejoras para el próximo trimestre.', '688af435-22bb-4172-8296-c46d06ecdb1e', '3bc4fe7d-699e-43f9-995e-0d3801f59dcd');
INSERT INTO oneOnOneAnswer(answer, answerOneOnOneIDFK, questionIDFK) VALUES('En general tengo lo necesario, aunque en algunas áreas podría beneficiarme de recursos adicionales para acelerar ciertos procesos.', '2fdefa1c-8645-4213-b53f-428314ce0a0c', '3bc4fe7d-699e-43f9-995e-0d3801f59dcd');
INSERT INTO oneOnOneAnswer(answer, answerOneOnOneIDFK, questionIDFK) VALUES('Sí, cuento con las herramientas y el apoyo necesario, lo que me permite avanzar sin mayores inconvenientes.', '52f91e4f-0f48-461c-b2fa-76b60d3002ca', 'bf332f1f-d788-49ea-9dfb-2ea24bb01135');
INSERT INTO oneOnOneAnswer(answer, answerOneOnOneIDFK, questionIDFK) VALUES('En su mayoría la semana fue fluida, aunque surgió una situación que requirió reordenar prioridades, lo cual se solucionó rápidamente.', 'cbf52d8f-b706-421a-8b69-b1e1a60ab654', 'a8cf4653-43d9-42eb-8438-1352957ca4c4');
INSERT INTO oneOnOneAnswer(answer, answerOneOnOneIDFK, questionIDFK) VALUES('Quiero destacar el esfuerzo y la colaboración de todo el equipo, que ha sido fundamental para alcanzar los objetivos planteados.', '2fdefa1c-8645-4213-b53f-428314ce0a0c', 'f5e7306a-26a4-4a6c-b7f2-dc7e2a5b5c0c');
INSERT INTO oneOnOneAnswer(answer, answerOneOnOneIDFK, questionIDFK) VALUES('Actualmente estoy enfocado en el desarrollo del proyecto Y, colaborando estrechamente con mi equipo para alcanzar los objetivos.', '2594f248-a177-470f-bf83-2ef7f0f839dd', 'bf332f1f-d788-49ea-9dfb-2ea24bb01135');
INSERT INTO oneOnOneAnswer(answer, answerOneOnOneIDFK, questionIDFK) VALUES('Mi meta es finalizar el proyecto pendiente y comenzar a implementar nuevas estrategias para mejorar la productividad.', 'd2551181-f82e-4cfe-9269-5f80c4edc1ca', '3bc4fe7d-699e-43f9-995e-0d3801f59dcd');
INSERT INTO oneOnOneAnswer(answer, answerOneOnOneIDFK, questionIDFK) VALUES('Por el momento, estamos cumpliendo los plazos establecidos y el progreso es consistente.', '379e20a8-562b-4598-a891-bfe9c0e8568c', 'f5e7306a-26a4-4a6c-b7f2-dc7e2a5b5c0c');
INSERT INTO oneOnOneAnswer(answer, answerOneOnOneIDFK, questionIDFK) VALUES('En su mayoría la semana fue fluida, aunque surgió una situación que requirió reordenar prioridades, lo cual se solucionó rápidamente.', '7f2eba7f-63cd-42f9-8110-5e32ead9ba3b', 'f5e7306a-26a4-4a6c-b7f2-dc7e2a5b5c0c');

INSERT INTO oneOnOneMeasure(evaluation, measureOneOnOneIDFK, measurableIDFK) VALUES('2', '0ea6b5ee-43b7-40ba-acd7-4077aee65b95', '752bc861-3707-4136-af7e-0f4eab76e5d4');
INSERT INTO oneOnOneMeasure(evaluation, measureOneOnOneIDFK, measurableIDFK) VALUES('2', '3dd83540-a9ff-4eed-8ae4-3652b5973b26', '76cab43c-0109-47ec-a34c-14df491b247a');
INSERT INTO oneOnOneMeasure(evaluation, measureOneOnOneIDFK, measurableIDFK) VALUES('4', '54de9f6e-40b8-4504-b962-baa86f1a07a3', '752bc861-3707-4136-af7e-0f4eab76e5d4');
INSERT INTO oneOnOneMeasure(evaluation, measureOneOnOneIDFK, measurableIDFK) VALUES('2', '87050c1e-6453-43bb-95e1-61eb222a7811', 'a3401a6b-0dd9-4ba1-8f22-0481d3ee1721');
INSERT INTO oneOnOneMeasure(evaluation, measureOneOnOneIDFK, measurableIDFK) VALUES('2', '21c14bd9-5a47-40e3-a088-a24f05a0cdba', 'a3401a6b-0dd9-4ba1-8f22-0481d3ee1721');
INSERT INTO oneOnOneMeasure(evaluation, measureOneOnOneIDFK, measurableIDFK) VALUES('4', '688af435-22bb-4172-8296-c46d06ecdb1e', '5c880ecb-5277-4ea3-85ee-b3d6cbbf9762');
INSERT INTO oneOnOneMeasure(evaluation, measureOneOnOneIDFK, measurableIDFK) VALUES('3', 'd2551181-f82e-4cfe-9269-5f80c4edc1ca', 'a3401a6b-0dd9-4ba1-8f22-0481d3ee1721');
INSERT INTO oneOnOneMeasure(evaluation, measureOneOnOneIDFK, measurableIDFK) VALUES('4', 'c4a4ac47-4bf1-4bbd-abd2-f66f462e9b9b', '5c880ecb-5277-4ea3-85ee-b3d6cbbf9762');
INSERT INTO oneOnOneMeasure(evaluation, measureOneOnOneIDFK, measurableIDFK) VALUES('2', '379e20a8-562b-4598-a891-bfe9c0e8568c', '752bc861-3707-4136-af7e-0f4eab76e5d4');
INSERT INTO oneOnOneMeasure(evaluation, measureOneOnOneIDFK, measurableIDFK) VALUES('3', '88752272-6ee4-4461-b2a6-c56770b6337a', '752bc861-3707-4136-af7e-0f4eab76e5d4');
INSERT INTO oneOnOneMeasure(evaluation, measureOneOnOneIDFK, measurableIDFK) VALUES('4', '9dd0e4cf-091c-4d6f-9c49-92f58754515b', 'a3401a6b-0dd9-4ba1-8f22-0481d3ee1721');
INSERT INTO oneOnOneMeasure(evaluation, measureOneOnOneIDFK, measurableIDFK) VALUES('4', 'b96c9158-93a0-4ba6-8ebd-6fca9608decc', '76cab43c-0109-47ec-a34c-14df491b247a');
INSERT INTO oneOnOneMeasure(evaluation, measureOneOnOneIDFK, measurableIDFK) VALUES('1', '88752272-6ee4-4461-b2a6-c56770b6337a', '5c880ecb-5277-4ea3-85ee-b3d6cbbf9762');
INSERT INTO oneOnOneMeasure(evaluation, measureOneOnOneIDFK, measurableIDFK) VALUES('4', 'a6f8f033-16d3-4bb6-bc96-f7f9b1c58056', 'a3401a6b-0dd9-4ba1-8f22-0481d3ee1721');
INSERT INTO oneOnOneMeasure(evaluation, measureOneOnOneIDFK, measurableIDFK) VALUES('4', '88752272-6ee4-4461-b2a6-c56770b6337a', '76cab43c-0109-47ec-a34c-14df491b247a');
INSERT INTO oneOnOneMeasure(evaluation, measureOneOnOneIDFK, measurableIDFK) VALUES('1', '9dd0e4cf-091c-4d6f-9c49-92f58754515b', '752bc861-3707-4136-af7e-0f4eab76e5d4');
INSERT INTO oneOnOneMeasure(evaluation, measureOneOnOneIDFK, measurableIDFK) VALUES('3', '2594f248-a177-470f-bf83-2ef7f0f839dd', '76cab43c-0109-47ec-a34c-14df491b247a');
INSERT INTO oneOnOneMeasure(evaluation, measureOneOnOneIDFK, measurableIDFK) VALUES('2', '936fe708-fc4b-493d-8576-b865f7a1eeda', '5c880ecb-5277-4ea3-85ee-b3d6cbbf9762');
INSERT INTO oneOnOneMeasure(evaluation, measureOneOnOneIDFK, measurableIDFK) VALUES('3', '60bef977-dacb-4154-8a2a-f44c918b31b2', '76cab43c-0109-47ec-a34c-14df491b247a');
INSERT INTO oneOnOneMeasure(evaluation, measureOneOnOneIDFK, measurableIDFK) VALUES('3', '06780d80-c87e-4196-8a69-48264917bc8f', '5c880ecb-5277-4ea3-85ee-b3d6cbbf9762');
INSERT INTO oneOnOneMeasure(evaluation, measureOneOnOneIDFK, measurableIDFK) VALUES('1', 'c95af9d7-fb83-436b-a808-512b6f5bdf2e', 'b17b32fb-4139-4363-9e29-027b711d64d8');
INSERT INTO oneOnOneMeasure(evaluation, measureOneOnOneIDFK, measurableIDFK) VALUES('1', 'fb35c839-98d5-4f10-a248-73100ffc27bf', 'a3401a6b-0dd9-4ba1-8f22-0481d3ee1721');
INSERT INTO oneOnOneMeasure(evaluation, measureOneOnOneIDFK, measurableIDFK) VALUES('3', '085b419e-4a30-4dda-9124-f5da11ed4524', '5c880ecb-5277-4ea3-85ee-b3d6cbbf9762');
INSERT INTO oneOnOneMeasure(evaluation, measureOneOnOneIDFK, measurableIDFK) VALUES('5', 'a2829824-49ec-403d-8d37-5ac14ae13ac4', '752bc861-3707-4136-af7e-0f4eab76e5d4');
INSERT INTO oneOnOneMeasure(evaluation, measureOneOnOneIDFK, measurableIDFK) VALUES('5', '5519d343-0b95-4098-ba46-78516b5e3551', '752bc861-3707-4136-af7e-0f4eab76e5d4');
INSERT INTO oneOnOneMeasure(evaluation, measureOneOnOneIDFK, measurableIDFK) VALUES('3', 'f482de25-e8c4-438d-bde8-a273baa3d8d9', '752bc861-3707-4136-af7e-0f4eab76e5d4');
INSERT INTO oneOnOneMeasure(evaluation, measureOneOnOneIDFK, measurableIDFK) VALUES('2', '54de9f6e-40b8-4504-b962-baa86f1a07a3', '5c880ecb-5277-4ea3-85ee-b3d6cbbf9762');
INSERT INTO oneOnOneMeasure(evaluation, measureOneOnOneIDFK, measurableIDFK) VALUES('4', '0e6fcee0-0a9e-4aab-9fbe-1faedcf24152', 'a3401a6b-0dd9-4ba1-8f22-0481d3ee1721');
INSERT INTO oneOnOneMeasure(evaluation, measureOneOnOneIDFK, measurableIDFK) VALUES('1', '99b0f303-f7a5-4e47-8fe9-78667f79ecdf', '76cab43c-0109-47ec-a34c-14df491b247a');
INSERT INTO oneOnOneMeasure(evaluation, measureOneOnOneIDFK, measurableIDFK) VALUES('1', '89e8546a-49b8-4492-b391-212722765eeb', '76cab43c-0109-47ec-a34c-14df491b247a');
INSERT INTO oneOnOneMeasure(evaluation, measureOneOnOneIDFK, measurableIDFK) VALUES('3', '7f2eba7f-63cd-42f9-8110-5e32ead9ba3b', 'a3401a6b-0dd9-4ba1-8f22-0481d3ee1721');
INSERT INTO oneOnOneMeasure(evaluation, measureOneOnOneIDFK, measurableIDFK) VALUES('5', 'a6f8f033-16d3-4bb6-bc96-f7f9b1c58056', '76cab43c-0109-47ec-a34c-14df491b247a');
INSERT INTO oneOnOneMeasure(evaluation, measureOneOnOneIDFK, measurableIDFK) VALUES('4', '52f91e4f-0f48-461c-b2fa-76b60d3002ca', 'b17b32fb-4139-4363-9e29-027b711d64d8');
INSERT INTO oneOnOneMeasure(evaluation, measureOneOnOneIDFK, measurableIDFK) VALUES('1', '1ccc6743-980f-4a34-84cf-7171ad7126b5', '5c880ecb-5277-4ea3-85ee-b3d6cbbf9762');
INSERT INTO oneOnOneMeasure(evaluation, measureOneOnOneIDFK, measurableIDFK) VALUES('1', '85117754-02d8-486e-a8c9-2b215d01fb89', '752bc861-3707-4136-af7e-0f4eab76e5d4');
INSERT INTO oneOnOneMeasure(evaluation, measureOneOnOneIDFK, measurableIDFK) VALUES('3', '2fdefa1c-8645-4213-b53f-428314ce0a0c', 'a3401a6b-0dd9-4ba1-8f22-0481d3ee1721');
INSERT INTO oneOnOneMeasure(evaluation, measureOneOnOneIDFK, measurableIDFK) VALUES('5', '89e8546a-49b8-4492-b391-212722765eeb', '752bc861-3707-4136-af7e-0f4eab76e5d4');
INSERT INTO oneOnOneMeasure(evaluation, measureOneOnOneIDFK, measurableIDFK) VALUES('1', '02db5316-b8c0-4251-a466-5c74af2541a7', '5c880ecb-5277-4ea3-85ee-b3d6cbbf9762');
INSERT INTO oneOnOneMeasure(evaluation, measureOneOnOneIDFK, measurableIDFK) VALUES('5', '12b840a9-1ea0-4566-aa7b-1f1c1e1c44d8', 'a3401a6b-0dd9-4ba1-8f22-0481d3ee1721');
INSERT INTO oneOnOneMeasure(evaluation, measureOneOnOneIDFK, measurableIDFK) VALUES('3', '085b419e-4a30-4dda-9124-f5da11ed4524', '76cab43c-0109-47ec-a34c-14df491b247a');
INSERT INTO oneOnOneMeasure(evaluation, measureOneOnOneIDFK, measurableIDFK) VALUES('3', '0ea6b5ee-43b7-40ba-acd7-4077aee65b95', '76cab43c-0109-47ec-a34c-14df491b247a');
INSERT INTO oneOnOneMeasure(evaluation, measureOneOnOneIDFK, measurableIDFK) VALUES('4', '05d5df7d-dfba-4571-8581-d434773a3f73', '76cab43c-0109-47ec-a34c-14df491b247a');
INSERT INTO oneOnOneMeasure(evaluation, measureOneOnOneIDFK, measurableIDFK) VALUES('2', '04b6befa-3acf-43bb-8b63-f1368e3d74b4', '752bc861-3707-4136-af7e-0f4eab76e5d4');
INSERT INTO oneOnOneMeasure(evaluation, measureOneOnOneIDFK, measurableIDFK) VALUES('1', 'aafd1119-e8b8-4bc7-94cd-f5f0570d5c8c', 'b17b32fb-4139-4363-9e29-027b711d64d8');
INSERT INTO oneOnOneMeasure(evaluation, measureOneOnOneIDFK, measurableIDFK) VALUES('1', '0ea6b5ee-43b7-40ba-acd7-4077aee65b95', 'b17b32fb-4139-4363-9e29-027b711d64d8');
INSERT INTO oneOnOneMeasure(evaluation, measureOneOnOneIDFK, measurableIDFK) VALUES('3', 'e93acb79-78d4-4a96-b813-30ff4f97cbf9', 'b17b32fb-4139-4363-9e29-027b711d64d8');
INSERT INTO oneOnOneMeasure(evaluation, measureOneOnOneIDFK, measurableIDFK) VALUES('2', '694f2967-f94d-4847-85e8-d968430fc4c6', '76cab43c-0109-47ec-a34c-14df491b247a');
INSERT INTO oneOnOneMeasure(evaluation, measureOneOnOneIDFK, measurableIDFK) VALUES('1', '85117754-02d8-486e-a8c9-2b215d01fb89', 'a3401a6b-0dd9-4ba1-8f22-0481d3ee1721');
INSERT INTO oneOnOneMeasure(evaluation, measureOneOnOneIDFK, measurableIDFK) VALUES('3', 'c5d2196c-af20-4fac-8cf4-cf7494f8ad5f', 'a3401a6b-0dd9-4ba1-8f22-0481d3ee1721');
INSERT INTO oneOnOneMeasure(evaluation, measureOneOnOneIDFK, measurableIDFK) VALUES('2', '04b6befa-3acf-43bb-8b63-f1368e3d74b4', '752bc861-3707-4136-af7e-0f4eab76e5d4');
INSERT INTO oneOnOneMeasure(evaluation, measureOneOnOneIDFK, measurableIDFK) VALUES('5', 'd2551181-f82e-4cfe-9269-5f80c4edc1ca', '752bc861-3707-4136-af7e-0f4eab76e5d4');
INSERT INTO oneOnOneMeasure(evaluation, measureOneOnOneIDFK, measurableIDFK) VALUES('5', '3dd83540-a9ff-4eed-8ae4-3652b5973b26', '752bc861-3707-4136-af7e-0f4eab76e5d4');
INSERT INTO oneOnOneMeasure(evaluation, measureOneOnOneIDFK, measurableIDFK) VALUES('4', '0ea6b5ee-43b7-40ba-acd7-4077aee65b95', 'a3401a6b-0dd9-4ba1-8f22-0481d3ee1721');
INSERT INTO oneOnOneMeasure(evaluation, measureOneOnOneIDFK, measurableIDFK) VALUES('3', '3745aa41-d6f8-406e-a64a-e720f8d44653', '76cab43c-0109-47ec-a34c-14df491b247a');
INSERT INTO oneOnOneMeasure(evaluation, measureOneOnOneIDFK, measurableIDFK) VALUES('2', 'd9d84916-ff47-45ac-91d7-d9416ac07e6e', 'b17b32fb-4139-4363-9e29-027b711d64d8');
INSERT INTO oneOnOneMeasure(evaluation, measureOneOnOneIDFK, measurableIDFK) VALUES('5', '51da8523-18b8-4b6d-a87f-56ef76dbec6b', '752bc861-3707-4136-af7e-0f4eab76e5d4');
INSERT INTO oneOnOneMeasure(evaluation, measureOneOnOneIDFK, measurableIDFK) VALUES('5', '3ef837a7-7f6f-4b82-8b33-6407306fb351', 'b17b32fb-4139-4363-9e29-027b711d64d8');
INSERT INTO oneOnOneMeasure(evaluation, measureOneOnOneIDFK, measurableIDFK) VALUES('4', '1f5a5f21-9a62-4289-8e47-71e1fed189bb', 'a3401a6b-0dd9-4ba1-8f22-0481d3ee1721');
INSERT INTO oneOnOneMeasure(evaluation, measureOneOnOneIDFK, measurableIDFK) VALUES('1', 'a2829824-49ec-403d-8d37-5ac14ae13ac4', 'a3401a6b-0dd9-4ba1-8f22-0481d3ee1721');
INSERT INTO oneOnOneMeasure(evaluation, measureOneOnOneIDFK, measurableIDFK) VALUES('2', '2536c1d7-a09a-4fe2-8fd7-479014dc3beb', 'a3401a6b-0dd9-4ba1-8f22-0481d3ee1721');
INSERT INTO oneOnOneMeasure(evaluation, measureOneOnOneIDFK, measurableIDFK) VALUES('3', '438a2280-a56a-408a-ab2e-21459271b1cb', 'b17b32fb-4139-4363-9e29-027b711d64d8');
INSERT INTO oneOnOneMeasure(evaluation, measureOneOnOneIDFK, measurableIDFK) VALUES('2', '9dd0e4cf-091c-4d6f-9c49-92f58754515b', '752bc861-3707-4136-af7e-0f4eab76e5d4');
INSERT INTO oneOnOneMeasure(evaluation, measureOneOnOneIDFK, measurableIDFK) VALUES('1', '72ea83e7-a36a-4445-97a1-726ab000947d', '76cab43c-0109-47ec-a34c-14df491b247a');
INSERT INTO oneOnOneMeasure(evaluation, measureOneOnOneIDFK, measurableIDFK) VALUES('2', '3ef837a7-7f6f-4b82-8b33-6407306fb351', '5c880ecb-5277-4ea3-85ee-b3d6cbbf9762');
INSERT INTO oneOnOneMeasure(evaluation, measureOneOnOneIDFK, measurableIDFK) VALUES('1', '04b6befa-3acf-43bb-8b63-f1368e3d74b4', '5c880ecb-5277-4ea3-85ee-b3d6cbbf9762');
INSERT INTO oneOnOneMeasure(evaluation, measureOneOnOneIDFK, measurableIDFK) VALUES('1', 'c5d2196c-af20-4fac-8cf4-cf7494f8ad5f', '752bc861-3707-4136-af7e-0f4eab76e5d4');
INSERT INTO oneOnOneMeasure(evaluation, measureOneOnOneIDFK, measurableIDFK) VALUES('3', '85c317e8-3a5f-4144-8041-140b02f839fa', '5c880ecb-5277-4ea3-85ee-b3d6cbbf9762');
INSERT INTO oneOnOneMeasure(evaluation, measureOneOnOneIDFK, measurableIDFK) VALUES('2', '3d6101ab-fb4c-4879-a74e-b49e7b4340f8', 'b17b32fb-4139-4363-9e29-027b711d64d8');
INSERT INTO oneOnOneMeasure(evaluation, measureOneOnOneIDFK, measurableIDFK) VALUES('5', 'aafd1119-e8b8-4bc7-94cd-f5f0570d5c8c', 'b17b32fb-4139-4363-9e29-027b711d64d8');
INSERT INTO oneOnOneMeasure(evaluation, measureOneOnOneIDFK, measurableIDFK) VALUES('2', '936fe708-fc4b-493d-8576-b865f7a1eeda', '5c880ecb-5277-4ea3-85ee-b3d6cbbf9762');
INSERT INTO oneOnOneMeasure(evaluation, measureOneOnOneIDFK, measurableIDFK) VALUES('4', 'b7b4e311-c0ba-4a6f-8f54-c69c0b9c3b98', 'a3401a6b-0dd9-4ba1-8f22-0481d3ee1721');
INSERT INTO oneOnOneMeasure(evaluation, measureOneOnOneIDFK, measurableIDFK) VALUES('5', '72ea83e7-a36a-4445-97a1-726ab000947d', '752bc861-3707-4136-af7e-0f4eab76e5d4');
INSERT INTO oneOnOneMeasure(evaluation, measureOneOnOneIDFK, measurableIDFK) VALUES('1', '936fe708-fc4b-493d-8576-b865f7a1eeda', '752bc861-3707-4136-af7e-0f4eab76e5d4');
INSERT INTO oneOnOneMeasure(evaluation, measureOneOnOneIDFK, measurableIDFK) VALUES('3', '2594f248-a177-470f-bf83-2ef7f0f839dd', '76cab43c-0109-47ec-a34c-14df491b247a');
INSERT INTO oneOnOneMeasure(evaluation, measureOneOnOneIDFK, measurableIDFK) VALUES('2', '5519d343-0b95-4098-ba46-78516b5e3551', '76cab43c-0109-47ec-a34c-14df491b247a');
INSERT INTO oneOnOneMeasure(evaluation, measureOneOnOneIDFK, measurableIDFK) VALUES('4', '18b02c9b-99f2-4154-a756-c6b12c322ad5', '76cab43c-0109-47ec-a34c-14df491b247a');
INSERT INTO oneOnOneMeasure(evaluation, measureOneOnOneIDFK, measurableIDFK) VALUES('1', '18b02c9b-99f2-4154-a756-c6b12c322ad5', 'a3401a6b-0dd9-4ba1-8f22-0481d3ee1721');
INSERT INTO oneOnOneMeasure(evaluation, measureOneOnOneIDFK, measurableIDFK) VALUES('2', '87050c1e-6453-43bb-95e1-61eb222a7811', '5c880ecb-5277-4ea3-85ee-b3d6cbbf9762');
INSERT INTO oneOnOneMeasure(evaluation, measureOneOnOneIDFK, measurableIDFK) VALUES('3', '72ea83e7-a36a-4445-97a1-726ab000947d', '5c880ecb-5277-4ea3-85ee-b3d6cbbf9762');
INSERT INTO oneOnOneMeasure(evaluation, measureOneOnOneIDFK, measurableIDFK) VALUES('2', '85c317e8-3a5f-4144-8041-140b02f839fa', 'b17b32fb-4139-4363-9e29-027b711d64d8');
INSERT INTO oneOnOneMeasure(evaluation, measureOneOnOneIDFK, measurableIDFK) VALUES('5', '06780d80-c87e-4196-8a69-48264917bc8f', 'b17b32fb-4139-4363-9e29-027b711d64d8');
INSERT INTO oneOnOneMeasure(evaluation, measureOneOnOneIDFK, measurableIDFK) VALUES('1', '1f8a905c-4daa-422b-bd01-bcaa709b117a', '76cab43c-0109-47ec-a34c-14df491b247a');
INSERT INTO oneOnOneMeasure(evaluation, measureOneOnOneIDFK, measurableIDFK) VALUES('2', '5099ae91-b454-4e00-b911-6b697c901825', '5c880ecb-5277-4ea3-85ee-b3d6cbbf9762');
INSERT INTO oneOnOneMeasure(evaluation, measureOneOnOneIDFK, measurableIDFK) VALUES('4', 'fb35c839-98d5-4f10-a248-73100ffc27bf', '5c880ecb-5277-4ea3-85ee-b3d6cbbf9762');
INSERT INTO oneOnOneMeasure(evaluation, measureOneOnOneIDFK, measurableIDFK) VALUES('3', '06780d80-c87e-4196-8a69-48264917bc8f', '5c880ecb-5277-4ea3-85ee-b3d6cbbf9762');
INSERT INTO oneOnOneMeasure(evaluation, measureOneOnOneIDFK, measurableIDFK) VALUES('1', '7f2eba7f-63cd-42f9-8110-5e32ead9ba3b', '752bc861-3707-4136-af7e-0f4eab76e5d4');
INSERT INTO oneOnOneMeasure(evaluation, measureOneOnOneIDFK, measurableIDFK) VALUES('3', '95b0aa0b-697b-4100-b172-a5d8498dee70', '5c880ecb-5277-4ea3-85ee-b3d6cbbf9762');
INSERT INTO oneOnOneMeasure(evaluation, measureOneOnOneIDFK, measurableIDFK) VALUES('2', '438a2280-a56a-408a-ab2e-21459271b1cb', '752bc861-3707-4136-af7e-0f4eab76e5d4');
INSERT INTO oneOnOneMeasure(evaluation, measureOneOnOneIDFK, measurableIDFK) VALUES('3', '379e20a8-562b-4598-a891-bfe9c0e8568c', 'b17b32fb-4139-4363-9e29-027b711d64d8');
INSERT INTO oneOnOneMeasure(evaluation, measureOneOnOneIDFK, measurableIDFK) VALUES('1', 'c4a4ac47-4bf1-4bbd-abd2-f66f462e9b9b', 'a3401a6b-0dd9-4ba1-8f22-0481d3ee1721');
INSERT INTO oneOnOneMeasure(evaluation, measureOneOnOneIDFK, measurableIDFK) VALUES('1', '2d5569f5-a58c-48ce-9b69-11d213b0ea7d', '752bc861-3707-4136-af7e-0f4eab76e5d4');
INSERT INTO oneOnOneMeasure(evaluation, measureOneOnOneIDFK, measurableIDFK) VALUES('4', '5099ae91-b454-4e00-b911-6b697c901825', '5c880ecb-5277-4ea3-85ee-b3d6cbbf9762');
INSERT INTO oneOnOneMeasure(evaluation, measureOneOnOneIDFK, measurableIDFK) VALUES('5', 'c4a4ac47-4bf1-4bbd-abd2-f66f462e9b9b', '5c880ecb-5277-4ea3-85ee-b3d6cbbf9762');
INSERT INTO oneOnOneMeasure(evaluation, measureOneOnOneIDFK, measurableIDFK) VALUES('4', '085b419e-4a30-4dda-9124-f5da11ed4524', '5c880ecb-5277-4ea3-85ee-b3d6cbbf9762');
INSERT INTO oneOnOneMeasure(evaluation, measureOneOnOneIDFK, measurableIDFK) VALUES('1', '87050c1e-6453-43bb-95e1-61eb222a7811', 'a3401a6b-0dd9-4ba1-8f22-0481d3ee1721');
INSERT INTO oneOnOneMeasure(evaluation, measureOneOnOneIDFK, measurableIDFK) VALUES('3', '688af435-22bb-4172-8296-c46d06ecdb1e', '76cab43c-0109-47ec-a34c-14df491b247a');
INSERT INTO oneOnOneMeasure(evaluation, measureOneOnOneIDFK, measurableIDFK) VALUES('4', 'a2829824-49ec-403d-8d37-5ac14ae13ac4', 'b17b32fb-4139-4363-9e29-027b711d64d8');
INSERT INTO oneOnOneMeasure(evaluation, measureOneOnOneIDFK, measurableIDFK) VALUES('4', '249301f6-0ae2-4e9f-9ebb-4c50d194a6d3', 'b17b32fb-4139-4363-9e29-027b711d64d8');
INSERT INTO oneOnOneMeasure(evaluation, measureOneOnOneIDFK, measurableIDFK) VALUES('1', '085b419e-4a30-4dda-9124-f5da11ed4524', '752bc861-3707-4136-af7e-0f4eab76e5d4');
INSERT INTO oneOnOneMeasure(evaluation, measureOneOnOneIDFK, measurableIDFK) VALUES('1', 'da5d10f1-5155-41f9-9c8f-12a3901bf69b', '752bc861-3707-4136-af7e-0f4eab76e5d4');
INSERT INTO oneOnOneMeasure(evaluation, measureOneOnOneIDFK, measurableIDFK) VALUES('2', 'b96c9158-93a0-4ba6-8ebd-6fca9608decc', '752bc861-3707-4136-af7e-0f4eab76e5d4');
INSERT INTO oneOnOneMeasure(evaluation, measureOneOnOneIDFK, measurableIDFK) VALUES('5', '1f5a5f21-9a62-4289-8e47-71e1fed189bb', 'b17b32fb-4139-4363-9e29-027b711d64d8');
INSERT INTO oneOnOneMeasure(evaluation, measureOneOnOneIDFK, measurableIDFK) VALUES('5', '3ef837a7-7f6f-4b82-8b33-6407306fb351', 'b17b32fb-4139-4363-9e29-027b711d64d8');
INSERT INTO oneOnOneMeasure(evaluation, measureOneOnOneIDFK, measurableIDFK) VALUES('4', '85117754-02d8-486e-a8c9-2b215d01fb89', '752bc861-3707-4136-af7e-0f4eab76e5d4');
INSERT INTO oneOnOneMeasure(evaluation, measureOneOnOneIDFK, measurableIDFK) VALUES('2', '72ea83e7-a36a-4445-97a1-726ab000947d', '752bc861-3707-4136-af7e-0f4eab76e5d4');
INSERT INTO oneOnOneMeasure(evaluation, measureOneOnOneIDFK, measurableIDFK) VALUES('1', 'c5d2196c-af20-4fac-8cf4-cf7494f8ad5f', '5c880ecb-5277-4ea3-85ee-b3d6cbbf9762');
INSERT INTO oneOnOneMeasure(evaluation, measureOneOnOneIDFK, measurableIDFK) VALUES('4', 'a6f8f033-16d3-4bb6-bc96-f7f9b1c58056', '752bc861-3707-4136-af7e-0f4eab76e5d4');
INSERT INTO oneOnOneMeasure(evaluation, measureOneOnOneIDFK, measurableIDFK) VALUES('3', 'f482de25-e8c4-438d-bde8-a273baa3d8d9', 'a3401a6b-0dd9-4ba1-8f22-0481d3ee1721');
INSERT INTO oneOnOneMeasure(evaluation, measureOneOnOneIDFK, measurableIDFK) VALUES('1', '85c317e8-3a5f-4144-8041-140b02f839fa', 'a3401a6b-0dd9-4ba1-8f22-0481d3ee1721');
INSERT INTO oneOnOneMeasure(evaluation, measureOneOnOneIDFK, measurableIDFK) VALUES('3', '04b6befa-3acf-43bb-8b63-f1368e3d74b4', '76cab43c-0109-47ec-a34c-14df491b247a');
INSERT INTO oneOnOneMeasure(evaluation, measureOneOnOneIDFK, measurableIDFK) VALUES('1', '688af435-22bb-4172-8296-c46d06ecdb1e', 'b17b32fb-4139-4363-9e29-027b711d64d8');
INSERT INTO oneOnOneMeasure(evaluation, measureOneOnOneIDFK, measurableIDFK) VALUES('1', '1814f9ef-8bef-4722-9911-854423e18724', 'b17b32fb-4139-4363-9e29-027b711d64d8');
INSERT INTO oneOnOneMeasure(evaluation, measureOneOnOneIDFK, measurableIDFK) VALUES('5', 'def2ad46-0f25-40c9-9626-c56ae36d5c99', 'a3401a6b-0dd9-4ba1-8f22-0481d3ee1721');
INSERT INTO oneOnOneMeasure(evaluation, measureOneOnOneIDFK, measurableIDFK) VALUES('2', '87050c1e-6453-43bb-95e1-61eb222a7811', 'b17b32fb-4139-4363-9e29-027b711d64d8');
INSERT INTO oneOnOneMeasure(evaluation, measureOneOnOneIDFK, measurableIDFK) VALUES('2', '60bef977-dacb-4154-8a2a-f44c918b31b2', '5c880ecb-5277-4ea3-85ee-b3d6cbbf9762');
INSERT INTO oneOnOneMeasure(evaluation, measureOneOnOneIDFK, measurableIDFK) VALUES('5', '2536c1d7-a09a-4fe2-8fd7-479014dc3beb', 'a3401a6b-0dd9-4ba1-8f22-0481d3ee1721');
INSERT INTO oneOnOneMeasure(evaluation, measureOneOnOneIDFK, measurableIDFK) VALUES('2', '0ea6b5ee-43b7-40ba-acd7-4077aee65b95', '752bc861-3707-4136-af7e-0f4eab76e5d4');
INSERT INTO oneOnOneMeasure(evaluation, measureOneOnOneIDFK, measurableIDFK) VALUES('5', '02db5316-b8c0-4251-a466-5c74af2541a7', '752bc861-3707-4136-af7e-0f4eab76e5d4');
INSERT INTO oneOnOneMeasure(evaluation, measureOneOnOneIDFK, measurableIDFK) VALUES('1', 'a2829824-49ec-403d-8d37-5ac14ae13ac4', 'b17b32fb-4139-4363-9e29-027b711d64d8');
INSERT INTO oneOnOneMeasure(evaluation, measureOneOnOneIDFK, measurableIDFK) VALUES('3', 'b96c9158-93a0-4ba6-8ebd-6fca9608decc', 'b17b32fb-4139-4363-9e29-027b711d64d8');
INSERT INTO oneOnOneMeasure(evaluation, measureOneOnOneIDFK, measurableIDFK) VALUES('1', '85117754-02d8-486e-a8c9-2b215d01fb89', 'b17b32fb-4139-4363-9e29-027b711d64d8');
INSERT INTO oneOnOneMeasure(evaluation, measureOneOnOneIDFK, measurableIDFK) VALUES('4', '5099ae91-b454-4e00-b911-6b697c901825', '5c880ecb-5277-4ea3-85ee-b3d6cbbf9762');
INSERT INTO oneOnOneMeasure(evaluation, measureOneOnOneIDFK, measurableIDFK) VALUES('2', 'd2551181-f82e-4cfe-9269-5f80c4edc1ca', '76cab43c-0109-47ec-a34c-14df491b247a');
INSERT INTO oneOnOneMeasure(evaluation, measureOneOnOneIDFK, measurableIDFK) VALUES('3', '89e8546a-49b8-4492-b391-212722765eeb', '5c880ecb-5277-4ea3-85ee-b3d6cbbf9762');
INSERT INTO oneOnOneMeasure(evaluation, measureOneOnOneIDFK, measurableIDFK) VALUES('1', '3c0ed9e2-fdb6-4a34-865f-9a07d5d77cc0', '752bc861-3707-4136-af7e-0f4eab76e5d4');
INSERT INTO oneOnOneMeasure(evaluation, measureOneOnOneIDFK, measurableIDFK) VALUES('3', '61d63d65-c450-4102-93b5-fc8f92861ead', '5c880ecb-5277-4ea3-85ee-b3d6cbbf9762');
INSERT INTO oneOnOneMeasure(evaluation, measureOneOnOneIDFK, measurableIDFK) VALUES('4', 'c5d2196c-af20-4fac-8cf4-cf7494f8ad5f', 'b17b32fb-4139-4363-9e29-027b711d64d8');
INSERT INTO oneOnOneMeasure(evaluation, measureOneOnOneIDFK, measurableIDFK) VALUES('1', '0e6fcee0-0a9e-4aab-9fbe-1faedcf24152', 'b17b32fb-4139-4363-9e29-027b711d64d8');
INSERT INTO oneOnOneMeasure(evaluation, measureOneOnOneIDFK, measurableIDFK) VALUES('4', '3745aa41-d6f8-406e-a64a-e720f8d44653', '752bc861-3707-4136-af7e-0f4eab76e5d4');
INSERT INTO oneOnOneMeasure(evaluation, measureOneOnOneIDFK, measurableIDFK) VALUES('5', 'af648b74-0df5-426d-bd56-db883d9cf8a9', 'a3401a6b-0dd9-4ba1-8f22-0481d3ee1721');
INSERT INTO oneOnOneMeasure(evaluation, measureOneOnOneIDFK, measurableIDFK) VALUES('4', '7f2eba7f-63cd-42f9-8110-5e32ead9ba3b', '752bc861-3707-4136-af7e-0f4eab76e5d4');
INSERT INTO oneOnOneMeasure(evaluation, measureOneOnOneIDFK, measurableIDFK) VALUES('1', '379e20a8-562b-4598-a891-bfe9c0e8568c', '5c880ecb-5277-4ea3-85ee-b3d6cbbf9762');
INSERT INTO oneOnOneMeasure(evaluation, measureOneOnOneIDFK, measurableIDFK) VALUES('4', 'f83df042-3dec-4cf5-aa4c-dac5709a5278', '5c880ecb-5277-4ea3-85ee-b3d6cbbf9762');
INSERT INTO oneOnOneMeasure(evaluation, measureOneOnOneIDFK, measurableIDFK) VALUES('5', '06780d80-c87e-4196-8a69-48264917bc8f', '5c880ecb-5277-4ea3-85ee-b3d6cbbf9762');
INSERT INTO oneOnOneMeasure(evaluation, measureOneOnOneIDFK, measurableIDFK) VALUES('4', '85c317e8-3a5f-4144-8041-140b02f839fa', '752bc861-3707-4136-af7e-0f4eab76e5d4');
INSERT INTO oneOnOneMeasure(evaluation, measureOneOnOneIDFK, measurableIDFK) VALUES('2', 'f83df042-3dec-4cf5-aa4c-dac5709a5278', 'b17b32fb-4139-4363-9e29-027b711d64d8');
INSERT INTO oneOnOneMeasure(evaluation, measureOneOnOneIDFK, measurableIDFK) VALUES('3', 'c5d2196c-af20-4fac-8cf4-cf7494f8ad5f', '5c880ecb-5277-4ea3-85ee-b3d6cbbf9762');
INSERT INTO oneOnOneMeasure(evaluation, measureOneOnOneIDFK, measurableIDFK) VALUES('5', '9dd0e4cf-091c-4d6f-9c49-92f58754515b', '752bc861-3707-4136-af7e-0f4eab76e5d4');
INSERT INTO oneOnOneMeasure(evaluation, measureOneOnOneIDFK, measurableIDFK) VALUES('5', '54de9f6e-40b8-4504-b962-baa86f1a07a3', '5c880ecb-5277-4ea3-85ee-b3d6cbbf9762');
INSERT INTO oneOnOneMeasure(evaluation, measureOneOnOneIDFK, measurableIDFK) VALUES('1', 'a2829824-49ec-403d-8d37-5ac14ae13ac4', '5c880ecb-5277-4ea3-85ee-b3d6cbbf9762');
INSERT INTO oneOnOneMeasure(evaluation, measureOneOnOneIDFK, measurableIDFK) VALUES('2', '95b0aa0b-697b-4100-b172-a5d8498dee70', 'b17b32fb-4139-4363-9e29-027b711d64d8');
INSERT INTO oneOnOneMeasure(evaluation, measureOneOnOneIDFK, measurableIDFK) VALUES('5', '05d5df7d-dfba-4571-8581-d434773a3f73', '5c880ecb-5277-4ea3-85ee-b3d6cbbf9762');
INSERT INTO oneOnOneMeasure(evaluation, measureOneOnOneIDFK, measurableIDFK) VALUES('4', 'aafd1119-e8b8-4bc7-94cd-f5f0570d5c8c', 'b17b32fb-4139-4363-9e29-027b711d64d8');
INSERT INTO oneOnOneMeasure(evaluation, measureOneOnOneIDFK, measurableIDFK) VALUES('3', 'cbf52d8f-b706-421a-8b69-b1e1a60ab654', '5c880ecb-5277-4ea3-85ee-b3d6cbbf9762');
INSERT INTO oneOnOneMeasure(evaluation, measureOneOnOneIDFK, measurableIDFK) VALUES('1', '1814f9ef-8bef-4722-9911-854423e18724', 'a3401a6b-0dd9-4ba1-8f22-0481d3ee1721');
INSERT INTO oneOnOneMeasure(evaluation, measureOneOnOneIDFK, measurableIDFK) VALUES('2', 'c4a4ac47-4bf1-4bbd-abd2-f66f462e9b9b', 'b17b32fb-4139-4363-9e29-027b711d64d8');
INSERT INTO oneOnOneMeasure(evaluation, measureOneOnOneIDFK, measurableIDFK) VALUES('2', '52f91e4f-0f48-461c-b2fa-76b60d3002ca', 'a3401a6b-0dd9-4ba1-8f22-0481d3ee1721');
INSERT INTO oneOnOneMeasure(evaluation, measureOneOnOneIDFK, measurableIDFK) VALUES('5', '04b6befa-3acf-43bb-8b63-f1368e3d74b4', '5c880ecb-5277-4ea3-85ee-b3d6cbbf9762');
INSERT INTO oneOnOneMeasure(evaluation, measureOneOnOneIDFK, measurableIDFK) VALUES('5', '85117754-02d8-486e-a8c9-2b215d01fb89', '752bc861-3707-4136-af7e-0f4eab76e5d4');
INSERT INTO oneOnOneMeasure(evaluation, measureOneOnOneIDFK, measurableIDFK) VALUES('5', '3c0ed9e2-fdb6-4a34-865f-9a07d5d77cc0', 'a3401a6b-0dd9-4ba1-8f22-0481d3ee1721');

INSERT INTO vacation(vacationID, startDate, endDate, reason, leaderStatus, hrStatus, vacationUserIDFK) VALUES('bda2c362-29db-45da-b524-c256069e0d90', '31/12/21', '31/12/22', 'Disfrutar de la naturaleza', 0, 1, '279d1bb1-adb1-4bdd-966a-26bc8c9965d3');
INSERT INTO vacation(vacationID, startDate, endDate, reason, leaderStatus, hrStatus, vacationUserIDFK) VALUES('fc5a7cd7-33c6-4592-bdbb-b0b1be5b6803', '25/05/14', '25/05/15', 'Aprovechar promociones de viaje', 1, 1, 'cf674044-4024-4fad-b4f8-d242ab347d69');
INSERT INTO vacation(vacationID, startDate, endDate, reason, leaderStatus, hrStatus, vacationUserIDFK) VALUES('39a3e607-97fd-4835-a0eb-575549975d6b', '29/05/27', '29/05/28', 'Pasar tiempo con la familia', 2, 0, 'cf674044-4024-4fad-b4f8-d242ab347d69');
INSERT INTO vacation(vacationID, startDate, endDate, reason, leaderStatus, hrStatus, vacationUserIDFK) VALUES('334b694e-93d5-4bea-bc28-30658cb59261', '27/07/12', '27/07/13', 'Aprovechar promociones de viaje', 2, 1, '6fa73afe-aa68-4ab1-96df-89a6705da7cb');
INSERT INTO vacation(vacationID, startDate, endDate, reason, leaderStatus, hrStatus, vacationUserIDFK) VALUES('07119783-f3fa-4cd4-b3db-c7c821f31a41', '27/07/12', '27/07/13', 'Aprender un nuevo idioma', 0, 0, '5fef43a9-024a-4662-af79-fcfd0d9508fc');
INSERT INTO vacation(vacationID, startDate, endDate, reason, leaderStatus, hrStatus, vacationUserIDFK) VALUES('ac19d50b-d621-4e6d-ae5e-e4be9fa3d104', '30/08/06', '30/08/07', 'Celebrar un aniversario', 1, 0, '0ede2132-a1e0-43f7-a131-8b4ad4513d41');
INSERT INTO vacation(vacationID, startDate, endDate, reason, leaderStatus, hrStatus, vacationUserIDFK) VALUES('c0a03a30-b0fb-4c13-9e2c-e8af179b0552', '29/08/03', '29/08/04', 'Aprovechar promociones de viaje', 0, 2, 'c91e0f5a-5250-4536-b118-4f991aed2559');
INSERT INTO vacation(vacationID, startDate, endDate, reason, leaderStatus, hrStatus, vacationUserIDFK) VALUES('83f1b5b2-906a-4ce1-8252-7643e0eb58d5', '29/05/27', '29/05/28', 'Aprovechar promociones de viaje', 1, 1, '4c96f7c9-6682-43f3-bacf-86eefe280de2');
INSERT INTO vacation(vacationID, startDate, endDate, reason, leaderStatus, hrStatus, vacationUserIDFK) VALUES('2298739c-a3f8-48c0-af2a-54b895cfe3d0', '32/10/18', '32/10/19', 'Mejorar la salud mental', 1, 2, '5ea97481-bfc9-4e04-85c8-598af5abd2f2');
INSERT INTO vacation(vacationID, startDate, endDate, reason, leaderStatus, hrStatus, vacationUserIDFK) VALUES('37d78159-fa85-49bf-8c49-90715ce59cf0', '32/05/03', '32/05/04', 'Aprovechar promociones de viaje', 2, 1, '9a8cd2dd-93a0-4d2c-9ce9-18760bf430c8');
INSERT INTO vacation(vacationID, startDate, endDate, reason, leaderStatus, hrStatus, vacationUserIDFK) VALUES('8e57ae08-8a41-45a0-9db7-e8cc6aa1fa64', '28/01/12', '28/01/13', 'Realizar actividades al aire libre', 1, 2, '4dff1a60-395d-49e0-87cb-872f118cadc2');
INSERT INTO vacation(vacationID, startDate, endDate, reason, leaderStatus, hrStatus, vacationUserIDFK) VALUES('2b20b40e-73db-4ab4-835f-6537c5fed829', '28/11/09', '28/11/10', 'Cumplir un sueño personal', 2, 2, 'f21cdc13-7ad1-4987-98c7-4325f3dd0fd6');
INSERT INTO vacation(vacationID, startDate, endDate, reason, leaderStatus, hrStatus, vacationUserIDFK) VALUES('8acc98eb-83f9-4aea-81c7-4783497798a9', '27/07/12', '27/07/13', 'Probar nuevas comidas', 1, 2, '3dc312b1-a6ff-49ea-aa1f-15e1e06e155b');
INSERT INTO vacation(vacationID, startDate, endDate, reason, leaderStatus, hrStatus, vacationUserIDFK) VALUES('26f94f4e-fae9-4923-8101-2678ef378984', '29/08/03', '29/08/04', 'Mejorar la salud mental', 1, 2, '458bbbd2-84bc-4828-be1c-54a6b0bf7c32');
INSERT INTO vacation(vacationID, startDate, endDate, reason, leaderStatus, hrStatus, vacationUserIDFK) VALUES('3dfda36d-9096-44ca-98e2-57aa4b8d8cae', '28/03/18', '28/03/19', 'Pasar tiempo con la familia', 0, 0, 'ac60ecc0-8a4e-4a6c-b20f-de716570ccaf');
INSERT INTO vacation(vacationID, startDate, endDate, reason, leaderStatus, hrStatus, vacationUserIDFK) VALUES('d3df568f-b5be-44a2-8673-8e8c54a3f3bc', '29/01/15', '29/01/16', 'Conocer nuevos lugares', 1, 2, 'eb4055c7-8c5e-48ab-bff1-800fdc7b3826');
INSERT INTO vacation(vacationID, startDate, endDate, reason, leaderStatus, hrStatus, vacationUserIDFK) VALUES('f68386ec-1a62-43df-82a6-c3c46970aa79', '30/07/03', '30/07/04', 'Pasar tiempo con la familia', 2, 2, '91b66437-998f-4d62-a315-0f6214aad4c4');
INSERT INTO vacation(vacationID, startDate, endDate, reason, leaderStatus, hrStatus, vacationUserIDFK) VALUES('412451b8-6e7f-4e78-b54b-57bf91ec9abd', '26/05/18', '26/05/19', 'Realizar actividades al aire libre', 0, 0, '1ff524f1-2c87-4ef6-a7b2-e92e53fce5ec');
INSERT INTO vacation(vacationID, startDate, endDate, reason, leaderStatus, hrStatus, vacationUserIDFK) VALUES('a509bb7a-6afd-4bbd-8542-778602844c7f', '32/10/18', '32/10/19', 'Pasar tiempo con la familia', 2, 2, 'a45e62af-e659-48f3-9c72-ed3b43c22e1e');
INSERT INTO vacation(vacationID, startDate, endDate, reason, leaderStatus, hrStatus, vacationUserIDFK) VALUES('6471cda3-11e6-4c26-96f3-c2d0e6ceca2a', '30/12/18', '30/12/19', 'Aprovechar promociones de viaje', 0, 1, '1ff524f1-2c87-4ef6-a7b2-e92e53fce5ec');
INSERT INTO vacation(vacationID, startDate, endDate, reason, leaderStatus, hrStatus, vacationUserIDFK) VALUES('5fd0ff5d-31d9-446c-8bfd-275a5b7fcb2e', '28/07/15', '28/07/16', 'Pasar tiempo con la familia', 0, 2, 'c048c484-5e74-470d-9c6d-2c4a93bf56ae');
INSERT INTO vacation(vacationID, startDate, endDate, reason, leaderStatus, hrStatus, vacationUserIDFK) VALUES('933ed9a2-2fbf-49db-922b-1374ba9a10d8', '26/05/18', '26/05/19', 'Aprender un nuevo idioma', 2, 2, '513792cc-f4e9-4f9b-8e46-17a6a8847969');
INSERT INTO vacation(vacationID, startDate, endDate, reason, leaderStatus, hrStatus, vacationUserIDFK) VALUES('de2dd58e-02bc-4be6-a0ad-c9dd1aeb0a63', '28/06/27', '28/06/28', 'Festejar un cumpleaños', 1, 0, '5ea97481-bfc9-4e04-85c8-598af5abd2f2');
INSERT INTO vacation(vacationID, startDate, endDate, reason, leaderStatus, hrStatus, vacationUserIDFK) VALUES('085c89f7-7e6a-43fd-ba85-12d115b5bf50', '28/01/12', '28/01/13', 'Descansar del trabajo', 0, 2, '950c231b-70e7-4d2c-88f8-8dd2e53a04f8');
INSERT INTO vacation(vacationID, startDate, endDate, reason, leaderStatus, hrStatus, vacationUserIDFK) VALUES('ff09043b-d342-4f9d-b540-1760caa8ecf4', '28/01/12', '28/01/13', 'Probar nuevas comidas', 1, 2, 'ef17ec72-ff6c-42ca-9689-19e14d2fc831');
INSERT INTO vacation(vacationID, startDate, endDate, reason, leaderStatus, hrStatus, vacationUserIDFK) VALUES('636c765a-565c-4ca7-80e7-8b0324176c51', '26/12/06', '26/12/07', 'Disfrutar de la naturaleza', 2, 0, '1581577a-4d89-4afc-950d-cf3b11ab3a67');
INSERT INTO vacation(vacationID, startDate, endDate, reason, leaderStatus, hrStatus, vacationUserIDFK) VALUES('43611445-8059-44f3-a036-0e6b5a68d927', '26/06/21', '26/06/22', 'Realizar actividades al aire libre', 2, 2, '1ff524f1-2c87-4ef6-a7b2-e92e53fce5ec');
INSERT INTO vacation(vacationID, startDate, endDate, reason, leaderStatus, hrStatus, vacationUserIDFK) VALUES('27653c77-359d-4a26-bc0d-cf9ab8cc724b', '27/01/09', '27/01/10', 'Realizar actividades al aire libre', 2, 0, '4500c8f6-8b64-42dc-a107-6a6d8bae0239');
INSERT INTO vacation(vacationID, startDate, endDate, reason, leaderStatus, hrStatus, vacationUserIDFK) VALUES('4fc4d5c2-48c2-43c1-9a25-71359e323d39', '27/03/15', '27/03/16', 'Disfrutar de la naturaleza', 0, 2, '9137a27a-1e5c-40dd-b0b8-870f0c0a20db');
INSERT INTO vacation(vacationID, startDate, endDate, reason, leaderStatus, hrStatus, vacationUserIDFK) VALUES('3b11fb6d-3c4b-477b-a805-3119c7766fe5', '31/10/15', '31/10/16', 'Realizar actividades al aire libre', 1, 2, '84c14d4c-1750-472f-8021-b7f7e01bb767');
INSERT INTO vacation(vacationID, startDate, endDate, reason, leaderStatus, hrStatus, vacationUserIDFK) VALUES('6cd8d97c-4d96-47d1-bf34-462ecddf09d8', '29/05/27', '29/05/28', 'Tomar fotos y crear recuerdos', 0, 1, '4e627872-424f-4072-9e64-9ff93d2832df');
INSERT INTO vacation(vacationID, startDate, endDate, reason, leaderStatus, hrStatus, vacationUserIDFK) VALUES('6b90d650-b016-41dc-a5b0-8a79eac9c479', '33/11/24', '33/11/25', 'Descansar del trabajo', 1, 1, '697f1dd1-7dce-4f1f-a84b-9747f07b3910');
INSERT INTO vacation(vacationID, startDate, endDate, reason, leaderStatus, hrStatus, vacationUserIDFK) VALUES('08d5f571-18bf-4263-91a0-587601a030a9', '25/03/06', '25/03/07', 'Mejorar la salud mental', 2, 1, '791b8aeb-abf8-4697-b4ec-89153c91a1f6');
INSERT INTO vacation(vacationID, startDate, endDate, reason, leaderStatus, hrStatus, vacationUserIDFK) VALUES('e4d477a8-7bc2-4b33-b447-b5a4de0e1993', '27/07/12', '27/07/13', 'Cumplir un sueño personal', 2, 2, '3c7437db-913d-41c6-b6d9-476a2a1f8f84');
INSERT INTO vacation(vacationID, startDate, endDate, reason, leaderStatus, hrStatus, vacationUserIDFK) VALUES('3307c351-137b-47ac-b63b-b362ba762bc3', '25/03/06', '25/03/07', 'Cumplir un sueño personal', 1, 0, '716a24f6-af68-4584-af28-42108401aa3b');
INSERT INTO vacation(vacationID, startDate, endDate, reason, leaderStatus, hrStatus, vacationUserIDFK) VALUES('bc2489f0-a8a8-4a9d-bed4-14fb03a1d776', '29/08/03', '29/08/04', 'Conocer nuevos lugares', 2, 2, '99ca6923-a4c8-46eb-a194-aa0a6f611977');
INSERT INTO vacation(vacationID, startDate, endDate, reason, leaderStatus, hrStatus, vacationUserIDFK) VALUES('22502303-0edd-4d52-b5e8-2cfe5bb87531', '26/05/18', '26/05/19', 'Mejorar la salud mental', 0, 0, '723d8814-d263-4225-a88a-159171c714b5');
INSERT INTO vacation(vacationID, startDate, endDate, reason, leaderStatus, hrStatus, vacationUserIDFK) VALUES('67993c18-ea36-49ec-8cb5-09d1df73ac96', '30/03/24', '30/03/25', 'Fortalecer la relación de pareja', 2, 1, '85e6a81d-3f4a-489d-9dd1-4a9157277e98');
INSERT INTO vacation(vacationID, startDate, endDate, reason, leaderStatus, hrStatus, vacationUserIDFK) VALUES('afa4b520-bb4c-42f1-bd1f-d686ab911074', '26/09/29', '26/09/30', 'Visitar amigos o familiares', 1, 1, '3a083e2c-63a5-4c2f-be2f-711b80124758');
INSERT INTO vacation(vacationID, startDate, endDate, reason, leaderStatus, hrStatus, vacationUserIDFK) VALUES('43a4c503-166a-4625-8f1d-7eed9c880a1f', '28/01/12', '28/01/13', 'Recargar energía y motivación', 1, 0, '166db528-59d6-4b4b-b3c2-2ed494eeff9f');
INSERT INTO vacation(vacationID, startDate, endDate, reason, leaderStatus, hrStatus, vacationUserIDFK) VALUES('d78c6175-3101-4599-9e6f-8eec557ffeff', '26/06/21', '26/06/22', 'Recargar energía y motivación', 1, 1, 'ac60ecc0-8a4e-4a6c-b20f-de716570ccaf');
INSERT INTO vacation(vacationID, startDate, endDate, reason, leaderStatus, hrStatus, vacationUserIDFK) VALUES('0d86dc09-a45b-4303-9a93-5e0c867aa96c', '29/11/12', '29/11/13', 'Cumplir un sueño personal', 2, 1, 'c2be4d0a-c627-4798-b3dc-a374c4fe7e63');
INSERT INTO vacation(vacationID, startDate, endDate, reason, leaderStatus, hrStatus, vacationUserIDFK) VALUES('3ba4cf85-6c8d-4b4e-8ef7-705569d5c9ba', '31/11/24', '31/11/25', 'Fortalecer la relación de pareja', 1, 0, 'f21cdc13-7ad1-4987-98c7-4325f3dd0fd6');
INSERT INTO vacation(vacationID, startDate, endDate, reason, leaderStatus, hrStatus, vacationUserIDFK) VALUES('6ad63c77-32b0-4672-a371-195c8ef40091', '33/12/27', '33/12/28', 'Celebrar un aniversario', 1, 1, '513792cc-f4e9-4f9b-8e46-17a6a8847969');
INSERT INTO vacation(vacationID, startDate, endDate, reason, leaderStatus, hrStatus, vacationUserIDFK) VALUES('9f1def06-cb51-4c87-a5ec-5f9bd939fb80', '33/12/29', '33/12/30', 'Aprovechar promociones de viaje', 0, 0, 'c91e0f5a-5250-4536-b118-4f991aed2559');
INSERT INTO vacation(vacationID, startDate, endDate, reason, leaderStatus, hrStatus, vacationUserIDFK) VALUES('5fff260a-0127-4915-8665-2402ca38d0d2', '25/04/11', '25/04/12', 'Pasar tiempo con la familia', 2, 2, '75a0cbf7-59b3-4ff1-9c18-d6f58253e8c0');
INSERT INTO vacation(vacationID, startDate, endDate, reason, leaderStatus, hrStatus, vacationUserIDFK) VALUES('6e3b7360-9104-43af-a117-82cdfd27a6a1', '30/08/06', '30/08/07', 'Mejorar la salud mental', 1, 1, 'd3986e31-055e-485a-a27e-3eb41db5ea04');
INSERT INTO vacation(vacationID, startDate, endDate, reason, leaderStatus, hrStatus, vacationUserIDFK) VALUES('d9bfdf78-760f-4ac1-81f3-7695f2999a29', '28/09/03', '28/09/04', 'Pasar tiempo con la familia', 0, 1, '1581577a-4d89-4afc-950d-cf3b11ab3a67');
INSERT INTO vacation(vacationID, startDate, endDate, reason, leaderStatus, hrStatus, vacationUserIDFK) VALUES('34d85031-6531-41a7-a354-c1aa106dde60', '33/06/09', '33/06/10', 'Tomar fotos y crear recuerdos', 0, 0, '83f74314-7509-44ce-bf81-ab4cfe55784d');
INSERT INTO vacation(vacationID, startDate, endDate, reason, leaderStatus, hrStatus, vacationUserIDFK) VALUES('26a92de7-9ace-4c00-b9f2-0ca1e50223c4', '30/01/18', '30/01/19', 'Conocer nuevos lugares', 1, 2, '281c551e-5910-41fc-b369-aaec083a82c1');
INSERT INTO vacation(vacationID, startDate, endDate, reason, leaderStatus, hrStatus, vacationUserIDFK) VALUES('23df40cb-d3b6-4a42-b014-4c2ab0ad3a75', '25/12/04', '25/12/05', 'Fortalecer la relación de pareja', 0, 1, '3a4d117a-0c1f-40c5-aa0d-a2da3b2e84a2');
INSERT INTO vacation(vacationID, startDate, endDate, reason, leaderStatus, hrStatus, vacationUserIDFK) VALUES('79a4dd73-9a5c-458f-b40a-6625226df785', '27/04/18', '27/04/19', 'Fortalecer la relación de pareja', 1, 0, 'eb4055c7-8c5e-48ab-bff1-800fdc7b3826');
INSERT INTO vacation(vacationID, startDate, endDate, reason, leaderStatus, hrStatus, vacationUserIDFK) VALUES('8fd243b3-c846-46c7-b1dc-14f661de578c', '33/06/09', '33/06/10', 'Probar nuevas comidas', 1, 2, '166db528-59d6-4b4b-b3c2-2ed494eeff9f');
INSERT INTO vacation(vacationID, startDate, endDate, reason, leaderStatus, hrStatus, vacationUserIDFK) VALUES('6a6a40ad-48c6-4ee0-9d3d-08154f6de480', '30/10/21', '30/10/22', 'Festejar un cumpleaños', 0, 0, 'ca6644c4-66c9-46df-884f-20ed37f3e0e6');
INSERT INTO vacation(vacationID, startDate, endDate, reason, leaderStatus, hrStatus, vacationUserIDFK) VALUES('72451924-19e8-4273-b4c3-50ea0bcb55c5', '29/03/21', '29/03/22', 'Desconectarse de la rutina', 0, 1, '6159066d-62b8-4468-9a58-4f464062bc9a');
INSERT INTO vacation(vacationID, startDate, endDate, reason, leaderStatus, hrStatus, vacationUserIDFK) VALUES('740aaa17-98ac-4698-835b-fad9b5a57a80', '28/01/12', '28/01/13', 'Disfrutar de la naturaleza', 0, 1, '3c7437db-913d-41c6-b6d9-476a2a1f8f84');
INSERT INTO vacation(vacationID, startDate, endDate, reason, leaderStatus, hrStatus, vacationUserIDFK) VALUES('e960ca8b-fd76-4df5-a9f8-f99a77925832', '25/05/14', '25/05/15', 'Reducir el estrés', 0, 0, '72278567-81e4-4526-b5b1-b10c9afed9a5');
INSERT INTO vacation(vacationID, startDate, endDate, reason, leaderStatus, hrStatus, vacationUserIDFK) VALUES('7666f2a8-24c3-4f12-9a8c-49ccc24e9183', '32/06/06', '32/06/07', 'Pasar tiempo con la familia', 1, 0, '26d76314-70c3-4b1c-9abf-e178313d6632');
INSERT INTO vacation(vacationID, startDate, endDate, reason, leaderStatus, hrStatus, vacationUserIDFK) VALUES('b4611f09-8f1f-4bf0-a539-4fcad626085c', '31/11/18', '31/11/19', 'Explorar diferentes culturas', 0, 1, '72278567-81e4-4526-b5b1-b10c9afed9a5');
INSERT INTO vacation(vacationID, startDate, endDate, reason, leaderStatus, hrStatus, vacationUserIDFK) VALUES('32b5f54e-a954-4eda-b8ca-83be86b5c339', '33/09/18', '33/09/19', 'Fortalecer la relación de pareja', 1, 0, '00e384b3-2159-49d0-baff-d25fd97c0cde');

INSERT INTO absence(absenceID, reason, startDate, endDate, leaderStatus, hrStatus, absenceUserIDFK) values('fe5dabaf-4745-4a50-921c-7c9221ad52b4', 'Convocatoria a servicio militar o cívico', '27/12/09', '27/12/10', 1, 2, '279d1bb1-adb1-4bdd-966a-26bc8c9965d3'); 
INSERT INTO absence(absenceID, reason, startDate, endDate, leaderStatus, hrStatus, absenceUserIDFK) values('3d8abbcd-d76c-41f8-a0ea-b7013fa2d517', 'Vacaciones programadas', '25/07/19', '25/07/20', 0, 2, '3c7437db-913d-41c6-b6d9-476a2a1f8f84'); 
INSERT INTO absence(absenceID, reason, startDate, endDate, leaderStatus, hrStatus, absenceUserIDFK) values('6ef31645-e4b3-460b-a302-2004899bf5e6', 'Huelga de transporte', '29/03/21', '29/03/22', 2, 2, '72278567-81e4-4526-b5b1-b10c9afed9a5'); 
INSERT INTO absence(absenceID, reason, startDate, endDate, leaderStatus, hrStatus, absenceUserIDFK) values('27466fd4-b6d1-4228-a8ef-36bfb50f811d', 'Cuidado de un hijo o familiar enfermo', '33/07/12', '33/07/13', 0, 2, 'd5230dc1-7e2e-4a53-9b14-a82243a7d720'); 
INSERT INTO absence(absenceID, reason, startDate, endDate, leaderStatus, hrStatus, absenceUserIDFK) values('d704e344-9add-410a-ae26-415b3cb8d6f9', 'Citación judicial', '28/05/24', '28/05/25', 2, 2, '99ca6923-a4c8-46eb-a194-aa0a6f611977'); 
INSERT INTO absence(absenceID, reason, startDate, endDate, leaderStatus, hrStatus, absenceUserIDFK) values('6c97807a-9c73-4695-9fb0-a155d00c0019', 'Emergencia en el hogar (fugas, incendios, etc.)', '26/08/26', '26/08/27', 2, 2, '4dff1a60-395d-49e0-87cb-872f118cadc2'); 
INSERT INTO absence(absenceID, reason, startDate, endDate, leaderStatus, hrStatus, absenceUserIDFK) values('32b27ee3-44a2-48db-af25-a188afd6f784', 'Problemas de movilidad o avería del vehículo', '32/07/09', '32/07/10', 2, 2, '1ff524f1-2c87-4ef6-a7b2-e92e53fce5ec'); 
INSERT INTO absence(absenceID, reason, startDate, endDate, leaderStatus, hrStatus, absenceUserIDFK) values('49c8f7d5-a4ee-4cde-a74e-42dc5fd2baac', 'Consulta médica', '31/09/12', '31/09/13', 1, 2, '5f439cb7-6316-497d-a455-8133f1e666fc'); 
INSERT INTO absence(absenceID, reason, startDate, endDate, leaderStatus, hrStatus, absenceUserIDFK) values('4a78db1b-942b-4f58-91db-cc7771456f31', 'Accidente', '27/10/03', '27/10/04', 2, 2, '72278567-81e4-4526-b5b1-b10c9afed9a5'); 
INSERT INTO absence(absenceID, reason, startDate, endDate, leaderStatus, hrStatus, absenceUserIDFK) values('c7d4a14a-4eb5-475a-8a81-74c57fbc78e0', 'Problemas de movilidad o avería del vehículo', '25/06/17', '25/06/18', 0, 2, '816b1a79-0595-488b-8e80-ed4d28d294bb'); 
INSERT INTO absence(absenceID, reason, startDate, endDate, leaderStatus, hrStatus, absenceUserIDFK) values('1999ac6f-233a-4c41-94f5-fbdc4bf87716', 'Maternidad/Paternidad', '29/09/06', '29/09/07', 0, 2, 'b0f144f4-1b74-4a32-923e-42caa72518ec'); 
INSERT INTO absence(absenceID, reason, startDate, endDate, leaderStatus, hrStatus, absenceUserIDFK) values('00128c84-19d3-46d5-8147-083bf0d74210', 'Enfermedad', '25/05/14', '25/05/15', 1, 2, '3bc6e149-1904-4356-bb7d-569d7d2fd4a9'); 
INSERT INTO absence(absenceID, reason, startDate, endDate, leaderStatus, hrStatus, absenceUserIDFK) values('19a73de9-0be2-4ed8-8d2f-b7ca00c141a6', 'Convocatoria a servicio militar o cívico', '30/03/24', '30/03/25', 2, 2, '279d1bb1-adb1-4bdd-966a-26bc8c9965d3'); 
INSERT INTO absence(absenceID, reason, startDate, endDate, leaderStatus, hrStatus, absenceUserIDFK) values('d39d3c58-4eff-414f-ba85-eb9438e0def3', 'Maternidad/Paternidad', '28/12/12', '28/12/13', 2, 2, '458bbbd2-84bc-4828-be1c-54a6b0bf7c32'); 
INSERT INTO absence(absenceID, reason, startDate, endDate, leaderStatus, hrStatus, absenceUserIDFK) values('be8fe052-b789-4102-b0c0-3420716d1dd1', 'Donación de sangre', '33/01/27', '33/01/28', 0, 2, 'c91e0f5a-5250-4536-b118-4f991aed2559'); 
INSERT INTO absence(absenceID, reason, startDate, endDate, leaderStatus, hrStatus, absenceUserIDFK) values('104a6a14-a33f-42aa-8e3e-084c46f544b8', 'Luto por fallecimiento de un familiar', '27/10/03', '27/10/04', 0, 2, 'edbef5c1-b6b7-474e-82b9-0cdcc1049548'); 
INSERT INTO absence(absenceID, reason, startDate, endDate, leaderStatus, hrStatus, absenceUserIDFK) values('9fab2803-f254-41dd-9c69-974210e78f3a', 'Luto por fallecimiento de un familiar', '30/10/12', '30/10/13', 2, 2, '2a4f568a-ffa0-41d0-b0cb-f6eaa4e831c8'); 
INSERT INTO absence(absenceID, reason, startDate, endDate, leaderStatus, hrStatus, absenceUserIDFK) values('88fd5fe5-828e-4689-9f5b-5a355263a56f', 'Cuidado de un hijo o familiar enfermo', '25/05/14', '25/05/15', 0, 2, '6159066d-62b8-4468-9a58-4f464062bc9a'); 
INSERT INTO absence(absenceID, reason, startDate, endDate, leaderStatus, hrStatus, absenceUserIDFK) values('f2ca62ea-5540-4ccd-a811-9e90dfb36479', 'Condiciones climáticas extremas', '28/10/06', '28/10/07', 2, 2, '4dff1a60-395d-49e0-87cb-872f118cadc2'); 
INSERT INTO absence(absenceID, reason, startDate, endDate, leaderStatus, hrStatus, absenceUserIDFK) values('83c34953-0e42-4bd4-964d-a2e0225cdd38', 'Viaje de emergencia', '33/12/29', '33/12/30', 0, 2, '03d6c669-1a6a-4ea6-b000-b8c6f0a46246'); 
INSERT INTO absence(absenceID, reason, startDate, endDate, leaderStatus, hrStatus, absenceUserIDFK) values('622a1b97-a894-446a-a404-6b917b57ebea', 'Problemas familiares', '25/10/27', '25/10/28', 0, 2, 'f21cdc13-7ad1-4987-98c7-4325f3dd0fd6'); 
INSERT INTO absence(absenceID, reason, startDate, endDate, leaderStatus, hrStatus, absenceUserIDFK) values('89fb270c-4f21-4c97-bee5-4b770b7767f1', 'Cuidado de un hijo o familiar enfermo', '28/12/12', '28/12/13', 0, 2, '1581577a-4d89-4afc-950d-cf3b11ab3a67'); 
INSERT INTO absence(absenceID, reason, startDate, endDate, leaderStatus, hrStatus, absenceUserIDFK) values('6ed68768-d978-47d8-8929-60e1e092de80', 'Vacaciones programadas', '30/01/18', '30/01/19', 2, 2, 'fd661249-1ea1-4542-814f-b6c0123d0ba5'); 
INSERT INTO absence(absenceID, reason, startDate, endDate, leaderStatus, hrStatus, absenceUserIDFK) values('846a1471-fb6a-4935-aa32-537241431e54', 'Condiciones climáticas extremas', '33/06/09', '33/06/10', 0, 2, 'ebc47f6a-8514-441c-bb48-515619cf5c98'); 
INSERT INTO absence(absenceID, reason, startDate, endDate, leaderStatus, hrStatus, absenceUserIDFK) values('d6f0242f-85ce-416e-87ca-492add719f88', 'Problemas de salud mental', '31/07/06', '31/07/07', 2, 2, 'f33cbe92-be38-4f78-92e6-f4d9a9ac80e1'); 
INSERT INTO absence(absenceID, reason, startDate, endDate, leaderStatus, hrStatus, absenceUserIDFK) values('a1231ca6-d840-492c-ac53-5cf4496086c6', 'Condiciones climáticas extremas', '31/06/03', '31/06/04', 0, 2, 'ef17ec72-ff6c-42ca-9689-19e14d2fc831'); 
INSERT INTO absence(absenceID, reason, startDate, endDate, leaderStatus, hrStatus, absenceUserIDFK) values('b9c6feeb-57a8-48bb-bcc1-48e07f9cc965', 'Convocatoria a servicio militar o cívico', '25/04/11', '25/04/12', 2, 2, '281c551e-5910-41fc-b369-aaec083a82c1'); 
INSERT INTO absence(absenceID, reason, startDate, endDate, leaderStatus, hrStatus, absenceUserIDFK) values('7e71e50d-bb30-44de-8175-2fb4bbd04249', 'Enfermedad', '25/03/08', '25/03/09', 1, 2, 'ebc47f6a-8514-441c-bb48-515619cf5c98'); 
INSERT INTO absence(absenceID, reason, startDate, endDate, leaderStatus, hrStatus, absenceUserIDFK) values('72c94a68-a2e6-4041-b02e-467ada765ab3', 'Licencia por matrimonio', '25/03/06', '25/03/07', 0, 2, '513792cc-f4e9-4f9b-8e46-17a6a8847969'); 
INSERT INTO absence(absenceID, reason, startDate, endDate, leaderStatus, hrStatus, absenceUserIDFK) values('8157cb7a-78ce-4a0e-8972-56ba8f820550', 'Cuidado de un hijo o familiar enfermo', '27/11/06', '27/11/07', 1, 2, '6bd3b37d-d0ef-4c88-b8e0-6f1eef105f0f'); 
INSERT INTO absence(absenceID, reason, startDate, endDate, leaderStatus, hrStatus, absenceUserIDFK) values('5bb95fdd-02e6-448b-affe-cf4df0e7d34b', 'Capacitación o curso obligatorio', '31/10/15', '31/10/16', 0, 2, 'c565fef9-25fa-40b0-a5c3-67b589880a35'); 
INSERT INTO absence(absenceID, reason, startDate, endDate, leaderStatus, hrStatus, absenceUserIDFK) values('743b4481-70a0-4721-96d8-9e5da0482b5e', 'Problemas de salud mental', '25/06/17', '25/06/18', 2, 2, '75a0cbf7-59b3-4ff1-9c18-d6f58253e8c0'); 
INSERT INTO absence(absenceID, reason, startDate, endDate, leaderStatus, hrStatus, absenceUserIDFK) values('f8a437ed-e84f-435e-9ae9-a567afe11e1a', 'Cuidado de un hijo o familiar enfermo', '31/09/12', '31/09/13', 1, 2, 'c565fef9-25fa-40b0-a5c3-67b589880a35'); 
INSERT INTO absence(absenceID, reason, startDate, endDate, leaderStatus, hrStatus, absenceUserIDFK) values('b7d6a4a8-7dcd-443e-8036-913b3caea8bb', 'Donación de sangre', '26/04/15', '26/04/16', 2, 2, '0c45c8a6-0a55-4089-bf56-1aa6a72abf95'); 
INSERT INTO absence(absenceID, reason, startDate, endDate, leaderStatus, hrStatus, absenceUserIDFK) values('4290f58d-5c5c-4539-80b4-6df43a0829d8', 'Luto por fallecimiento de un familiar', '25/03/06', '25/03/07', 0, 2, 'ee98551e-3454-4c60-8daa-129162b3629f'); 
INSERT INTO absence(absenceID, reason, startDate, endDate, leaderStatus, hrStatus, absenceUserIDFK) values('a287a06e-6647-47dc-8103-5a30d07722ab', 'Problemas de salud mental', '30/03/24', '30/03/25', 0, 2, '3bc6e149-1904-4356-bb7d-569d7d2fd4a9'); 
INSERT INTO absence(absenceID, reason, startDate, endDate, leaderStatus, hrStatus, absenceUserIDFK) values('00e429b9-5b2e-4f62-a2d8-430dfb0269f2', 'Problemas de salud mental', '28/05/24', '28/05/25', 0, 2, '8bd5c82d-31bf-42b0-a5ae-c903a9e809be'); 
INSERT INTO absence(absenceID, reason, startDate, endDate, leaderStatus, hrStatus, absenceUserIDFK) values('f18c1657-2670-4d68-bf85-87720aa84ae1', 'Emergencia en el hogar (fugas, incendios, etc.)', '27/04/18', '27/04/19', 0, 2, '0ede2132-a1e0-43f7-a131-8b4ad4513d41'); 
INSERT INTO absence(absenceID, reason, startDate, endDate, leaderStatus, hrStatus, absenceUserIDFK) values('74ecca0d-9e0d-492c-addf-1f0c2953c54f', 'Licencia por matrimonio', '25/09/25', '25/09/26', 0, 2, '458bbbd2-84bc-4828-be1c-54a6b0bf7c32'); 
INSERT INTO absence(absenceID, reason, startDate, endDate, leaderStatus, hrStatus, absenceUserIDFK) values('54de0d89-ad62-4304-9470-a7501961cf28', 'Maternidad/Paternidad', '29/06/29', '29/06/30', 1, 2, 'b0f144f4-1b74-4a32-923e-42caa72518ec'); 
INSERT INTO absence(absenceID, reason, startDate, endDate, leaderStatus, hrStatus, absenceUserIDFK) values('c7081a8e-a8ae-4e44-9014-42b6cedca1b4', 'Emergencia en el hogar (fugas, incendios, etc.)', '25/03/06', '25/03/07', 1, 2, '26d76314-70c3-4b1c-9abf-e178313d6632'); 
INSERT INTO absence(absenceID, reason, startDate, endDate, leaderStatus, hrStatus, absenceUserIDFK) values('739ce89d-df66-4b8d-b245-b756c6fb7f7a', 'Viaje de emergencia', '29/11/12', '29/11/13', 2, 2, '0ede2132-a1e0-43f7-a131-8b4ad4513d41'); 
INSERT INTO absence(absenceID, reason, startDate, endDate, leaderStatus, hrStatus, absenceUserIDFK) values('f66df44d-6ac9-4d1d-b95d-35d47351f8f0', 'Viaje de emergencia', '33/06/09', '33/06/10', 1, 2, 'eb4055c7-8c5e-48ab-bff1-800fdc7b3826'); 
INSERT INTO absence(absenceID, reason, startDate, endDate, leaderStatus, hrStatus, absenceUserIDFK) values('06413ea7-fb44-4f6f-b793-d4c2972975f9', 'Donación de sangre', '29/06/29', '29/06/30', 1, 2, 'ca6644c4-66c9-46df-884f-20ed37f3e0e6'); 
INSERT INTO absence(absenceID, reason, startDate, endDate, leaderStatus, hrStatus, absenceUserIDFK) values('357f2eb0-eca5-44d5-a152-f51af240c51b', 'Vacaciones programadas', '26/12/06', '26/12/07', 0, 2, '8974e0c6-8527-409a-9c67-82ec6af0d378'); 
INSERT INTO absence(absenceID, reason, startDate, endDate, leaderStatus, hrStatus, absenceUserIDFK) values('d52bd9af-bb64-4eee-86a7-bb844c016a87', 'Maternidad/Paternidad', '29/04/24', '29/04/25', 1, 2, 'bd2372ae-75e0-4c32-b18d-1c7839a5c6e5'); 
INSERT INTO absence(absenceID, reason, startDate, endDate, leaderStatus, hrStatus, absenceUserIDFK) values('fb291e78-ae6d-4832-a1f0-606b2881358e', 'Luto por fallecimiento de un familiar', '26/05/18', '26/05/19', 2, 2, '7364b063-b6ea-4745-a988-7be411bfc66b'); 
INSERT INTO absence(absenceID, reason, startDate, endDate, leaderStatus, hrStatus, absenceUserIDFK) values('bc0ec507-c106-4ce6-864e-f243474072f7', 'Capacitación o curso obligatorio', '30/07/03', '30/07/04', 2, 2, '166db528-59d6-4b4b-b3c2-2ed494eeff9f'); 
INSERT INTO absence(absenceID, reason, startDate, endDate, leaderStatus, hrStatus, absenceUserIDFK) values('34c45de5-c567-407b-977d-0ad87929525c', 'Emergencia en el hogar (fugas, incendios, etc.)', '32/06/06', '32/06/07', 2, 2, '9b9664ae-e27e-4ffd-a275-63528e32eeb6'); 
INSERT INTO absence(absenceID, reason, startDate, endDate, leaderStatus, hrStatus, absenceUserIDFK) values('016e7b49-31f4-4a3b-9bb5-ac27c52cdf00', 'Donación de sangre', '29/12/15', '29/12/16', 2, 2, 'ef17ec72-ff6c-42ca-9689-19e14d2fc831'); 
INSERT INTO absence(absenceID, reason, startDate, endDate, leaderStatus, hrStatus, absenceUserIDFK) values('516a598d-db5f-4c5d-bf73-faef5f522071', 'Luto por fallecimiento de un familiar', '31/12/21', '31/12/22', 1, 2, '83f74314-7509-44ce-bf81-ab4cfe55784d'); 
INSERT INTO absence(absenceID, reason, startDate, endDate, leaderStatus, hrStatus, absenceUserIDFK) values('a33489df-8b75-4b6a-a993-d24bedd2f681', 'Luto por fallecimiento de un familiar', '31/04/29', '31/04/30', 2, 2, 'ef17ec72-ff6c-42ca-9689-19e14d2fc831'); 
INSERT INTO absence(absenceID, reason, startDate, endDate, leaderStatus, hrStatus, absenceUserIDFK) values('2fc160b1-9ee9-4528-8490-fd34875972a7', 'Problemas familiares', '25/01/03', '25/01/04', 1, 2, '4dff1a60-395d-49e0-87cb-872f118cadc2'); 
INSERT INTO absence(absenceID, reason, startDate, endDate, leaderStatus, hrStatus, absenceUserIDFK) values('6cf64c5e-1a7c-48fc-8819-b52a249abbbc', 'Capacitación o curso obligatorio', '26/04/15', '26/04/16', 0, 2, '9b9664ae-e27e-4ffd-a275-63528e32eeb6'); 
INSERT INTO absence(absenceID, reason, startDate, endDate, leaderStatus, hrStatus, absenceUserIDFK) values('07ab2341-4748-49f6-be5b-97d91e60d66e', 'Capacitación o curso obligatorio', '26/09/29', '26/09/30', 1, 2, '9a0beaa8-91da-4446-8f9d-6522dd46ea53'); 
INSERT INTO absence(absenceID, reason, startDate, endDate, leaderStatus, hrStatus, absenceUserIDFK) values('e8978828-9b38-42c6-b45a-4461286d0284', 'Viaje de emergencia', '26/11/03', '26/11/04', 1, 2, 'c2be4d0a-c627-4798-b3dc-a374c4fe7e63'); 
INSERT INTO absence(absenceID, reason, startDate, endDate, leaderStatus, hrStatus, absenceUserIDFK) values('e761e0cd-3619-49a0-94b9-bc1260356bde', 'Capacitación o curso obligatorio', '29/05/27', '29/05/28', 1, 2, '723d8814-d263-4225-a88a-159171c714b5'); 
INSERT INTO absence(absenceID, reason, startDate, endDate, leaderStatus, hrStatus, absenceUserIDFK) values('933a1503-e991-4d3f-9630-f5a0ddd882a0', 'Problemas de salud mental', '31/07/06', '31/07/07', 0, 2, '75a0cbf7-59b3-4ff1-9c18-d6f58253e8c0'); 
INSERT INTO absence(absenceID, reason, startDate, endDate, leaderStatus, hrStatus, absenceUserIDFK) values('62d4b813-de13-4497-bf70-cd9789ee7e44', 'Problemas de salud mental', '31/10/15', '31/10/16', 0, 2, '697f1dd1-7dce-4f1f-a84b-9747f07b3910'); 
INSERT INTO absence(absenceID, reason, startDate, endDate, leaderStatus, hrStatus, absenceUserIDFK) values('d7c4cead-c840-4d55-81c5-8ea1d2f3a4c8', 'Citación judicial', '32/10/18', '32/10/19', 2, 2, '51d5159e-16a2-45a7-9e65-7e9dee1c9f9c'); 
INSERT INTO absence(absenceID, reason, startDate, endDate, leaderStatus, hrStatus, absenceUserIDFK) values('7d76dce9-727c-4dec-9bab-9632b4dd4593', 'Cuidado de un hijo o familiar enfermo', '29/04/24', '29/04/25', 0, 2, 'ce9fc010-b4f9-48f5-927f-5a14b5561561'); 
INSERT INTO absence(absenceID, reason, startDate, endDate, leaderStatus, hrStatus, absenceUserIDFK) values('b8658699-2c7d-4b82-b64e-9973e7f63a0b', 'Huelga de transporte', '26/04/15', '26/04/16', 0, 2, '42058908-1739-4235-b2bb-13e786456659'); 
INSERT INTO absence(absenceID, reason, startDate, endDate, leaderStatus, hrStatus, absenceUserIDFK) values('02b598b0-1026-4837-8acc-3f6a4fa31039', 'Convocatoria a servicio militar o cívico', '26/07/23', '26/07/24', 2, 2, '8256cc46-3582-4e50-b85b-517cc5c0b9c0'); 
INSERT INTO absence(absenceID, reason, startDate, endDate, leaderStatus, hrStatus, absenceUserIDFK) values('37d8b551-9475-4914-8b92-2a8a9cc1707d', 'Cuidado de un hijo o familiar enfermo', '29/11/12', '29/11/13', 1, 2, '697f1dd1-7dce-4f1f-a84b-9747f07b3910'); 
INSERT INTO absence(absenceID, reason, startDate, endDate, leaderStatus, hrStatus, absenceUserIDFK) values('bccd5ba2-6409-4d19-9e42-69ad298fbd47', 'Cuidado de un hijo o familiar enfermo', '33/06/09', '33/06/10', 0, 2, '3dc312b1-a6ff-49ea-aa1f-15e1e06e155b'); 
INSERT INTO absence(absenceID, reason, startDate, endDate, leaderStatus, hrStatus, absenceUserIDFK) values('dd611139-440d-48e2-8553-394bf4cb8780', 'Convocatoria a servicio militar o cívico', '31/03/27', '31/03/28', 1, 2, '0d20a5cc-65e1-486c-a306-f550f362c483'); 
INSERT INTO absence(absenceID, reason, startDate, endDate, leaderStatus, hrStatus, absenceUserIDFK) values('50c05889-f6df-4a89-b914-f082508864f5', 'Donación de sangre', '30/03/24', '30/03/25', 1, 2, '1581577a-4d89-4afc-950d-cf3b11ab3a67'); 
INSERT INTO absence(absenceID, reason, startDate, endDate, leaderStatus, hrStatus, absenceUserIDFK) values('e5ad5da0-8c9d-4eea-8dc0-c40cea204005', 'Vacaciones programadas', '28/04/21', '28/04/22', 2, 2, '0fd50711-832e-4abf-8347-3c4bc513e858'); 
INSERT INTO absence(absenceID, reason, startDate, endDate, leaderStatus, hrStatus, absenceUserIDFK) values('a78e53c5-9b45-4935-a55d-0baf293c6ae0', 'Viaje de emergencia', '33/12/29', '33/12/30', 2, 2, '046803ce-c44a-42ff-b81b-7a37a6d875f6'); 
INSERT INTO absence(absenceID, reason, startDate, endDate, leaderStatus, hrStatus, absenceUserIDFK) values('00230765-60a0-4b85-826e-72c1ee880794', 'Maternidad/Paternidad', '32/06/06', '32/06/07', 1, 2, '91b66437-998f-4d62-a315-0f6214aad4c4'); 

INSERT INTO absenceMedia(absenceMediaID, mediaLink, absenceIDFK) values('b583ee1a-782b-4dd2-83b5-fd783eb89800', 'https://www.nuevastecnologias.com/innovacion/digitalizacion', '72c94a68-a2e6-4041-b02e-467ada765ab3'); 
INSERT INTO absenceMedia(absenceMediaID, mediaLink, absenceIDFK) values('48668b16-3291-4ebd-b17d-0cba5199c799', 'https://www.tiendavirtual.com/blog/estrategias-marketing', '1999ac6f-233a-4c41-94f5-fbdc4bf87716'); 
INSERT INTO absenceMedia(absenceMediaID, mediaLink, absenceIDFK) values('35cbfc82-d3a3-487c-bca5-9e887a000cfd', 'https://www.creacionsistemas.com/planificación/pymes', 'bccd5ba2-6409-4d19-9e42-69ad298fbd47'); 
INSERT INTO absenceMedia(absenceMediaID, mediaLink, absenceIDFK) values('873e88ca-4dde-432b-ab07-4f90301c2412', 'https://www.micompany.com/servicios/consultoria-web', 'e761e0cd-3619-49a0-94b9-bc1260356bde'); 
INSERT INTO absenceMedia(absenceMediaID, mediaLink, absenceIDFK) values('23d3ae4b-163c-458d-9c89-6613748857b9', 'https://www.ecommerceplus.com/guias/venta-online', 'a287a06e-6647-47dc-8103-5a30d07722ab'); 
INSERT INTO absenceMedia(absenceMediaID, mediaLink, absenceIDFK) values('18ae0b0a-79d5-456d-ab6b-6f8a75eb1a4b', 'https://www.micompany.com/servicios/consultoria-web', '54de0d89-ad62-4304-9470-a7501961cf28'); 
INSERT INTO absenceMedia(absenceMediaID, mediaLink, absenceIDFK) values('7505d5d7-affd-4dee-ba2b-09cba13ebc36', 'https://www.tutorialesweb.com/aprendizaje/codificacion', '00e429b9-5b2e-4f62-a2d8-430dfb0269f2'); 
INSERT INTO absenceMedia(absenceMediaID, mediaLink, absenceIDFK) values('e5cc603a-99a5-4bbb-a033-6115ef6d0189', 'https://www.serviciosxyz.com/soluciones/internet-empresas', '104a6a14-a33f-42aa-8e3e-084c46f544b8'); 
INSERT INTO absenceMedia(absenceMediaID, mediaLink, absenceIDFK) values('9c657bd7-17cb-473c-8fb3-1fbe6c3316b4', 'https://www.micompany.com/servicios/consultoria-web', '1999ac6f-233a-4c41-94f5-fbdc4bf87716'); 
INSERT INTO absenceMedia(absenceMediaID, mediaLink, absenceIDFK) values('6110b32c-4b3f-4f39-aa50-e14f51594bc8', 'https://www.interactivewebs.com/proyectos/desarrollo-software', '6c97807a-9c73-4695-9fb0-a155d00c0019'); 
INSERT INTO absenceMedia(absenceMediaID, mediaLink, absenceIDFK) values('b3efb8d4-4806-4b8d-a68e-745527c26bf4', 'https://www.smartsolutions.com/servicios/paginas-web', 'e8978828-9b38-42c6-b45a-4461286d0284'); 
INSERT INTO absenceMedia(absenceMediaID, mediaLink, absenceIDFK) values('5cd57dbd-001f-4ee0-ac21-632ec9f3b51f', 'https://www.soluciones360.com/soporte/atencion-cliente', 'a78e53c5-9b45-4935-a55d-0baf293c6ae0'); 
INSERT INTO absenceMedia(absenceMediaID, mediaLink, absenceIDFK) values('f53fc6ed-7076-4776-938d-9f9b41eebdbe', 'https://www.tutorialesweb.com/aprendizaje/codificacion', '00e429b9-5b2e-4f62-a2d8-430dfb0269f2'); 
INSERT INTO absenceMedia(absenceMediaID, mediaLink, absenceIDFK) values('1b213fc2-514e-4da0-a9b6-45e3d398bd64', 'https://www.interactivewebs.com/proyectos/desarrollo-software', 'b7d6a4a8-7dcd-443e-8036-913b3caea8bb'); 
INSERT INTO absenceMedia(absenceMediaID, mediaLink, absenceIDFK) values('727557e1-e467-454c-a850-d4c2b80a229f', 'https://www.empresainnovadora.com/noticias/lanzamientos', '6ef31645-e4b3-460b-a302-2004899bf5e6'); 
INSERT INTO absenceMedia(absenceMediaID, mediaLink, absenceIDFK) values('a6a87024-8fa6-4dc4-8d54-497f4e7b5512', 'https://www.tiendavirtual.com/blog/estrategias-marketing', '83c34953-0e42-4bd4-964d-a2e0225cdd38'); 
INSERT INTO absenceMedia(absenceMediaID, mediaLink, absenceIDFK) values('0359254e-5912-4ba8-a5e3-fce1cf9f15f6', 'https://www.serviciosxyz.com/soluciones/internet-empresas', '19a73de9-0be2-4ed8-8d2f-b7ca00c141a6'); 
INSERT INTO absenceMedia(absenceMediaID, mediaLink, absenceIDFK) values('630cb249-9a57-4097-8a3a-41d6ceb0d869', 'https://www.ecommerceplus.com/guias/venta-online', '7e71e50d-bb30-44de-8175-2fb4bbd04249'); 
INSERT INTO absenceMedia(absenceMediaID, mediaLink, absenceIDFK) values('7dbcc93a-513d-432f-aea8-050203880d30', 'https://www.tutorialesweb.com/aprendizaje/codificacion', '104a6a14-a33f-42aa-8e3e-084c46f544b8'); 
INSERT INTO absenceMedia(absenceMediaID, mediaLink, absenceIDFK) values('e3694bb5-f6a9-4d47-a6a5-0aa133683cd6', 'https://www.digitalinnovators.com/estrategias/marketing', 'e5ad5da0-8c9d-4eea-8dc0-c40cea204005'); 
INSERT INTO absenceMedia(absenceMediaID, mediaLink, absenceIDFK) values('2420ced1-d224-4e92-8377-755a3a604e51', 'https://www.creacionsistemas.com/planificación/pymes', '00128c84-19d3-46d5-8147-083bf0d74210'); 
INSERT INTO absenceMedia(absenceMediaID, mediaLink, absenceIDFK) values('fa10d2ef-1a02-4209-9110-bde9797d8895', 'https://www.redescomunicacion.com/tutoriales/redes-sociales', 'bccd5ba2-6409-4d19-9e42-69ad298fbd47'); 
INSERT INTO absenceMedia(absenceMediaID, mediaLink, absenceIDFK) values('629a076f-5c99-44d2-ab02-44d93c20feb6', 'https://www.tutorialesweb.com/aprendizaje/codificacion', '37d8b551-9475-4914-8b92-2a8a9cc1707d'); 
INSERT INTO absenceMedia(absenceMediaID, mediaLink, absenceIDFK) values('139127a8-0a29-497c-bcbf-23a2d0308793', 'https://www.smartsolutions.com/servicios/paginas-web', 'bc0ec507-c106-4ce6-864e-f243474072f7'); 
INSERT INTO absenceMedia(absenceMediaID, mediaLink, absenceIDFK) values('b7f620df-1b69-4ec7-b27d-eae465027a18', 'https://www.ecommerceplus.com/guias/venta-online', 'd704e344-9add-410a-ae26-415b3cb8d6f9'); 
INSERT INTO absenceMedia(absenceMediaID, mediaLink, absenceIDFK) values('c4fda718-26cb-4d52-a77d-6896ee2fbc97', 'https://www.creacionsistemas.com/planificación/pymes', '622a1b97-a894-446a-a404-6b917b57ebea'); 
INSERT INTO absenceMedia(absenceMediaID, mediaLink, absenceIDFK) values('f21b72e4-5b00-46e2-947d-b5609aabe8d2', 'https://www.empresafuturo.com/servicios/desarrollo-tecnologico', 'd704e344-9add-410a-ae26-415b3cb8d6f9'); 
INSERT INTO absenceMedia(absenceMediaID, mediaLink, absenceIDFK) values('9f6b9faa-433e-4e2b-bba3-1283a3dc97a2', 'https://www.nuevosproyectos.com/planificacion/estrategica', '4a78db1b-942b-4f58-91db-cc7771456f31'); 
INSERT INTO absenceMedia(absenceMediaID, mediaLink, absenceIDFK) values('a0b01af8-3b4f-4e31-b820-5ff17c880f65', 'https://www.empresainnovadora.com/noticias/lanzamientos', 'd704e344-9add-410a-ae26-415b3cb8d6f9'); 
INSERT INTO absenceMedia(absenceMediaID, mediaLink, absenceIDFK) values('4aba00da-f983-42c2-995b-3386accbe896', 'https://www.ejemplo.com/productos/calculadora-interes', 'f18c1657-2670-4d68-bf85-87720aa84ae1'); 
INSERT INTO absenceMedia(absenceMediaID, mediaLink, absenceIDFK) values('c2fe4b52-a4ec-4fa2-a26c-de82da77653b', 'https://www.tuempresa.com/contacto/soporte', '933a1503-e991-4d3f-9630-f5a0ddd882a0'); 
INSERT INTO absenceMedia(absenceMediaID, mediaLink, absenceIDFK) values('d098535d-3e90-4d4d-b224-dcb8cb8b9314', 'https://www.ejemplo.com/productos/calculadora-interes', 'b7d6a4a8-7dcd-443e-8036-913b3caea8bb'); 
INSERT INTO absenceMedia(absenceMediaID, mediaLink, absenceIDFK) values('c517e22d-7a79-448a-a3fb-7d076aa869aa', 'https://www.micompany.com/servicios/consultoria-web', 'bccd5ba2-6409-4d19-9e42-69ad298fbd47'); 
INSERT INTO absenceMedia(absenceMediaID, mediaLink, absenceIDFK) values('39c2ee81-33cd-4320-9798-d31916a883aa', 'https://www.tiendavirtual.com/blog/estrategias-marketing', '4a78db1b-942b-4f58-91db-cc7771456f31'); 
INSERT INTO absenceMedia(absenceMediaID, mediaLink, absenceIDFK) values('ad363a45-1349-4867-92d7-2a81bac4313a', 'https://www.nuevastecnologias.com/innovacion/digitalizacion', '104a6a14-a33f-42aa-8e3e-084c46f544b8'); 
INSERT INTO absenceMedia(absenceMediaID, mediaLink, absenceIDFK) values('568c66d6-3cdd-4d93-926c-88ac8defe32c', 'https://www.micompany.com/servicios/consultoria-web', 'a1231ca6-d840-492c-ac53-5cf4496086c6'); 
INSERT INTO absenceMedia(absenceMediaID, mediaLink, absenceIDFK) values('936840a3-e73f-4ce4-80a1-1041634e452a', 'https://www.digitalinnovators.com/estrategias/marketing', 'fe5dabaf-4745-4a50-921c-7c9221ad52b4'); 
INSERT INTO absenceMedia(absenceMediaID, mediaLink, absenceIDFK) values('e0a2470c-54a1-4925-b6b7-43e1f1f38a60', 'https://www.serviciosxyz.com/soluciones/internet-empresas', 'a1231ca6-d840-492c-ac53-5cf4496086c6'); 
INSERT INTO absenceMedia(absenceMediaID, mediaLink, absenceIDFK) values('506ac89c-88f9-4d1d-a8f7-676f7f48ad2f', 'https://www.tiendavirtual.com/blog/estrategias-marketing', 'd52bd9af-bb64-4eee-86a7-bb844c016a87'); 
INSERT INTO absenceMedia(absenceMediaID, mediaLink, absenceIDFK) values('c30f011d-a179-46df-b476-a13ad3cfb6e0', 'https://www.digitalinnovators.com/estrategias/marketing', 'dd611139-440d-48e2-8553-394bf4cb8780'); 
INSERT INTO absenceMedia(absenceMediaID, mediaLink, absenceIDFK) values('79d42016-d32c-4422-a516-8acb5c19477d', 'https://www.creacionsistemas.com/planificación/pymes', 'f2ca62ea-5540-4ccd-a811-9e90dfb36479'); 
INSERT INTO absenceMedia(absenceMediaID, mediaLink, absenceIDFK) values('b67d24ae-45cc-40fd-af4e-4027ea2bfc3a', 'https://www.nuevastecnologias.com/innovacion/digitalizacion', '74ecca0d-9e0d-492c-addf-1f0c2953c54f'); 
INSERT INTO absenceMedia(absenceMediaID, mediaLink, absenceIDFK) values('8d76e40d-6650-4ec0-a8bd-48b570ac5d0a', 'https://www.tutorialesweb.com/aprendizaje/codificacion', '8157cb7a-78ce-4a0e-8972-56ba8f820550'); 
INSERT INTO absenceMedia(absenceMediaID, mediaLink, absenceIDFK) values('0ebdceb1-76c9-47c9-9092-b834a8837d5b', 'https://www.empresainnovadora.com/noticias/lanzamientos', 'd52bd9af-bb64-4eee-86a7-bb844c016a87'); 
INSERT INTO absenceMedia(absenceMediaID, mediaLink, absenceIDFK) values('6b001354-547f-4e7d-a853-7e6a8edb7511', 'https://www.tutorialesweb.com/aprendizaje/codificacion', 'c7d4a14a-4eb5-475a-8a81-74c57fbc78e0'); 
INSERT INTO absenceMedia(absenceMediaID, mediaLink, absenceIDFK) values('d288624e-d06e-46c9-9d87-cc650da65c2d', 'https://www.creacionsistemas.com/planificación/pymes', 'e5ad5da0-8c9d-4eea-8dc0-c40cea204005'); 
INSERT INTO absenceMedia(absenceMediaID, mediaLink, absenceIDFK) values('08e7629e-1699-41e3-9b4b-e48f590d6ad3', 'https://www.redescomunicacion.com/tutoriales/redes-sociales', '74ecca0d-9e0d-492c-addf-1f0c2953c54f'); 
INSERT INTO absenceMedia(absenceMediaID, mediaLink, absenceIDFK) values('11867d02-e8c8-411c-87e5-e0e0bd7c6e7e', 'https://www.ejemplo.com/productos/calculadora-interes', '9fab2803-f254-41dd-9c69-974210e78f3a'); 
INSERT INTO absenceMedia(absenceMediaID, mediaLink, absenceIDFK) values('6186cebe-c3aa-4200-a5c6-26f2f71dbaa3', 'https://www.nuevosproyectos.com/planificacion/estrategica', '50c05889-f6df-4a89-b914-f082508864f5'); 
INSERT INTO absenceMedia(absenceMediaID, mediaLink, absenceIDFK) values('718f2507-237a-4f20-829f-abcb4f0a3122', 'https://www.soluciones360.com/soporte/atencion-cliente', '6ef31645-e4b3-460b-a302-2004899bf5e6'); 

INSERT INTO fault(faultID, doneDate, summary, faultUserIDFK) VALUES('82772c82-8fee-4c90-b835-8d087d21237f', '2025-05-16', 'Llegar tarde de manera reiterada, lo cual puede generar problemas en la coordinación y en el flujo de trabajo.', '9382325f-0e8e-4b3b-b238-d3b0fba57a2c');
INSERT INTO fault(faultID, doneDate, summary, faultUserIDFK) VALUES('42f5c782-ea56-49e6-b076-e7b9025a6bdb', '2025-05-16', 'El empleado no se presenta al trabajo sin avisar o sin una razón válida, afectando la continuidad de las labores del equipo.', '7364b063-b6ea-4745-a988-7be411bfc66b');
INSERT INTO fault(faultID, doneDate, summary, faultUserIDFK) VALUES('cb3ed6e9-0cbc-4fde-8ed8-9965ca716774', '2025-05-14', 'Cometer fallos en el trabajo de forma repetitiva, a pesar de haber sido señalados previamente', 'fd661249-1ea1-4542-814f-b6c0123d0ba5');
INSERT INTO fault(faultID, doneDate, summary, faultUserIDFK) VALUES('513a0489-026a-49bb-86d5-8976421528be', '2025-05-14', 'No informar oportunamente sobre dificultades o retrasos que puedan afectar el cumplimiento de las metas', 'f33cbe92-be38-4f78-92e6-f4d9a9ac80e1');
INSERT INTO fault(faultID, doneDate, summary, faultUserIDFK) VALUES('e591d658-519a-44d3-bf71-a908481dcf55', '2025-05-14', 'El empleado no se presenta al trabajo sin avisar o sin una razón válida, afectando la continuidad de las labores del equipo.', 'c91e0f5a-5250-4536-b118-4f991aed2559');
INSERT INTO fault(faultID, doneDate, summary, faultUserIDFK) VALUES('8b2cb0e1-44a3-4e53-b7b8-9ce849c62384', '2025-05-14', 'Cometer fallos en el trabajo de forma repetitiva, a pesar de haber sido señalados previamente', '8bd5c82d-31bf-42b0-a5ae-c903a9e809be');
INSERT INTO fault(faultID, doneDate, summary, faultUserIDFK) VALUES('d51144a6-7b38-4ea7-adcc-0ddf980f35d1', '2025-03-30', 'No informar oportunamente sobre dificultades o retrasos que puedan afectar el cumplimiento de las metas', 'c565fef9-25fa-40b0-a5c3-67b589880a35');
INSERT INTO fault(faultID, doneDate, summary, faultUserIDFK) VALUES('a7cc524c-6bd6-427a-ba20-6b4536d5d2bf', '2025-03-17', 'No seguir las políticas o procedimientos establecidos por la empresa', '8974e0c6-8527-409a-9c67-82ec6af0d378');
INSERT INTO fault(faultID, doneDate, summary, faultUserIDFK) VALUES('9356db10-8e71-469e-9ed1-53719a43cae2', '2025-05-14', 'Cometer fallos en el trabajo de forma repetitiva, a pesar de haber sido señalados previamente', '72278567-81e4-4526-b5b1-b10c9afed9a5');
INSERT INTO fault(faultID, doneDate, summary, faultUserIDFK) VALUES('bc0a80f2-4e92-4ddb-bff6-5909a24e91e3', '2025-05-14', 'Llegar tarde de manera reiterada, lo cual puede generar problemas en la coordinación y en el flujo de trabajo.', '238b2a75-0f03-4dac-840c-f4ae1e267409');
INSERT INTO fault(faultID, doneDate, summary, faultUserIDFK) VALUES('0d603018-4832-445b-934e-64fc96d07d1b', '2025-03-30', 'El empleado no se presenta al trabajo sin avisar o sin una razón válida, afectando la continuidad de las labores del equipo.', '5f439cb7-6316-497d-a455-8133f1e666fc');
INSERT INTO fault(faultID, doneDate, summary, faultUserIDFK) VALUES('1fb180f3-a753-4c77-824b-a23662177c32', '2025-05-14', 'Cometer fallos en el trabajo de forma repetitiva, a pesar de haber sido señalados previamente', '5ea97481-bfc9-4e04-85c8-598af5abd2f2');
INSERT INTO fault(faultID, doneDate, summary, faultUserIDFK) VALUES('96d870bf-f88f-4a55-9b35-579178b31dbc', '2025-05-14', 'Llegar tarde de manera reiterada, lo cual puede generar problemas en la coordinación y en el flujo de trabajo.', '1581577a-4d89-4afc-950d-cf3b11ab3a67');
INSERT INTO fault(faultID, doneDate, summary, faultUserIDFK) VALUES('ce9750dc-3f6d-420a-9bed-1b92550aa0a9', '2025-03-30', 'Incumplir con los plazos establecidos para la entrega de proyectos o tareas', '9a0beaa8-91da-4446-8f9d-6522dd46ea53');
INSERT INTO fault(faultID, doneDate, summary, faultUserIDFK) VALUES('6bf42cb5-7a40-4193-a81b-5db257b135a3', '2025-03-17', 'Llegar tarde de manera reiterada, lo cual puede generar problemas en la coordinación y en el flujo de trabajo.', '4dff1a60-395d-49e0-87cb-872f118cadc2');
INSERT INTO fault(faultID, doneDate, summary, faultUserIDFK) VALUES('1c2f64e7-a877-45d8-9d86-4fd54eb05579', '2025-05-14', 'Incumplir con los plazos establecidos para la entrega de proyectos o tareas', '6bd3b37d-d0ef-4c88-b8e0-6f1eef105f0f');
INSERT INTO fault(faultID, doneDate, summary, faultUserIDFK) VALUES('4f26da47-da3f-40fc-9923-996ac8e7ce80', '2025-05-16', 'Llegar tarde de manera reiterada, lo cual puede generar problemas en la coordinación y en el flujo de trabajo.', 'cf674044-4024-4fad-b4f8-d242ab347d69');
INSERT INTO fault(faultID, doneDate, summary, faultUserIDFK) VALUES('5506b54f-be30-4c92-9fc9-870a8189d4ba', '2025-03-12', 'No seguir las políticas o procedimientos establecidos por la empresa', '0c6e0924-7a33-4af1-a152-6c49a17f2794');
INSERT INTO fault(faultID, doneDate, summary, faultUserIDFK) VALUES('7ad80b38-5548-4ddd-af96-bedeaaec9ed2', '2025-05-16', 'Cometer fallos en el trabajo de forma repetitiva, a pesar de haber sido señalados previamente', '5ea97481-bfc9-4e04-85c8-598af5abd2f2');
INSERT INTO fault(faultID, doneDate, summary, faultUserIDFK) VALUES('92d9fb25-a906-4458-8552-a08cf32b6d54', '2025-05-14', 'No informar oportunamente sobre dificultades o retrasos que puedan afectar el cumplimiento de las metas', '757da6d8-ed9f-437a-bf45-62ee500f527a');
INSERT INTO fault(faultID, doneDate, summary, faultUserIDFK) VALUES('42e599cf-a957-4874-a7db-c3b1638a4d90', '2025-05-14', 'No seguir las políticas o procedimientos establecidos por la empresa', '1ff524f1-2c87-4ef6-a7b2-e92e53fce5ec');
INSERT INTO fault(faultID, doneDate, summary, faultUserIDFK) VALUES('fd432168-1dd1-48fc-a23b-c16edd9de756', '2025-03-17', 'No seguir las políticas o procedimientos establecidos por la empresa', '0fd50711-832e-4abf-8347-3c4bc513e858');
INSERT INTO fault(faultID, doneDate, summary, faultUserIDFK) VALUES('49922ab8-ff85-4d9b-b587-1ee7d175d290', '2025-03-17', 'No seguir las políticas o procedimientos establecidos por la empresa', 'b0a59af1-39aa-482b-9a15-7f208f805e62');
INSERT INTO fault(faultID, doneDate, summary, faultUserIDFK) VALUES('26356049-055c-4318-8cac-492910b4f02e', '2025-03-30', 'No seguir las políticas o procedimientos establecidos por la empresa', '0a97f6b0-2a35-4d01-b1fb-fe8184435ff2');
INSERT INTO fault(faultID, doneDate, summary, faultUserIDFK) VALUES('202cdb87-cbd3-4ff3-8dbb-31045b941e0e', '2025-03-12', 'No informar oportunamente sobre dificultades o retrasos que puedan afectar el cumplimiento de las metas', 'c2be4d0a-c627-4798-b3dc-a374c4fe7e63');
INSERT INTO fault(faultID, doneDate, summary, faultUserIDFK) VALUES('47ba7ae4-d9ce-4e93-b6bb-8ee3ac66a785', '2025-05-14', 'El empleado no se presenta al trabajo sin avisar o sin una razón válida, afectando la continuidad de las labores del equipo.', '4c96f7c9-6682-43f3-bacf-86eefe280de2');
INSERT INTO fault(faultID, doneDate, summary, faultUserIDFK) VALUES('93a0fd08-73bc-401a-bf15-f694e2b18bda', '2025-05-16', 'El empleado no se presenta al trabajo sin avisar o sin una razón válida, afectando la continuidad de las labores del equipo.', 'c048c484-5e74-470d-9c6d-2c4a93bf56ae');
INSERT INTO fault(faultID, doneDate, summary, faultUserIDFK) VALUES('84ac0cd9-571a-4ea6-b37c-44b0cd44a4a9', '2025-05-14', 'No seguir las políticas o procedimientos establecidos por la empresa', '8256cc46-3582-4e50-b85b-517cc5c0b9c0');
INSERT INTO fault(faultID, doneDate, summary, faultUserIDFK) VALUES('1aa01f9c-a7b0-4bc8-94d4-196a88a9c718', '2025-05-14', 'Llegar tarde de manera reiterada, lo cual puede generar problemas en la coordinación y en el flujo de trabajo.', 'c8d35db1-0c6b-4db5-a08a-3d7de8957225');
INSERT INTO fault(faultID, doneDate, summary, faultUserIDFK) VALUES('8569f888-52f8-4c8c-a619-ac9d00a10ec7', '2025-03-12', 'El empleado no se presenta al trabajo sin avisar o sin una razón válida, afectando la continuidad de las labores del equipo.', '8256cc46-3582-4e50-b85b-517cc5c0b9c0');
INSERT INTO fault(faultID, doneDate, summary, faultUserIDFK) VALUES('2c35dc51-a6bb-4ef5-ae05-ea2d7d78369e', '2025-05-14', 'Incumplir con los plazos establecidos para la entrega de proyectos o tareas', '6c49760f-97f2-4cbf-85f5-cf70b4650964');
INSERT INTO fault(faultID, doneDate, summary, faultUserIDFK) VALUES('00b14ed6-d214-4b4e-8c3f-cd63960ea06b', '2025-03-17', 'Cometer fallos en el trabajo de forma repetitiva, a pesar de haber sido señalados previamente', '035f1351-7a86-4b41-b00c-708e4329d857');
INSERT INTO fault(faultID, doneDate, summary, faultUserIDFK) VALUES('63d02879-ed0a-4850-95cd-fe1058b3fc45', '2025-03-12', 'El empleado no se presenta al trabajo sin avisar o sin una razón válida, afectando la continuidad de las labores del equipo.', '29ccff7f-685f-4607-a664-067fa763c553');
INSERT INTO fault(faultID, doneDate, summary, faultUserIDFK) VALUES('122843cf-c67e-4079-af4a-700f3332a2fc', '2025-03-17', 'Incumplir con los plazos establecidos para la entrega de proyectos o tareas', '29ccff7f-685f-4607-a664-067fa763c553');
INSERT INTO fault(faultID, doneDate, summary, faultUserIDFK) VALUES('ae340eed-f812-42ab-b533-54d0af4d37d9', '2025-03-30', 'No seguir las políticas o procedimientos establecidos por la empresa', '6c49760f-97f2-4cbf-85f5-cf70b4650964');
INSERT INTO fault(faultID, doneDate, summary, faultUserIDFK) VALUES('70350d80-e279-4ba0-93f3-980e31294d2a', '2025-05-14', 'No informar oportunamente sobre dificultades o retrasos que puedan afectar el cumplimiento de las metas', 'b0a59af1-39aa-482b-9a15-7f208f805e62');
INSERT INTO fault(faultID, doneDate, summary, faultUserIDFK) VALUES('06d22440-2678-4233-84f7-5642d7bd0960', '2025-03-30', 'Llegar tarde de manera reiterada, lo cual puede generar problemas en la coordinación y en el flujo de trabajo.', 'ac60ecc0-8a4e-4a6c-b20f-de716570ccaf');
INSERT INTO fault(faultID, doneDate, summary, faultUserIDFK) VALUES('d637cbd5-923c-4aef-8270-a053a2ee0e91', '2025-05-16', 'No informar oportunamente sobre dificultades o retrasos que puedan afectar el cumplimiento de las metas', '03d6c669-1a6a-4ea6-b000-b8c6f0a46246');
INSERT INTO fault(faultID, doneDate, summary, faultUserIDFK) VALUES('656c1686-dd14-467e-be51-121525db7ef3', '2025-05-14', 'El empleado no se presenta al trabajo sin avisar o sin una razón válida, afectando la continuidad de las labores del equipo.', '6bd3b37d-d0ef-4c88-b8e0-6f1eef105f0f');
INSERT INTO fault(faultID, doneDate, summary, faultUserIDFK) VALUES('4749bc69-0444-4142-8943-5496207ea1f6', '2025-03-30', 'No informar oportunamente sobre dificultades o retrasos que puedan afectar el cumplimiento de las metas', '9382325f-0e8e-4b3b-b238-d3b0fba57a2c');
INSERT INTO fault(faultID, doneDate, summary, faultUserIDFK) VALUES('ea1d1c87-7ea6-45e2-bdb1-79a6fd117f63', '2025-03-17', 'Cometer fallos en el trabajo de forma repetitiva, a pesar de haber sido señalados previamente', 'ca6644c4-66c9-46df-884f-20ed37f3e0e6');
INSERT INTO fault(faultID, doneDate, summary, faultUserIDFK) VALUES('f9086a83-ac45-4176-ba2a-93dbabad01eb', '2025-03-17', 'Cometer fallos en el trabajo de forma repetitiva, a pesar de haber sido señalados previamente', '9137a27a-1e5c-40dd-b0b8-870f0c0a20db');
INSERT INTO fault(faultID, doneDate, summary, faultUserIDFK) VALUES('77153d6e-cc10-4f8e-99de-90e594b24a59', '2025-03-17', 'No informar oportunamente sobre dificultades o retrasos que puedan afectar el cumplimiento de las metas', '281c551e-5910-41fc-b369-aaec083a82c1');
INSERT INTO fault(faultID, doneDate, summary, faultUserIDFK) VALUES('f5149ebc-e1e2-40f6-92f3-64c43ef39ac5', '2025-05-14', 'Incumplir con los plazos establecidos para la entrega de proyectos o tareas', '0a97f6b0-2a35-4d01-b1fb-fe8184435ff2');
INSERT INTO fault(faultID, doneDate, summary, faultUserIDFK) VALUES('23a89f56-d034-4355-8ffe-cdbf379422b6', '2025-05-14', 'No seguir las políticas o procedimientos establecidos por la empresa', '0ede2132-a1e0-43f7-a131-8b4ad4513d41');
INSERT INTO fault(faultID, doneDate, summary, faultUserIDFK) VALUES('e54e38fc-5bae-45b0-991d-8659e9904618', '2025-05-14', 'Incumplir con los plazos establecidos para la entrega de proyectos o tareas', '0bfe5477-8cff-4198-aecc-07856dbb2c77');
INSERT INTO fault(faultID, doneDate, summary, faultUserIDFK) VALUES('578a6041-66cb-4a36-a669-189767423c5b', '2025-05-14', 'No informar oportunamente sobre dificultades o retrasos que puedan afectar el cumplimiento de las metas', '1581577a-4d89-4afc-950d-cf3b11ab3a67');
INSERT INTO fault(faultID, doneDate, summary, faultUserIDFK) VALUES('7ef83bce-b124-49ee-908d-db4d94d7f844', '2025-03-12', 'No informar oportunamente sobre dificultades o retrasos que puedan afectar el cumplimiento de las metas', '166db528-59d6-4b4b-b3c2-2ed494eeff9f');
INSERT INTO fault(faultID, doneDate, summary, faultUserIDFK) VALUES('7a43aa60-f2cd-4501-8863-2fa1376111a7', '2025-05-16', 'El empleado no se presenta al trabajo sin avisar o sin una razón válida, afectando la continuidad de las labores del equipo.', 'c91e0f5a-5250-4536-b118-4f991aed2559');
INSERT INTO fault(faultID, doneDate, summary, faultUserIDFK) VALUES('8145ad46-389c-45cd-88c3-41ebae8e23b4', '2025-03-17', 'Llegar tarde de manera reiterada, lo cual puede generar problemas en la coordinación y en el flujo de trabajo.', 'bf66412c-2099-45cc-a791-4eda1f03f04f');

INSERT INTO faultMedia(faultMediaID, mediaLink, faultIDFK) values('cc6b47fa-b8ea-41e7-a644-06584baa189e', 'https://www.micompany.com/servicios/consultoria-web', 'cb3ed6e9-0cbc-4fde-8ed8-9965ca716774'); 
INSERT INTO faultMedia(faultMediaID, mediaLink, faultIDFK) values('325458ff-21e5-4e66-954f-3f4cb8267b91', 'https://www.empresafuturo.com/servicios/desarrollo-tecnologico', '42f5c782-ea56-49e6-b076-e7b9025a6bdb'); 
INSERT INTO faultMedia(faultMediaID, mediaLink, faultIDFK) values('c2c6be3e-35d9-4042-8bf5-170005a4f1ff', 'https://www.tiendavirtual.com/blog/estrategias-marketing', '47ba7ae4-d9ce-4e93-b6bb-8ee3ac66a785'); 
INSERT INTO faultMedia(faultMediaID, mediaLink, faultIDFK) values('2cb39967-ab43-4d3c-aa90-c22e0e72ea8b', 'https://www.expertositio.com/blog/diseño-web', '63d02879-ed0a-4850-95cd-fe1058b3fc45'); 
INSERT INTO faultMedia(faultMediaID, mediaLink, faultIDFK) values('f6183ca4-a2fb-4574-8fd8-9c24c13b1134', 'https://www.empresainnovadora.com/noticias/lanzamientos', '26356049-055c-4318-8cac-492910b4f02e'); 
INSERT INTO faultMedia(faultMediaID, mediaLink, faultIDFK) values('58f4c64b-ff8f-498b-9f47-9600f102d249', 'https://www.smartsolutions.com/servicios/paginas-web', '2c35dc51-a6bb-4ef5-ae05-ea2d7d78369e'); 
INSERT INTO faultMedia(faultMediaID, mediaLink, faultIDFK) values('f884eb01-8d71-4c4c-97d3-77708a1a03ea', 'https://www.smartsolutions.com/servicios/paginas-web', '26356049-055c-4318-8cac-492910b4f02e'); 
INSERT INTO faultMedia(faultMediaID, mediaLink, faultIDFK) values('202bb8f1-d8e3-4fee-b77f-afb31cf0f558', 'https://www.empresainnovadora.com/noticias/lanzamientos', '5506b54f-be30-4c92-9fc9-870a8189d4ba'); 
INSERT INTO faultMedia(faultMediaID, mediaLink, faultIDFK) values('27b558fe-0ec9-4670-bf5d-d5ab1ae4746d', 'https://www.interactivewebs.com/proyectos/desarrollo-software', 'f9086a83-ac45-4176-ba2a-93dbabad01eb'); 
INSERT INTO faultMedia(faultMediaID, mediaLink, faultIDFK) values('21cd1e1d-7ac4-479f-90eb-013e3e8686ed', 'https://www.mundodigital.com/tutoriales/marketing-digital', '23a89f56-d034-4355-8ffe-cdbf379422b6'); 
INSERT INTO faultMedia(faultMediaID, mediaLink, faultIDFK) values('0ee4673b-5345-45c1-b5ff-a45ceff2e38d', 'https://www.mundodigital.com/tutoriales/marketing-digital', '8145ad46-389c-45cd-88c3-41ebae8e23b4'); 
INSERT INTO faultMedia(faultMediaID, mediaLink, faultIDFK) values('23d71055-e77e-44ff-9a8f-9060a6207feb', 'https://www.soluciones360.com/soporte/atencion-cliente', '656c1686-dd14-467e-be51-121525db7ef3'); 
INSERT INTO faultMedia(faultMediaID, mediaLink, faultIDFK) values('ec1b8bb4-7a59-4700-861f-46ac9a5e9ac2', 'https://www.soluciones360.com/soporte/atencion-cliente', '06d22440-2678-4233-84f7-5642d7bd0960'); 
INSERT INTO faultMedia(faultMediaID, mediaLink, faultIDFK) values('4832e663-4ed1-4e58-88a1-c9a73e533426', 'https://www.ecommerceplus.com/guias/venta-online', 'ea1d1c87-7ea6-45e2-bdb1-79a6fd117f63'); 
INSERT INTO faultMedia(faultMediaID, mediaLink, faultIDFK) values('93b93662-a574-41b1-b8ff-868d593fdb8e', 'https://www.mundodigital.com/tutoriales/marketing-digital', 'd637cbd5-923c-4aef-8270-a053a2ee0e91'); 
INSERT INTO faultMedia(faultMediaID, mediaLink, faultIDFK) values('8254491b-c6cc-44e0-84b0-11b0bd4d27e8', 'https://www.tutorialesweb.com/aprendizaje/codificacion', '42f5c782-ea56-49e6-b076-e7b9025a6bdb'); 
INSERT INTO faultMedia(faultMediaID, mediaLink, faultIDFK) values('75388d24-4b02-4f3e-9902-ca1ae7345d21', 'https://www.nuevastecnologias.com/innovacion/digitalizacion', '7a43aa60-f2cd-4501-8863-2fa1376111a7'); 
INSERT INTO faultMedia(faultMediaID, mediaLink, faultIDFK) values('492a885d-3cf8-4dff-a704-9daf167d1cb4', 'https://www.tutorialesweb.com/aprendizaje/codificacion', 'bc0a80f2-4e92-4ddb-bff6-5909a24e91e3'); 
INSERT INTO faultMedia(faultMediaID, mediaLink, faultIDFK) values('fa2d5edf-cbb0-4a5e-9731-883f9225f941', 'https://www.tuempresa.com/contacto/soporte', '4749bc69-0444-4142-8943-5496207ea1f6'); 
INSERT INTO faultMedia(faultMediaID, mediaLink, faultIDFK) values('8d342f5c-a8b8-4fd4-a847-843036766f49', 'https://www.empresainnovadora.com/noticias/lanzamientos', '82772c82-8fee-4c90-b835-8d087d21237f'); 
INSERT INTO faultMedia(faultMediaID, mediaLink, faultIDFK) values('168f55e3-45f0-4bb6-90fc-fd9c8c479f6b', 'https://www.empresafuturo.com/servicios/desarrollo-tecnologico', '84ac0cd9-571a-4ea6-b37c-44b0cd44a4a9'); 
INSERT INTO faultMedia(faultMediaID, mediaLink, faultIDFK) values('e8f0d41f-85ee-43f3-9364-111dee0fa4e8', 'https://www.empresafuturo.com/servicios/desarrollo-tecnologico', '8145ad46-389c-45cd-88c3-41ebae8e23b4'); 
INSERT INTO faultMedia(faultMediaID, mediaLink, faultIDFK) values('1a3a6d8f-abbf-4ec0-ab43-1ba585608e34', 'https://www.serviciosxyz.com/soluciones/internet-empresas', '122843cf-c67e-4079-af4a-700f3332a2fc'); 
INSERT INTO faultMedia(faultMediaID, mediaLink, faultIDFK) values('167a3347-81e0-4873-bdae-5c022ccd3fd7', 'https://www.smartsolutions.com/servicios/paginas-web', '96d870bf-f88f-4a55-9b35-579178b31dbc'); 
INSERT INTO faultMedia(faultMediaID, mediaLink, faultIDFK) values('c9b5a337-14a4-49ea-a897-c20c774bc2f4', 'https://www.sistemasmodernos.com/tecnologia/innovacion', 'ea1d1c87-7ea6-45e2-bdb1-79a6fd117f63'); 
INSERT INTO faultMedia(faultMediaID, mediaLink, faultIDFK) values('a8737c11-735c-4627-b743-1a8f6f84d427', 'https://www.creacionsistemas.com/planificación/pymes', '8569f888-52f8-4c8c-a619-ac9d00a10ec7'); 
INSERT INTO faultMedia(faultMediaID, mediaLink, faultIDFK) values('ae32f043-53fb-4e01-b5bc-3263c3bdafa4', 'https://www.empresainnovadora.com/noticias/lanzamientos', '8145ad46-389c-45cd-88c3-41ebae8e23b4'); 
INSERT INTO faultMedia(faultMediaID, mediaLink, faultIDFK) values('f621ea9d-8c19-452a-80b1-b35d7b3b60b5', 'https://www.serviciosxyz.com/soluciones/internet-empresas', '00b14ed6-d214-4b4e-8c3f-cd63960ea06b'); 
INSERT INTO faultMedia(faultMediaID, mediaLink, faultIDFK) values('abd5779a-c773-4ecf-8370-bffc7b482e06', 'https://www.digitalinnovators.com/estrategias/marketing', '1fb180f3-a753-4c77-824b-a23662177c32'); 
INSERT INTO faultMedia(faultMediaID, mediaLink, faultIDFK) values('54d7976f-d05f-4e9f-bed8-94f44b4fd96d', 'https://www.sistemasmodernos.com/tecnologia/innovacion', '578a6041-66cb-4a36-a669-189767423c5b'); 
INSERT INTO faultMedia(faultMediaID, mediaLink, faultIDFK) values('d338fd41-72d3-4f02-9771-c512019fb706', 'https://www.nuevosproyectos.com/planificacion/estrategica', 'ae340eed-f812-42ab-b533-54d0af4d37d9'); 
INSERT INTO faultMedia(faultMediaID, mediaLink, faultIDFK) values('88968d35-c6e8-41b8-af12-c50b47da02d5', 'https://www.digitalinnovators.com/estrategias/marketing', '42f5c782-ea56-49e6-b076-e7b9025a6bdb'); 
INSERT INTO faultMedia(faultMediaID, mediaLink, faultIDFK) values('7a2e983e-4f03-404e-a3bb-dc2dcf1acf5e', 'https://www.digitalinnovators.com/estrategias/marketing', '122843cf-c67e-4079-af4a-700f3332a2fc'); 
INSERT INTO faultMedia(faultMediaID, mediaLink, faultIDFK) values('7af31fc9-6d08-47f7-9c90-bc10b55482c8', 'https://www.mundodigital.com/tutoriales/marketing-digital', '2c35dc51-a6bb-4ef5-ae05-ea2d7d78369e'); 
INSERT INTO faultMedia(faultMediaID, mediaLink, faultIDFK) values('8cc5aac0-df49-4cd4-9610-4ec0977cc37f', 'https://www.nuevosproyectos.com/planificacion/estrategica', '70350d80-e279-4ba0-93f3-980e31294d2a'); 
INSERT INTO faultMedia(faultMediaID, mediaLink, faultIDFK) values('2c397878-700a-4ab3-8f05-73ea73793780', 'https://www.interactivewebs.com/proyectos/desarrollo-software', '00b14ed6-d214-4b4e-8c3f-cd63960ea06b'); 
INSERT INTO faultMedia(faultMediaID, mediaLink, faultIDFK) values('1e900e83-04d1-4dc3-b2bd-c8168df294ae', 'https://www.mundodigital.com/tutoriales/marketing-digital', '9356db10-8e71-469e-9ed1-53719a43cae2'); 
INSERT INTO faultMedia(faultMediaID, mediaLink, faultIDFK) values('ebd17284-9cdc-43dc-8688-b6fce56cc6d9', 'https://www.redescomunicacion.com/tutoriales/redes-sociales', 'd51144a6-7b38-4ea7-adcc-0ddf980f35d1'); 
INSERT INTO faultMedia(faultMediaID, mediaLink, faultIDFK) values('41249370-1172-423f-9e99-4e6e025d346c', 'https://www.expertositio.com/blog/diseño-web', 'ce9750dc-3f6d-420a-9bed-1b92550aa0a9'); 
INSERT INTO faultMedia(faultMediaID, mediaLink, faultIDFK) values('c5e0abe6-91ed-4301-a7b4-c06c2a1b75d3', 'https://www.empresainnovadora.com/noticias/lanzamientos', 'e591d658-519a-44d3-bf71-a908481dcf55'); 
INSERT INTO faultMedia(faultMediaID, mediaLink, faultIDFK) values('1de2a883-20ad-4281-bd50-746334d2f119', 'https://www.ecommerceplus.com/guias/venta-online', '96d870bf-f88f-4a55-9b35-579178b31dbc'); 
INSERT INTO faultMedia(faultMediaID, mediaLink, faultIDFK) values('3c31d457-b654-4591-b514-08a495e53c57', 'https://www.nuevosproyectos.com/planificacion/estrategica', '1fb180f3-a753-4c77-824b-a23662177c32'); 
INSERT INTO faultMedia(faultMediaID, mediaLink, faultIDFK) values('3cf757f0-a6f9-423f-bee0-c990646131db', 'https://www.empresainnovadora.com/noticias/lanzamientos', 'ce9750dc-3f6d-420a-9bed-1b92550aa0a9'); 
INSERT INTO faultMedia(faultMediaID, mediaLink, faultIDFK) values('3b544c90-7134-4360-82bd-57175a78183c', 'https://www.soluciones360.com/soporte/atencion-cliente', '4749bc69-0444-4142-8943-5496207ea1f6'); 
INSERT INTO faultMedia(faultMediaID, mediaLink, faultIDFK) values('249f7786-433c-454c-b462-957327155eba', 'https://www.mundodigital.com/tutoriales/marketing-digital', '42e599cf-a957-4874-a7db-c3b1638a4d90'); 
INSERT INTO faultMedia(faultMediaID, mediaLink, faultIDFK) values('4806eccf-965f-476b-a63b-1d4787ffa18b', 'https://www.ejemplo.com/productos/calculadora-interes', '63d02879-ed0a-4850-95cd-fe1058b3fc45'); 
INSERT INTO faultMedia(faultMediaID, mediaLink, faultIDFK) values('2baf1c55-dc9b-4381-a80d-c690ff3a220f', 'https://www.digitalinnovators.com/estrategias/marketing', '2c35dc51-a6bb-4ef5-ae05-ea2d7d78369e'); 
INSERT INTO faultMedia(faultMediaID, mediaLink, faultIDFK) values('fad2229b-1f38-43df-b1af-0406347bdd01', 'https://www.nuevosproyectos.com/planificacion/estrategica', '9356db10-8e71-469e-9ed1-53719a43cae2'); 
INSERT INTO faultMedia(faultMediaID, mediaLink, faultIDFK) values('8554508e-ee76-4cde-ac76-26d92be4d61e', 'https://www.ejemplo.com/productos/calculadora-interes', 'd51144a6-7b38-4ea7-adcc-0ddf980f35d1'); 
INSERT INTO faultMedia(faultMediaID, mediaLink, faultIDFK) values('acf743cb-1cdb-4556-9d38-c3fafd7056d5', 'https://www.empresafuturo.com/servicios/desarrollo-tecnologico', '0d603018-4832-445b-934e-64fc96d07d1b'); 

