INSERT INTO templateHoliday(templateHolidayID, holidayDate, title) VALUES('c83cc18d-feaf-4cf4-a713-bac8457a579c', '2026-08-22', 'Revolución');
INSERT INTO templateHoliday(templateHolidayID, holidayDate, title) VALUES('90b327e6-895e-4a35-813f-363d3e338bb5', '2026-02-14', 'Día del Padre');
INSERT INTO templateHoliday(templateHolidayID, holidayDate, title) VALUES('85e7c7e7-1586-4918-9646-dc02699fdb6b', '2026-05-15', 'Natalicio de Benito Juárez');
INSERT INTO templateHoliday(templateHolidayID, holidayDate, title) VALUES('97162131-1f1f-41d5-82d9-faaab06dba13', '2026-04-30', 'Independencia');
INSERT INTO templateHoliday(templateHolidayID, holidayDate, title) VALUES('d2f6f158-81ee-4b74-94f4-c84815c42eb4', '2026-10-01', 'Día del Niño');
INSERT INTO templateHoliday(templateHolidayID, holidayDate, title) VALUES('72982dc9-d5c3-44db-a01e-59e43eb12825', '2026-09-21', 'Día de la Raza');
INSERT INTO templateHoliday(templateHolidayID, holidayDate, title) VALUES('134d2c97-2591-4b88-a657-5b3a9eba48ee', '1917-02-05', 'Día del Trabajo');
INSERT INTO templateHoliday(templateHolidayID, holidayDate, title) VALUES('849253bd-d9fe-45d3-ab22-80df3651ecda', '2000-01-07', 'Día Internacional de la Paz');
INSERT INTO templateHoliday(templateHolidayID, holidayDate, title) VALUES('d1b43085-94e1-47c9-a014-0116427fd3d6', '2026-06-16', 'Día Mundial de la Salud');
INSERT INTO templateHoliday(templateHolidayID, holidayDate, title) VALUES('66b7f105-a4e5-46dc-99d3-acd7bf249841', '1934-02-24', 'Aniversario empresa');
INSERT INTO templateHoliday(templateHolidayID, holidayDate, title) VALUES('f2b2807f-9c0a-4ebf-ba03-033b8b5cae1e', '2026-06-05', 'Día de reyes');
INSERT INTO templateHoliday(templateHolidayID, holidayDate, title) VALUES('e0a9a113-d178-4e11-b793-b0a6c193734f', '2026-10-12', 'Revolución');
INSERT INTO templateHoliday(templateHolidayID, holidayDate, title) VALUES('08b623ca-5527-440b-85f4-f744c168b912', '2026-05-10', 'Día de reyes');
INSERT INTO templateHoliday(templateHolidayID, holidayDate, title) VALUES('44b8f878-5428-4f93-8aa5-956cf0831d54', '2026-11-02', 'Día del Estudiante');
INSERT INTO templateHoliday(templateHolidayID, holidayDate, title) VALUES('1b22545e-44cd-40a3-8bc2-bac2786c7275', '2026-06-16', 'Día del Trabajo');
INSERT INTO templateHoliday(templateHolidayID, holidayDate, title) VALUES('aefb96b3-22b3-4bba-ae22-127186256e23', '2026-05-10', 'Día Mundial de la Salud');
INSERT INTO templateHoliday(templateHolidayID, holidayDate, title) VALUES('c6f5c162-da19-4319-9580-31482e6e538f', '2000-01-07', 'Día Internacional del Trabajo');
INSERT INTO templateHoliday(templateHolidayID, holidayDate, title) VALUES('e6bf006e-b415-474c-9473-e8732698cfb1', '1910-11-20', 'Aniversario empresa');
INSERT INTO templateHoliday(templateHolidayID, holidayDate, title) VALUES('580e53ce-da44-4a29-8d2e-36a650b4685c', '2026-01-02', 'Día Internacional de la Paz');
INSERT INTO templateHoliday(templateHolidayID, holidayDate, title) VALUES('2f8fd859-72b0-4cf6-b9a1-2e5e20c6bab4', '2026-12-25', 'Independencia');

INSERT INTO usedHoliday(usedHolidayID, usedDate, usedTemplateHolidayIDFK) VALUES('ef725f1c-b7be-43ea-8031-f9cb8297603f', '2026-08-22', '97162131-1f1f-41d5-82d9-faaab06dba13'); 
INSERT INTO usedHoliday(usedHolidayID, usedDate, usedTemplateHolidayIDFK) VALUES('f1bc9ca2-3baf-4d8f-822c-64e32aef76e9', '1886-05-01', '08b623ca-5527-440b-85f4-f744c168b912'); 
INSERT INTO usedHoliday(usedHolidayID, usedDate, usedTemplateHolidayIDFK) VALUES('e6bdd01a-0e1a-4ebd-a99d-6d37f8fcbcc9', '1806-03-21', '90b327e6-895e-4a35-813f-363d3e338bb5'); 
INSERT INTO usedHoliday(usedHolidayID, usedDate, usedTemplateHolidayIDFK) VALUES('13362da4-1a11-4917-91ad-a56dfae72185', '2026-09-21', '849253bd-d9fe-45d3-ab22-80df3651ecda'); 
INSERT INTO usedHoliday(usedHolidayID, usedDate, usedTemplateHolidayIDFK) VALUES('09df51e1-40e3-43e9-9b75-0b96bd1ead83', '2026-10-01', 'c6f5c162-da19-4319-9580-31482e6e538f'); 
INSERT INTO usedHoliday(usedHolidayID, usedDate, usedTemplateHolidayIDFK) VALUES('1cdf8be8-8880-4ef2-82be-43587b0d8a39', '2026-05-23', '44b8f878-5428-4f93-8aa5-956cf0831d54'); 
INSERT INTO usedHoliday(usedHolidayID, usedDate, usedTemplateHolidayIDFK) VALUES('212c075f-81be-48fc-bffd-877adf3d06f8', '2026-05-10', 'e0a9a113-d178-4e11-b793-b0a6c193734f'); 
INSERT INTO usedHoliday(usedHolidayID, usedDate, usedTemplateHolidayIDFK) VALUES('9841a38a-c2a3-4e4e-994f-794c0b381a46', '2026-05-23', '08b623ca-5527-440b-85f4-f744c168b912'); 
INSERT INTO usedHoliday(usedHolidayID, usedDate, usedTemplateHolidayIDFK) VALUES('0db9eba3-e631-44f1-85ca-041522e682dd', '2026-06-05', '849253bd-d9fe-45d3-ab22-80df3651ecda'); 
INSERT INTO usedHoliday(usedHolidayID, usedDate, usedTemplateHolidayIDFK) VALUES('fa4e5624-c173-46a2-9c53-6370f1423484', '2000-01-07', '66b7f105-a4e5-46dc-99d3-acd7bf249841'); 
INSERT INTO usedHoliday(usedHolidayID, usedDate, usedTemplateHolidayIDFK) VALUES('0aa51f31-6f5e-4cb9-955a-681ab2b27b95', '1886-05-01', 'e0a9a113-d178-4e11-b793-b0a6c193734f'); 
INSERT INTO usedHoliday(usedHolidayID, usedDate, usedTemplateHolidayIDFK) VALUES('cc75d966-a108-43a5-86a8-54181b7a9bb2', '2000-01-07', '85e7c7e7-1586-4918-9646-dc02699fdb6b'); 
INSERT INTO usedHoliday(usedHolidayID, usedDate, usedTemplateHolidayIDFK) VALUES('81e6e6ad-eb30-49ec-8ef1-e966ad853f0a', '2026-08-28', '580e53ce-da44-4a29-8d2e-36a650b4685c'); 
INSERT INTO usedHoliday(usedHolidayID, usedDate, usedTemplateHolidayIDFK) VALUES('b9dd394f-2777-4ea8-9e32-ded6aa79459f', '2026-05-23', '134d2c97-2591-4b88-a657-5b3a9eba48ee'); 
INSERT INTO usedHoliday(usedHolidayID, usedDate, usedTemplateHolidayIDFK) VALUES('8fbe548a-5218-46f9-8cd6-e86c85ee6632', '2026-05-23', 'c6f5c162-da19-4319-9580-31482e6e538f'); 
INSERT INTO usedHoliday(usedHolidayID, usedDate, usedTemplateHolidayIDFK) VALUES('a209eb39-8b14-4c72-b16b-6cda8230412b', '2026-04-02', 'e0a9a113-d178-4e11-b793-b0a6c193734f'); 
INSERT INTO usedHoliday(usedHolidayID, usedDate, usedTemplateHolidayIDFK) VALUES('e08518ae-89d5-4900-8426-8496e151db51', '1917-02-05', 'c6f5c162-da19-4319-9580-31482e6e538f'); 
INSERT INTO usedHoliday(usedHolidayID, usedDate, usedTemplateHolidayIDFK) VALUES('1b2b13e4-0d4f-4e87-b8ad-d993386e9661', '2026-04-30', '1b22545e-44cd-40a3-8bc2-bac2786c7275'); 
INSERT INTO usedHoliday(usedHolidayID, usedDate, usedTemplateHolidayIDFK) VALUES('9124ceb6-e7e0-40d6-88c8-ddf21ccf212f', '2026-08-28', 'aefb96b3-22b3-4bba-ae22-127186256e23'); 
INSERT INTO usedHoliday(usedHolidayID, usedDate, usedTemplateHolidayIDFK) VALUES('f294f35b-e8d0-4346-bf89-55ebd9c3495c', '2026-12-25', '2f8fd859-72b0-4cf6-b9a1-2e5e20c6bab4'); 
INSERT INTO usedHoliday(usedHolidayID, usedDate, usedTemplateHolidayIDFK) VALUES('238cab44-e5c6-4cbd-b2e1-69eab3a90474', '1806-03-21', '1b22545e-44cd-40a3-8bc2-bac2786c7275'); 
INSERT INTO usedHoliday(usedHolidayID, usedDate, usedTemplateHolidayIDFK) VALUES('b4b48055-8021-4810-8d1b-b3bdc92e490a', '1806-03-21', '849253bd-d9fe-45d3-ab22-80df3651ecda'); 
INSERT INTO usedHoliday(usedHolidayID, usedDate, usedTemplateHolidayIDFK) VALUES('a17bd0d4-77b0-44a9-8933-90bb9eb579d4', '2026-05-10', '580e53ce-da44-4a29-8d2e-36a650b4685c'); 
INSERT INTO usedHoliday(usedHolidayID, usedDate, usedTemplateHolidayIDFK) VALUES('5ea1f829-ae14-4119-ad3f-52dd82c0701c', '2026-01-02', 'c83cc18d-feaf-4cf4-a713-bac8457a579c'); 
INSERT INTO usedHoliday(usedHolidayID, usedDate, usedTemplateHolidayIDFK) VALUES('b9c6a35c-f069-4e10-a0fd-963e98472a5c', '1886-05-01', 'c6f5c162-da19-4319-9580-31482e6e538f'); 
INSERT INTO usedHoliday(usedHolidayID, usedDate, usedTemplateHolidayIDFK) VALUES('80be55ec-43c2-439d-baab-23ea5b18d79a', '1806-03-21', '44b8f878-5428-4f93-8aa5-956cf0831d54'); 
INSERT INTO usedHoliday(usedHolidayID, usedDate, usedTemplateHolidayIDFK) VALUES('1a58eeab-5046-4751-a27f-03995eaf692c', '2026-06-16', '90b327e6-895e-4a35-813f-363d3e338bb5'); 
INSERT INTO usedHoliday(usedHolidayID, usedDate, usedTemplateHolidayIDFK) VALUES('0191b795-7796-4a48-b836-b95161d2d0ad', '2026-05-15', 'c6f5c162-da19-4319-9580-31482e6e538f'); 
INSERT INTO usedHoliday(usedHolidayID, usedDate, usedTemplateHolidayIDFK) VALUES('ad986907-a6ca-49ee-8929-b3ed30d91481', '2026-02-14', '134d2c97-2591-4b88-a657-5b3a9eba48ee'); 
INSERT INTO usedHoliday(usedHolidayID, usedDate, usedTemplateHolidayIDFK) VALUES('2458b18e-8372-421e-9341-16efd2cc0fd0', '1886-05-01', 'e0a9a113-d178-4e11-b793-b0a6c193734f'); 
INSERT INTO usedHoliday(usedHolidayID, usedDate, usedTemplateHolidayIDFK) VALUES('0c8735c2-0c97-4808-91a1-42db2b059607', '2026-03-08', 'e6bf006e-b415-474c-9473-e8732698cfb1'); 
INSERT INTO usedHoliday(usedHolidayID, usedDate, usedTemplateHolidayIDFK) VALUES('ab4e2297-9148-4555-a944-4fab2107c957', '2026-02-19', 'c6f5c162-da19-4319-9580-31482e6e538f'); 
INSERT INTO usedHoliday(usedHolidayID, usedDate, usedTemplateHolidayIDFK) VALUES('4a433bff-92e7-4d74-98b2-1b5a1edd6def', '2026-05-23', 'c83cc18d-feaf-4cf4-a713-bac8457a579c'); 
INSERT INTO usedHoliday(usedHolidayID, usedDate, usedTemplateHolidayIDFK) VALUES('b344352d-9bf2-483a-bdea-b9579a6fa41d', '1920-09-15', '85e7c7e7-1586-4918-9646-dc02699fdb6b'); 
INSERT INTO usedHoliday(usedHolidayID, usedDate, usedTemplateHolidayIDFK) VALUES('bd153cad-57e2-4cbf-8560-ad76d5a0e4a3', '1920-09-15', 'c6f5c162-da19-4319-9580-31482e6e538f'); 
INSERT INTO usedHoliday(usedHolidayID, usedDate, usedTemplateHolidayIDFK) VALUES('8396bbfb-ebf9-40c2-a842-e8625beb981f', '2026-08-28', '90b327e6-895e-4a35-813f-363d3e338bb5'); 
INSERT INTO usedHoliday(usedHolidayID, usedDate, usedTemplateHolidayIDFK) VALUES('977030f8-b096-4b24-b1d6-b881dc3340c3', '1920-09-15', '849253bd-d9fe-45d3-ab22-80df3651ecda'); 
INSERT INTO usedHoliday(usedHolidayID, usedDate, usedTemplateHolidayIDFK) VALUES('028975e1-9143-45cf-b44b-82875d8645ed', '2026-05-15', 'c6f5c162-da19-4319-9580-31482e6e538f'); 
INSERT INTO usedHoliday(usedHolidayID, usedDate, usedTemplateHolidayIDFK) VALUES('706b01cc-1b6b-455c-99bc-26447077c332', '2026-06-02', '97162131-1f1f-41d5-82d9-faaab06dba13'); 
INSERT INTO usedHoliday(usedHolidayID, usedDate, usedTemplateHolidayIDFK) VALUES('ca6b785f-a8c7-442f-954f-2f8a27c293fe', '2026-03-08', 'c83cc18d-feaf-4cf4-a713-bac8457a579c'); 
INSERT INTO usedHoliday(usedHolidayID, usedDate, usedTemplateHolidayIDFK) VALUES('250902f1-68d5-4be7-9777-7268b8458173', '1886-05-01', '72982dc9-d5c3-44db-a01e-59e43eb12825'); 
INSERT INTO usedHoliday(usedHolidayID, usedDate, usedTemplateHolidayIDFK) VALUES('37d62270-2c89-41e8-b417-ad47cb7cdc4e', '2026-06-16', '72982dc9-d5c3-44db-a01e-59e43eb12825'); 
INSERT INTO usedHoliday(usedHolidayID, usedDate, usedTemplateHolidayIDFK) VALUES('b5a569c8-ddf6-48a9-b936-09c3e4098455', '1531-12-12', '90b327e6-895e-4a35-813f-363d3e338bb5'); 
INSERT INTO usedHoliday(usedHolidayID, usedDate, usedTemplateHolidayIDFK) VALUES('98392a28-0bb8-48be-ae18-054e80e29afb', '2026-06-16', '44b8f878-5428-4f93-8aa5-956cf0831d54'); 
INSERT INTO usedHoliday(usedHolidayID, usedDate, usedTemplateHolidayIDFK) VALUES('ebbdec92-92f5-4768-b49c-c671a3b9a258', '2026-09-21', 'd1b43085-94e1-47c9-a014-0116427fd3d6'); 
INSERT INTO usedHoliday(usedHolidayID, usedDate, usedTemplateHolidayIDFK) VALUES('0c2301e7-d104-4d92-b6b4-cf05dbc76dea', '2026-04-02', '85e7c7e7-1586-4918-9646-dc02699fdb6b'); 
INSERT INTO usedHoliday(usedHolidayID, usedDate, usedTemplateHolidayIDFK) VALUES('a1fe47b8-6a19-4e32-8376-d1b0d29245ba', '2000-01-07', '580e53ce-da44-4a29-8d2e-36a650b4685c'); 
INSERT INTO usedHoliday(usedHolidayID, usedDate, usedTemplateHolidayIDFK) VALUES('9368d4e6-9597-4a0d-8c71-81e4d0e0df16', '1531-12-12', 'aefb96b3-22b3-4bba-ae22-127186256e23'); 
INSERT INTO usedHoliday(usedHolidayID, usedDate, usedTemplateHolidayIDFK) VALUES('a37634ae-b6dd-445c-a581-4b7098555ce9', '2026-10-12', 'c6f5c162-da19-4319-9580-31482e6e538f'); 
INSERT INTO usedHoliday(usedHolidayID, usedDate, usedTemplateHolidayIDFK) VALUES('0f0b86fc-634a-412d-9d51-a7c1d1f7ca19', '2026-06-05', '2f8fd859-72b0-4cf6-b9a1-2e5e20c6bab4'); 

INSERT INTO privilege(privilegeID, title, summary) values('bbd72c2d-f117-4dff-b2a9-b5f36f2e6a8e', 'Colaborador consulta ausencias', 'Colaborador consulta ausencias'); 
INSERT INTO privilege(privilegeID, title, summary) values('592e6b1d-2efd-4dc1-9b10-b710acb774e0', 'Colaborador consulta calendario', 'Colaborador consulta calendario'); 
INSERT INTO privilege(privilegeID, title, summary) values('849bafd2-2b4c-4216-88cf-b433b5313fa9', 'Colaborador consulta días feriados', 'Colaborador consulta días feriados'); 
INSERT INTO privilege(privilegeID, title, summary) values('f264a132-551d-4f52-aed9-70fd5b213070', 'Colaborador consulta falta administrativa', 'Colaborador consulta falta administrativa'); 
INSERT INTO privilege(privilegeID, title, summary) values('24689390-3bdc-4999-b1f7-a0910947f460', 'Colaborador consulta perfil', 'Colaborador consulta perfil'); 
INSERT INTO privilege(privilegeID, title, summary) values('08163ea7-9cf7-4f83-9684-f4c043203e41', 'Colaborador consulta sesión del One-On-One', 'Colaborador consulta sesión del One-On-One'); 
INSERT INTO privilege(privilegeID, title, summary) values('e9c7f622-e436-44aa-adb0-0688d89b65e9', 'Colaborador consulta solicitudes de vacaciones', 'Colaborador consulta solicitudes de vacaciones'); 
INSERT INTO privilege(privilegeID, title, summary) values('e16a11ee-6d49-4a06-b54c-3b3edd856963', 'Colaborador elimina solicitud de vacaciones', 'Colaborador elimina solicitud de vacaciones'); 
INSERT INTO privilege(privilegeID, title, summary) values('ec53e01d-2ec6-4b39-a96f-d02610e6012b', 'Colaborador modifica contraseña temporal', 'Colaborador modifica contraseña temporal'); 
INSERT INTO privilege(privilegeID, title, summary) values('fe3b9261-a0e0-417e-9d7a-89b9c3b52547', 'Colaborador modifica solicitud de vacaciones', 'Colaborador modifica solicitud de vacaciones'); 
INSERT INTO privilege(privilegeID, title, summary) values('341ff6b4-840b-4284-b590-638bb6564afe', 'Colaborador registra ausencia', 'Colaborador registra ausencia'); 
INSERT INTO privilege(privilegeID, title, summary) values('c2c9f503-d407-42a4-8489-1f3e2bc8ed26', 'Colaborador registra inicio de sesión', 'Colaborador registra inicio de sesión'); 
INSERT INTO privilege(privilegeID, title, summary) values('0c0eee38-963d-4b38-8ae4-de85cd5ba952', 'Colaborador registra solicitud de vacaciones', 'Colaborador registra solicitud de vacaciones'); 
INSERT INTO privilege(privilegeID, title, summary) values('e3cb2950-dbfe-48c0-bfac-725612a12f64', 'Líder consulta ausencias de colaborador', 'Líder consulta ausencias de colaborador'); 
INSERT INTO privilege(privilegeID, title, summary) values('0bb42758-470a-4f7f-a346-e9ca0fe366b5', 'Líder consulta colaboradores en su departamento', 'Líder consulta colaboradores en su departamento'); 
INSERT INTO privilege(privilegeID, title, summary) values('227e9742-dff4-4b26-9c51-6f2c5b015105', 'Líder consulta perfil de colaboradores', 'Líder consulta perfil de colaboradores'); 
INSERT INTO privilege(privilegeID, title, summary) values('87144610-ff33-442b-94c3-221aa7322beb', 'Líder consulta solicitudes de vacaciones de colaborador', 'Líder consulta solicitudes de vacaciones de colaborador'); 
INSERT INTO privilege(privilegeID, title, summary) values('1c24e627-ab6c-4dab-af36-ae0484007122', 'Líder registra respuesta hacia ausencia de colaborador', 'Líder registra respuesta hacia ausencia de colaborador'); 
INSERT INTO privilege(privilegeID, title, summary) values('6b8940da-6f49-4e6c-8a76-d4f09498c379', 'Líder registra respuesta hacia solicitud de vacaciones de colaborador', 'Líder registra respuesta hacia solicitud de vacaciones de colaborador'); 
INSERT INTO privilege(privilegeID, title, summary) values('a270668c-420b-4f97-bebf-d675019f0816', 'Superadmin consulta ausencias de empleado', 'Superadmin consulta ausencias de empleado'); 
INSERT INTO privilege(privilegeID, title, summary) values('ed3ee41c-32cd-4362-8800-75d27a75ac2d', 'Superadmin consulta empleados', 'Superadmin consulta empleados'); 
INSERT INTO privilege(privilegeID, title, summary) values('39c7d030-82fe-456e-841b-3cf66d20c466', 'Superadmin consulta sesión de One-On-One', 'Superadmin consulta sesión de One-On-One'); 
INSERT INTO privilege(privilegeID, title, summary) values('05ddea63-d8df-4f87-92d4-1169678947a0', 'Superadmin consulta solicitudes de vacaciones de empleado', 'Superadmin consulta solicitudes de vacaciones de empleado'); 
INSERT INTO privilege(privilegeID, title, summary) values('ad8eb759-09ca-4f9e-bbd1-480f36e3258c', 'Superadmin consultar reporte de rotación de empleos mensual', 'Superadmin consultar reporte de rotación de empleos mensual'); 
INSERT INTO privilege(privilegeID, title, summary) values('2ad41727-c68d-4a9f-a95d-5f891cd6641d', 'Superadmin elimina departamento', 'Superadmin elimina departamento'); 
INSERT INTO privilege(privilegeID, title, summary) values('2ebe560a-9c19-4a4c-834d-22eed6850ce2', 'Superadmin elimina día feriado', 'Superadmin elimina día feriado'); 
INSERT INTO privilege(privilegeID, title, summary) values('1fd3dc45-f5ed-4e0b-bec1-690d0d3c0ebb', 'Superadmin elimina falta administrativa', 'Superadmin elimina falta administrativa'); 
INSERT INTO privilege(privilegeID, title, summary) values('8b1b8a00-898b-46d8-9d41-f4c5a81a3919', 'Superadmin modifica datos de empleado', 'Superadmin modifica datos de empleado'); 
INSERT INTO privilege(privilegeID, title, summary) values('cc6959a1-cd7d-4d4b-8157-ca73e57a9d80', 'Superadmin modifica departamento', 'Superadmin modifica departamento'); 
INSERT INTO privilege(privilegeID, title, summary) values('82453824-2d4f-40d3-a326-25dd32fa4e45', 'Superadmin modifica día feriado', 'Superadmin modifica día feriado'); 
INSERT INTO privilege(privilegeID, title, summary) values('4aa769a4-a8cf-4603-a6c3-b57b66c0ec03', 'Superadmin modifica falta administrativa', 'Superadmin modifica falta administrativa'); 
INSERT INTO privilege(privilegeID, title, summary) values('aa234b36-6437-493b-99ad-9012f700e4b7', 'Superadmin registra alta de empleado', 'Superadmin registra alta de empleado'); 
INSERT INTO privilege(privilegeID, title, summary) values('965600dc-b357-4b9f-89b6-a388e36b7431', 'Superadmin registra baja de empleado', 'Superadmin registra baja de empleado'); 
INSERT INTO privilege(privilegeID, title, summary) values('b85a10b7-77cb-4f0d-9313-c80c4dc54ae8', 'Superadmin registra datos del One-On-One', 'Superadmin registra datos del One-On-One'); 
INSERT INTO privilege(privilegeID, title, summary) values('f576a25e-ca16-4d91-abf6-e1af6d18fa81', 'Superadmin registra departamento', 'Superadmin registra departamento'); 
INSERT INTO privilege(privilegeID, title, summary) values('0f81b4bc-64a1-4bca-a88d-5bdbc3b42556', 'Superadmin registra día feriado', 'Superadmin registra día feriado'); 
INSERT INTO privilege(privilegeID, title, summary) values('879c8f5e-84e3-4235-a3b6-14c4dd57f570', 'Superadmin registra falta administrativa', 'Superadmin registra falta administrativa'); 
INSERT INTO privilege(privilegeID, title, summary) values('9e6b27b0-b061-4e3a-a66d-15a5d351e615', 'Superadmin registra evidencia de falta', 'Superadmin registra evidencia de falta'); 
INSERT INTO privilege(privilegeID, title, summary) values('1cf0a666-c095-4bfa-80cd-cd28929eeb6b', 'Superadmin registra fecha prevista de One-On-One', 'Superadmin registra fecha prevista de One-On-One'); 
INSERT INTO privilege(privilegeID, title, summary) values('7388ffc9-a82d-4f97-a339-0728fd4b856b', 'Superadmin registra respuesta hacia ausencia de empleado', 'Superadmin registra respuesta hacia ausencia de empleado'); 
INSERT INTO privilege(privilegeID, title, summary) values('782f5f59-11dc-4ed6-acec-2d49f74d7952', 'Superadmin registra respuesta hacia solicitud de vacaciones de empleado', 'Superadmin registra respuesta hacia solicitud de vacaciones de empleado'); 
INSERT INTO role(roleID, title) values('3d4104ac-0467-41aa-8a26-86db0f72e4e0', 'Colaborator'); 
INSERT INTO role(roleID, title) values('e685b0a2-03bb-4f9e-a82b-a95e9e75e4b7', 'Department Leader'); 
INSERT INTO role(roleID, title) values('7cfd0ec8-13f3-49b9-a959-4660c17d8df0', 'Human Resources'); 
INSERT INTO rolePrivilege(roleIDFK, privilegeIDFK) values('3d4104ac-0467-41aa-8a26-86db0f72e4e0', 'bbd72c2d-f117-4dff-b2a9-b5f36f2e6a8e'); 
INSERT INTO rolePrivilege(roleIDFK, privilegeIDFK) values('3d4104ac-0467-41aa-8a26-86db0f72e4e0', '592e6b1d-2efd-4dc1-9b10-b710acb774e0'); 
INSERT INTO rolePrivilege(roleIDFK, privilegeIDFK) values('3d4104ac-0467-41aa-8a26-86db0f72e4e0', '849bafd2-2b4c-4216-88cf-b433b5313fa9'); 
INSERT INTO rolePrivilege(roleIDFK, privilegeIDFK) values('3d4104ac-0467-41aa-8a26-86db0f72e4e0', 'f264a132-551d-4f52-aed9-70fd5b213070'); 
INSERT INTO rolePrivilege(roleIDFK, privilegeIDFK) values('3d4104ac-0467-41aa-8a26-86db0f72e4e0', '24689390-3bdc-4999-b1f7-a0910947f460'); 
INSERT INTO rolePrivilege(roleIDFK, privilegeIDFK) values('3d4104ac-0467-41aa-8a26-86db0f72e4e0', '08163ea7-9cf7-4f83-9684-f4c043203e41'); 
INSERT INTO rolePrivilege(roleIDFK, privilegeIDFK) values('3d4104ac-0467-41aa-8a26-86db0f72e4e0', 'e9c7f622-e436-44aa-adb0-0688d89b65e9'); 
INSERT INTO rolePrivilege(roleIDFK, privilegeIDFK) values('3d4104ac-0467-41aa-8a26-86db0f72e4e0', 'e16a11ee-6d49-4a06-b54c-3b3edd856963'); 
INSERT INTO rolePrivilege(roleIDFK, privilegeIDFK) values('3d4104ac-0467-41aa-8a26-86db0f72e4e0', 'ec53e01d-2ec6-4b39-a96f-d02610e6012b'); 
INSERT INTO rolePrivilege(roleIDFK, privilegeIDFK) values('3d4104ac-0467-41aa-8a26-86db0f72e4e0', 'fe3b9261-a0e0-417e-9d7a-89b9c3b52547'); 
INSERT INTO rolePrivilege(roleIDFK, privilegeIDFK) values('3d4104ac-0467-41aa-8a26-86db0f72e4e0', '341ff6b4-840b-4284-b590-638bb6564afe'); 
INSERT INTO rolePrivilege(roleIDFK, privilegeIDFK) values('3d4104ac-0467-41aa-8a26-86db0f72e4e0', 'c2c9f503-d407-42a4-8489-1f3e2bc8ed26'); 
INSERT INTO rolePrivilege(roleIDFK, privilegeIDFK) values('3d4104ac-0467-41aa-8a26-86db0f72e4e0', '0c0eee38-963d-4b38-8ae4-de85cd5ba952'); 
INSERT INTO rolePrivilege(roleIDFK, privilegeIDFK) values('e685b0a2-03bb-4f9e-a82b-a95e9e75e4b7', 'bbd72c2d-f117-4dff-b2a9-b5f36f2e6a8e'); 
INSERT INTO rolePrivilege(roleIDFK, privilegeIDFK) values('e685b0a2-03bb-4f9e-a82b-a95e9e75e4b7', '592e6b1d-2efd-4dc1-9b10-b710acb774e0'); 
INSERT INTO rolePrivilege(roleIDFK, privilegeIDFK) values('e685b0a2-03bb-4f9e-a82b-a95e9e75e4b7', '849bafd2-2b4c-4216-88cf-b433b5313fa9'); 
INSERT INTO rolePrivilege(roleIDFK, privilegeIDFK) values('e685b0a2-03bb-4f9e-a82b-a95e9e75e4b7', 'f264a132-551d-4f52-aed9-70fd5b213070'); 
INSERT INTO rolePrivilege(roleIDFK, privilegeIDFK) values('e685b0a2-03bb-4f9e-a82b-a95e9e75e4b7', '24689390-3bdc-4999-b1f7-a0910947f460'); 
INSERT INTO rolePrivilege(roleIDFK, privilegeIDFK) values('e685b0a2-03bb-4f9e-a82b-a95e9e75e4b7', '08163ea7-9cf7-4f83-9684-f4c043203e41'); 
INSERT INTO rolePrivilege(roleIDFK, privilegeIDFK) values('e685b0a2-03bb-4f9e-a82b-a95e9e75e4b7', 'e9c7f622-e436-44aa-adb0-0688d89b65e9'); 
INSERT INTO rolePrivilege(roleIDFK, privilegeIDFK) values('e685b0a2-03bb-4f9e-a82b-a95e9e75e4b7', 'e16a11ee-6d49-4a06-b54c-3b3edd856963'); 
INSERT INTO rolePrivilege(roleIDFK, privilegeIDFK) values('e685b0a2-03bb-4f9e-a82b-a95e9e75e4b7', 'ec53e01d-2ec6-4b39-a96f-d02610e6012b'); 
INSERT INTO rolePrivilege(roleIDFK, privilegeIDFK) values('e685b0a2-03bb-4f9e-a82b-a95e9e75e4b7', 'fe3b9261-a0e0-417e-9d7a-89b9c3b52547'); 
INSERT INTO rolePrivilege(roleIDFK, privilegeIDFK) values('e685b0a2-03bb-4f9e-a82b-a95e9e75e4b7', '341ff6b4-840b-4284-b590-638bb6564afe'); 
INSERT INTO rolePrivilege(roleIDFK, privilegeIDFK) values('e685b0a2-03bb-4f9e-a82b-a95e9e75e4b7', 'c2c9f503-d407-42a4-8489-1f3e2bc8ed26'); 
INSERT INTO rolePrivilege(roleIDFK, privilegeIDFK) values('e685b0a2-03bb-4f9e-a82b-a95e9e75e4b7', '0c0eee38-963d-4b38-8ae4-de85cd5ba952'); 
INSERT INTO rolePrivilege(roleIDFK, privilegeIDFK) values('e685b0a2-03bb-4f9e-a82b-a95e9e75e4b7', 'e3cb2950-dbfe-48c0-bfac-725612a12f64'); 
INSERT INTO rolePrivilege(roleIDFK, privilegeIDFK) values('e685b0a2-03bb-4f9e-a82b-a95e9e75e4b7', '0bb42758-470a-4f7f-a346-e9ca0fe366b5'); 
INSERT INTO rolePrivilege(roleIDFK, privilegeIDFK) values('e685b0a2-03bb-4f9e-a82b-a95e9e75e4b7', '227e9742-dff4-4b26-9c51-6f2c5b015105'); 
INSERT INTO rolePrivilege(roleIDFK, privilegeIDFK) values('e685b0a2-03bb-4f9e-a82b-a95e9e75e4b7', '87144610-ff33-442b-94c3-221aa7322beb'); 
INSERT INTO rolePrivilege(roleIDFK, privilegeIDFK) values('e685b0a2-03bb-4f9e-a82b-a95e9e75e4b7', '1c24e627-ab6c-4dab-af36-ae0484007122'); 
INSERT INTO rolePrivilege(roleIDFK, privilegeIDFK) values('e685b0a2-03bb-4f9e-a82b-a95e9e75e4b7', '6b8940da-6f49-4e6c-8a76-d4f09498c379'); 
INSERT INTO rolePrivilege(roleIDFK, privilegeIDFK) values('7cfd0ec8-13f3-49b9-a959-4660c17d8df0', 'bbd72c2d-f117-4dff-b2a9-b5f36f2e6a8e'); 
INSERT INTO rolePrivilege(roleIDFK, privilegeIDFK) values('7cfd0ec8-13f3-49b9-a959-4660c17d8df0', '592e6b1d-2efd-4dc1-9b10-b710acb774e0'); 
INSERT INTO rolePrivilege(roleIDFK, privilegeIDFK) values('7cfd0ec8-13f3-49b9-a959-4660c17d8df0', '849bafd2-2b4c-4216-88cf-b433b5313fa9'); 
INSERT INTO rolePrivilege(roleIDFK, privilegeIDFK) values('7cfd0ec8-13f3-49b9-a959-4660c17d8df0', 'f264a132-551d-4f52-aed9-70fd5b213070'); 
INSERT INTO rolePrivilege(roleIDFK, privilegeIDFK) values('7cfd0ec8-13f3-49b9-a959-4660c17d8df0', '24689390-3bdc-4999-b1f7-a0910947f460'); 
INSERT INTO rolePrivilege(roleIDFK, privilegeIDFK) values('7cfd0ec8-13f3-49b9-a959-4660c17d8df0', '08163ea7-9cf7-4f83-9684-f4c043203e41'); 
INSERT INTO rolePrivilege(roleIDFK, privilegeIDFK) values('7cfd0ec8-13f3-49b9-a959-4660c17d8df0', 'e9c7f622-e436-44aa-adb0-0688d89b65e9'); 
INSERT INTO rolePrivilege(roleIDFK, privilegeIDFK) values('7cfd0ec8-13f3-49b9-a959-4660c17d8df0', 'e16a11ee-6d49-4a06-b54c-3b3edd856963'); 
INSERT INTO rolePrivilege(roleIDFK, privilegeIDFK) values('7cfd0ec8-13f3-49b9-a959-4660c17d8df0', 'ec53e01d-2ec6-4b39-a96f-d02610e6012b'); 
INSERT INTO rolePrivilege(roleIDFK, privilegeIDFK) values('7cfd0ec8-13f3-49b9-a959-4660c17d8df0', 'fe3b9261-a0e0-417e-9d7a-89b9c3b52547'); 
INSERT INTO rolePrivilege(roleIDFK, privilegeIDFK) values('7cfd0ec8-13f3-49b9-a959-4660c17d8df0', '341ff6b4-840b-4284-b590-638bb6564afe'); 
INSERT INTO rolePrivilege(roleIDFK, privilegeIDFK) values('7cfd0ec8-13f3-49b9-a959-4660c17d8df0', 'c2c9f503-d407-42a4-8489-1f3e2bc8ed26'); 
INSERT INTO rolePrivilege(roleIDFK, privilegeIDFK) values('7cfd0ec8-13f3-49b9-a959-4660c17d8df0', '0c0eee38-963d-4b38-8ae4-de85cd5ba952'); 
INSERT INTO rolePrivilege(roleIDFK, privilegeIDFK) values('7cfd0ec8-13f3-49b9-a959-4660c17d8df0', 'e3cb2950-dbfe-48c0-bfac-725612a12f64'); 
INSERT INTO rolePrivilege(roleIDFK, privilegeIDFK) values('7cfd0ec8-13f3-49b9-a959-4660c17d8df0', '0bb42758-470a-4f7f-a346-e9ca0fe366b5'); 
INSERT INTO rolePrivilege(roleIDFK, privilegeIDFK) values('7cfd0ec8-13f3-49b9-a959-4660c17d8df0', '227e9742-dff4-4b26-9c51-6f2c5b015105'); 
INSERT INTO rolePrivilege(roleIDFK, privilegeIDFK) values('7cfd0ec8-13f3-49b9-a959-4660c17d8df0', '87144610-ff33-442b-94c3-221aa7322beb'); 
INSERT INTO rolePrivilege(roleIDFK, privilegeIDFK) values('7cfd0ec8-13f3-49b9-a959-4660c17d8df0', '1c24e627-ab6c-4dab-af36-ae0484007122'); 
INSERT INTO rolePrivilege(roleIDFK, privilegeIDFK) values('7cfd0ec8-13f3-49b9-a959-4660c17d8df0', '6b8940da-6f49-4e6c-8a76-d4f09498c379'); 
INSERT INTO rolePrivilege(roleIDFK, privilegeIDFK) values('7cfd0ec8-13f3-49b9-a959-4660c17d8df0', 'a270668c-420b-4f97-bebf-d675019f0816'); 
INSERT INTO rolePrivilege(roleIDFK, privilegeIDFK) values('7cfd0ec8-13f3-49b9-a959-4660c17d8df0', 'ed3ee41c-32cd-4362-8800-75d27a75ac2d'); 
INSERT INTO rolePrivilege(roleIDFK, privilegeIDFK) values('7cfd0ec8-13f3-49b9-a959-4660c17d8df0', '39c7d030-82fe-456e-841b-3cf66d20c466'); 
INSERT INTO rolePrivilege(roleIDFK, privilegeIDFK) values('7cfd0ec8-13f3-49b9-a959-4660c17d8df0', '05ddea63-d8df-4f87-92d4-1169678947a0'); 
INSERT INTO rolePrivilege(roleIDFK, privilegeIDFK) values('7cfd0ec8-13f3-49b9-a959-4660c17d8df0', 'ad8eb759-09ca-4f9e-bbd1-480f36e3258c'); 
INSERT INTO rolePrivilege(roleIDFK, privilegeIDFK) values('7cfd0ec8-13f3-49b9-a959-4660c17d8df0', '2ad41727-c68d-4a9f-a95d-5f891cd6641d'); 
INSERT INTO rolePrivilege(roleIDFK, privilegeIDFK) values('7cfd0ec8-13f3-49b9-a959-4660c17d8df0', '2ebe560a-9c19-4a4c-834d-22eed6850ce2'); 
INSERT INTO rolePrivilege(roleIDFK, privilegeIDFK) values('7cfd0ec8-13f3-49b9-a959-4660c17d8df0', '1fd3dc45-f5ed-4e0b-bec1-690d0d3c0ebb'); 
INSERT INTO rolePrivilege(roleIDFK, privilegeIDFK) values('7cfd0ec8-13f3-49b9-a959-4660c17d8df0', '8b1b8a00-898b-46d8-9d41-f4c5a81a3919'); 
INSERT INTO rolePrivilege(roleIDFK, privilegeIDFK) values('7cfd0ec8-13f3-49b9-a959-4660c17d8df0', 'cc6959a1-cd7d-4d4b-8157-ca73e57a9d80'); 
INSERT INTO rolePrivilege(roleIDFK, privilegeIDFK) values('7cfd0ec8-13f3-49b9-a959-4660c17d8df0', '82453824-2d4f-40d3-a326-25dd32fa4e45'); 
INSERT INTO rolePrivilege(roleIDFK, privilegeIDFK) values('7cfd0ec8-13f3-49b9-a959-4660c17d8df0', '4aa769a4-a8cf-4603-a6c3-b57b66c0ec03'); 
INSERT INTO rolePrivilege(roleIDFK, privilegeIDFK) values('7cfd0ec8-13f3-49b9-a959-4660c17d8df0', 'aa234b36-6437-493b-99ad-9012f700e4b7'); 
INSERT INTO rolePrivilege(roleIDFK, privilegeIDFK) values('7cfd0ec8-13f3-49b9-a959-4660c17d8df0', '965600dc-b357-4b9f-89b6-a388e36b7431'); 
INSERT INTO rolePrivilege(roleIDFK, privilegeIDFK) values('7cfd0ec8-13f3-49b9-a959-4660c17d8df0', 'b85a10b7-77cb-4f0d-9313-c80c4dc54ae8'); 
INSERT INTO rolePrivilege(roleIDFK, privilegeIDFK) values('7cfd0ec8-13f3-49b9-a959-4660c17d8df0', 'f576a25e-ca16-4d91-abf6-e1af6d18fa81'); 
INSERT INTO rolePrivilege(roleIDFK, privilegeIDFK) values('7cfd0ec8-13f3-49b9-a959-4660c17d8df0', '0f81b4bc-64a1-4bca-a88d-5bdbc3b42556'); 
INSERT INTO rolePrivilege(roleIDFK, privilegeIDFK) values('7cfd0ec8-13f3-49b9-a959-4660c17d8df0', '879c8f5e-84e3-4235-a3b6-14c4dd57f570'); 
INSERT INTO rolePrivilege(roleIDFK, privilegeIDFK) values('7cfd0ec8-13f3-49b9-a959-4660c17d8df0', '9e6b27b0-b061-4e3a-a66d-15a5d351e615'); 
INSERT INTO rolePrivilege(roleIDFK, privilegeIDFK) values('7cfd0ec8-13f3-49b9-a959-4660c17d8df0', '1cf0a666-c095-4bfa-80cd-cd28929eeb6b'); 
INSERT INTO rolePrivilege(roleIDFK, privilegeIDFK) values('7cfd0ec8-13f3-49b9-a959-4660c17d8df0', '7388ffc9-a82d-4f97-a339-0728fd4b856b'); 
INSERT INTO rolePrivilege(roleIDFK, privilegeIDFK) values('7cfd0ec8-13f3-49b9-a959-4660c17d8df0', '782f5f59-11dc-4ed6-acec-2d49f74d7952'); 

INSERT INTO country(countryID, title) values('149d3993-e4d1-452d-b2e5-0f950a9f128e', 'Mexico'); 
INSERT INTO country(countryID, title) values('5607a8e3-f1e2-4739-8894-0970dc94afa6', 'United States'); 
INSERT INTO country(countryID, title) values('e3174534-2a47-4237-9629-2cb9f624f79d', 'Colombia'); 
INSERT INTO country(countryID, title) values('b2dc8418-d1d7-43cf-885d-331dcf747d5f', 'Argentina'); 

INSERT INTO enterprise(enterpriseID, title) values('e54c95ab-c52c-4fed-900b-b02a3198449f', 'Oracle'); 
INSERT INTO enterprise(enterpriseID, title) values('1cc004d2-da41-49f9-a0c6-c19c7fc466a9', 'Open IA'); 
INSERT INTO enterprise(enterpriseID, title) values('8c07b956-f652-46e5-aeca-bfdce31b7ad3', 'Google'); 
INSERT INTO enterprise(enterpriseID, title) values('e809c626-ab6d-4f22-b698-12c58ee7585f', 'AMD'); 
INSERT INTO enterprise(enterpriseID, title) values('8671fafa-382d-4c9e-ae45-2232e2654698', 'Google'); 
INSERT INTO enterprise(enterpriseID, title) values('53c2b4ea-6abd-4457-9adc-8e74b885b29a', 'AMD'); 
INSERT INTO enterprise(enterpriseID, title) values('6871f4f1-ad15-4e0a-a973-17d3e7447c47', 'Apple'); 

INSERT INTO department(departmentID, enterpriseIDFK, title) values('9344735d-205b-45e9-a1f7-49e1fe21b49f', '53c2b4ea-6abd-4457-9adc-8e74b885b29a', 'TI'); 
INSERT INTO department(departmentID, enterpriseIDFK, title) values('6e7efee4-e56a-408f-9875-60035b685e77', '53c2b4ea-6abd-4457-9adc-8e74b885b29a', 'Ventas'); 
INSERT INTO department(departmentID, enterpriseIDFK, title) values('dc15c03f-f882-4353-b79c-60e3ca9a953c', '8671fafa-382d-4c9e-ae45-2232e2654698', 'Atencion al cliene'); 
INSERT INTO department(departmentID, enterpriseIDFK, title) values('5252ca90-bc29-4660-a010-4497c3d72f77', '8671fafa-382d-4c9e-ae45-2232e2654698', 'Legal'); 
INSERT INTO department(departmentID, enterpriseIDFK, title) values('f6d8c199-1a88-4482-8c8e-2d795b2d02fa', '8671fafa-382d-4c9e-ae45-2232e2654698', 'Legal'); 
INSERT INTO department(departmentID, enterpriseIDFK, title) values('2bc20458-a495-4f4c-a02b-6f9d411469f8', 'e809c626-ab6d-4f22-b698-12c58ee7585f', 'RRHH'); 
INSERT INTO department(departmentID, enterpriseIDFK, title) values('0f3fa8d0-3493-4b5d-b8ec-9a05ce33c057', 'e54c95ab-c52c-4fed-900b-b02a3198449f', 'Logística'); 
INSERT INTO department(departmentID, enterpriseIDFK, title) values('1088db3b-cf7c-4abe-a45e-55225f593797', '8671fafa-382d-4c9e-ae45-2232e2654698', 'RRHH'); 
INSERT INTO department(departmentID, enterpriseIDFK, title) values('5d244d5a-105b-4019-b39f-8ef4f01e56bd', '8671fafa-382d-4c9e-ae45-2232e2654698', 'Producción'); 
INSERT INTO department(departmentID, enterpriseIDFK, title) values('cac1df40-8f60-4294-85d9-7717ea83efc7', '6871f4f1-ad15-4e0a-a973-17d3e7447c47', 'Atencion al cliene'); 
INSERT INTO department(departmentID, enterpriseIDFK, title) values('609c4852-1f96-4169-8863-00dbb9f81e83', '6871f4f1-ad15-4e0a-a973-17d3e7447c47', 'Marketing'); 
INSERT INTO department(departmentID, enterpriseIDFK, title) values('10c80172-9c46-4851-a39a-f13c78475c20', '8671fafa-382d-4c9e-ae45-2232e2654698', 'Marketing'); 
INSERT INTO department(departmentID, enterpriseIDFK, title) values('a661b017-d7b0-4721-a1e7-68117edab1a6', '8671fafa-382d-4c9e-ae45-2232e2654698', 'Logística'); 
INSERT INTO department(departmentID, enterpriseIDFK, title) values('11fa6844-29bd-4596-a8b3-f7c1a4c2de76', 'e54c95ab-c52c-4fed-900b-b02a3198449f', 'Logística'); 
INSERT INTO department(departmentID, enterpriseIDFK, title) values('30003b6f-8f6d-4fa9-8408-10c975ceb6de', '6871f4f1-ad15-4e0a-a973-17d3e7447c47', 'Ventas'); 
INSERT INTO department(departmentID, enterpriseIDFK, title) values('3043648e-a867-4587-98bf-9f334d5b8e74', '1cc004d2-da41-49f9-a0c6-c19c7fc466a9', 'RRHH'); 
INSERT INTO department(departmentID, enterpriseIDFK, title) values('1e7dea7a-9c7d-4a58-bcfc-d5e3a7c9af8f', '8c07b956-f652-46e5-aeca-bfdce31b7ad3', 'Ventas'); 
INSERT INTO department(departmentID, enterpriseIDFK, title) values('bbc87878-ff86-4a06-9521-473e0ed09ccf', '53c2b4ea-6abd-4457-9adc-8e74b885b29a', 'TI'); 
INSERT INTO department(departmentID, enterpriseIDFK, title) values('38fbd481-fef7-41ca-b9d0-4ede80e73c16', '8c07b956-f652-46e5-aeca-bfdce31b7ad3', 'RRHH'); 
INSERT INTO department(departmentID, enterpriseIDFK, title) values('486802ba-5f8c-4c9f-9936-f1a7a1658a52', '8671fafa-382d-4c9e-ae45-2232e2654698', 'Legal'); 
INSERT INTO department(departmentID, enterpriseIDFK, title) values('7e5c1b25-77c4-4056-a218-1ac0d96e5683', 'e54c95ab-c52c-4fed-900b-b02a3198449f', 'Atencion al cliene'); 
INSERT INTO department(departmentID, enterpriseIDFK, title) values('367087a7-5a64-4f98-80e7-d41f1fb85b78', '1cc004d2-da41-49f9-a0c6-c19c7fc466a9', 'Marketing'); 
INSERT INTO department(departmentID, enterpriseIDFK, title) values('f82e9ad1-be4a-4726-a7cd-1503de69c54f', '8671fafa-382d-4c9e-ae45-2232e2654698', 'RRHH'); 
INSERT INTO department(departmentID, enterpriseIDFK, title) values('d90c0419-e211-443f-b08e-bf36c577d727', 'e809c626-ab6d-4f22-b698-12c58ee7585f', 'TI'); 
INSERT INTO department(departmentID, enterpriseIDFK, title) values('9092a4c7-a750-4e00-b38a-ff30f66475af', 'e809c626-ab6d-4f22-b698-12c58ee7585f', 'Legal'); 

INSERT INTO user(userID, curp, rfc, birthName, surname, mail, passwd, passwdFlag, zipCode, houseNumber, streetName, colony, workModality, workStatus, userRoleIDFK, countryUserIDFK) VALUES('a84814bd-79b4-4545-9ef4-a4a92c0290d0', 'TOFF306HSRAAU11', 'TOFF306HSRH0', 'Francisco', 'Torres Fernández', 'osnkemvigtau@outlook.com', 'fqgywtogbe', TRUE, 11895, '508.B', 'Calle Guerrero', 'Colonia El Mirador', 1, TRUE, 'e685b0a2-03bb-4f9e-a82b-a95e9e75e4b7', 'e3174534-2a47-4237-9629-2cb9f624f79d');
INSERT INTO user(userID, curp, rfc, birthName, surname, mail, passwd, passwdFlag, zipCode, houseNumber, streetName, colony, workModality, workStatus, userRoleIDFK, countryUserIDFK) VALUES('d4ba5ce7-cc01-4a93-8cfd-57f76978bd6f', 'JIHP0919MQTPFK36', 'JIHP0919MQO3', 'Pedro', 'Jiménez Hernández', 'lurjqvmvbsvm@outlook.com', 'aqxmkww', TRUE, 71670, '702.B', 'Avenida de la Juventud', 'Colonia Santa Rosa', 1, FALSE, 'e685b0a2-03bb-4f9e-a82b-a95e9e75e4b7', '149d3993-e4d1-452d-b2e5-0f950a9f128e');
INSERT INTO user(userID, curp, rfc, birthName, surname, mail, passwd, passwdFlag, zipCode, houseNumber, streetName, colony, workModality, workStatus, userRoleIDFK, countryUserIDFK) VALUES('45d242e0-5e15-42fa-8ae0-603d871de80b', 'MOHJ186MNLEKV77', 'MOHJ186MNLU3', 'José', 'Moreno Hernández', 'yjxsjngkirmd@outlook.com', 'kvkiogxj', FALSE, 37646, '117.B', 'Calle Juárez', 'Colonia Nuevo Milenio', 2, TRUE, '3d4104ac-0467-41aa-8a26-86db0f72e4e0', '5607a8e3-f1e2-4739-8894-0970dc94afa6');
INSERT INTO user(userID, curp, rfc, birthName, surname, mail, passwd, passwdFlag, zipCode, houseNumber, streetName, colony, workModality, workStatus, userRoleIDFK, countryUserIDFK) VALUES('3337e956-46e7-4b63-ac7e-fe82489165d2', 'MOHM0128MYNBWW88', 'MOHM0128MYP4', 'María', 'Moreno Hernández', 'xursafksp@nuclea.solutions', 'cskqmladogimr', FALSE, 18003, '145.B', 'Avenida Morelos', 'Colonia El Campanario', 2, FALSE, 'e685b0a2-03bb-4f9e-a82b-a95e9e75e4b7', 'e3174534-2a47-4237-9629-2cb9f624f79d');
INSERT INTO user(userID, curp, rfc, birthName, surname, mail, passwd, passwdFlag, zipCode, houseNumber, streetName, colony, workModality, workStatus, userRoleIDFK, countryUserIDFK) VALUES('694f01a4-d65e-41de-98c3-518116fa7480', 'HEJF3616MDGLAW87', 'HEJF3616MDB4', 'Francisco', 'Hernández Jiménez', 'mqkljxueqcq@outlook.com', 'tpteiuoyf', TRUE, 87049, '973.A', 'Calle de los Naranjos', 'Colonia Santa Fe', 3, TRUE, '3d4104ac-0467-41aa-8a26-86db0f72e4e0', 'e3174534-2a47-4237-9629-2cb9f624f79d');
INSERT INTO user(userID, curp, rfc, birthName, surname, mail, passwd, passwdFlag, zipCode, houseNumber, streetName, colony, workModality, workStatus, userRoleIDFK, countryUserIDFK) VALUES('911f2340-f533-4fff-af8e-8dba0def49b5', 'MAHB2918HZSTFL53', 'MAHB2918HZN4', 'Beatriz', 'Martínez Hernández', 'urvcjcauv@yahoo.com', 'lurtjyhss', TRUE, 69174, '963.C', 'Avenida Constituyentes', 'Colonia Nuevo Milenio', 3, TRUE, 'e685b0a2-03bb-4f9e-a82b-a95e9e75e4b7', '5607a8e3-f1e2-4739-8894-0970dc94afa6');
INSERT INTO user(userID, curp, rfc, birthName, surname, mail, passwd, passwdFlag, zipCode, houseNumber, streetName, colony, workModality, workStatus, userRoleIDFK, countryUserIDFK) VALUES('903a792e-4470-444b-b146-4fa7df8a6bc1', 'MOME3728MJCCAM92', 'MOME3728MJN7', 'Enrique', 'Moreno Moreno', 'ujkrmisuvhie@yahoo.com', 'fbxlmctkk', FALSE, 13752, '863.A', 'Calle de la Santa Cruz', 'Colonia Nuevo Milenio', 2, TRUE, '3d4104ac-0467-41aa-8a26-86db0f72e4e0', '5607a8e3-f1e2-4739-8894-0970dc94afa6');
INSERT INTO user(userID, curp, rfc, birthName, surname, mail, passwd, passwdFlag, zipCode, houseNumber, streetName, colony, workModality, workStatus, userRoleIDFK, countryUserIDFK) VALUES('67734a6c-f6bf-432d-80e5-8a321baa41f3', 'HERM2911MGTMCU35', 'HERM2911MGS8', 'María', 'Hernández Rodríguez', 'oghdnpodxtxfw@nuclea.solutions', 'gnrownqbhcv', TRUE, 96594, '901.A', 'Avenida de los Arcos', 'Colonia San Francisco', 3, FALSE, 'e685b0a2-03bb-4f9e-a82b-a95e9e75e4b7', 'b2dc8418-d1d7-43cf-885d-331dcf747d5f');
INSERT INTO user(userID, curp, rfc, birthName, surname, mail, passwd, passwdFlag, zipCode, houseNumber, streetName, colony, workModality, workStatus, userRoleIDFK, countryUserIDFK) VALUES('1cdd135c-7b86-47ad-80fb-b97fa03dc157', 'RUMJ282HBSCML36', 'RUMJ282HBSI5', 'Juan', 'Ruiz Moreno', 'hoaycke@gmail.com', 'nrfosnyiffugr', TRUE, 10489, '906.A', 'Avenida de la Constitución', 'Colonia Nuevo Milenio', 3, FALSE, '7cfd0ec8-13f3-49b9-a959-4660c17d8df0', 'b2dc8418-d1d7-43cf-885d-331dcf747d5f');
INSERT INTO user(userID, curp, rfc, birthName, surname, mail, passwd, passwdFlag, zipCode, houseNumber, streetName, colony, workModality, workStatus, userRoleIDFK, countryUserIDFK) VALUES('e145dd5c-9838-4c85-9ee5-22b4a91bff9f', 'MORB4111HNLNTG17', 'MORB4111HNW9', 'Beatriz', 'Moreno Ruiz', 'fmmhqtokqqfj@gmail.com', 'xaknvohgsgyvj', FALSE, 88098, '483.A', 'Calle de los Naranjos', 'Colonia Reforma', 2, FALSE, 'e685b0a2-03bb-4f9e-a82b-a95e9e75e4b7', 'e3174534-2a47-4237-9629-2cb9f624f79d');
INSERT INTO user(userID, curp, rfc, birthName, surname, mail, passwd, passwdFlag, zipCode, houseNumber, streetName, colony, workModality, workStatus, userRoleIDFK, countryUserIDFK) VALUES('07a7c40e-5a12-42b1-9c98-4d569a03da59', 'FEFB4108MCMQIU13', 'FEFB4108MCI5', 'Beatriz', 'Fernández Fernández', 'cjirfpmnmpqjr@yahoo.com', 'bseejqwxjkj', TRUE, 56707, '339.A', 'Calle de la Paz', 'Colonia Valle Verde', 0, TRUE, '7cfd0ec8-13f3-49b9-a959-4660c17d8df0', '149d3993-e4d1-452d-b2e5-0f950a9f128e');
INSERT INTO user(userID, curp, rfc, birthName, surname, mail, passwd, passwdFlag, zipCode, houseNumber, streetName, colony, workModality, workStatus, userRoleIDFK, countryUserIDFK) VALUES('8d3d45cd-0327-4d82-8c4f-29e1c318f3e9', 'JIRA1815HNTWHT89', 'JIRA1815HNG6', 'Antonio', 'Jiménez Rodríguez', 'dflgqpvsysk@yahoo.com', 'fulwdshcbgh', TRUE, 38738, '421.C', 'Calle de la Paz', 'Colonia Morelos', 2, TRUE, 'e685b0a2-03bb-4f9e-a82b-a95e9e75e4b7', '5607a8e3-f1e2-4739-8894-0970dc94afa6');
INSERT INTO user(userID, curp, rfc, birthName, surname, mail, passwd, passwdFlag, zipCode, houseNumber, streetName, colony, workModality, workStatus, userRoleIDFK, countryUserIDFK) VALUES('6ed09fd0-01c8-4953-83b2-d803a2551819', 'TOGR141MJCGEY22', 'TOGR141MJCJ9', 'Raquel', 'Torres González', 'livrytia@outlook.com', 'cxyljbxhkktb', FALSE, 57531, '440.B', 'Calle de la Santa Cruz', 'Colonia Las Águilas', 0, FALSE, '3d4104ac-0467-41aa-8a26-86db0f72e4e0', 'e3174534-2a47-4237-9629-2cb9f624f79d');
INSERT INTO user(userID, curp, rfc, birthName, surname, mail, passwd, passwdFlag, zipCode, houseNumber, streetName, colony, workModality, workStatus, userRoleIDFK, countryUserIDFK) VALUES('d929de66-2241-4453-a19e-8265da4b4fc6', 'MATE2322MQTGRK88', 'MATE2322MQK9', 'Enrique', 'Martínez Torres', 'erbxfytrmhhn@outlook.com', 'nhnrbyumfbefe', FALSE, 90654, '360.C', 'Calle de los Abetos', 'Colonia El Campanario', 2, TRUE, 'e685b0a2-03bb-4f9e-a82b-a95e9e75e4b7', '149d3993-e4d1-452d-b2e5-0f950a9f128e');
INSERT INTO user(userID, curp, rfc, birthName, surname, mail, passwd, passwdFlag, zipCode, houseNumber, streetName, colony, workModality, workStatus, userRoleIDFK, countryUserIDFK) VALUES('d96f15cc-5f4e-4284-b43c-a69a3c3c4c4f', 'FERS006HBCBTE46', 'FERS006HBCK9', 'Susana', 'Fernández Ruiz', 'gviggswl@outlook.com', 'lvkxsddfy', FALSE, 99454, '225.B', 'Avenida de la Solidaridad', 'Colonia Las Águilas', 0, TRUE, '3d4104ac-0467-41aa-8a26-86db0f72e4e0', '5607a8e3-f1e2-4739-8894-0970dc94afa6');
INSERT INTO user(userID, curp, rfc, birthName, surname, mail, passwd, passwdFlag, zipCode, houseNumber, streetName, colony, workModality, workStatus, userRoleIDFK, countryUserIDFK) VALUES('c4f268f8-2cfb-45e3-b463-acb84a307be0', 'FEHP424MCHGDG90', 'FEHP424MCHT3', 'Pedro', 'Fernández Hernández', 'nxoedmxt@nuclea.solutions', 'bmytjypaa', FALSE, 10598, '894.C', 'Avenida de la Independencia', 'Colonia Santa Fe', 2, FALSE, 'e685b0a2-03bb-4f9e-a82b-a95e9e75e4b7', 'e3174534-2a47-4237-9629-2cb9f624f79d');
INSERT INTO user(userID, curp, rfc, birthName, surname, mail, passwd, passwdFlag, zipCode, houseNumber, streetName, colony, workModality, workStatus, userRoleIDFK, countryUserIDFK) VALUES('05452f4e-44a5-446b-aec2-a03e971ef164', 'FEJA128HJCQQX83', 'FEJA128HJCF6', 'Adrián', 'Fernández Jiménez', 'vmfdjgko@outlook.com', 'quauqpson', FALSE, 41537, '435.B', 'Avenida Universidad', 'Colonia La Pradera', 3, TRUE, 'e685b0a2-03bb-4f9e-a82b-a95e9e75e4b7', 'e3174534-2a47-4237-9629-2cb9f624f79d');
INSERT INTO user(userID, curp, rfc, birthName, surname, mail, passwd, passwdFlag, zipCode, houseNumber, streetName, colony, workModality, workStatus, userRoleIDFK, countryUserIDFK) VALUES('f0455b2f-4606-4151-899b-5ae1f753d2cb', 'TORC0815MCSBCQ49', 'TORC0815MCK0', 'Carlos', 'Torres Rodríguez', 'qdladffu@gmail.com', 'hqotsrufw', FALSE, 46672, '3.A', 'Avenida de la Luz', 'Colonia Valle Verde', 0, FALSE, '7cfd0ec8-13f3-49b9-a959-4660c17d8df0', 'e3174534-2a47-4237-9629-2cb9f624f79d');
INSERT INTO user(userID, curp, rfc, birthName, surname, mail, passwd, passwdFlag, zipCode, houseNumber, streetName, colony, workModality, workStatus, userRoleIDFK, countryUserIDFK) VALUES('8af96d18-a0fc-4c72-9715-136047989038', 'JIJC3626MSLMHY16', 'JIJC3626MSL8', 'Carlos', 'Jiménez Jiménez', 'fraaybklcrp@nuclea.solutions', 'yrjuxrvbi', TRUE, 44365, '979.B', 'Calle de la Santa Cruz', 'Colonia El Mirador', 3, TRUE, 'e685b0a2-03bb-4f9e-a82b-a95e9e75e4b7', 'b2dc8418-d1d7-43cf-885d-331dcf747d5f');
INSERT INTO user(userID, curp, rfc, birthName, surname, mail, passwd, passwdFlag, zipCode, houseNumber, streetName, colony, workModality, workStatus, userRoleIDFK, countryUserIDFK) VALUES('ca4dae1e-5541-4973-8294-96e5d149d5a4', 'GOJR0424HDGPHE43', 'GOJR0424HDB4', 'Roberto', 'González Jiménez', 'lmgdljik@gmail.com', 'lrffufptag', FALSE, 92239, '296.C', 'Calle de la Amistad', 'Colonia Lomas de Querétaro', 1, TRUE, '7cfd0ec8-13f3-49b9-a959-4660c17d8df0', '149d3993-e4d1-452d-b2e5-0f950a9f128e');
INSERT INTO user(userID, curp, rfc, birthName, surname, mail, passwd, passwdFlag, zipCode, houseNumber, streetName, colony, workModality, workStatus, userRoleIDFK, countryUserIDFK) VALUES('a0061326-9c2b-4a0b-a35d-395c1d23c462', 'FERF002MMNFWC53', 'FERF002MMNE8', 'Francisco', 'Fernández Ruiz', 'dbhpotxbwdx@outlook.com', 'vwkvwohj', FALSE, 80418, '332.B', 'Calle del Carmen', 'Colonia La Pradera', 0, FALSE, '3d4104ac-0467-41aa-8a26-86db0f72e4e0', 'b2dc8418-d1d7-43cf-885d-331dcf747d5f');
INSERT INTO user(userID, curp, rfc, birthName, surname, mail, passwd, passwdFlag, zipCode, houseNumber, streetName, colony, workModality, workStatus, userRoleIDFK, countryUserIDFK) VALUES('66bbe559-5f21-4b37-85c3-976ec694ab69', 'HERA2128MCMPEE20', 'HERA2128MCI7', 'Adrián', 'Hernández Rodríguez', 'xtskdpomaipvr@gmail.com', 'cqxgbvgqehh', TRUE, 42189, '306.A', 'Avenida de la Solidaridad', 'Colonia Reforma', 3, FALSE, '3d4104ac-0467-41aa-8a26-86db0f72e4e0', 'b2dc8418-d1d7-43cf-885d-331dcf747d5f');
INSERT INTO user(userID, curp, rfc, birthName, surname, mail, passwd, passwdFlag, zipCode, houseNumber, streetName, colony, workModality, workStatus, userRoleIDFK, countryUserIDFK) VALUES('25545ba5-13fe-45ea-88da-070828517fad', 'JIFP3424MMNWDC17', 'JIFP3424MMW4', 'Pedro', 'Jiménez Fernández', 'xihxticynl@nuclea.solutions', 'fmcxuwdt', TRUE, 23491, '162.B', 'Calle de la Estación', 'Colonia Los Ángeles', 2, FALSE, 'e685b0a2-03bb-4f9e-a82b-a95e9e75e4b7', 'b2dc8418-d1d7-43cf-885d-331dcf747d5f');
INSERT INTO user(userID, curp, rfc, birthName, surname, mail, passwd, passwdFlag, zipCode, houseNumber, streetName, colony, workModality, workStatus, userRoleIDFK, countryUserIDFK) VALUES('9ce88b92-3f69-437d-bc4b-96f19cfd4ab5', 'MAMJ01018MCHHPG32', 'MAMJ01018ME7', 'Javier', 'Martínez Moreno', 'rlcyyevaffiwe@nuclea.solutions', 'houbyrat', FALSE, 42305, '482.B', 'Calle Vicente Guerrero', 'Colonia Emiliano Zapata', 0, FALSE, '3d4104ac-0467-41aa-8a26-86db0f72e4e0', 'b2dc8418-d1d7-43cf-885d-331dcf747d5f');
INSERT INTO user(userID, curp, rfc, birthName, surname, mail, passwd, passwdFlag, zipCode, houseNumber, streetName, colony, workModality, workStatus, userRoleIDFK, countryUserIDFK) VALUES('5a3270ab-2000-4d65-9fab-6a0419fbd3a2', 'RUHA357MTLKEW72', 'RUHA357MTLF2', 'Ana', 'Ruiz Hernández', 'egepxgk@yahoo.com', 'xgqwlmxtrku', FALSE, 81935, '513.C', 'Calle de los Cedros', 'Colonia Jardines de Querétaro', 2, FALSE, '3d4104ac-0467-41aa-8a26-86db0f72e4e0', '5607a8e3-f1e2-4739-8894-0970dc94afa6');
INSERT INTO user(userID, curp, rfc, birthName, surname, mail, passwd, passwdFlag, zipCode, houseNumber, streetName, colony, workModality, workStatus, userRoleIDFK, countryUserIDFK) VALUES('90b479d9-f6ea-48cb-9388-0f0281d35e9d', 'GOFP0917HQTKXG11', 'GOFP0917HQH5', 'Patricia', 'González Fernández', 'llwapkftvoa@nuclea.solutions', 'ttwpyyutskp', FALSE, 10398, '944.B', 'Calle 5 de Febrero', 'Colonia El Laurel', 0, TRUE, '3d4104ac-0467-41aa-8a26-86db0f72e4e0', 'b2dc8418-d1d7-43cf-885d-331dcf747d5f');
INSERT INTO user(userID, curp, rfc, birthName, surname, mail, passwd, passwdFlag, zipCode, houseNumber, streetName, colony, workModality, workStatus, userRoleIDFK, countryUserIDFK) VALUES('5c16f7f0-e13c-457f-8d4c-2df975d6d25c', 'ROFJ0320HCMRKE28', 'ROFJ0320HCO9', 'Javier', 'Rodríguez Fernández', 'hsfulccjirp@yahoo.com', 'clqohqvet', FALSE, 63162, '492.C', 'Calle Guerrero', 'Colonia El Mirador', 2, TRUE, 'e685b0a2-03bb-4f9e-a82b-a95e9e75e4b7', 'b2dc8418-d1d7-43cf-885d-331dcf747d5f');
INSERT INTO user(userID, curp, rfc, birthName, surname, mail, passwd, passwdFlag, zipCode, houseNumber, streetName, colony, workModality, workStatus, userRoleIDFK, countryUserIDFK) VALUES('1bf98a2b-8765-4f27-acc1-336bfafd4a31', 'MOTA0224HCHFIM22', 'MOTA0224HCQ2', 'Adrián', 'Moreno Torres', 'iyrkspaohv@outlook.com', 'vhaqqjupsk', TRUE, 52889, '119.A', 'Calle de la Amistad', 'Colonia Emiliano Zapata', 1, FALSE, 'e685b0a2-03bb-4f9e-a82b-a95e9e75e4b7', 'e3174534-2a47-4237-9629-2cb9f624f79d');
INSERT INTO user(userID, curp, rfc, birthName, surname, mail, passwd, passwdFlag, zipCode, houseNumber, streetName, colony, workModality, workStatus, userRoleIDFK, countryUserIDFK) VALUES('87a89d91-0e11-47fb-9511-eec1b9bb7202', 'HEHL439MSRPVS80', 'HEHL439MSRB2', 'Laura', 'Hernández Hernández', 'josainkbghrhs@nuclea.solutions', 'ryaavemjkqymg', TRUE, 80389, '540.C', 'Calle de la Luna', 'Colonia Reforma', 2, TRUE, '3d4104ac-0467-41aa-8a26-86db0f72e4e0', 'b2dc8418-d1d7-43cf-885d-331dcf747d5f');
INSERT INTO user(userID, curp, rfc, birthName, surname, mail, passwd, passwdFlag, zipCode, houseNumber, streetName, colony, workModality, workStatus, userRoleIDFK, countryUserIDFK) VALUES('8676b8d3-a641-47e2-aeff-8e15fe93b67f', 'TORF0923MCLELU10', 'TORF0923MCK7', 'Francisco', 'Torres Rodríguez', 'wdsrxxwhnm@yahoo.com', 'qpaeeeyhrp', TRUE, 80241, '15.B', 'Calle de los Abetos', 'Colonia San José', 0, TRUE, '7cfd0ec8-13f3-49b9-a959-4660c17d8df0', '149d3993-e4d1-452d-b2e5-0f950a9f128e');
INSERT INTO user(userID, curp, rfc, birthName, surname, mail, passwd, passwdFlag, zipCode, houseNumber, streetName, colony, workModality, workStatus, userRoleIDFK, countryUserIDFK) VALUES('b3d3c8e4-b0e7-4f00-92f8-4a9c6c41331e', 'MARS2026MCMNCM37', 'MARS2026MCR5', 'Susana', 'Martínez Rodríguez', 'ymcmhaxwlscud@nuclea.solutions', 'ibolsrqodcvkd', FALSE, 33512, '601.C', 'Avenida Morelos', 'Colonia El Cerrito', 3, FALSE, '3d4104ac-0467-41aa-8a26-86db0f72e4e0', '5607a8e3-f1e2-4739-8894-0970dc94afa6');
INSERT INTO user(userID, curp, rfc, birthName, surname, mail, passwd, passwdFlag, zipCode, houseNumber, streetName, colony, workModality, workStatus, userRoleIDFK, countryUserIDFK) VALUES('cb26b2ae-18f2-4e5c-a23e-6c72a67974e4', 'RUTS2912MHGUGB75', 'RUTS2912MHQ5', 'Susana', 'Ruiz Torres', 'ptpvdnefrmn@nuclea.solutions', 'gqecardooioob', TRUE, 53205, '767.B', 'Avenida de la Solidaridad', 'Colonia Santa Fe', 1, TRUE, '3d4104ac-0467-41aa-8a26-86db0f72e4e0', 'e3174534-2a47-4237-9629-2cb9f624f79d');
INSERT INTO user(userID, curp, rfc, birthName, surname, mail, passwd, passwdFlag, zipCode, houseNumber, streetName, colony, workModality, workStatus, userRoleIDFK, countryUserIDFK) VALUES('3262efc1-e5e2-4cb5-a7db-453f91191357', 'JIME343MMSUDI57', 'JIME343MMSL3', 'Elena', 'Jiménez Moreno', 'iewogln@nuclea.solutions', 'ppsgkqwdq', TRUE, 33121, '856.C', 'Calle del Sol', 'Colonia San José', 0, TRUE, '7cfd0ec8-13f3-49b9-a959-4660c17d8df0', 'b2dc8418-d1d7-43cf-885d-331dcf747d5f');
INSERT INTO user(userID, curp, rfc, birthName, surname, mail, passwd, passwdFlag, zipCode, houseNumber, streetName, colony, workModality, workStatus, userRoleIDFK, countryUserIDFK) VALUES('d436e30e-10de-431e-8f50-026924270401', 'MAFM4810MNLFGE52', 'MAFM4810MNS7', 'María', 'Martínez Fernández', 'kjigvuxh@gmail.com', 'bpubsgdsbedao', TRUE, 95438, '790.C', 'Avenida Universidad', 'Colonia Las Águilas', 0, TRUE, '7cfd0ec8-13f3-49b9-a959-4660c17d8df0', 'b2dc8418-d1d7-43cf-885d-331dcf747d5f');
INSERT INTO user(userID, curp, rfc, birthName, surname, mail, passwd, passwdFlag, zipCode, houseNumber, streetName, colony, workModality, workStatus, userRoleIDFK, countryUserIDFK) VALUES('21ac0e2e-3e1f-4d91-911e-cc4ccd1ca155', 'GOFE0218MSLTKU88', 'GOFE0218MSY5', 'Elena', 'González Fernández', 'iyghqfdmkffa@gmail.com', 'hlgaaaqarq', FALSE, 47686, '443.A', 'Calle de los Naranjos', 'Colonia El Cerrito', 0, FALSE, 'e685b0a2-03bb-4f9e-a82b-a95e9e75e4b7', '5607a8e3-f1e2-4739-8894-0970dc94afa6');
INSERT INTO user(userID, curp, rfc, birthName, surname, mail, passwd, passwdFlag, zipCode, houseNumber, streetName, colony, workModality, workStatus, userRoleIDFK, countryUserIDFK) VALUES('ab3b2236-4619-42b0-a45d-1d76bb752bfe', 'FEHM3220HBCTDS91', 'FEHM3220HBQ5', 'María', 'Fernández Hernández', 'mqsgbsxmoyej@gmail.com', 'hbdagdbvhu', FALSE, 39927, '168.A', 'Calle de la Corregidora', 'Colonia Centro', 2, TRUE, '7cfd0ec8-13f3-49b9-a959-4660c17d8df0', '149d3993-e4d1-452d-b2e5-0f950a9f128e');
INSERT INTO user(userID, curp, rfc, birthName, surname, mail, passwd, passwdFlag, zipCode, houseNumber, streetName, colony, workModality, workStatus, userRoleIDFK, countryUserIDFK) VALUES('bd372027-583d-4753-b314-a34252871855', 'MAFM082HASOVJ78', 'MAFM082HASV5', 'María', 'Martínez Fernández', 'huarckbwuw@nuclea.solutions', 'fvqrmjlj', TRUE, 84255, '717.A', 'Calle de la Reforma', 'Colonia Lomas de Querétaro', 2, TRUE, '3d4104ac-0467-41aa-8a26-86db0f72e4e0', '149d3993-e4d1-452d-b2e5-0f950a9f128e');
INSERT INTO user(userID, curp, rfc, birthName, surname, mail, passwd, passwdFlag, zipCode, houseNumber, streetName, colony, workModality, workStatus, userRoleIDFK, countryUserIDFK) VALUES('22a48fbf-3a9c-4f27-afc8-1348373498b0', 'ROHR496HTLPRD96', 'ROHR496HTLF1', 'Raquel', 'Rodríguez Hernández', 'phoajklstvl@gmail.com', 'kyhfojwbvxi', FALSE, 26698, '966.C', 'Avenida de la Independencia', 'Colonia Lomas de Querétaro', 0, TRUE, '7cfd0ec8-13f3-49b9-a959-4660c17d8df0', 'e3174534-2a47-4237-9629-2cb9f624f79d');
INSERT INTO user(userID, curp, rfc, birthName, surname, mail, passwd, passwdFlag, zipCode, houseNumber, streetName, colony, workModality, workStatus, userRoleIDFK, countryUserIDFK) VALUES('3f645460-adb8-41df-bd8e-e33f8ba8b2b5', 'MARP2019HPLNMS62', 'MARP2019HPB3', 'Patricia', 'Martínez Ruiz', 'xbhgkle@gmail.com', 'hpvboiqvdpuw', FALSE, 11253, '817.C', 'Avenida de la Libertad', 'Colonia Santa Fe', 0, TRUE, '7cfd0ec8-13f3-49b9-a959-4660c17d8df0', '149d3993-e4d1-452d-b2e5-0f950a9f128e');
INSERT INTO user(userID, curp, rfc, birthName, surname, mail, passwd, passwdFlag, zipCode, houseNumber, streetName, colony, workModality, workStatus, userRoleIDFK, countryUserIDFK) VALUES('93119f27-1872-47f1-a10a-90784ded29ac', 'RUFR2618HGRBRJ43', 'RUFR2618HGA0', 'Rafael', 'Ruiz Fernández', 'brhnxukt@outlook.com', 'rufyemcfvnjw', FALSE, 66115, '374.B', 'Calle de los Abetos', 'Colonia El Laurel', 2, FALSE, '7cfd0ec8-13f3-49b9-a959-4660c17d8df0', '5607a8e3-f1e2-4739-8894-0970dc94afa6');
INSERT INTO user(userID, curp, rfc, birthName, surname, mail, passwd, passwdFlag, zipCode, houseNumber, streetName, colony, workModality, workStatus, userRoleIDFK, countryUserIDFK) VALUES('77dc1701-f6f0-4e9a-9c2f-8db8354bdeeb', 'GOJF3722MSRKRO77', 'GOJF3722MSC7', 'Fernando', 'González Jiménez', 'ebusclxbyjf@yahoo.com', 'kudlywedn', FALSE, 14588, '493.C', 'Calle Corregidora', 'Colonia San José', 3, FALSE, 'e685b0a2-03bb-4f9e-a82b-a95e9e75e4b7', '5607a8e3-f1e2-4739-8894-0970dc94afa6');
INSERT INTO user(userID, curp, rfc, birthName, surname, mail, passwd, passwdFlag, zipCode, houseNumber, streetName, colony, workModality, workStatus, userRoleIDFK, countryUserIDFK) VALUES('89929744-af00-4c37-8cf2-9445512a5065', 'RORC247HNTIOE97', 'RORC247HNTJ4', 'Carlos', 'Rodríguez Ruiz', 'lulbpnwojmj@nuclea.solutions', 'wcpljgf', TRUE, 89784, '635.A', 'Avenida de los Insurgentes', 'Colonia Santa Fe', 2, FALSE, '7cfd0ec8-13f3-49b9-a959-4660c17d8df0', '5607a8e3-f1e2-4739-8894-0970dc94afa6');
INSERT INTO user(userID, curp, rfc, birthName, surname, mail, passwd, passwdFlag, zipCode, houseNumber, streetName, colony, workModality, workStatus, userRoleIDFK, countryUserIDFK) VALUES('36c6fb70-0c18-4f66-9afe-72446aee2a1d', 'MOHL092HSLTLP95', 'MOHL092HSLU2', 'Laura', 'Moreno Hernández', 'ilqbtwkpsnt@yahoo.com', 'bqkamfkmuh', TRUE, 54247, '464.C', 'Calle Zaragoza', 'Colonia Los Ángeles', 2, FALSE, '3d4104ac-0467-41aa-8a26-86db0f72e4e0', '5607a8e3-f1e2-4739-8894-0970dc94afa6');
INSERT INTO user(userID, curp, rfc, birthName, surname, mail, passwd, passwdFlag, zipCode, houseNumber, streetName, colony, workModality, workStatus, userRoleIDFK, countryUserIDFK) VALUES('798b5a5d-2e33-455d-beff-6b479407f961', 'JIHE0813HCHFRA70', 'JIHE0813HCL8', 'Elena', 'Jiménez Hernández', 'kxkatxryasjd@gmail.com', 'wsfpjwcxths', TRUE, 76921, '212.B', 'Avenida de los Arcos', 'Colonia del Sol', 3, TRUE, '3d4104ac-0467-41aa-8a26-86db0f72e4e0', 'e3174534-2a47-4237-9629-2cb9f624f79d');
INSERT INTO user(userID, curp, rfc, birthName, surname, mail, passwd, passwdFlag, zipCode, houseNumber, streetName, colony, workModality, workStatus, userRoleIDFK, countryUserIDFK) VALUES('3dd45437-cef6-4fe6-a270-6ce62369fce4', 'HEML370MPLBWI83', 'HEML370MPLA9', 'Lucía', 'Hernández Martínez', 'mvmvjyknyy@nuclea.solutions', 'ehtjtvelew', TRUE, 48507, '632.B', 'Calle de los Cedros', 'Colonia El Mirador', 1, TRUE, '7cfd0ec8-13f3-49b9-a959-4660c17d8df0', '5607a8e3-f1e2-4739-8894-0970dc94afa6');
INSERT INTO user(userID, curp, rfc, birthName, surname, mail, passwd, passwdFlag, zipCode, houseNumber, streetName, colony, workModality, workStatus, userRoleIDFK, countryUserIDFK) VALUES('4b4fa10a-9114-4758-8022-4c3f1e9a6575', 'MAGR393HDGDDQ66', 'MAGR393HDGP1', 'Rafael', 'Martínez González', 'syeaxwuhmsd@yahoo.com', 'glupqccxmwlqp', TRUE, 15610, '473.B', 'Avenida de la Independencia', 'Colonia Morelos', 1, FALSE, 'e685b0a2-03bb-4f9e-a82b-a95e9e75e4b7', 'e3174534-2a47-4237-9629-2cb9f624f79d');
INSERT INTO user(userID, curp, rfc, birthName, surname, mail, passwd, passwdFlag, zipCode, houseNumber, streetName, colony, workModality, workStatus, userRoleIDFK, countryUserIDFK) VALUES('68e0baf8-3a3c-4581-9843-f715ae3ccd5c', 'FEFP061MSLJQS58', 'FEFP061MSLL6', 'Pedro', 'Fernández Fernández', 'imoruqlufnf@outlook.com', 'rclijelki', FALSE, 93453, '622.A', 'Calle de la Santa Cruz', 'Colonia Las Águilas', 1, TRUE, 'e685b0a2-03bb-4f9e-a82b-a95e9e75e4b7', '5607a8e3-f1e2-4739-8894-0970dc94afa6');
INSERT INTO user(userID, curp, rfc, birthName, surname, mail, passwd, passwdFlag, zipCode, houseNumber, streetName, colony, workModality, workStatus, userRoleIDFK, countryUserIDFK) VALUES('1ed0fb68-5b02-485f-9997-fb45461da311', 'MAJF4521HBCIGY42', 'MAJF4521HBI9', 'Francisco', 'Martínez Jiménez', 'nidpwcfktm@nuclea.solutions', 'eueqvmejhpkhi', TRUE, 95647, '723.A', 'Calle Guerrero', 'Colonia Centro', 2, TRUE, 'e685b0a2-03bb-4f9e-a82b-a95e9e75e4b7', 'b2dc8418-d1d7-43cf-885d-331dcf747d5f');
INSERT INTO user(userID, curp, rfc, birthName, surname, mail, passwd, passwdFlag, zipCode, houseNumber, streetName, colony, workModality, workStatus, userRoleIDFK, countryUserIDFK) VALUES('d524eea7-eefe-43a1-9982-3df1f57f7163', 'RUJM099HJCEXS17', 'RUJM099HJCJ1', 'María', 'Ruiz Jiménez', 'bffsjtjwxad@gmail.com', 'iqqdlscqdg', FALSE, 69231, '890.A', 'Calle de la Merced', 'Colonia El Cerrito', 2, TRUE, '3d4104ac-0467-41aa-8a26-86db0f72e4e0', 'e3174534-2a47-4237-9629-2cb9f624f79d');
INSERT INTO user(userID, curp, rfc, birthName, surname, mail, passwd, passwdFlag, zipCode, houseNumber, streetName, colony, workModality, workStatus, userRoleIDFK, countryUserIDFK) VALUES('0d6f87c2-f932-4191-a9b9-c14bbde961d2', 'GOGL4223HBSDST31', 'GOGL4223HBN4', 'Lucía', 'González González', 'rcguiensqn@gmail.com', 'yhoatvuk', FALSE, 98973, '636.A', 'Calle Guerrero', 'Colonia La Pradera', 1, TRUE, '7cfd0ec8-13f3-49b9-a959-4660c17d8df0', 'b2dc8418-d1d7-43cf-885d-331dcf747d5f');
INSERT INTO user(userID, curp, rfc, birthName, surname, mail, passwd, passwdFlag, zipCode, houseNumber, streetName, colony, workModality, workStatus, userRoleIDFK, countryUserIDFK) VALUES('715a4c53-886a-43b9-bd3d-ee2004bdb423', 'JIJL2110HHGCEP73', 'JIJL2110HHY3', 'Laura', 'Jiménez Jiménez', 'dgnktjrsijp@gmail.com', 'fslvsrq', FALSE, 81998, '71.B', 'Calle del Carmen', 'Colonia El Campanario', 2, TRUE, 'e685b0a2-03bb-4f9e-a82b-a95e9e75e4b7', 'e3174534-2a47-4237-9629-2cb9f624f79d');
INSERT INTO user(userID, curp, rfc, birthName, surname, mail, passwd, passwdFlag, zipCode, houseNumber, streetName, colony, workModality, workStatus, userRoleIDFK, countryUserIDFK) VALUES('78d77ebe-747d-4c5b-8c29-34bc7ff05d5c', 'TORP3820HBSDLK57', 'TORP3820HBX6', 'Pedro', 'Torres Rodríguez', 'wnauwdbwku@gmail.com', 'iquuyuemxgbv', FALSE, 71894, '844.B', 'Calle de la Estación', 'Colonia Lomas de Querétaro', 0, TRUE, '7cfd0ec8-13f3-49b9-a959-4660c17d8df0', 'e3174534-2a47-4237-9629-2cb9f624f79d');
INSERT INTO user(userID, curp, rfc, birthName, surname, mail, passwd, passwdFlag, zipCode, houseNumber, streetName, colony, workModality, workStatus, userRoleIDFK, countryUserIDFK) VALUES('a86503fd-cabf-49ff-98e6-d464e2e59cfb', 'JIME4912MDGMBR33', 'JIME4912MDS0', 'Elena', 'Jiménez Moreno', 'sfhqcjl@nuclea.solutions', 'knsshrqk', FALSE, 64084, '605.C', 'Calle de la Estación', 'Colonia Lomas de Querétaro', 3, TRUE, '3d4104ac-0467-41aa-8a26-86db0f72e4e0', 'b2dc8418-d1d7-43cf-885d-331dcf747d5f');
INSERT INTO user(userID, curp, rfc, birthName, surname, mail, passwd, passwdFlag, zipCode, houseNumber, streetName, colony, workModality, workStatus, userRoleIDFK, countryUserIDFK) VALUES('2a9a0e70-f818-4845-aaa9-4e610b1cd094', 'JIMM3726HZSIYM64', 'JIMM3726HZU0', 'María', 'Jiménez Martínez', 'hbelpkh@outlook.com', 'nbofcqhp', TRUE, 17520, '736.B', 'Calle de la Reforma', 'Colonia Nuevo Milenio', 3, TRUE, '3d4104ac-0467-41aa-8a26-86db0f72e4e0', '149d3993-e4d1-452d-b2e5-0f950a9f128e');
INSERT INTO user(userID, curp, rfc, birthName, surname, mail, passwd, passwdFlag, zipCode, houseNumber, streetName, colony, workModality, workStatus, userRoleIDFK, countryUserIDFK) VALUES('9fba1abf-9420-4b96-9150-25c48350ce80', 'HEFA3317HGRNEH77', 'HEFA3317HGP1', 'Antonio', 'Hernández Fernández', 'eaqstlqv@nuclea.solutions', 'vtpyxnceq', FALSE, 38375, '258.A', 'Calle de los Cedros', 'Colonia Los Ángeles', 1, FALSE, 'e685b0a2-03bb-4f9e-a82b-a95e9e75e4b7', '5607a8e3-f1e2-4739-8894-0970dc94afa6');
INSERT INTO user(userID, curp, rfc, birthName, surname, mail, passwd, passwdFlag, zipCode, houseNumber, streetName, colony, workModality, workStatus, userRoleIDFK, countryUserIDFK) VALUES('00088490-3855-4444-9b02-5da6a7638748', 'MAFF381HBSMXN61', 'MAFF381HBSI3', 'Fernando', 'Martínez Fernández', 'lxuvxbugosq@yahoo.com', 'hdpjmrbwq', FALSE, 27528, '920.B', 'Calle de la Merced', 'Colonia Los Ángeles', 0, TRUE, '7cfd0ec8-13f3-49b9-a959-4660c17d8df0', 'e3174534-2a47-4237-9629-2cb9f624f79d');
INSERT INTO user(userID, curp, rfc, birthName, surname, mail, passwd, passwdFlag, zipCode, houseNumber, streetName, colony, workModality, workStatus, userRoleIDFK, countryUserIDFK) VALUES('95e5b5f8-4961-4f9c-96ad-c9a9b3ac2250', 'MOHF2106HGTJYV49', 'MOHF2106HGV7', 'Fernando', 'Moreno Hernández', 'mksnfdem@gmail.com', 'adalndrgbgq', FALSE, 70087, '777.B', 'Avenida de la Luz', 'Colonia El Campanario', 0, TRUE, '3d4104ac-0467-41aa-8a26-86db0f72e4e0', '5607a8e3-f1e2-4739-8894-0970dc94afa6');
INSERT INTO user(userID, curp, rfc, birthName, surname, mail, passwd, passwdFlag, zipCode, houseNumber, streetName, colony, workModality, workStatus, userRoleIDFK, countryUserIDFK) VALUES('a7550e75-eb76-41f3-a77c-6332c2cf7a09', 'MOMA11126HSLFRO83', 'MOMA11126HG4', 'Ana', 'Moreno Moreno', 'vmxmpntlk@nuclea.solutions', 'qvtigaj', FALSE, 58303, '687.C', 'Avenida Morelos', 'Colonia Valle Verde', 1, TRUE, '7cfd0ec8-13f3-49b9-a959-4660c17d8df0', 'b2dc8418-d1d7-43cf-885d-331dcf747d5f');
INSERT INTO user(userID, curp, rfc, birthName, surname, mail, passwd, passwdFlag, zipCode, houseNumber, streetName, colony, workModality, workStatus, userRoleIDFK, countryUserIDFK) VALUES('7b0ecb1e-23bf-4868-a394-ee1282115348', 'HEJP1027MVZMUD87', 'HEJP1027MVE4', 'Pedro', 'Hernández Jiménez', 'rrpigiyhut@outlook.com', 'wejdhbbp', TRUE, 62244, '253.B', 'Calle de la Paz', 'Colonia Morelos', 0, TRUE, 'e685b0a2-03bb-4f9e-a82b-a95e9e75e4b7', '5607a8e3-f1e2-4739-8894-0970dc94afa6');
INSERT INTO user(userID, curp, rfc, birthName, surname, mail, passwd, passwdFlag, zipCode, houseNumber, streetName, colony, workModality, workStatus, userRoleIDFK, countryUserIDFK) VALUES('d1351756-adb8-42b3-9714-ed79b3da9ea1', 'MAHF01129MGTKVN71', 'MAHF01129MQ6', 'Francisco', 'Martínez Hernández', 'qdagsgtvhpjo@gmail.com', 'ypoxbsraj', FALSE, 99602, '504.A', 'Calle Juárez', 'Colonia Valle Verde', 3, TRUE, 'e685b0a2-03bb-4f9e-a82b-a95e9e75e4b7', '149d3993-e4d1-452d-b2e5-0f950a9f128e');
INSERT INTO user(userID, curp, rfc, birthName, surname, mail, passwd, passwdFlag, zipCode, houseNumber, streetName, colony, workModality, workStatus, userRoleIDFK, countryUserIDFK) VALUES('fd6218dc-df91-45ee-a34d-d562c5e05f66', 'FEJJ076MMNRPQ25', 'FEJJ076MMNQ6', 'Juan', 'Fernández Jiménez', 'lfkwuwqhjdude@gmail.com', 'rtrvckv', FALSE, 29007, '989.B', 'Calle Guerrero', 'Colonia El Cerrito', 2, TRUE, '3d4104ac-0467-41aa-8a26-86db0f72e4e0', 'b2dc8418-d1d7-43cf-885d-331dcf747d5f');
INSERT INTO user(userID, curp, rfc, birthName, surname, mail, passwd, passwdFlag, zipCode, houseNumber, streetName, colony, workModality, workStatus, userRoleIDFK, countryUserIDFK) VALUES('a24ef523-0ca5-4cc1-ac1b-280a322ba5e2', 'GORR2420MOCNDK13', 'GORR2420MOM0', 'Roberto', 'González Rodríguez', 'voaxxwjqbu@nuclea.solutions', 'porsjbmy', TRUE, 81644, '379.A', 'Calle de la Reforma', 'Colonia El Cerrito', 2, FALSE, 'e685b0a2-03bb-4f9e-a82b-a95e9e75e4b7', 'e3174534-2a47-4237-9629-2cb9f624f79d');
INSERT INTO user(userID, curp, rfc, birthName, surname, mail, passwd, passwdFlag, zipCode, houseNumber, streetName, colony, workModality, workStatus, userRoleIDFK, countryUserIDFK) VALUES('9cf8bdbd-c483-460c-b7f8-d3c694dd03d4', 'FEJF01118MSLJUH56', 'FEJF01118MN7', 'Francisco', 'Fernández Jiménez', 'vwopnmuyyq@gmail.com', 'ermkpkb', FALSE, 36540, '434.C', 'Calle de la Corregidora', 'Colonia El Mirador', 3, FALSE, '7cfd0ec8-13f3-49b9-a959-4660c17d8df0', '149d3993-e4d1-452d-b2e5-0f950a9f128e');
INSERT INTO user(userID, curp, rfc, birthName, surname, mail, passwd, passwdFlag, zipCode, houseNumber, streetName, colony, workModality, workStatus, userRoleIDFK, countryUserIDFK) VALUES('0f568bbe-1ae2-4848-aee9-9db1126b3a6e', 'MATB3119MQTAIQ30', 'MATB3119MQT4', 'Beatriz', 'Martínez Torres', 'gususerbibyfe@outlook.com', 'cxyguplbcofo', TRUE, 48425, '587.B', 'Avenida Revolución', 'Colonia Lomas de Querétaro', 3, FALSE, '7cfd0ec8-13f3-49b9-a959-4660c17d8df0', 'e3174534-2a47-4237-9629-2cb9f624f79d');
INSERT INTO user(userID, curp, rfc, birthName, surname, mail, passwd, passwdFlag, zipCode, houseNumber, streetName, colony, workModality, workStatus, userRoleIDFK, countryUserIDFK) VALUES('25e88365-4632-4f99-ae9a-8fecf2484fee', 'MARC0011HGRKGH15', 'MARC0011HGV4', 'Carlos', 'Martínez Rodríguez', 'huckrgbtbgb@nuclea.solutions', 'shluvkjosdug', FALSE, 41819, '615.A', 'Calle Allende', 'Colonia Jardines de Querétaro', 0, TRUE, 'e685b0a2-03bb-4f9e-a82b-a95e9e75e4b7', '149d3993-e4d1-452d-b2e5-0f950a9f128e');
INSERT INTO user(userID, curp, rfc, birthName, surname, mail, passwd, passwdFlag, zipCode, houseNumber, streetName, colony, workModality, workStatus, userRoleIDFK, countryUserIDFK) VALUES('4b13939f-fe38-4d70-a3cd-6d664a7e33bb', 'HERA1826MSROCL40', 'HERA1826MSE2', 'Adrián', 'Hernández Rodríguez', 'odnqffowfv@yahoo.com', 'macekekjmo', TRUE, 79969, '158.A', 'Calle de la Estación', 'Colonia Valle Verde', 3, TRUE, '3d4104ac-0467-41aa-8a26-86db0f72e4e0', 'e3174534-2a47-4237-9629-2cb9f624f79d');
INSERT INTO user(userID, curp, rfc, birthName, surname, mail, passwd, passwdFlag, zipCode, houseNumber, streetName, colony, workModality, workStatus, userRoleIDFK, countryUserIDFK) VALUES('a6ac7e46-2faa-42dc-9f6f-3efd8cdda019', 'MAML2122MJCKTE81', 'MAML2122MJC7', 'Laura', 'Martínez Martínez', 'mhtidry@nuclea.solutions', 'mpmpdmrivsgps', TRUE, 24646, '285.B', 'Calle del Carmen', 'Colonia Nuevo Milenio', 3, TRUE, '7cfd0ec8-13f3-49b9-a959-4660c17d8df0', 'b2dc8418-d1d7-43cf-885d-331dcf747d5f');
INSERT INTO user(userID, curp, rfc, birthName, surname, mail, passwd, passwdFlag, zipCode, houseNumber, streetName, colony, workModality, workStatus, userRoleIDFK, countryUserIDFK) VALUES('e0b9c32e-9018-4ca9-bf90-1f2112324840', 'FETJ2823MNLGFA64', 'FETJ2823MNH2', 'José', 'Fernández Torres', 'qsmfgeqca@outlook.com', 'kjmnqhirfwsv', FALSE, 88585, '959.A', 'Avenida de la Luz', 'Colonia Jardines de Querétaro', 1, TRUE, '3d4104ac-0467-41aa-8a26-86db0f72e4e0', '149d3993-e4d1-452d-b2e5-0f950a9f128e');
INSERT INTO user(userID, curp, rfc, birthName, surname, mail, passwd, passwdFlag, zipCode, houseNumber, streetName, colony, workModality, workStatus, userRoleIDFK, countryUserIDFK) VALUES('208ec34b-3645-4ccd-8650-65e0db0891e7', 'HEML371HDGXSW60', 'HEML371HDGM0', 'Lucía', 'Hernández Moreno', 'ibyqmrn@outlook.com', 'rpwjrfo', TRUE, 69365, '858.C', 'Calle Benito Juárez', 'Colonia Las Águilas', 1, TRUE, '7cfd0ec8-13f3-49b9-a959-4660c17d8df0', '5607a8e3-f1e2-4739-8894-0970dc94afa6');
INSERT INTO user(userID, curp, rfc, birthName, surname, mail, passwd, passwdFlag, zipCode, houseNumber, streetName, colony, workModality, workStatus, userRoleIDFK, countryUserIDFK) VALUES('8a8317bf-0640-4d17-845c-0ab5564e4567', 'ROHF253MCMYCF92', 'ROHF253MCMM1', 'Francisco', 'Rodríguez Hernández', 'ewajtneposb@nuclea.solutions', 'wnpsabsajyne', FALSE, 72198, '397.C', 'Calle de la Paz', 'Colonia El Laurel', 2, FALSE, 'e685b0a2-03bb-4f9e-a82b-a95e9e75e4b7', 'b2dc8418-d1d7-43cf-885d-331dcf747d5f');
INSERT INTO user(userID, curp, rfc, birthName, surname, mail, passwd, passwdFlag, zipCode, houseNumber, streetName, colony, workModality, workStatus, userRoleIDFK, countryUserIDFK) VALUES('f98a2e1d-7e02-46f0-bfaa-6ced84471937', 'HERB071HTLHOJ91', 'HERB071HTLM6', 'Beatriz', 'Hernández Rodríguez', 'pogvnqcfge@nuclea.solutions', 'enrqbygysony', TRUE, 97940, '533.C', 'Calle 5 de Febrero', 'Colonia Santa Fe', 3, FALSE, 'e685b0a2-03bb-4f9e-a82b-a95e9e75e4b7', 'e3174534-2a47-4237-9629-2cb9f624f79d');
INSERT INTO user(userID, curp, rfc, birthName, surname, mail, passwd, passwdFlag, zipCode, houseNumber, streetName, colony, workModality, workStatus, userRoleIDFK, countryUserIDFK) VALUES('90a6ddd5-4240-447e-9b7c-6607c8ba2f83', 'MORE291HCLRHW66', 'MORE291HCLR9', 'Elena', 'Moreno Ruiz', 'lypqnhyv@yahoo.com', 'lgurvtglnx', TRUE, 35526, '847.A', 'Calle del Sol', 'Colonia Jardines de Querétaro', 3, FALSE, 'e685b0a2-03bb-4f9e-a82b-a95e9e75e4b7', '149d3993-e4d1-452d-b2e5-0f950a9f128e');
INSERT INTO user(userID, curp, rfc, birthName, surname, mail, passwd, passwdFlag, zipCode, houseNumber, streetName, colony, workModality, workStatus, userRoleIDFK, countryUserIDFK) VALUES('8f808ecc-61b0-41a6-8cf8-8a354cf360ac', 'GOGA3219HCMNKC21', 'GOGA3219HCI9', 'Antonio', 'González González', 'guykwgtosom@outlook.com', 'blomesqyje', FALSE, 64112, '432.C', 'Avenida Morelos', 'Colonia Centro', 1, FALSE, '7cfd0ec8-13f3-49b9-a959-4660c17d8df0', '5607a8e3-f1e2-4739-8894-0970dc94afa6');
INSERT INTO user(userID, curp, rfc, birthName, surname, mail, passwd, passwdFlag, zipCode, houseNumber, streetName, colony, workModality, workStatus, userRoleIDFK, countryUserIDFK) VALUES('a7ad5f3b-3ff5-45f5-98c1-625c0fccf27c', 'MAGP3115HNLXLT79', 'MAGP3115HNI5', 'Pedro', 'Martínez González', 'tgrgokvknduw@yahoo.com', 'otjkkrfmji', FALSE, 58262, '808.A', 'Avenida de la Juventud', 'Colonia La Pradera', 1, TRUE, '3d4104ac-0467-41aa-8a26-86db0f72e4e0', 'b2dc8418-d1d7-43cf-885d-331dcf747d5f');
INSERT INTO user(userID, curp, rfc, birthName, surname, mail, passwd, passwdFlag, zipCode, houseNumber, streetName, colony, workModality, workStatus, userRoleIDFK, countryUserIDFK) VALUES('c6fe37b9-9d38-44cd-837a-6e7aea6d2a03', 'GORJ41128MGTWIM85', 'GORJ41128MP8', 'José', 'González Ruiz', 'albjgpxxacupp@outlook.com', 'klyljrootn', TRUE, 47739, '680.A', 'Calle Benito Juárez', 'Colonia Morelos', 0, TRUE, '3d4104ac-0467-41aa-8a26-86db0f72e4e0', 'b2dc8418-d1d7-43cf-885d-331dcf747d5f');
INSERT INTO user(userID, curp, rfc, birthName, surname, mail, passwd, passwdFlag, zipCode, houseNumber, streetName, colony, workModality, workStatus, userRoleIDFK, countryUserIDFK) VALUES('d39c6837-b8f9-48d2-b64e-ce016a919373', 'JIJA1410HCMCLB13', 'JIJA1410HCU4', 'Antonio', 'Jiménez Jiménez', 'jiqvvfetw@nuclea.solutions', 'nahbyrifnu', TRUE, 96950, '34.A', 'Calle de los Abetos', 'Colonia San Francisco', 3, FALSE, 'e685b0a2-03bb-4f9e-a82b-a95e9e75e4b7', '149d3993-e4d1-452d-b2e5-0f950a9f128e');
INSERT INTO user(userID, curp, rfc, birthName, surname, mail, passwd, passwdFlag, zipCode, houseNumber, streetName, colony, workModality, workStatus, userRoleIDFK, countryUserIDFK) VALUES('fcb2418d-162f-436d-b65b-d1fe04676626', 'GOGA1619HQTGJJ45', 'GOGA1619HQH6', 'Ana', 'González González', 'lcjquyvgaofg@outlook.com', 'pjrbjdcj', TRUE, 67957, '281.A', 'Avenida de la Juventud', 'Colonia Lomas de Querétaro', 1, TRUE, '7cfd0ec8-13f3-49b9-a959-4660c17d8df0', 'e3174534-2a47-4237-9629-2cb9f624f79d');
INSERT INTO user(userID, curp, rfc, birthName, surname, mail, passwd, passwdFlag, zipCode, houseNumber, streetName, colony, workModality, workStatus, userRoleIDFK, countryUserIDFK) VALUES('dc5e8190-23e1-4d61-abf9-d1bf77c87d42', 'MOJR41128MQTGAC44', 'MOJR41128MG5', 'Rafael', 'Moreno Jiménez', 'vufqwqbej@yahoo.com', 'ewodekmvjlgm', FALSE, 81779, '759.B', 'Calle Juárez', 'Colonia Valle Verde', 1, FALSE, 'e685b0a2-03bb-4f9e-a82b-a95e9e75e4b7', 'b2dc8418-d1d7-43cf-885d-331dcf747d5f');
INSERT INTO user(userID, curp, rfc, birthName, surname, mail, passwd, passwdFlag, zipCode, houseNumber, streetName, colony, workModality, workStatus, userRoleIDFK, countryUserIDFK) VALUES('acda1edd-7a74-44f9-b3e0-cb405d927e30', 'RORM135HSLMUI16', 'RORM135HSLL9', 'Mercedes', 'Rodríguez Ruiz', 'jvvbcdneb@gmail.com', 'khdytnmnl', TRUE, 20473, '8.B', 'Calle de los Abetos', 'Colonia El Campanario', 2, FALSE, 'e685b0a2-03bb-4f9e-a82b-a95e9e75e4b7', 'e3174534-2a47-4237-9629-2cb9f624f79d');
INSERT INTO user(userID, curp, rfc, birthName, surname, mail, passwd, passwdFlag, zipCode, houseNumber, streetName, colony, workModality, workStatus, userRoleIDFK, countryUserIDFK) VALUES('0dd914de-4fe3-4169-b02b-2b75af3ac733', 'TOMP4812HCMGVM25', 'TOMP4812HCE1', 'Patricia', 'Torres Martínez', 'ppygsmmhf@yahoo.com', 'kfwrxekxcshy', TRUE, 89218, '626.C', 'Calle Hidalgo', 'Colonia Las Águilas', 1, TRUE, 'e685b0a2-03bb-4f9e-a82b-a95e9e75e4b7', 'e3174534-2a47-4237-9629-2cb9f624f79d');
INSERT INTO user(userID, curp, rfc, birthName, surname, mail, passwd, passwdFlag, zipCode, houseNumber, streetName, colony, workModality, workStatus, userRoleIDFK, countryUserIDFK) VALUES('608d975a-bccc-4c3e-9039-2681046311ba', 'GOMJ41014MMCGUV48', 'GOMJ41014MI3', 'José', 'González Moreno', 'hionlwwidbl@yahoo.com', 'ixifxibpa', TRUE, 72324, '891.C', 'Calle Juárez', 'Colonia Emiliano Zapata', 2, FALSE, '7cfd0ec8-13f3-49b9-a959-4660c17d8df0', 'e3174534-2a47-4237-9629-2cb9f624f79d');
INSERT INTO user(userID, curp, rfc, birthName, surname, mail, passwd, passwdFlag, zipCode, houseNumber, streetName, colony, workModality, workStatus, userRoleIDFK, countryUserIDFK) VALUES('d0158d0e-f5a8-42b4-8316-28dff5bf5db5', 'HEFM372HASYLG34', 'HEFM372HASL8', 'Mercedes', 'Hernández Fernández', 'feuhcrvh@yahoo.com', 'idpfkgc', TRUE, 39564, '398.A', 'Calle de la Esperanza', 'Colonia San José', 1, TRUE, '3d4104ac-0467-41aa-8a26-86db0f72e4e0', 'b2dc8418-d1d7-43cf-885d-331dcf747d5f');
INSERT INTO user(userID, curp, rfc, birthName, surname, mail, passwd, passwdFlag, zipCode, houseNumber, streetName, colony, workModality, workStatus, userRoleIDFK, countryUserIDFK) VALUES('8b900431-3983-471e-8d36-e1ff92afc9b9', 'ROMM3213HCSFMM99', 'ROMM3213HCD1', 'María', 'Rodríguez Moreno', 'qwclbwawsjon@nuclea.solutions', 'jsxokuah', TRUE, 73954, '949.C', 'Calle del Sol', 'Colonia Los Ángeles', 1, TRUE, '3d4104ac-0467-41aa-8a26-86db0f72e4e0', 'b2dc8418-d1d7-43cf-885d-331dcf747d5f');
INSERT INTO user(userID, curp, rfc, birthName, surname, mail, passwd, passwdFlag, zipCode, houseNumber, streetName, colony, workModality, workStatus, userRoleIDFK, countryUserIDFK) VALUES('b69bf781-96f2-4e8e-92c7-abd425cd80eb', 'TOMC3721MOCPHN19', 'TOMC3721MOQ7', 'Carlos', 'Torres Martínez', 'velwprl@gmail.com', 'qeposfajuvtt', TRUE, 75849, '522.C', 'Calle de la Reforma', 'Colonia Santa Rosa', 1, TRUE, '7cfd0ec8-13f3-49b9-a959-4660c17d8df0', '149d3993-e4d1-452d-b2e5-0f950a9f128e');
INSERT INTO user(userID, curp, rfc, birthName, surname, mail, passwd, passwdFlag, zipCode, houseNumber, streetName, colony, workModality, workStatus, userRoleIDFK, countryUserIDFK) VALUES('d7717007-9f9d-4e58-bce8-768f89ecbd3e', 'GOMD2126MASRTA16', 'GOMD2126MAR0', 'David', 'González Moreno', 'ubsmugrohxwa@yahoo.com', 'gyuoijmxiwceb', TRUE, 34623, '394.A', 'Calle de los Abetos', 'Colonia Valle Verde', 3, FALSE, 'e685b0a2-03bb-4f9e-a82b-a95e9e75e4b7', '5607a8e3-f1e2-4739-8894-0970dc94afa6');
INSERT INTO user(userID, curp, rfc, birthName, surname, mail, passwd, passwdFlag, zipCode, houseNumber, streetName, colony, workModality, workStatus, userRoleIDFK, countryUserIDFK) VALUES('2dd86c7d-9462-428c-a54b-33ffd0ffbd49', 'ROGF3711MZSPDC40', 'ROGF3711MZP7', 'Fernando', 'Rodríguez González', 'umsjkrlom@outlook.com', 'mlgdadlmmnrk', TRUE, 52841, '611.A', 'Calle de la Reforma', 'Colonia Valle Verde', 0, TRUE, '3d4104ac-0467-41aa-8a26-86db0f72e4e0', '149d3993-e4d1-452d-b2e5-0f950a9f128e');
INSERT INTO user(userID, curp, rfc, birthName, surname, mail, passwd, passwdFlag, zipCode, houseNumber, streetName, colony, workModality, workStatus, userRoleIDFK, countryUserIDFK) VALUES('49de4d88-9735-4d6d-993a-1b61d1f27dc0', 'HERI1525HBCNPB60', 'HERI1525HBB8', 'Isabel', 'Hernández Ruiz', 'wdojjeuu@yahoo.com', 'jrxfsitvi', TRUE, 20796, '171.B', 'Avenida de la Constitución', 'Colonia El Campanario', 1, TRUE, '7cfd0ec8-13f3-49b9-a959-4660c17d8df0', 'e3174534-2a47-4237-9629-2cb9f624f79d');
INSERT INTO user(userID, curp, rfc, birthName, surname, mail, passwd, passwdFlag, zipCode, houseNumber, streetName, colony, workModality, workStatus, userRoleIDFK, countryUserIDFK) VALUES('47db8eb3-7b8f-4ec3-b8ee-cef079a06db1', 'HEGJ2826HNTRIP75', 'HEGJ2826HNR4', 'Javier', 'Hernández González', 'beslvjtg@yahoo.com', 'ugkxjdt', FALSE, 88461, '478.C', 'Calle de los Abetos', 'Colonia Emiliano Zapata', 0, FALSE, 'e685b0a2-03bb-4f9e-a82b-a95e9e75e4b7', '149d3993-e4d1-452d-b2e5-0f950a9f128e');
INSERT INTO user(userID, curp, rfc, birthName, surname, mail, passwd, passwdFlag, zipCode, houseNumber, streetName, colony, workModality, workStatus, userRoleIDFK, countryUserIDFK) VALUES('b0b53956-5d88-4f11-a023-ec5f4eb026d3', 'TOTE476MQTGNG48', 'TOTE476MQTD4', 'Enrique', 'Torres Torres', 'grbbshg@yahoo.com', 'sfwedsuubp', FALSE, 69942, '824.C', 'Calle de la Paz', 'Colonia El Laurel', 1, TRUE, '3d4104ac-0467-41aa-8a26-86db0f72e4e0', 'b2dc8418-d1d7-43cf-885d-331dcf747d5f');
INSERT INTO user(userID, curp, rfc, birthName, surname, mail, passwd, passwdFlag, zipCode, houseNumber, streetName, colony, workModality, workStatus, userRoleIDFK, countryUserIDFK) VALUES('79ee4eef-0c19-4963-b705-40741a68c833', 'ROMB195HGTTLE89', 'ROMB195HGTH6', 'Beatriz', 'Rodríguez Martínez', 'tlxhcpvwy@gmail.com', 'rogyfrxtqy', FALSE, 70757, '340.A', 'Calle Vicente Guerrero', 'Colonia San José', 0, TRUE, 'e685b0a2-03bb-4f9e-a82b-a95e9e75e4b7', '149d3993-e4d1-452d-b2e5-0f950a9f128e');
INSERT INTO user(userID, curp, rfc, birthName, surname, mail, passwd, passwdFlag, zipCode, houseNumber, streetName, colony, workModality, workStatus, userRoleIDFK, countryUserIDFK) VALUES('82d4a4fb-6abd-4e91-ad27-34042d5b3b4f', 'GOJP148MJCTPE70', 'GOJP148MJCS6', 'Pedro', 'González Jiménez', 'bpmyxlvdnexyp@yahoo.com', 'okbdhblsmp', TRUE, 68084, '97.C', 'Calle de los Abetos', 'Colonia San Francisco', 0, TRUE, '7cfd0ec8-13f3-49b9-a959-4660c17d8df0', '149d3993-e4d1-452d-b2e5-0f950a9f128e');
INSERT INTO user(userID, curp, rfc, birthName, surname, mail, passwd, passwdFlag, zipCode, houseNumber, streetName, colony, workModality, workStatus, userRoleIDFK, countryUserIDFK) VALUES('6fc28af1-60d1-4e86-bab8-8fb7d2b8c378', 'RURS1222MSLHTN82', 'RURS1222MSO0', 'Susana', 'Ruiz Ruiz', 'lcdkrsddqai@outlook.com', 'nqgkuawcxc', TRUE, 59488, '966.A', 'Avenida de la Solidaridad', 'Colonia Las Águilas', 2, FALSE, 'e685b0a2-03bb-4f9e-a82b-a95e9e75e4b7', '5607a8e3-f1e2-4739-8894-0970dc94afa6');
INSERT INTO user(userID, curp, rfc, birthName, surname, mail, passwd, passwdFlag, zipCode, houseNumber, streetName, colony, workModality, workStatus, userRoleIDFK, countryUserIDFK) VALUES('9e02fcfe-7c00-4791-bef1-3f6fbb42d0f7', 'RURF01012HTLVJK93', 'RURF01012HM6', 'Fernando', 'Ruiz Rodríguez', 'evpqcpqlsql@gmail.com', 'ytjqfodhi', TRUE, 80550, '497.B', 'Calle del Carmen', 'Colonia San José', 1, FALSE, 'e685b0a2-03bb-4f9e-a82b-a95e9e75e4b7', '5607a8e3-f1e2-4739-8894-0970dc94afa6');
INSERT INTO user(userID, curp, rfc, birthName, surname, mail, passwd, passwdFlag, zipCode, houseNumber, streetName, colony, workModality, workStatus, userRoleIDFK, countryUserIDFK) VALUES('8c76a98c-a5bf-4b89-bc4c-ead1097563a2', 'MOJR11117HDGBID80', 'MOJR11117HA4', 'Raquel', 'Moreno Jiménez', 'ldqtembcw@outlook.com', 'mydxtcveuyrx', FALSE, 91027, '573.B', 'Avenida Constituyentes', 'Colonia El Mirador', 1, FALSE, '3d4104ac-0467-41aa-8a26-86db0f72e4e0', '149d3993-e4d1-452d-b2e5-0f950a9f128e');
INSERT INTO user(userID, curp, rfc, birthName, surname, mail, passwd, passwdFlag, zipCode, houseNumber, streetName, colony, workModality, workStatus, userRoleIDFK, countryUserIDFK) VALUES('778b3133-bd0b-4da9-b2d9-c65b2cd12774', 'ROTJ1618MCSOIP93', 'ROTJ1618MCL8', 'Juan', 'Rodríguez Torres', 'leegsqioda@outlook.com', 'kvpmlxpniq', FALSE, 40650, '325.B', 'Calle de la Amistad', 'Colonia El Cerrito', 3, FALSE, '3d4104ac-0467-41aa-8a26-86db0f72e4e0', 'b2dc8418-d1d7-43cf-885d-331dcf747d5f');
INSERT INTO user(userID, curp, rfc, birthName, surname, mail, passwd, passwdFlag, zipCode, houseNumber, streetName, colony, workModality, workStatus, userRoleIDFK, countryUserIDFK) VALUES('9e7993cb-b658-414b-952b-43afe1b28110', 'HERI3211MBCMDS10', 'HERI3211MBO5', 'Isabel', 'Hernández Rodríguez', 'ljmkccou@gmail.com', 'eixbjvaapf', TRUE, 87925, '982.A', 'Calle 5 de Febrero', 'Colonia del Sol', 0, TRUE, '7cfd0ec8-13f3-49b9-a959-4660c17d8df0', 'e3174534-2a47-4237-9629-2cb9f624f79d');
INSERT INTO user(userID, curp, rfc, birthName, surname, mail, passwd, passwdFlag, zipCode, houseNumber, streetName, colony, workModality, workStatus, userRoleIDFK, countryUserIDFK) VALUES('f41e0bbe-ee88-4e2b-b1fc-262eee8bea42', 'MOMD335MCMSUE48', 'MOMD335MCMA4', 'David', 'Moreno Moreno', 'egpwgnlpbm@yahoo.com', 'olookdntb', TRUE, 34217, '670.C', 'Avenida Morelos', 'Colonia El Mirador', 2, TRUE, '7cfd0ec8-13f3-49b9-a959-4660c17d8df0', '149d3993-e4d1-452d-b2e5-0f950a9f128e');
INSERT INTO user(userID, curp, rfc, birthName, surname, mail, passwd, passwdFlag, zipCode, houseNumber, streetName, colony, workModality, workStatus, userRoleIDFK, countryUserIDFK) VALUES('7c7d93e6-79b7-4d3e-8c32-2262142a5880', 'GORF0629MMCNCD12', 'GORF0629MML3', 'Francisco', 'González Rodríguez', 'tqxvxbmd@outlook.com', 'frsrjnkuw', TRUE, 59774, '460.A', 'Calle Hidalgo', 'Colonia La Pradera', 1, TRUE, '3d4104ac-0467-41aa-8a26-86db0f72e4e0', 'e3174534-2a47-4237-9629-2cb9f624f79d');
INSERT INTO user(userID, curp, rfc, birthName, surname, mail, passwd, passwdFlag, zipCode, houseNumber, streetName, colony, workModality, workStatus, userRoleIDFK, countryUserIDFK) VALUES('f70ed81b-43ad-4992-a883-ae01bb2a2468', 'GOFJ11013MSLFXG27', 'GOFJ11013MC6', 'Javier', 'González Fernández', 'ficwddr@outlook.com', 'sxpqvre', TRUE, 43848, '941.C', 'Calle de la Virgen', 'Colonia El Mirador', 1, TRUE, 'e685b0a2-03bb-4f9e-a82b-a95e9e75e4b7', '149d3993-e4d1-452d-b2e5-0f950a9f128e');
INSERT INTO user(userID, curp, rfc, birthName, surname, mail, passwd, passwdFlag, zipCode, houseNumber, streetName, colony, workModality, workStatus, userRoleIDFK, countryUserIDFK) VALUES('2f22ae68-f98c-49f1-b14a-d2e833706154', 'FEMP0610MPLHRJ65', 'FEMP0610MPD7', 'Pedro', 'Fernández Moreno', 'rqwbbmrf@yahoo.com', 'cputfpv', TRUE, 44767, '794.A', 'Calle de la Reforma', 'Colonia Centro', 1, FALSE, '7cfd0ec8-13f3-49b9-a959-4660c17d8df0', 'e3174534-2a47-4237-9629-2cb9f624f79d');

INSERT INTO userDepartment(departmentIDFK, userIDFK) values ('cac1df40-8f60-4294-85d9-7717ea83efc7', '7c7d93e6-79b7-4d3e-8c32-2262142a5880'); 
INSERT INTO userDepartment(departmentIDFK, userIDFK) values ('0f3fa8d0-3493-4b5d-b8ec-9a05ce33c057', '0d6f87c2-f932-4191-a9b9-c14bbde961d2'); 
INSERT INTO userDepartment(departmentIDFK, userIDFK) values ('10c80172-9c46-4851-a39a-f13c78475c20', '8a8317bf-0640-4d17-845c-0ab5564e4567'); 
INSERT INTO userDepartment(departmentIDFK, userIDFK) values ('486802ba-5f8c-4c9f-9936-f1a7a1658a52', '07a7c40e-5a12-42b1-9c98-4d569a03da59'); 
INSERT INTO userDepartment(departmentIDFK, userIDFK) values ('1088db3b-cf7c-4abe-a45e-55225f593797', '0d6f87c2-f932-4191-a9b9-c14bbde961d2'); 
INSERT INTO userDepartment(departmentIDFK, userIDFK) values ('7e5c1b25-77c4-4056-a218-1ac0d96e5683', '9ce88b92-3f69-437d-bc4b-96f19cfd4ab5'); 
INSERT INTO userDepartment(departmentIDFK, userIDFK) values ('1e7dea7a-9c7d-4a58-bcfc-d5e3a7c9af8f', '00088490-3855-4444-9b02-5da6a7638748'); 
INSERT INTO userDepartment(departmentIDFK, userIDFK) values ('6e7efee4-e56a-408f-9875-60035b685e77', 'a24ef523-0ca5-4cc1-ac1b-280a322ba5e2'); 
INSERT INTO userDepartment(departmentIDFK, userIDFK) values ('3043648e-a867-4587-98bf-9f334d5b8e74', '694f01a4-d65e-41de-98c3-518116fa7480'); 
INSERT INTO userDepartment(departmentIDFK, userIDFK) values ('a661b017-d7b0-4721-a1e7-68117edab1a6', 'fd6218dc-df91-45ee-a34d-d562c5e05f66'); 
INSERT INTO userDepartment(departmentIDFK, userIDFK) values ('38fbd481-fef7-41ca-b9d0-4ede80e73c16', '9fba1abf-9420-4b96-9150-25c48350ce80'); 
INSERT INTO userDepartment(departmentIDFK, userIDFK) values ('9092a4c7-a750-4e00-b38a-ff30f66475af', '9e02fcfe-7c00-4791-bef1-3f6fbb42d0f7'); 
INSERT INTO userDepartment(departmentIDFK, userIDFK) values ('cac1df40-8f60-4294-85d9-7717ea83efc7', '1ed0fb68-5b02-485f-9997-fb45461da311'); 
INSERT INTO userDepartment(departmentIDFK, userIDFK) values ('6e7efee4-e56a-408f-9875-60035b685e77', 'f0455b2f-4606-4151-899b-5ae1f753d2cb'); 
INSERT INTO userDepartment(departmentIDFK, userIDFK) values ('7e5c1b25-77c4-4056-a218-1ac0d96e5683', 'd0158d0e-f5a8-42b4-8316-28dff5bf5db5'); 
INSERT INTO userDepartment(departmentIDFK, userIDFK) values ('5252ca90-bc29-4660-a010-4497c3d72f77', '21ac0e2e-3e1f-4d91-911e-cc4ccd1ca155'); 
INSERT INTO userDepartment(departmentIDFK, userIDFK) values ('10c80172-9c46-4851-a39a-f13c78475c20', '903a792e-4470-444b-b146-4fa7df8a6bc1'); 
INSERT INTO userDepartment(departmentIDFK, userIDFK) values ('f6d8c199-1a88-4482-8c8e-2d795b2d02fa', '5c16f7f0-e13c-457f-8d4c-2df975d6d25c'); 
INSERT INTO userDepartment(departmentIDFK, userIDFK) values ('cac1df40-8f60-4294-85d9-7717ea83efc7', '8af96d18-a0fc-4c72-9715-136047989038'); 
INSERT INTO userDepartment(departmentIDFK, userIDFK) values ('cac1df40-8f60-4294-85d9-7717ea83efc7', '778b3133-bd0b-4da9-b2d9-c65b2cd12774'); 
INSERT INTO userDepartment(departmentIDFK, userIDFK) values ('cac1df40-8f60-4294-85d9-7717ea83efc7', '3337e956-46e7-4b63-ac7e-fe82489165d2'); 
INSERT INTO userDepartment(departmentIDFK, userIDFK) values ('3043648e-a867-4587-98bf-9f334d5b8e74', 'f41e0bbe-ee88-4e2b-b1fc-262eee8bea42'); 
INSERT INTO userDepartment(departmentIDFK, userIDFK) values ('367087a7-5a64-4f98-80e7-d41f1fb85b78', '8af96d18-a0fc-4c72-9715-136047989038'); 
INSERT INTO userDepartment(departmentIDFK, userIDFK) values ('2bc20458-a495-4f4c-a02b-6f9d411469f8', '66bbe559-5f21-4b37-85c3-976ec694ab69'); 
INSERT INTO userDepartment(departmentIDFK, userIDFK) values ('0f3fa8d0-3493-4b5d-b8ec-9a05ce33c057', '49de4d88-9735-4d6d-993a-1b61d1f27dc0'); 
INSERT INTO userDepartment(departmentIDFK, userIDFK) values ('11fa6844-29bd-4596-a8b3-f7c1a4c2de76', '8f808ecc-61b0-41a6-8cf8-8a354cf360ac'); 
INSERT INTO userDepartment(departmentIDFK, userIDFK) values ('10c80172-9c46-4851-a39a-f13c78475c20', 'dc5e8190-23e1-4d61-abf9-d1bf77c87d42'); 
INSERT INTO userDepartment(departmentIDFK, userIDFK) values ('dc15c03f-f882-4353-b79c-60e3ca9a953c', 'ca4dae1e-5541-4973-8294-96e5d149d5a4'); 
INSERT INTO userDepartment(departmentIDFK, userIDFK) values ('486802ba-5f8c-4c9f-9936-f1a7a1658a52', 'fcb2418d-162f-436d-b65b-d1fe04676626'); 
INSERT INTO userDepartment(departmentIDFK, userIDFK) values ('9344735d-205b-45e9-a1f7-49e1fe21b49f', '8b900431-3983-471e-8d36-e1ff92afc9b9'); 
INSERT INTO userDepartment(departmentIDFK, userIDFK) values ('3043648e-a867-4587-98bf-9f334d5b8e74', '911f2340-f533-4fff-af8e-8dba0def49b5'); 
INSERT INTO userDepartment(departmentIDFK, userIDFK) values ('f82e9ad1-be4a-4726-a7cd-1503de69c54f', '2dd86c7d-9462-428c-a54b-33ffd0ffbd49'); 
INSERT INTO userDepartment(departmentIDFK, userIDFK) values ('a661b017-d7b0-4721-a1e7-68117edab1a6', '00088490-3855-4444-9b02-5da6a7638748'); 
INSERT INTO userDepartment(departmentIDFK, userIDFK) values ('bbc87878-ff86-4a06-9521-473e0ed09ccf', 'e145dd5c-9838-4c85-9ee5-22b4a91bff9f'); 
INSERT INTO userDepartment(departmentIDFK, userIDFK) values ('9092a4c7-a750-4e00-b38a-ff30f66475af', 'e145dd5c-9838-4c85-9ee5-22b4a91bff9f'); 
INSERT INTO userDepartment(departmentIDFK, userIDFK) values ('11fa6844-29bd-4596-a8b3-f7c1a4c2de76', 'f0455b2f-4606-4151-899b-5ae1f753d2cb'); 
INSERT INTO userDepartment(departmentIDFK, userIDFK) values ('1088db3b-cf7c-4abe-a45e-55225f593797', '3262efc1-e5e2-4cb5-a7db-453f91191357'); 
INSERT INTO userDepartment(departmentIDFK, userIDFK) values ('3043648e-a867-4587-98bf-9f334d5b8e74', '8af96d18-a0fc-4c72-9715-136047989038'); 
INSERT INTO userDepartment(departmentIDFK, userIDFK) values ('367087a7-5a64-4f98-80e7-d41f1fb85b78', 'bd372027-583d-4753-b314-a34252871855'); 
INSERT INTO userDepartment(departmentIDFK, userIDFK) values ('10c80172-9c46-4851-a39a-f13c78475c20', '6ed09fd0-01c8-4953-83b2-d803a2551819'); 
INSERT INTO userDepartment(departmentIDFK, userIDFK) values ('bbc87878-ff86-4a06-9521-473e0ed09ccf', 'd7717007-9f9d-4e58-bce8-768f89ecbd3e'); 
INSERT INTO userDepartment(departmentIDFK, userIDFK) values ('0f3fa8d0-3493-4b5d-b8ec-9a05ce33c057', 'f0455b2f-4606-4151-899b-5ae1f753d2cb'); 
INSERT INTO userDepartment(departmentIDFK, userIDFK) values ('11fa6844-29bd-4596-a8b3-f7c1a4c2de76', '5a3270ab-2000-4d65-9fab-6a0419fbd3a2'); 
INSERT INTO userDepartment(departmentIDFK, userIDFK) values ('a661b017-d7b0-4721-a1e7-68117edab1a6', 'fcb2418d-162f-436d-b65b-d1fe04676626'); 
INSERT INTO userDepartment(departmentIDFK, userIDFK) values ('5d244d5a-105b-4019-b39f-8ef4f01e56bd', '7c7d93e6-79b7-4d3e-8c32-2262142a5880'); 
INSERT INTO userDepartment(departmentIDFK, userIDFK) values ('1088db3b-cf7c-4abe-a45e-55225f593797', '0dd914de-4fe3-4169-b02b-2b75af3ac733'); 
INSERT INTO userDepartment(departmentIDFK, userIDFK) values ('a661b017-d7b0-4721-a1e7-68117edab1a6', 'bd372027-583d-4753-b314-a34252871855'); 
INSERT INTO userDepartment(departmentIDFK, userIDFK) values ('a661b017-d7b0-4721-a1e7-68117edab1a6', '93119f27-1872-47f1-a10a-90784ded29ac'); 
INSERT INTO userDepartment(departmentIDFK, userIDFK) values ('bbc87878-ff86-4a06-9521-473e0ed09ccf', '3dd45437-cef6-4fe6-a270-6ce62369fce4'); 
INSERT INTO userDepartment(departmentIDFK, userIDFK) values ('bbc87878-ff86-4a06-9521-473e0ed09ccf', '1ed0fb68-5b02-485f-9997-fb45461da311'); 
INSERT INTO userDepartment(departmentIDFK, userIDFK) values ('7e5c1b25-77c4-4056-a218-1ac0d96e5683', 'a86503fd-cabf-49ff-98e6-d464e2e59cfb'); 
INSERT INTO userDepartment(departmentIDFK, userIDFK) values ('30003b6f-8f6d-4fa9-8408-10c975ceb6de', 'd1351756-adb8-42b3-9714-ed79b3da9ea1'); 
INSERT INTO userDepartment(departmentIDFK, userIDFK) values ('9344735d-205b-45e9-a1f7-49e1fe21b49f', '77dc1701-f6f0-4e9a-9c2f-8db8354bdeeb'); 
INSERT INTO userDepartment(departmentIDFK, userIDFK) values ('1e7dea7a-9c7d-4a58-bcfc-d5e3a7c9af8f', '208ec34b-3645-4ccd-8650-65e0db0891e7'); 
INSERT INTO userDepartment(departmentIDFK, userIDFK) values ('11fa6844-29bd-4596-a8b3-f7c1a4c2de76', 'e0b9c32e-9018-4ca9-bf90-1f2112324840'); 
INSERT INTO userDepartment(departmentIDFK, userIDFK) values ('367087a7-5a64-4f98-80e7-d41f1fb85b78', 'f70ed81b-43ad-4992-a883-ae01bb2a2468'); 
INSERT INTO userDepartment(departmentIDFK, userIDFK) values ('486802ba-5f8c-4c9f-9936-f1a7a1658a52', 'acda1edd-7a74-44f9-b3e0-cb405d927e30'); 
INSERT INTO userDepartment(departmentIDFK, userIDFK) values ('6e7efee4-e56a-408f-9875-60035b685e77', '89929744-af00-4c37-8cf2-9445512a5065'); 
INSERT INTO userDepartment(departmentIDFK, userIDFK) values ('bbc87878-ff86-4a06-9521-473e0ed09ccf', '68e0baf8-3a3c-4581-9843-f715ae3ccd5c'); 
INSERT INTO userDepartment(departmentIDFK, userIDFK) values ('10c80172-9c46-4851-a39a-f13c78475c20', '9cf8bdbd-c483-460c-b7f8-d3c694dd03d4'); 
INSERT INTO userDepartment(departmentIDFK, userIDFK) values ('0f3fa8d0-3493-4b5d-b8ec-9a05ce33c057', '67734a6c-f6bf-432d-80e5-8a321baa41f3'); 
INSERT INTO userDepartment(departmentIDFK, userIDFK) values ('5d244d5a-105b-4019-b39f-8ef4f01e56bd', '608d975a-bccc-4c3e-9039-2681046311ba'); 
INSERT INTO userDepartment(departmentIDFK, userIDFK) values ('7e5c1b25-77c4-4056-a218-1ac0d96e5683', '78d77ebe-747d-4c5b-8c29-34bc7ff05d5c'); 
INSERT INTO userDepartment(departmentIDFK, userIDFK) values ('367087a7-5a64-4f98-80e7-d41f1fb85b78', '5a3270ab-2000-4d65-9fab-6a0419fbd3a2'); 
INSERT INTO userDepartment(departmentIDFK, userIDFK) values ('5252ca90-bc29-4660-a010-4497c3d72f77', 'fd6218dc-df91-45ee-a34d-d562c5e05f66'); 
INSERT INTO userDepartment(departmentIDFK, userIDFK) values ('9092a4c7-a750-4e00-b38a-ff30f66475af', 'b69bf781-96f2-4e8e-92c7-abd425cd80eb'); 
INSERT INTO userDepartment(departmentIDFK, userIDFK) values ('30003b6f-8f6d-4fa9-8408-10c975ceb6de', '47db8eb3-7b8f-4ec3-b8ee-cef079a06db1'); 
INSERT INTO userDepartment(departmentIDFK, userIDFK) values ('f82e9ad1-be4a-4726-a7cd-1503de69c54f', '694f01a4-d65e-41de-98c3-518116fa7480'); 
INSERT INTO userDepartment(departmentIDFK, userIDFK) values ('609c4852-1f96-4169-8863-00dbb9f81e83', '7b0ecb1e-23bf-4868-a394-ee1282115348'); 
INSERT INTO userDepartment(departmentIDFK, userIDFK) values ('367087a7-5a64-4f98-80e7-d41f1fb85b78', '903a792e-4470-444b-b146-4fa7df8a6bc1'); 
INSERT INTO userDepartment(departmentIDFK, userIDFK) values ('5d244d5a-105b-4019-b39f-8ef4f01e56bd', '8f808ecc-61b0-41a6-8cf8-8a354cf360ac'); 
INSERT INTO userDepartment(departmentIDFK, userIDFK) values ('3043648e-a867-4587-98bf-9f334d5b8e74', '21ac0e2e-3e1f-4d91-911e-cc4ccd1ca155'); 
INSERT INTO userDepartment(departmentIDFK, userIDFK) values ('d90c0419-e211-443f-b08e-bf36c577d727', '47db8eb3-7b8f-4ec3-b8ee-cef079a06db1'); 
INSERT INTO userDepartment(departmentIDFK, userIDFK) values ('1e7dea7a-9c7d-4a58-bcfc-d5e3a7c9af8f', '25e88365-4632-4f99-ae9a-8fecf2484fee'); 
INSERT INTO userDepartment(departmentIDFK, userIDFK) values ('486802ba-5f8c-4c9f-9936-f1a7a1658a52', '9e7993cb-b658-414b-952b-43afe1b28110'); 
INSERT INTO userDepartment(departmentIDFK, userIDFK) values ('30003b6f-8f6d-4fa9-8408-10c975ceb6de', '9fba1abf-9420-4b96-9150-25c48350ce80'); 
INSERT INTO userDepartment(departmentIDFK, userIDFK) values ('a661b017-d7b0-4721-a1e7-68117edab1a6', '694f01a4-d65e-41de-98c3-518116fa7480'); 
INSERT INTO userDepartment(departmentIDFK, userIDFK) values ('9092a4c7-a750-4e00-b38a-ff30f66475af', 'a84814bd-79b4-4545-9ef4-a4a92c0290d0'); 
INSERT INTO userDepartment(departmentIDFK, userIDFK) values ('a661b017-d7b0-4721-a1e7-68117edab1a6', '1ed0fb68-5b02-485f-9997-fb45461da311'); 
INSERT INTO userDepartment(departmentIDFK, userIDFK) values ('7e5c1b25-77c4-4056-a218-1ac0d96e5683', 'c6fe37b9-9d38-44cd-837a-6e7aea6d2a03'); 
INSERT INTO userDepartment(departmentIDFK, userIDFK) values ('1e7dea7a-9c7d-4a58-bcfc-d5e3a7c9af8f', '66bbe559-5f21-4b37-85c3-976ec694ab69'); 
INSERT INTO userDepartment(departmentIDFK, userIDFK) values ('cac1df40-8f60-4294-85d9-7717ea83efc7', '82d4a4fb-6abd-4e91-ad27-34042d5b3b4f'); 
INSERT INTO userDepartment(departmentIDFK, userIDFK) values ('3043648e-a867-4587-98bf-9f334d5b8e74', '7b0ecb1e-23bf-4868-a394-ee1282115348'); 
INSERT INTO userDepartment(departmentIDFK, userIDFK) values ('5252ca90-bc29-4660-a010-4497c3d72f77', '47db8eb3-7b8f-4ec3-b8ee-cef079a06db1'); 
INSERT INTO userDepartment(departmentIDFK, userIDFK) values ('6e7efee4-e56a-408f-9875-60035b685e77', 'acda1edd-7a74-44f9-b3e0-cb405d927e30'); 
INSERT INTO userDepartment(departmentIDFK, userIDFK) values ('38fbd481-fef7-41ca-b9d0-4ede80e73c16', 'f98a2e1d-7e02-46f0-bfaa-6ced84471937'); 
INSERT INTO userDepartment(departmentIDFK, userIDFK) values ('a661b017-d7b0-4721-a1e7-68117edab1a6', '8b900431-3983-471e-8d36-e1ff92afc9b9'); 
INSERT INTO userDepartment(departmentIDFK, userIDFK) values ('dc15c03f-f882-4353-b79c-60e3ca9a953c', '89929744-af00-4c37-8cf2-9445512a5065'); 
INSERT INTO userDepartment(departmentIDFK, userIDFK) values ('486802ba-5f8c-4c9f-9936-f1a7a1658a52', '8c76a98c-a5bf-4b89-bc4c-ead1097563a2'); 
INSERT INTO userDepartment(departmentIDFK, userIDFK) values ('367087a7-5a64-4f98-80e7-d41f1fb85b78', '22a48fbf-3a9c-4f27-afc8-1348373498b0'); 
INSERT INTO userDepartment(departmentIDFK, userIDFK) values ('bbc87878-ff86-4a06-9521-473e0ed09ccf', '87a89d91-0e11-47fb-9511-eec1b9bb7202'); 
INSERT INTO userDepartment(departmentIDFK, userIDFK) values ('10c80172-9c46-4851-a39a-f13c78475c20', 'a7ad5f3b-3ff5-45f5-98c1-625c0fccf27c'); 
INSERT INTO userDepartment(departmentIDFK, userIDFK) values ('9344735d-205b-45e9-a1f7-49e1fe21b49f', 'a7550e75-eb76-41f3-a77c-6332c2cf7a09'); 
INSERT INTO userDepartment(departmentIDFK, userIDFK) values ('a661b017-d7b0-4721-a1e7-68117edab1a6', 'd524eea7-eefe-43a1-9982-3df1f57f7163'); 
INSERT INTO userDepartment(departmentIDFK, userIDFK) values ('5d244d5a-105b-4019-b39f-8ef4f01e56bd', '47db8eb3-7b8f-4ec3-b8ee-cef079a06db1'); 
INSERT INTO userDepartment(departmentIDFK, userIDFK) values ('f6d8c199-1a88-4482-8c8e-2d795b2d02fa', 'c4f268f8-2cfb-45e3-b463-acb84a307be0'); 
INSERT INTO userDepartment(departmentIDFK, userIDFK) values ('f82e9ad1-be4a-4726-a7cd-1503de69c54f', '6ed09fd0-01c8-4953-83b2-d803a2551819'); 
INSERT INTO userDepartment(departmentIDFK, userIDFK) values ('367087a7-5a64-4f98-80e7-d41f1fb85b78', 'bd372027-583d-4753-b314-a34252871855'); 
INSERT INTO userDepartment(departmentIDFK, userIDFK) values ('11fa6844-29bd-4596-a8b3-f7c1a4c2de76', 'f41e0bbe-ee88-4e2b-b1fc-262eee8bea42'); 
INSERT INTO userDepartment(departmentIDFK, userIDFK) values ('367087a7-5a64-4f98-80e7-d41f1fb85b78', '25545ba5-13fe-45ea-88da-070828517fad'); 
INSERT INTO userDepartment(departmentIDFK, userIDFK) values ('2bc20458-a495-4f4c-a02b-6f9d411469f8', 'cb26b2ae-18f2-4e5c-a23e-6c72a67974e4'); 
INSERT INTO userDepartment(departmentIDFK, userIDFK) values ('10c80172-9c46-4851-a39a-f13c78475c20', 'c6fe37b9-9d38-44cd-837a-6e7aea6d2a03'); 
INSERT INTO userDepartment(departmentIDFK, userIDFK) values ('30003b6f-8f6d-4fa9-8408-10c975ceb6de', 'b3d3c8e4-b0e7-4f00-92f8-4a9c6c41331e'); 
INSERT INTO userDepartment(departmentIDFK, userIDFK) values ('486802ba-5f8c-4c9f-9936-f1a7a1658a52', 'a24ef523-0ca5-4cc1-ac1b-280a322ba5e2'); 
INSERT INTO userDepartment(departmentIDFK, userIDFK) values ('cac1df40-8f60-4294-85d9-7717ea83efc7', 'b0b53956-5d88-4f11-a023-ec5f4eb026d3'); 
INSERT INTO userDepartment(departmentIDFK, userIDFK) values ('5d244d5a-105b-4019-b39f-8ef4f01e56bd', '68e0baf8-3a3c-4581-9843-f715ae3ccd5c'); 
INSERT INTO userDepartment(departmentIDFK, userIDFK) values ('11fa6844-29bd-4596-a8b3-f7c1a4c2de76', '9fba1abf-9420-4b96-9150-25c48350ce80'); 
INSERT INTO userDepartment(departmentIDFK, userIDFK) values ('30003b6f-8f6d-4fa9-8408-10c975ceb6de', '911f2340-f533-4fff-af8e-8dba0def49b5'); 
INSERT INTO userDepartment(departmentIDFK, userIDFK) values ('1088db3b-cf7c-4abe-a45e-55225f593797', 'd7717007-9f9d-4e58-bce8-768f89ecbd3e'); 
INSERT INTO userDepartment(departmentIDFK, userIDFK) values ('2bc20458-a495-4f4c-a02b-6f9d411469f8', 'fd6218dc-df91-45ee-a34d-d562c5e05f66'); 
INSERT INTO userDepartment(departmentIDFK, userIDFK) values ('486802ba-5f8c-4c9f-9936-f1a7a1658a52', '778b3133-bd0b-4da9-b2d9-c65b2cd12774'); 
INSERT INTO userDepartment(departmentIDFK, userIDFK) values ('2bc20458-a495-4f4c-a02b-6f9d411469f8', '9e02fcfe-7c00-4791-bef1-3f6fbb42d0f7'); 
INSERT INTO userDepartment(departmentIDFK, userIDFK) values ('7e5c1b25-77c4-4056-a218-1ac0d96e5683', '911f2340-f533-4fff-af8e-8dba0def49b5'); 
INSERT INTO userDepartment(departmentIDFK, userIDFK) values ('2bc20458-a495-4f4c-a02b-6f9d411469f8', '6fc28af1-60d1-4e86-bab8-8fb7d2b8c378'); 
INSERT INTO userDepartment(departmentIDFK, userIDFK) values ('367087a7-5a64-4f98-80e7-d41f1fb85b78', 'a7550e75-eb76-41f3-a77c-6332c2cf7a09'); 
INSERT INTO userDepartment(departmentIDFK, userIDFK) values ('38fbd481-fef7-41ca-b9d0-4ede80e73c16', '798b5a5d-2e33-455d-beff-6b479407f961'); 
INSERT INTO userDepartment(departmentIDFK, userIDFK) values ('9344735d-205b-45e9-a1f7-49e1fe21b49f', 'fcb2418d-162f-436d-b65b-d1fe04676626'); 
INSERT INTO userDepartment(departmentIDFK, userIDFK) values ('486802ba-5f8c-4c9f-9936-f1a7a1658a52', '6ed09fd0-01c8-4953-83b2-d803a2551819'); 
INSERT INTO userDepartment(departmentIDFK, userIDFK) values ('6e7efee4-e56a-408f-9875-60035b685e77', '79ee4eef-0c19-4963-b705-40741a68c833'); 
INSERT INTO userDepartment(departmentIDFK, userIDFK) values ('3043648e-a867-4587-98bf-9f334d5b8e74', 'd96f15cc-5f4e-4284-b43c-a69a3c3c4c4f'); 
INSERT INTO userDepartment(departmentIDFK, userIDFK) values ('dc15c03f-f882-4353-b79c-60e3ca9a953c', '8a8317bf-0640-4d17-845c-0ab5564e4567'); 
INSERT INTO userDepartment(departmentIDFK, userIDFK) values ('f6d8c199-1a88-4482-8c8e-2d795b2d02fa', '3337e956-46e7-4b63-ac7e-fe82489165d2'); 
INSERT INTO userDepartment(departmentIDFK, userIDFK) values ('30003b6f-8f6d-4fa9-8408-10c975ceb6de', '49de4d88-9735-4d6d-993a-1b61d1f27dc0'); 
INSERT INTO userDepartment(departmentIDFK, userIDFK) values ('486802ba-5f8c-4c9f-9936-f1a7a1658a52', 'e0b9c32e-9018-4ca9-bf90-1f2112324840'); 
INSERT INTO userDepartment(departmentIDFK, userIDFK) values ('d90c0419-e211-443f-b08e-bf36c577d727', 'ab3b2236-4619-42b0-a45d-1d76bb752bfe'); 
INSERT INTO userDepartment(departmentIDFK, userIDFK) values ('f82e9ad1-be4a-4726-a7cd-1503de69c54f', '4b13939f-fe38-4d70-a3cd-6d664a7e33bb'); 
INSERT INTO userDepartment(departmentIDFK, userIDFK) values ('f6d8c199-1a88-4482-8c8e-2d795b2d02fa', '1cdd135c-7b86-47ad-80fb-b97fa03dc157'); 
INSERT INTO userDepartment(departmentIDFK, userIDFK) values ('486802ba-5f8c-4c9f-9936-f1a7a1658a52', 'a84814bd-79b4-4545-9ef4-a4a92c0290d0'); 
INSERT INTO userDepartment(departmentIDFK, userIDFK) values ('9344735d-205b-45e9-a1f7-49e1fe21b49f', '77dc1701-f6f0-4e9a-9c2f-8db8354bdeeb'); 
INSERT INTO userDepartment(departmentIDFK, userIDFK) values ('a661b017-d7b0-4721-a1e7-68117edab1a6', '68e0baf8-3a3c-4581-9843-f715ae3ccd5c'); 
INSERT INTO userDepartment(departmentIDFK, userIDFK) values ('f6d8c199-1a88-4482-8c8e-2d795b2d02fa', 'bd372027-583d-4753-b314-a34252871855'); 
INSERT INTO userDepartment(departmentIDFK, userIDFK) values ('2bc20458-a495-4f4c-a02b-6f9d411469f8', '1bf98a2b-8765-4f27-acc1-336bfafd4a31'); 
INSERT INTO userDepartment(departmentIDFK, userIDFK) values ('30003b6f-8f6d-4fa9-8408-10c975ceb6de', 'f98a2e1d-7e02-46f0-bfaa-6ced84471937'); 
INSERT INTO userDepartment(departmentIDFK, userIDFK) values ('609c4852-1f96-4169-8863-00dbb9f81e83', '77dc1701-f6f0-4e9a-9c2f-8db8354bdeeb'); 
INSERT INTO userDepartment(departmentIDFK, userIDFK) values ('11fa6844-29bd-4596-a8b3-f7c1a4c2de76', 'd7717007-9f9d-4e58-bce8-768f89ecbd3e'); 
INSERT INTO userDepartment(departmentIDFK, userIDFK) values ('2bc20458-a495-4f4c-a02b-6f9d411469f8', '82d4a4fb-6abd-4e91-ad27-34042d5b3b4f'); 
INSERT INTO userDepartment(departmentIDFK, userIDFK) values ('11fa6844-29bd-4596-a8b3-f7c1a4c2de76', 'a7ad5f3b-3ff5-45f5-98c1-625c0fccf27c'); 
INSERT INTO userDepartment(departmentIDFK, userIDFK) values ('0f3fa8d0-3493-4b5d-b8ec-9a05ce33c057', '6fc28af1-60d1-4e86-bab8-8fb7d2b8c378'); 
INSERT INTO userDepartment(departmentIDFK, userIDFK) values ('7e5c1b25-77c4-4056-a218-1ac0d96e5683', '0d6f87c2-f932-4191-a9b9-c14bbde961d2'); 
INSERT INTO userDepartment(departmentIDFK, userIDFK) values ('11fa6844-29bd-4596-a8b3-f7c1a4c2de76', '9e7993cb-b658-414b-952b-43afe1b28110'); 
INSERT INTO userDepartment(departmentIDFK, userIDFK) values ('6e7efee4-e56a-408f-9875-60035b685e77', '78d77ebe-747d-4c5b-8c29-34bc7ff05d5c'); 
INSERT INTO userDepartment(departmentIDFK, userIDFK) values ('2bc20458-a495-4f4c-a02b-6f9d411469f8', 'a24ef523-0ca5-4cc1-ac1b-280a322ba5e2'); 
INSERT INTO userDepartment(departmentIDFK, userIDFK) values ('9344735d-205b-45e9-a1f7-49e1fe21b49f', '3337e956-46e7-4b63-ac7e-fe82489165d2'); 
INSERT INTO userDepartment(departmentIDFK, userIDFK) values ('609c4852-1f96-4169-8863-00dbb9f81e83', 'd929de66-2241-4453-a19e-8265da4b4fc6'); 
INSERT INTO userDepartment(departmentIDFK, userIDFK) values ('cac1df40-8f60-4294-85d9-7717ea83efc7', 'd4ba5ce7-cc01-4a93-8cfd-57f76978bd6f'); 
INSERT INTO userDepartment(departmentIDFK, userIDFK) values ('dc15c03f-f882-4353-b79c-60e3ca9a953c', 'd4ba5ce7-cc01-4a93-8cfd-57f76978bd6f'); 
INSERT INTO userDepartment(departmentIDFK, userIDFK) values ('38fbd481-fef7-41ca-b9d0-4ede80e73c16', 'd436e30e-10de-431e-8f50-026924270401'); 
INSERT INTO userDepartment(departmentIDFK, userIDFK) values ('1088db3b-cf7c-4abe-a45e-55225f593797', '67734a6c-f6bf-432d-80e5-8a321baa41f3'); 
INSERT INTO userDepartment(departmentIDFK, userIDFK) values ('3043648e-a867-4587-98bf-9f334d5b8e74', '694f01a4-d65e-41de-98c3-518116fa7480'); 
INSERT INTO userDepartment(departmentIDFK, userIDFK) values ('1088db3b-cf7c-4abe-a45e-55225f593797', '0f568bbe-1ae2-4848-aee9-9db1126b3a6e'); 
INSERT INTO userDepartment(departmentIDFK, userIDFK) values ('5d244d5a-105b-4019-b39f-8ef4f01e56bd', '2a9a0e70-f818-4845-aaa9-4e610b1cd094'); 
INSERT INTO userDepartment(departmentIDFK, userIDFK) values ('2bc20458-a495-4f4c-a02b-6f9d411469f8', '2a9a0e70-f818-4845-aaa9-4e610b1cd094'); 
INSERT INTO userDepartment(departmentIDFK, userIDFK) values ('cac1df40-8f60-4294-85d9-7717ea83efc7', '2f22ae68-f98c-49f1-b14a-d2e833706154'); 
INSERT INTO userDepartment(departmentIDFK, userIDFK) values ('486802ba-5f8c-4c9f-9936-f1a7a1658a52', '3f645460-adb8-41df-bd8e-e33f8ba8b2b5'); 
INSERT INTO userDepartment(departmentIDFK, userIDFK) values ('11fa6844-29bd-4596-a8b3-f7c1a4c2de76', '608d975a-bccc-4c3e-9039-2681046311ba'); 
INSERT INTO userDepartment(departmentIDFK, userIDFK) values ('0f3fa8d0-3493-4b5d-b8ec-9a05ce33c057', '90a6ddd5-4240-447e-9b7c-6607c8ba2f83'); 
INSERT INTO userDepartment(departmentIDFK, userIDFK) values ('11fa6844-29bd-4596-a8b3-f7c1a4c2de76', '608d975a-bccc-4c3e-9039-2681046311ba'); 
INSERT INTO userDepartment(departmentIDFK, userIDFK) values ('38fbd481-fef7-41ca-b9d0-4ede80e73c16', '3262efc1-e5e2-4cb5-a7db-453f91191357'); 
INSERT INTO userDepartment(departmentIDFK, userIDFK) values ('1088db3b-cf7c-4abe-a45e-55225f593797', '7c7d93e6-79b7-4d3e-8c32-2262142a5880'); 
INSERT INTO userDepartment(departmentIDFK, userIDFK) values ('1088db3b-cf7c-4abe-a45e-55225f593797', '5c16f7f0-e13c-457f-8d4c-2df975d6d25c'); 

UPDATE user SET prioritaryDepartmentFK = '486802ba-5f8c-4c9f-9936-f1a7a1658a52' WHERE userID = 'a84814bd-79b4-4545-9ef4-a4a92c0290d0'; 
UPDATE user SET prioritaryDepartmentFK = 'dc15c03f-f882-4353-b79c-60e3ca9a953c' WHERE userID = 'd4ba5ce7-cc01-4a93-8cfd-57f76978bd6f'; 
UPDATE user SET prioritaryDepartmentFK = 'f6d8c199-1a88-4482-8c8e-2d795b2d02fa' WHERE userID = '3337e956-46e7-4b63-ac7e-fe82489165d2'; 
UPDATE user SET prioritaryDepartmentFK = 'f82e9ad1-be4a-4726-a7cd-1503de69c54f' WHERE userID = '694f01a4-d65e-41de-98c3-518116fa7480'; 
UPDATE user SET prioritaryDepartmentFK = '7e5c1b25-77c4-4056-a218-1ac0d96e5683' WHERE userID = '911f2340-f533-4fff-af8e-8dba0def49b5'; 
UPDATE user SET prioritaryDepartmentFK = '367087a7-5a64-4f98-80e7-d41f1fb85b78' WHERE userID = '903a792e-4470-444b-b146-4fa7df8a6bc1'; 
UPDATE user SET prioritaryDepartmentFK = '1088db3b-cf7c-4abe-a45e-55225f593797' WHERE userID = '67734a6c-f6bf-432d-80e5-8a321baa41f3'; 
UPDATE user SET prioritaryDepartmentFK = 'f6d8c199-1a88-4482-8c8e-2d795b2d02fa' WHERE userID = '1cdd135c-7b86-47ad-80fb-b97fa03dc157'; 
UPDATE user SET prioritaryDepartmentFK = '9092a4c7-a750-4e00-b38a-ff30f66475af' WHERE userID = 'e145dd5c-9838-4c85-9ee5-22b4a91bff9f'; 
UPDATE user SET prioritaryDepartmentFK = '486802ba-5f8c-4c9f-9936-f1a7a1658a52' WHERE userID = '07a7c40e-5a12-42b1-9c98-4d569a03da59'; 
UPDATE user SET prioritaryDepartmentFK = '486802ba-5f8c-4c9f-9936-f1a7a1658a52' WHERE userID = '6ed09fd0-01c8-4953-83b2-d803a2551819'; 
UPDATE user SET prioritaryDepartmentFK = '609c4852-1f96-4169-8863-00dbb9f81e83' WHERE userID = 'd929de66-2241-4453-a19e-8265da4b4fc6'; 
UPDATE user SET prioritaryDepartmentFK = '3043648e-a867-4587-98bf-9f334d5b8e74' WHERE userID = 'd96f15cc-5f4e-4284-b43c-a69a3c3c4c4f'; 
UPDATE user SET prioritaryDepartmentFK = 'f6d8c199-1a88-4482-8c8e-2d795b2d02fa' WHERE userID = 'c4f268f8-2cfb-45e3-b463-acb84a307be0'; 
UPDATE user SET prioritaryDepartmentFK = '11fa6844-29bd-4596-a8b3-f7c1a4c2de76' WHERE userID = 'f0455b2f-4606-4151-899b-5ae1f753d2cb'; 
UPDATE user SET prioritaryDepartmentFK = '367087a7-5a64-4f98-80e7-d41f1fb85b78' WHERE userID = '8af96d18-a0fc-4c72-9715-136047989038'; 
UPDATE user SET prioritaryDepartmentFK = 'dc15c03f-f882-4353-b79c-60e3ca9a953c' WHERE userID = 'ca4dae1e-5541-4973-8294-96e5d149d5a4'; 
UPDATE user SET prioritaryDepartmentFK = '1e7dea7a-9c7d-4a58-bcfc-d5e3a7c9af8f' WHERE userID = '66bbe559-5f21-4b37-85c3-976ec694ab69'; 
UPDATE user SET prioritaryDepartmentFK = '367087a7-5a64-4f98-80e7-d41f1fb85b78' WHERE userID = '25545ba5-13fe-45ea-88da-070828517fad'; 
UPDATE user SET prioritaryDepartmentFK = '7e5c1b25-77c4-4056-a218-1ac0d96e5683' WHERE userID = '9ce88b92-3f69-437d-bc4b-96f19cfd4ab5'; 
UPDATE user SET prioritaryDepartmentFK = '367087a7-5a64-4f98-80e7-d41f1fb85b78' WHERE userID = '5a3270ab-2000-4d65-9fab-6a0419fbd3a2'; 
UPDATE user SET prioritaryDepartmentFK = 'f6d8c199-1a88-4482-8c8e-2d795b2d02fa' WHERE userID = '5c16f7f0-e13c-457f-8d4c-2df975d6d25c'; 
UPDATE user SET prioritaryDepartmentFK = '2bc20458-a495-4f4c-a02b-6f9d411469f8' WHERE userID = '1bf98a2b-8765-4f27-acc1-336bfafd4a31'; 
UPDATE user SET prioritaryDepartmentFK = 'bbc87878-ff86-4a06-9521-473e0ed09ccf' WHERE userID = '87a89d91-0e11-47fb-9511-eec1b9bb7202'; 
UPDATE user SET prioritaryDepartmentFK = '30003b6f-8f6d-4fa9-8408-10c975ceb6de' WHERE userID = 'b3d3c8e4-b0e7-4f00-92f8-4a9c6c41331e'; 
UPDATE user SET prioritaryDepartmentFK = '2bc20458-a495-4f4c-a02b-6f9d411469f8' WHERE userID = 'cb26b2ae-18f2-4e5c-a23e-6c72a67974e4'; 
UPDATE user SET prioritaryDepartmentFK = '1088db3b-cf7c-4abe-a45e-55225f593797' WHERE userID = '3262efc1-e5e2-4cb5-a7db-453f91191357'; 
UPDATE user SET prioritaryDepartmentFK = '38fbd481-fef7-41ca-b9d0-4ede80e73c16' WHERE userID = 'd436e30e-10de-431e-8f50-026924270401'; 
UPDATE user SET prioritaryDepartmentFK = '5252ca90-bc29-4660-a010-4497c3d72f77' WHERE userID = '21ac0e2e-3e1f-4d91-911e-cc4ccd1ca155'; 
UPDATE user SET prioritaryDepartmentFK = 'd90c0419-e211-443f-b08e-bf36c577d727' WHERE userID = 'ab3b2236-4619-42b0-a45d-1d76bb752bfe'; 
UPDATE user SET prioritaryDepartmentFK = '367087a7-5a64-4f98-80e7-d41f1fb85b78' WHERE userID = 'bd372027-583d-4753-b314-a34252871855'; 
UPDATE user SET prioritaryDepartmentFK = '367087a7-5a64-4f98-80e7-d41f1fb85b78' WHERE userID = '22a48fbf-3a9c-4f27-afc8-1348373498b0'; 
UPDATE user SET prioritaryDepartmentFK = '486802ba-5f8c-4c9f-9936-f1a7a1658a52' WHERE userID = '3f645460-adb8-41df-bd8e-e33f8ba8b2b5'; 
UPDATE user SET prioritaryDepartmentFK = 'a661b017-d7b0-4721-a1e7-68117edab1a6' WHERE userID = '93119f27-1872-47f1-a10a-90784ded29ac'; 
UPDATE user SET prioritaryDepartmentFK = '9344735d-205b-45e9-a1f7-49e1fe21b49f' WHERE userID = '77dc1701-f6f0-4e9a-9c2f-8db8354bdeeb'; 
UPDATE user SET prioritaryDepartmentFK = 'dc15c03f-f882-4353-b79c-60e3ca9a953c' WHERE userID = '89929744-af00-4c37-8cf2-9445512a5065'; 
UPDATE user SET prioritaryDepartmentFK = '38fbd481-fef7-41ca-b9d0-4ede80e73c16' WHERE userID = '798b5a5d-2e33-455d-beff-6b479407f961'; 
UPDATE user SET prioritaryDepartmentFK = 'bbc87878-ff86-4a06-9521-473e0ed09ccf' WHERE userID = '3dd45437-cef6-4fe6-a270-6ce62369fce4'; 
UPDATE user SET prioritaryDepartmentFK = 'bbc87878-ff86-4a06-9521-473e0ed09ccf' WHERE userID = '68e0baf8-3a3c-4581-9843-f715ae3ccd5c'; 
UPDATE user SET prioritaryDepartmentFK = 'cac1df40-8f60-4294-85d9-7717ea83efc7' WHERE userID = '1ed0fb68-5b02-485f-9997-fb45461da311'; 
UPDATE user SET prioritaryDepartmentFK = 'a661b017-d7b0-4721-a1e7-68117edab1a6' WHERE userID = 'd524eea7-eefe-43a1-9982-3df1f57f7163'; 
UPDATE user SET prioritaryDepartmentFK = '7e5c1b25-77c4-4056-a218-1ac0d96e5683' WHERE userID = '0d6f87c2-f932-4191-a9b9-c14bbde961d2'; 
UPDATE user SET prioritaryDepartmentFK = '6e7efee4-e56a-408f-9875-60035b685e77' WHERE userID = '78d77ebe-747d-4c5b-8c29-34bc7ff05d5c'; 
UPDATE user SET prioritaryDepartmentFK = '7e5c1b25-77c4-4056-a218-1ac0d96e5683' WHERE userID = 'a86503fd-cabf-49ff-98e6-d464e2e59cfb'; 
UPDATE user SET prioritaryDepartmentFK = '5d244d5a-105b-4019-b39f-8ef4f01e56bd' WHERE userID = '2a9a0e70-f818-4845-aaa9-4e610b1cd094'; 
UPDATE user SET prioritaryDepartmentFK = '38fbd481-fef7-41ca-b9d0-4ede80e73c16' WHERE userID = '9fba1abf-9420-4b96-9150-25c48350ce80'; 
UPDATE user SET prioritaryDepartmentFK = '1e7dea7a-9c7d-4a58-bcfc-d5e3a7c9af8f' WHERE userID = '00088490-3855-4444-9b02-5da6a7638748'; 
UPDATE user SET prioritaryDepartmentFK = '367087a7-5a64-4f98-80e7-d41f1fb85b78' WHERE userID = 'a7550e75-eb76-41f3-a77c-6332c2cf7a09'; 
UPDATE user SET prioritaryDepartmentFK = '3043648e-a867-4587-98bf-9f334d5b8e74' WHERE userID = '7b0ecb1e-23bf-4868-a394-ee1282115348'; 
UPDATE user SET prioritaryDepartmentFK = '30003b6f-8f6d-4fa9-8408-10c975ceb6de' WHERE userID = 'd1351756-adb8-42b3-9714-ed79b3da9ea1'; 
UPDATE user SET prioritaryDepartmentFK = '2bc20458-a495-4f4c-a02b-6f9d411469f8' WHERE userID = 'fd6218dc-df91-45ee-a34d-d562c5e05f66'; 
UPDATE user SET prioritaryDepartmentFK = '2bc20458-a495-4f4c-a02b-6f9d411469f8' WHERE userID = 'a24ef523-0ca5-4cc1-ac1b-280a322ba5e2'; 
UPDATE user SET prioritaryDepartmentFK = '10c80172-9c46-4851-a39a-f13c78475c20' WHERE userID = '9cf8bdbd-c483-460c-b7f8-d3c694dd03d4'; 
UPDATE user SET prioritaryDepartmentFK = '1088db3b-cf7c-4abe-a45e-55225f593797' WHERE userID = '0f568bbe-1ae2-4848-aee9-9db1126b3a6e'; 
UPDATE user SET prioritaryDepartmentFK = '1e7dea7a-9c7d-4a58-bcfc-d5e3a7c9af8f' WHERE userID = '25e88365-4632-4f99-ae9a-8fecf2484fee'; 
UPDATE user SET prioritaryDepartmentFK = 'f82e9ad1-be4a-4726-a7cd-1503de69c54f' WHERE userID = '4b13939f-fe38-4d70-a3cd-6d664a7e33bb'; 
UPDATE user SET prioritaryDepartmentFK = '11fa6844-29bd-4596-a8b3-f7c1a4c2de76' WHERE userID = 'e0b9c32e-9018-4ca9-bf90-1f2112324840'; 
UPDATE user SET prioritaryDepartmentFK = '1e7dea7a-9c7d-4a58-bcfc-d5e3a7c9af8f' WHERE userID = '208ec34b-3645-4ccd-8650-65e0db0891e7'; 
UPDATE user SET prioritaryDepartmentFK = '10c80172-9c46-4851-a39a-f13c78475c20' WHERE userID = '8a8317bf-0640-4d17-845c-0ab5564e4567'; 
UPDATE user SET prioritaryDepartmentFK = '30003b6f-8f6d-4fa9-8408-10c975ceb6de' WHERE userID = 'f98a2e1d-7e02-46f0-bfaa-6ced84471937'; 
UPDATE user SET prioritaryDepartmentFK = '0f3fa8d0-3493-4b5d-b8ec-9a05ce33c057' WHERE userID = '90a6ddd5-4240-447e-9b7c-6607c8ba2f83'; 
UPDATE user SET prioritaryDepartmentFK = '5d244d5a-105b-4019-b39f-8ef4f01e56bd' WHERE userID = '8f808ecc-61b0-41a6-8cf8-8a354cf360ac'; 
UPDATE user SET prioritaryDepartmentFK = '10c80172-9c46-4851-a39a-f13c78475c20' WHERE userID = 'a7ad5f3b-3ff5-45f5-98c1-625c0fccf27c'; 
UPDATE user SET prioritaryDepartmentFK = '10c80172-9c46-4851-a39a-f13c78475c20' WHERE userID = 'c6fe37b9-9d38-44cd-837a-6e7aea6d2a03'; 
UPDATE user SET prioritaryDepartmentFK = '9344735d-205b-45e9-a1f7-49e1fe21b49f' WHERE userID = 'fcb2418d-162f-436d-b65b-d1fe04676626'; 
UPDATE user SET prioritaryDepartmentFK = '10c80172-9c46-4851-a39a-f13c78475c20' WHERE userID = 'dc5e8190-23e1-4d61-abf9-d1bf77c87d42'; 
UPDATE user SET prioritaryDepartmentFK = '486802ba-5f8c-4c9f-9936-f1a7a1658a52' WHERE userID = 'acda1edd-7a74-44f9-b3e0-cb405d927e30'; 
UPDATE user SET prioritaryDepartmentFK = '1088db3b-cf7c-4abe-a45e-55225f593797' WHERE userID = '0dd914de-4fe3-4169-b02b-2b75af3ac733'; 
UPDATE user SET prioritaryDepartmentFK = '11fa6844-29bd-4596-a8b3-f7c1a4c2de76' WHERE userID = '608d975a-bccc-4c3e-9039-2681046311ba'; 
UPDATE user SET prioritaryDepartmentFK = '7e5c1b25-77c4-4056-a218-1ac0d96e5683' WHERE userID = 'd0158d0e-f5a8-42b4-8316-28dff5bf5db5'; 
UPDATE user SET prioritaryDepartmentFK = '9344735d-205b-45e9-a1f7-49e1fe21b49f' WHERE userID = '8b900431-3983-471e-8d36-e1ff92afc9b9'; 
UPDATE user SET prioritaryDepartmentFK = '9092a4c7-a750-4e00-b38a-ff30f66475af' WHERE userID = 'b69bf781-96f2-4e8e-92c7-abd425cd80eb'; 
UPDATE user SET prioritaryDepartmentFK = '1088db3b-cf7c-4abe-a45e-55225f593797' WHERE userID = 'd7717007-9f9d-4e58-bce8-768f89ecbd3e'; 
UPDATE user SET prioritaryDepartmentFK = 'f82e9ad1-be4a-4726-a7cd-1503de69c54f' WHERE userID = '2dd86c7d-9462-428c-a54b-33ffd0ffbd49'; 
UPDATE user SET prioritaryDepartmentFK = '0f3fa8d0-3493-4b5d-b8ec-9a05ce33c057' WHERE userID = '49de4d88-9735-4d6d-993a-1b61d1f27dc0'; 
UPDATE user SET prioritaryDepartmentFK = '30003b6f-8f6d-4fa9-8408-10c975ceb6de' WHERE userID = '47db8eb3-7b8f-4ec3-b8ee-cef079a06db1'; 
UPDATE user SET prioritaryDepartmentFK = 'cac1df40-8f60-4294-85d9-7717ea83efc7' WHERE userID = 'b0b53956-5d88-4f11-a023-ec5f4eb026d3'; 
UPDATE user SET prioritaryDepartmentFK = '6e7efee4-e56a-408f-9875-60035b685e77' WHERE userID = '79ee4eef-0c19-4963-b705-40741a68c833'; 
UPDATE user SET prioritaryDepartmentFK = '2bc20458-a495-4f4c-a02b-6f9d411469f8' WHERE userID = '82d4a4fb-6abd-4e91-ad27-34042d5b3b4f'; 
UPDATE user SET prioritaryDepartmentFK = '0f3fa8d0-3493-4b5d-b8ec-9a05ce33c057' WHERE userID = '6fc28af1-60d1-4e86-bab8-8fb7d2b8c378'; 
UPDATE user SET prioritaryDepartmentFK = '9092a4c7-a750-4e00-b38a-ff30f66475af' WHERE userID = '9e02fcfe-7c00-4791-bef1-3f6fbb42d0f7'; 
UPDATE user SET prioritaryDepartmentFK = '486802ba-5f8c-4c9f-9936-f1a7a1658a52' WHERE userID = '8c76a98c-a5bf-4b89-bc4c-ead1097563a2'; 
UPDATE user SET prioritaryDepartmentFK = '486802ba-5f8c-4c9f-9936-f1a7a1658a52' WHERE userID = '778b3133-bd0b-4da9-b2d9-c65b2cd12774'; 
UPDATE user SET prioritaryDepartmentFK = '486802ba-5f8c-4c9f-9936-f1a7a1658a52' WHERE userID = '9e7993cb-b658-414b-952b-43afe1b28110'; 
UPDATE user SET prioritaryDepartmentFK = '3043648e-a867-4587-98bf-9f334d5b8e74' WHERE userID = 'f41e0bbe-ee88-4e2b-b1fc-262eee8bea42'; 
UPDATE user SET prioritaryDepartmentFK = 'cac1df40-8f60-4294-85d9-7717ea83efc7' WHERE userID = '7c7d93e6-79b7-4d3e-8c32-2262142a5880'; 
UPDATE user SET prioritaryDepartmentFK = '367087a7-5a64-4f98-80e7-d41f1fb85b78' WHERE userID = 'f70ed81b-43ad-4992-a883-ae01bb2a2468'; 
UPDATE user SET prioritaryDepartmentFK = 'cac1df40-8f60-4294-85d9-7717ea83efc7' WHERE userID = '2f22ae68-f98c-49f1-b14a-d2e833706154'; 
INSERT INTO workStatus(workStatusID, startDate,endDate, userStatusIDFK) VALUES('7e9af8f7-d12a-4604-91bc-c082fa3467be', '2026-06-02', '2026-06-05', '3337e956-46e7-4b63-ac7e-fe82489165d2'); 
INSERT INTO workStatus(workStatusID, startDate,endDate, userStatusIDFK) VALUES('acf728ea-883c-464b-ad83-172f87b162d8', '1910-11-20', '2026-08-22', '45d242e0-5e15-42fa-8ae0-603d871de80b'); 
INSERT INTO workStatus(workStatusID, startDate,endDate, userStatusIDFK) VALUES('7063e767-3cbb-476b-a81f-c89e284b770f', '2026-10-01', '2026-08-28', '9fba1abf-9420-4b96-9150-25c48350ce80'); 
INSERT INTO workStatus(workStatusID, startDate,endDate, userStatusIDFK) VALUES('f70043ce-ce81-489d-96ab-dcc51e0c34f3', '2026-04-30', '2000-01-07', 'f0455b2f-4606-4151-899b-5ae1f753d2cb'); 
INSERT INTO workStatus(workStatusID, startDate,endDate, userStatusIDFK) VALUES('c1c3ac95-9ba1-4d2f-a3f1-6ac5c1f4a70c', '2026-08-28', '2000-01-07', 'a0061326-9c2b-4a0b-a35d-395c1d23c462'); 
INSERT INTO workStatus(workStatusID, startDate,endDate, userStatusIDFK) VALUES('8fd6d96e-455f-496e-a00f-efa3d8b92784', '2026-06-16', '2026-06-16', '25545ba5-13fe-45ea-88da-070828517fad'); 
INSERT INTO workStatus(workStatusID, startDate,endDate, userStatusIDFK) VALUES('d9857186-b748-4e26-b21d-f6bf16d88468', '1910-11-20', '1934-02-24', '8d3d45cd-0327-4d82-8c4f-29e1c318f3e9'); 
INSERT INTO workStatus(workStatusID, startDate,endDate, userStatusIDFK) VALUES('f7ffb9f3-d4cc-4d37-b273-190967f7f7fd', '2026-09-21', '2026-04-02', '21ac0e2e-3e1f-4d91-911e-cc4ccd1ca155'); 
INSERT INTO workStatus(workStatusID, startDate,endDate, userStatusIDFK) VALUES('78631c3f-2812-4bff-b0da-566eba188295', '2026-02-19', '2026-08-22', '95e5b5f8-4961-4f9c-96ad-c9a9b3ac2250'); 
INSERT INTO workStatus(workStatusID, startDate,endDate, userStatusIDFK) VALUES('dde755f2-3fc7-4044-bd39-34194c579640', '1886-05-01', '2026-10-12', 'd96f15cc-5f4e-4284-b43c-a69a3c3c4c4f'); 
INSERT INTO workStatus(workStatusID, startDate,endDate, userStatusIDFK) VALUES('85db574e-3f58-4fe1-bd4a-49ed085d9568', '2026-04-07', '1917-02-05', '45d242e0-5e15-42fa-8ae0-603d871de80b'); 
INSERT INTO workStatus(workStatusID, startDate,endDate, userStatusIDFK) VALUES('4d52fbbf-3552-40c6-8444-4d841f423452', '2026-04-30', '2026-04-30', '2dd86c7d-9462-428c-a54b-33ffd0ffbd49'); 
INSERT INTO workStatus(workStatusID, startDate,endDate, userStatusIDFK) VALUES('baba25b8-ba44-46f6-b4e6-1b7a0b4ec853', '2026-04-30', '2026-12-25', '78d77ebe-747d-4c5b-8c29-34bc7ff05d5c'); 
INSERT INTO workStatus(workStatusID, startDate,endDate, userStatusIDFK) VALUES('b9195c95-0404-4c6b-b7e4-1a4cd46358ae', '2026-06-16', '2026-10-12', '8a8317bf-0640-4d17-845c-0ab5564e4567'); 
INSERT INTO workStatus(workStatusID, startDate,endDate, userStatusIDFK) VALUES('2975d2b4-8f25-4b74-8f90-f8c52326e1fa', '1910-11-20', '2026-02-14', '208ec34b-3645-4ccd-8650-65e0db0891e7'); 
INSERT INTO workStatus(workStatusID, startDate,endDate, userStatusIDFK) VALUES('d6413704-ed23-4bd1-a31c-939f0efea57e', '2026-05-10', '2026-03-08', '05452f4e-44a5-446b-aec2-a03e971ef164'); 
INSERT INTO workStatus(workStatusID, startDate,endDate, userStatusIDFK) VALUES('306cf248-5871-40f1-9daa-660ec38e3d42', '1934-02-24', '2000-01-07', '5a3270ab-2000-4d65-9fab-6a0419fbd3a2'); 
INSERT INTO workStatus(workStatusID, startDate,endDate, userStatusIDFK) VALUES('6d4f62db-653a-445c-9b98-388991c928e3', '1910-11-20', '1917-02-05', '49de4d88-9735-4d6d-993a-1b61d1f27dc0'); 
INSERT INTO workStatus(workStatusID, startDate,endDate, userStatusIDFK) VALUES('79b11205-b56e-4b2a-ae75-3c1825bc297a', '1531-12-12', '2026-11-02', '5c16f7f0-e13c-457f-8d4c-2df975d6d25c'); 
INSERT INTO workStatus(workStatusID, startDate,endDate, userStatusIDFK) VALUES('34763795-e16a-4e77-b5a9-d325850abab7', '2026-09-21', '1917-02-05', 'ca4dae1e-5541-4973-8294-96e5d149d5a4'); 
INSERT INTO workStatus(workStatusID, startDate,endDate, userStatusIDFK) VALUES('7237a37c-39a3-4cff-9ff2-e574a5101e0f', '2026-10-01', '2026-08-22', '8b900431-3983-471e-8d36-e1ff92afc9b9'); 
INSERT INTO workStatus(workStatusID, startDate,endDate, userStatusIDFK) VALUES('f81d9c3e-c620-4262-bf69-63ff65803a04', '1806-03-21', '2026-02-19', 'f70ed81b-43ad-4992-a883-ae01bb2a2468'); 
INSERT INTO workStatus(workStatusID, startDate,endDate, userStatusIDFK) VALUES('0c96cee7-aca8-4aa2-a645-d6c8db7f7369', '2026-04-02', '2026-11-02', '7b0ecb1e-23bf-4868-a394-ee1282115348'); 
INSERT INTO workStatus(workStatusID, startDate,endDate, userStatusIDFK) VALUES('8feaed14-e449-4c58-8411-32278672719b', '2026-10-01', '2026-04-30', '8b900431-3983-471e-8d36-e1ff92afc9b9'); 
INSERT INTO workStatus(workStatusID, startDate,endDate, userStatusIDFK) VALUES('225d0fee-5487-4338-b90b-d16f22fc06b9', '2026-11-02', '2026-08-28', '694f01a4-d65e-41de-98c3-518116fa7480'); 
INSERT INTO workStatus(workStatusID, startDate,endDate, userStatusIDFK) VALUES('006d2312-25ac-426b-83ff-2b7a5121f71f', '2026-02-14', '2000-01-07', '2dd86c7d-9462-428c-a54b-33ffd0ffbd49'); 
INSERT INTO workStatus(workStatusID, startDate,endDate, userStatusIDFK) VALUES('d3b0f10c-6ca0-48ce-9ff9-19e6043b4a9e', '2026-04-07', '1934-02-24', '45d242e0-5e15-42fa-8ae0-603d871de80b'); 
INSERT INTO workStatus(workStatusID, startDate,endDate, userStatusIDFK) VALUES('3cfefbcc-8fbf-41c3-aa63-013afd5cc9e4', '2026-04-30', '2026-11-02', 'a0061326-9c2b-4a0b-a35d-395c1d23c462'); 
INSERT INTO workStatus(workStatusID, startDate,endDate, userStatusIDFK) VALUES('9d498998-58ab-44d0-85f0-2c6399f3a693', '2026-04-07', '2026-06-16', 'acda1edd-7a74-44f9-b3e0-cb405d927e30'); 
INSERT INTO workStatus(workStatusID, startDate,endDate, userStatusIDFK) VALUES('787a9ae5-8c88-483f-b08e-da2956933f5c', '2026-06-16', '1806-03-21', 'ab3b2236-4619-42b0-a45d-1d76bb752bfe'); 
INSERT INTO workStatus(workStatusID, startDate,endDate, userStatusIDFK) VALUES('bc798d3c-9a3d-4308-86b9-4a6cb62d1b57', '2026-06-05', '2026-06-02', '3337e956-46e7-4b63-ac7e-fe82489165d2'); 
INSERT INTO workStatus(workStatusID, startDate,endDate, userStatusIDFK) VALUES('bb06fc49-be1b-4814-943b-5ce8f04193cf', '2026-05-23', '2026-06-16', 'd1351756-adb8-42b3-9714-ed79b3da9ea1'); 
INSERT INTO workStatus(workStatusID, startDate,endDate, userStatusIDFK) VALUES('f3a3370e-70c5-4162-87d2-f53a7033bd02', '1910-11-20', '2026-05-10', '49de4d88-9735-4d6d-993a-1b61d1f27dc0'); 
INSERT INTO workStatus(workStatusID, startDate,endDate, userStatusIDFK) VALUES('b81b10d9-f77e-45d0-be65-ccca80eb71d9', '2026-06-05', '1806-03-21', '05452f4e-44a5-446b-aec2-a03e971ef164'); 
INSERT INTO workStatus(workStatusID, startDate,endDate, userStatusIDFK) VALUES('5b18c14c-bb02-4f5a-8b5a-1b978ccb0d6b', '1910-11-20', '1806-03-21', '9fba1abf-9420-4b96-9150-25c48350ce80'); 
INSERT INTO workStatus(workStatusID, startDate,endDate, userStatusIDFK) VALUES('90e1d0a4-e8a6-496c-8d05-8c8e5cf4c555', '2026-01-02', '1531-12-12', '07a7c40e-5a12-42b1-9c98-4d569a03da59'); 
INSERT INTO workStatus(workStatusID, startDate,endDate, userStatusIDFK) VALUES('aea4e220-bc0e-49c4-846e-7e80d6e24c5e', '2026-11-02', '2026-04-30', 'e145dd5c-9838-4c85-9ee5-22b4a91bff9f'); 
INSERT INTO workStatus(workStatusID, startDate,endDate, userStatusIDFK) VALUES('c9f2d849-0992-401d-ad0e-d74893e99226', '1917-02-05', '2000-01-07', 'fd6218dc-df91-45ee-a34d-d562c5e05f66'); 
INSERT INTO workStatus(workStatusID, startDate,endDate, userStatusIDFK) VALUES('ce5649b3-11bd-4e97-8a2e-3d7680dff1a8', '2000-01-07', '2000-01-07', '9cf8bdbd-c483-460c-b7f8-d3c694dd03d4'); 
INSERT INTO workStatus(workStatusID, startDate,endDate, userStatusIDFK) VALUES('48a59964-0b7d-4677-8ed4-c02999491fd7', '2026-12-25', '2026-02-14', '4b4fa10a-9114-4758-8022-4c3f1e9a6575'); 
INSERT INTO workStatus(workStatusID, startDate,endDate, userStatusIDFK) VALUES('7083076c-d271-4a3a-b83d-e8bd35cc6550', '2000-01-07', '2026-04-07', '8676b8d3-a641-47e2-aeff-8e15fe93b67f'); 
INSERT INTO workStatus(workStatusID, startDate,endDate, userStatusIDFK) VALUES('6d673e51-f2e5-4923-ad40-1f8556548064', '1886-05-01', '2026-06-16', '798b5a5d-2e33-455d-beff-6b479407f961'); 
INSERT INTO workStatus(workStatusID, startDate,endDate, userStatusIDFK) VALUES('7b12ea64-7a3b-46af-8f36-d4091d74c703', '1920-09-15', '1920-09-15', '68e0baf8-3a3c-4581-9843-f715ae3ccd5c'); 
INSERT INTO workStatus(workStatusID, startDate,endDate, userStatusIDFK) VALUES('2c9a64a3-7a55-4f41-beb4-0fb7bdf5867e', '2026-08-22', '2026-04-02', '2dd86c7d-9462-428c-a54b-33ffd0ffbd49'); 
INSERT INTO workStatus(workStatusID, startDate,endDate, userStatusIDFK) VALUES('843dbfa2-0901-4a97-b6d0-5c845def6a19', '1920-09-15', '2026-11-02', 'a7ad5f3b-3ff5-45f5-98c1-625c0fccf27c'); 
INSERT INTO workStatus(workStatusID, startDate,endDate, userStatusIDFK) VALUES('73401670-ca33-4174-8e14-817f7be1dabf', '2026-05-23', '2026-09-21', 'bd372027-583d-4753-b314-a34252871855'); 
INSERT INTO workStatus(workStatusID, startDate,endDate, userStatusIDFK) VALUES('613e7e8e-4bf0-466a-aaf5-1a60f0dcb745', '2026-06-05', '2026-11-02', '9e7993cb-b658-414b-952b-43afe1b28110'); 
INSERT INTO workStatus(workStatusID, startDate,endDate, userStatusIDFK) VALUES('584bada8-aeab-4093-892e-f9726dd94108', '1934-02-24', '2026-11-02', '47db8eb3-7b8f-4ec3-b8ee-cef079a06db1'); 
INSERT INTO workStatus(workStatusID, startDate,endDate, userStatusIDFK) VALUES('d8ec34e1-ffef-4070-997a-af93747fbf53', '2026-10-12', '2026-08-22', '5c16f7f0-e13c-457f-8d4c-2df975d6d25c'); 
INSERT INTO workStatus(workStatusID, startDate,endDate, userStatusIDFK) VALUES('e21f8c04-0dbd-4ec9-ab95-2c02dd8d32f8', '2026-06-02', '2026-06-16', '1ed0fb68-5b02-485f-9997-fb45461da311'); 
INSERT INTO workStatus(workStatusID, startDate,endDate, userStatusIDFK) VALUES('86791b08-989c-43a3-b676-b64306acc2cb', '1886-05-01', '2026-03-08', '8676b8d3-a641-47e2-aeff-8e15fe93b67f'); 
INSERT INTO workStatus(workStatusID, startDate,endDate, userStatusIDFK) VALUES('58eaeb48-9c1a-4ae6-9d9b-68f58d282276', '2026-01-02', '2026-06-05', '8b900431-3983-471e-8d36-e1ff92afc9b9'); 
INSERT INTO workStatus(workStatusID, startDate,endDate, userStatusIDFK) VALUES('44cf1f49-bf93-4d13-9e49-51b48dd1b1c5', '2026-03-08', '1920-09-15', '95e5b5f8-4961-4f9c-96ad-c9a9b3ac2250'); 
INSERT INTO workStatus(workStatusID, startDate,endDate, userStatusIDFK) VALUES('761e9db2-33a7-4580-bccd-d7a5b3c7255e', '2026-05-10', '1934-02-24', '49de4d88-9735-4d6d-993a-1b61d1f27dc0'); 
INSERT INTO workStatus(workStatusID, startDate,endDate, userStatusIDFK) VALUES('cab62177-48c9-4648-b753-b4565eecc6a3', '2026-05-15', '2026-08-28', '2f22ae68-f98c-49f1-b14a-d2e833706154'); 
INSERT INTO workStatus(workStatusID, startDate,endDate, userStatusIDFK) VALUES('e689bf4e-52fe-4dc9-8c77-f08998aaa5c4', '2026-10-12', '2026-03-08', '0dd914de-4fe3-4169-b02b-2b75af3ac733'); 
INSERT INTO workStatus(workStatusID, startDate,endDate, userStatusIDFK) VALUES('4ddfaa20-0fc1-4ea3-b672-d5c2f691295a', '1934-02-24', '2026-04-02', 'f41e0bbe-ee88-4e2b-b1fc-262eee8bea42'); 
INSERT INTO workStatus(workStatusID, startDate,endDate, userStatusIDFK) VALUES('37a8d3d7-d09a-4d4e-91ac-91e5af4a5a8c', '2026-04-30', '2026-05-23', '05452f4e-44a5-446b-aec2-a03e971ef164'); 
INSERT INTO workStatus(workStatusID, startDate,endDate, userStatusIDFK) VALUES('90bb83bd-43c1-440e-90f7-8372e3a1dcca', '2026-04-02', '1920-09-15', '66bbe559-5f21-4b37-85c3-976ec694ab69'); 
INSERT INTO workStatus(workStatusID, startDate,endDate, userStatusIDFK) VALUES('a8539a40-e607-490f-8a29-778bb89362fb', '1886-05-01', '2026-03-08', '5c16f7f0-e13c-457f-8d4c-2df975d6d25c'); 

INSERT INTO oneOnOneQuestion(questionID, question) VALUES('6f712a95-3948-431f-a67f-ca35fc4b8526', '¿Cuál va a ser tu meta del mes?'); 
INSERT INTO oneOnOneQuestion(questionID, question) VALUES('a97808d8-5f2d-4d71-beb0-d501b724d6db', '¿De qué estás orgulloso del mes pasado?'); 
INSERT INTO oneOnOneQuestion(questionID, question) VALUES('c664f453-be93-4c87-89ed-cca4078a9173', '¿Cuentas con los recursos necesarios para completar tu trabajo?'); 
INSERT INTO oneOnOneQuestion(questionID, question) VALUES('944d6193-98e0-44d6-a7f5-e365bdb15219', '¿Cuentas con los recursos necesarios para completar tu trabajo?'); 

INSERT INTO oneOnOneMeasurable(measurableID, summary) VALUES('5189d0c0-581f-40d6-81a4-166bd9f95286', 'Salud fisica El colaborador menciona tener una salud fisica regular'); 
INSERT INTO oneOnOneMeasurable(measurableID, summary) VALUES('e1c431ed-10e2-4d5f-8fcb-7841f0a9247a', 'Salud emocional: El colaborador se siente muy bien emocionalmente y con emociones positivas'); 
INSERT INTO oneOnOneMeasurable(measurableID, summary) VALUES('66cd3850-5d7e-4f25-80c8-3add117cd265', 'Carga de trabajo: El colaborador siente que su carga es medianamente manejable'); 
INSERT INTO oneOnOneMeasurable(measurableID, summary) VALUES('60afbc6f-7a74-4e99-b8c8-c402097c148c', 'Salud emocional: El colaborador se siente regular emocionalmente y con emociones poco positivas'); 
INSERT INTO oneOnOneMeasurable(measurableID, summary) VALUES('dc3bffab-dff7-4ceb-95ed-8b34df3c69ad', 'Salud emocional: El colaborador se siente excelente emocionalmente y con emociones muy positivas'); 

INSERT INTO oneOnOne(oneOnOneID, expectedTime, meetingDate, meetingLink, oneOnOneUserIDFK) VALUES('332d465e-0afb-4e67-a110-ad74608fd2ec', 15, '2025-03-20 13:45:00', 'https://meet.google.com/abc-defg-hij', '3dd45437-cef6-4fe6-a270-6ce62369fce4');
INSERT INTO oneOnOne(oneOnOneID, expectedTime, meetingDate, meetingLink, oneOnOneUserIDFK) VALUES('2777c547-b999-4912-86a5-cd72134f92c0', 15, '2025-05-07 14:30:00', 'https://meet.google.com/abc-defg-hij', '0d6f87c2-f932-4191-a9b9-c14bbde961d2');
INSERT INTO oneOnOne(oneOnOneID, expectedTime, meetingDate, meetingLink, oneOnOneUserIDFK) VALUES('a16fc411-98ea-448f-9865-80cbbf270fab', 15, '2025-05-07 14:15:00', 'https://meet.google.com/abc-defg-hij', '7c7d93e6-79b7-4d3e-8c32-2262142a5880');
INSERT INTO oneOnOne(oneOnOneID, expectedTime, meetingDate, meetingLink, oneOnOneUserIDFK) VALUES('0a232488-0ea9-4681-9a41-13a3c6a2008b', 15, '2025-05-12 14:30:00', 'https://meet.google.com/abc-defg-hij', '3f645460-adb8-41df-bd8e-e33f8ba8b2b5');
INSERT INTO oneOnOne(oneOnOneID, expectedTime, meetingDate, meetingLink, oneOnOneUserIDFK) VALUES('ed46807f-5e3a-4d9c-8aea-b7fd7a3ebf4b', 15, '2025-05-12 14:15:00', 'https://meet.google.com/abc-defg-hij', '68e0baf8-3a3c-4581-9843-f715ae3ccd5c');
INSERT INTO oneOnOne(oneOnOneID, expectedTime, meetingDate, meetingLink, oneOnOneUserIDFK) VALUES('32c13496-ff95-48f2-8ca3-646862e47939', 15, '2025-05-12 14:45:00', 'https://meet.google.com/abc-defg-hij', '89929744-af00-4c37-8cf2-9445512a5065');
INSERT INTO oneOnOne(oneOnOneID, expectedTime, meetingDate, meetingLink, oneOnOneUserIDFK) VALUES('9d67d748-989d-405c-954e-1fb4cf0bfa16', 15, '2025-03-21 16:15:00', 'https://meet.google.com/abc-defg-hij', '911f2340-f533-4fff-af8e-8dba0def49b5');
INSERT INTO oneOnOne(oneOnOneID, expectedTime, meetingDate, meetingLink, oneOnOneUserIDFK) VALUES('50c315a8-070e-45ef-b11b-35de1b059bdb', 15, '2025-05-07 14:30:00', 'https://meet.google.com/abc-defg-hij', 'a86503fd-cabf-49ff-98e6-d464e2e59cfb');
INSERT INTO oneOnOne(oneOnOneID, expectedTime, meetingDate, meetingLink, oneOnOneUserIDFK) VALUES('4f06aeba-5cce-4a3e-8964-9b2fcbd13284', 15, '2025-03-05 09:30:00', 'https://meet.google.com/abc-defg-hij', '89929744-af00-4c37-8cf2-9445512a5065');
INSERT INTO oneOnOne(oneOnOneID, expectedTime, meetingDate, meetingLink, oneOnOneUserIDFK) VALUES('fa29269e-cd6f-4be6-82f3-cf4c1eba28f7', 15, '2025-03-20 13:30:00', 'https://meet.google.com/abc-defg-hij', 'cb26b2ae-18f2-4e5c-a23e-6c72a67974e4');
INSERT INTO oneOnOne(oneOnOneID, expectedTime, meetingDate, meetingLink, oneOnOneUserIDFK) VALUES('443d2b36-6ce3-48f3-b543-456e4ac09207', 15, '2025-03-20 13:45:00', 'https://meet.google.com/abc-defg-hij', '25545ba5-13fe-45ea-88da-070828517fad');
INSERT INTO oneOnOne(oneOnOneID, expectedTime, meetingDate, meetingLink, oneOnOneUserIDFK) VALUES('b15e8560-0b6c-4207-92b6-5d238a259bf6', 15, '2025-03-20 13:45:00', 'https://meet.google.com/abc-defg-hij', '8c76a98c-a5bf-4b89-bc4c-ead1097563a2');
INSERT INTO oneOnOne(oneOnOneID, expectedTime, meetingDate, meetingLink, oneOnOneUserIDFK) VALUES('d7432c9b-8454-44c7-b4f8-d9e9baffc090', 15, '2025-05-12 14:30:00', 'https://meet.google.com/abc-defg-hij', 'fcb2418d-162f-436d-b65b-d1fe04676626');
INSERT INTO oneOnOne(oneOnOneID, expectedTime, meetingDate, meetingLink, oneOnOneUserIDFK) VALUES('65d4608b-165c-493c-8ba6-5d928a2423b2', 15, '2025-03-21 16:15:00', 'https://meet.google.com/abc-defg-hij', '608d975a-bccc-4c3e-9039-2681046311ba');
INSERT INTO oneOnOne(oneOnOneID, expectedTime, meetingDate, meetingLink, oneOnOneUserIDFK) VALUES('614261ed-bc8f-4a0c-a5e0-37b50bdc127a', 15, '2025-05-07 14:15:00', 'https://meet.google.com/abc-defg-hij', '798b5a5d-2e33-455d-beff-6b479407f961');
INSERT INTO oneOnOne(oneOnOneID, expectedTime, meetingDate, meetingLink, oneOnOneUserIDFK) VALUES('ebaa611b-37f0-42f0-a057-a7eac2c68096', 15, '2025-03-05 09:45:00', 'https://meet.google.com/abc-defg-hij', 'a6ac7e46-2faa-42dc-9f6f-3efd8cdda019');
INSERT INTO oneOnOne(oneOnOneID, expectedTime, meetingDate, meetingLink, oneOnOneUserIDFK) VALUES('47d5e367-cad2-42db-814d-dca2d60aa035', 15, '2025-05-12 14:45:00', 'https://meet.google.com/abc-defg-hij', '2a9a0e70-f818-4845-aaa9-4e610b1cd094');
INSERT INTO oneOnOne(oneOnOneID, expectedTime, meetingDate, meetingLink, oneOnOneUserIDFK) VALUES('bded2dbb-8f79-4170-b08b-9852881fee8b', 15, '2025-05-07 14:45:00', 'https://meet.google.com/abc-defg-hij', '0dd914de-4fe3-4169-b02b-2b75af3ac733');
INSERT INTO oneOnOne(oneOnOneID, expectedTime, meetingDate, meetingLink, oneOnOneUserIDFK) VALUES('f4828f01-a8c8-42a5-8a57-a33bb6b00777', 15, '2025-03-21 16:00:00', 'https://meet.google.com/abc-defg-hij', 'bd372027-583d-4753-b314-a34252871855');
INSERT INTO oneOnOne(oneOnOneID, expectedTime, meetingDate, meetingLink, oneOnOneUserIDFK) VALUES('a2c578b8-c4a1-4f26-b382-f41c8b60b59d', 15, '2025-03-05 09:45:00', 'https://meet.google.com/abc-defg-hij', '3dd45437-cef6-4fe6-a270-6ce62369fce4');
INSERT INTO oneOnOne(oneOnOneID, expectedTime, meetingDate, meetingLink, oneOnOneUserIDFK) VALUES('44a65cf9-9c87-48f7-9e09-f255424da31d', 15, '2025-05-07 14:15:00', 'https://meet.google.com/abc-defg-hij', '3262efc1-e5e2-4cb5-a7db-453f91191357');
INSERT INTO oneOnOne(oneOnOneID, expectedTime, meetingDate, meetingLink, oneOnOneUserIDFK) VALUES('e4b29d20-e6a2-44a2-b6d7-072068402319', 15, '2025-05-07 14:15:00', 'https://meet.google.com/abc-defg-hij', '798b5a5d-2e33-455d-beff-6b479407f961');
INSERT INTO oneOnOne(oneOnOneID, expectedTime, meetingDate, meetingLink, oneOnOneUserIDFK) VALUES('8214cb2a-12a4-4761-9613-5b39f99e2a58', 15, '2025-05-12 14:30:00', 'https://meet.google.com/abc-defg-hij', 'a84814bd-79b4-4545-9ef4-a4a92c0290d0');
INSERT INTO oneOnOne(oneOnOneID, expectedTime, meetingDate, meetingLink, oneOnOneUserIDFK) VALUES('f65c14a8-a65f-4d9f-b3c1-1c8a6baafcaf', 15, '2025-03-20 13:30:00', 'https://meet.google.com/abc-defg-hij', 'c6fe37b9-9d38-44cd-837a-6e7aea6d2a03');
INSERT INTO oneOnOne(oneOnOneID, expectedTime, meetingDate, meetingLink, oneOnOneUserIDFK) VALUES('a242be54-e2c1-4cce-9df7-3cfde8a1658f', 15, '2025-03-21 16:15:00', 'https://meet.google.com/abc-defg-hij', '89929744-af00-4c37-8cf2-9445512a5065');
INSERT INTO oneOnOne(oneOnOneID, expectedTime, meetingDate, meetingLink, oneOnOneUserIDFK) VALUES('a20020db-7419-44ee-a3fe-4847b9d912e8', 15, '2025-05-12 14:15:00', 'https://meet.google.com/abc-defg-hij', '67734a6c-f6bf-432d-80e5-8a321baa41f3');
INSERT INTO oneOnOne(oneOnOneID, expectedTime, meetingDate, meetingLink, oneOnOneUserIDFK) VALUES('91e3c5c9-a8c0-4785-862c-611af407b263', 15, '2025-05-12 14:45:00', 'https://meet.google.com/abc-defg-hij', '05452f4e-44a5-446b-aec2-a03e971ef164');
INSERT INTO oneOnOne(oneOnOneID, expectedTime, meetingDate, meetingLink, oneOnOneUserIDFK) VALUES('d5a03f0a-2e4c-42a0-8e46-a61204095088', 15, '2025-05-07 07:00:00', 'https://meet.google.com/abc-defg-hij', '1bf98a2b-8765-4f27-acc1-336bfafd4a31');
INSERT INTO oneOnOne(oneOnOneID, expectedTime, meetingDate, meetingLink, oneOnOneUserIDFK) VALUES('7f146bf8-131f-4992-868a-792845dea68d', 15, '2025-03-20 13:15:00', 'https://meet.google.com/abc-defg-hij', '0f568bbe-1ae2-4848-aee9-9db1126b3a6e');
INSERT INTO oneOnOne(oneOnOneID, expectedTime, meetingDate, meetingLink, oneOnOneUserIDFK) VALUES('ea9fb2f1-575a-4eb8-b7df-bb68a577438c', 15, '2025-03-05 09:30:00', 'https://meet.google.com/abc-defg-hij', 'a0061326-9c2b-4a0b-a35d-395c1d23c462');
INSERT INTO oneOnOne(oneOnOneID, expectedTime, meetingDate, meetingLink, oneOnOneUserIDFK) VALUES('9b2e0a29-211e-4c16-8816-60995c60dfda', 15, '2025-05-12 14:45:00', 'https://meet.google.com/abc-defg-hij', 'a24ef523-0ca5-4cc1-ac1b-280a322ba5e2');
INSERT INTO oneOnOne(oneOnOneID, expectedTime, meetingDate, meetingLink, oneOnOneUserIDFK) VALUES('dee3b136-308c-451f-be26-fa655b8b29ce', 15, '2025-05-12 14:15:00', 'https://meet.google.com/abc-defg-hij', 'e0b9c32e-9018-4ca9-bf90-1f2112324840');
INSERT INTO oneOnOne(oneOnOneID, expectedTime, meetingDate, meetingLink, oneOnOneUserIDFK) VALUES('0a9ee4d0-5051-43cc-a83e-83df1e540a59', 15, '2025-05-07 14:45:00', 'https://meet.google.com/abc-defg-hij', 'd7717007-9f9d-4e58-bce8-768f89ecbd3e');
INSERT INTO oneOnOne(oneOnOneID, expectedTime, meetingDate, meetingLink, oneOnOneUserIDFK) VALUES('b80c690d-6e7d-40cc-94d9-a7f0aa1bfed5', 15, '2025-03-21 16:15:00', 'https://meet.google.com/abc-defg-hij', 'a84814bd-79b4-4545-9ef4-a4a92c0290d0');
INSERT INTO oneOnOne(oneOnOneID, expectedTime, meetingDate, meetingLink, oneOnOneUserIDFK) VALUES('887d3fbe-772e-4ebb-b56e-31e869a4526b', 15, '2025-03-20 13:15:00', 'https://meet.google.com/abc-defg-hij', '21ac0e2e-3e1f-4d91-911e-cc4ccd1ca155');
INSERT INTO oneOnOne(oneOnOneID, expectedTime, meetingDate, meetingLink, oneOnOneUserIDFK) VALUES('e021200e-0d02-45b0-90ae-7b7fbacc5357', 15, '2025-05-12 14:30:00', 'https://meet.google.com/abc-defg-hij', '00088490-3855-4444-9b02-5da6a7638748');
INSERT INTO oneOnOne(oneOnOneID, expectedTime, meetingDate, meetingLink, oneOnOneUserIDFK) VALUES('d6569c85-63cc-4dea-9143-3c10065e69b4', 15, '2025-05-12 14:45:00', 'https://meet.google.com/abc-defg-hij', '8af96d18-a0fc-4c72-9715-136047989038');
INSERT INTO oneOnOne(oneOnOneID, expectedTime, meetingDate, meetingLink, oneOnOneUserIDFK) VALUES('5e371788-3947-4efa-b5a4-f4a8415b167f', 15, '2025-05-12 14:30:00', 'https://meet.google.com/abc-defg-hij', '25545ba5-13fe-45ea-88da-070828517fad');
INSERT INTO oneOnOne(oneOnOneID, expectedTime, meetingDate, meetingLink, oneOnOneUserIDFK) VALUES('44e5b6dc-aebf-453d-874d-1f5455c18241', 15, '2025-05-12 14:45:00', 'https://meet.google.com/abc-defg-hij', 'f0455b2f-4606-4151-899b-5ae1f753d2cb');
INSERT INTO oneOnOne(oneOnOneID, expectedTime, meetingDate, meetingLink, oneOnOneUserIDFK) VALUES('bdb387e6-5b9b-4f11-b41e-75c8ca64838b', 15, '2025-03-21 16:00:00', 'https://meet.google.com/abc-defg-hij', '36c6fb70-0c18-4f66-9afe-72446aee2a1d');
INSERT INTO oneOnOne(oneOnOneID, expectedTime, meetingDate, meetingLink, oneOnOneUserIDFK) VALUES('fe89909b-0c12-4792-93a9-5f74bde877a9', 15, '2025-03-20 13:30:00', 'https://meet.google.com/abc-defg-hij', '21ac0e2e-3e1f-4d91-911e-cc4ccd1ca155');
INSERT INTO oneOnOne(oneOnOneID, expectedTime, meetingDate, meetingLink, oneOnOneUserIDFK) VALUES('8f7b0f9e-7c62-4082-b86e-3ecd3a26b51f', 15, '2025-05-07 14:15:00', 'https://meet.google.com/abc-defg-hij', '7c7d93e6-79b7-4d3e-8c32-2262142a5880');
INSERT INTO oneOnOne(oneOnOneID, expectedTime, meetingDate, meetingLink, oneOnOneUserIDFK) VALUES('0e9efc3f-2620-4651-a1a9-bae4eee37f78', 15, '2025-03-05 09:45:00', 'https://meet.google.com/abc-defg-hij', '911f2340-f533-4fff-af8e-8dba0def49b5');
INSERT INTO oneOnOne(oneOnOneID, expectedTime, meetingDate, meetingLink, oneOnOneUserIDFK) VALUES('bed39d53-2dd5-4121-abbe-ba6815a34ea3', 15, '2025-03-05 09:15:00', 'https://meet.google.com/abc-defg-hij', '05452f4e-44a5-446b-aec2-a03e971ef164');
INSERT INTO oneOnOne(oneOnOneID, expectedTime, meetingDate, meetingLink, oneOnOneUserIDFK) VALUES('0466195c-409c-4398-b604-0e24ec3dda4c', 15, '2025-03-05 09:15:00', 'https://meet.google.com/abc-defg-hij', '1bf98a2b-8765-4f27-acc1-336bfafd4a31');
INSERT INTO oneOnOne(oneOnOneID, expectedTime, meetingDate, meetingLink, oneOnOneUserIDFK) VALUES('f06244a1-2e53-4762-8d4d-01a442f271ab', 15, '2025-05-07 07:00:00', 'https://meet.google.com/abc-defg-hij', '9e7993cb-b658-414b-952b-43afe1b28110');
INSERT INTO oneOnOne(oneOnOneID, expectedTime, meetingDate, meetingLink, oneOnOneUserIDFK) VALUES('c1cd0b30-9997-4d72-a64a-6b0faf056225', 15, '2025-05-07 14:45:00', 'https://meet.google.com/abc-defg-hij', 'c4f268f8-2cfb-45e3-b463-acb84a307be0');
INSERT INTO oneOnOne(oneOnOneID, expectedTime, meetingDate, meetingLink, oneOnOneUserIDFK) VALUES('91b5889f-2aa3-4f8b-9109-61efe5a892d3', 15, '2025-05-07 14:45:00', 'https://meet.google.com/abc-defg-hij', '95e5b5f8-4961-4f9c-96ad-c9a9b3ac2250');
INSERT INTO oneOnOne(oneOnOneID, expectedTime, meetingDate, meetingLink, oneOnOneUserIDFK) VALUES('a8527cf4-4e30-44ca-b5ca-14638c3e28e5', 15, '2025-03-20 13:45:00', 'https://meet.google.com/abc-defg-hij', '5c16f7f0-e13c-457f-8d4c-2df975d6d25c');
INSERT INTO oneOnOne(oneOnOneID, expectedTime, meetingDate, meetingLink, oneOnOneUserIDFK) VALUES('cf35ff53-66a8-4b4c-9393-18193f414bfa', 15, '2025-03-20 13:30:00', 'https://meet.google.com/abc-defg-hij', '4b4fa10a-9114-4758-8022-4c3f1e9a6575');
INSERT INTO oneOnOne(oneOnOneID, expectedTime, meetingDate, meetingLink, oneOnOneUserIDFK) VALUES('806dd106-3ad4-4b47-afe6-aca404507fa9', 15, '2025-03-20 13:30:00', 'https://meet.google.com/abc-defg-hij', '694f01a4-d65e-41de-98c3-518116fa7480');
INSERT INTO oneOnOne(oneOnOneID, expectedTime, meetingDate, meetingLink, oneOnOneUserIDFK) VALUES('d1952818-3126-4525-bf45-812c9cd7999a', 15, '2025-05-07 14:45:00', 'https://meet.google.com/abc-defg-hij', 'a84814bd-79b4-4545-9ef4-a4a92c0290d0');
INSERT INTO oneOnOne(oneOnOneID, expectedTime, meetingDate, meetingLink, oneOnOneUserIDFK) VALUES('d9283f4f-29e2-417d-a5ca-92e8d3575943', 15, '2025-05-12 14:15:00', 'https://meet.google.com/abc-defg-hij', '21ac0e2e-3e1f-4d91-911e-cc4ccd1ca155');
INSERT INTO oneOnOne(oneOnOneID, expectedTime, meetingDate, meetingLink, oneOnOneUserIDFK) VALUES('f7b6d352-3eb4-411c-a741-2ebefaa155ec', 15, '2025-03-05 09:15:00', 'https://meet.google.com/abc-defg-hij', 'fd6218dc-df91-45ee-a34d-d562c5e05f66');
INSERT INTO oneOnOne(oneOnOneID, expectedTime, meetingDate, meetingLink, oneOnOneUserIDFK) VALUES('2ac40fc1-e360-4c67-ac67-d899a1e147bb', 15, '2025-03-05 09:30:00', 'https://meet.google.com/abc-defg-hij', 'acda1edd-7a74-44f9-b3e0-cb405d927e30');
INSERT INTO oneOnOne(oneOnOneID, expectedTime, meetingDate, meetingLink, oneOnOneUserIDFK) VALUES('4ee80852-e7ee-4fc5-9552-bd12db0bbb67', 15, '2025-05-07 14:30:00', 'https://meet.google.com/abc-defg-hij', '22a48fbf-3a9c-4f27-afc8-1348373498b0');
INSERT INTO oneOnOne(oneOnOneID, expectedTime, meetingDate, meetingLink, oneOnOneUserIDFK) VALUES('ab1a39a7-a893-444e-9312-c60bcf381ed8', 15, '2025-05-12 14:45:00', 'https://meet.google.com/abc-defg-hij', '911f2340-f533-4fff-af8e-8dba0def49b5');
INSERT INTO oneOnOne(oneOnOneID, expectedTime, meetingDate, meetingLink, oneOnOneUserIDFK) VALUES('ecc62210-4b27-416a-b51b-0531f902d35a', 15, '2025-03-20 13:30:00', 'https://meet.google.com/abc-defg-hij', 'acda1edd-7a74-44f9-b3e0-cb405d927e30');
INSERT INTO oneOnOne(oneOnOneID, expectedTime, meetingDate, meetingLink, oneOnOneUserIDFK) VALUES('7ef93066-c6cf-4beb-b108-3b8c6d2b201a', 15, '2025-05-12 14:15:00', 'https://meet.google.com/abc-defg-hij', '798b5a5d-2e33-455d-beff-6b479407f961');
INSERT INTO oneOnOne(oneOnOneID, expectedTime, meetingDate, meetingLink, oneOnOneUserIDFK) VALUES('d1550c6d-247b-4db3-ae48-07ccae0a427e', 15, '2025-05-07 14:30:00', 'https://meet.google.com/abc-defg-hij', '79ee4eef-0c19-4963-b705-40741a68c833');
INSERT INTO oneOnOne(oneOnOneID, expectedTime, meetingDate, meetingLink, oneOnOneUserIDFK) VALUES('0ef3ee74-ac63-4c17-b0e4-c689f9920c16', 15, '2025-03-05 09:30:00', 'https://meet.google.com/abc-defg-hij', '7c7d93e6-79b7-4d3e-8c32-2262142a5880');
INSERT INTO oneOnOne(oneOnOneID, expectedTime, meetingDate, meetingLink, oneOnOneUserIDFK) VALUES('78263349-805a-4053-a777-da519fc12a9b', 15, '2025-03-05 09:45:00', 'https://meet.google.com/abc-defg-hij', 'd929de66-2241-4453-a19e-8265da4b4fc6');
INSERT INTO oneOnOne(oneOnOneID, expectedTime, meetingDate, meetingLink, oneOnOneUserIDFK) VALUES('8e9abbb6-db4f-4cda-a8cf-b13e00483c36', 15, '2025-05-07 07:30:00', 'https://meet.google.com/abc-defg-hij', '95e5b5f8-4961-4f9c-96ad-c9a9b3ac2250');
INSERT INTO oneOnOne(oneOnOneID, expectedTime, meetingDate, meetingLink, oneOnOneUserIDFK) VALUES('cd89994b-93a2-47f3-9241-92e4e1fed87a', 15, '2025-03-05 09:30:00', 'https://meet.google.com/abc-defg-hij', '47db8eb3-7b8f-4ec3-b8ee-cef079a06db1');
INSERT INTO oneOnOne(oneOnOneID, expectedTime, meetingDate, meetingLink, oneOnOneUserIDFK) VALUES('90f91c3f-7eae-4a0f-8be9-b7eff2e9d8aa', 15, '2025-03-20 13:30:00', 'https://meet.google.com/abc-defg-hij', 'f98a2e1d-7e02-46f0-bfaa-6ced84471937');
INSERT INTO oneOnOne(oneOnOneID, expectedTime, meetingDate, meetingLink, oneOnOneUserIDFK) VALUES('3f61d56c-e208-4308-af31-8a62d1aaf1b4', 15, '2025-05-07 14:15:00', 'https://meet.google.com/abc-defg-hij', 'acda1edd-7a74-44f9-b3e0-cb405d927e30');
INSERT INTO oneOnOne(oneOnOneID, expectedTime, meetingDate, meetingLink, oneOnOneUserIDFK) VALUES('4789b7c2-96bf-405c-b0b6-27d0be0b6187', 15, '2025-05-12 14:30:00', 'https://meet.google.com/abc-defg-hij', 'a24ef523-0ca5-4cc1-ac1b-280a322ba5e2');
INSERT INTO oneOnOne(oneOnOneID, expectedTime, meetingDate, meetingLink, oneOnOneUserIDFK) VALUES('2c881eb2-82a5-470c-a496-6507d0aa879f', 15, '2025-05-12 14:15:00', 'https://meet.google.com/abc-defg-hij', '66bbe559-5f21-4b37-85c3-976ec694ab69');
INSERT INTO oneOnOne(oneOnOneID, expectedTime, meetingDate, meetingLink, oneOnOneUserIDFK) VALUES('22ee396f-99fd-432d-b17c-ba5ce96c035a', 15, '2025-03-05 09:30:00', 'https://meet.google.com/abc-defg-hij', '8676b8d3-a641-47e2-aeff-8e15fe93b67f');
INSERT INTO oneOnOne(oneOnOneID, expectedTime, meetingDate, meetingLink, oneOnOneUserIDFK) VALUES('847a4625-49ec-4dfa-b167-396c47247605', 15, '2025-05-07 14:15:00', 'https://meet.google.com/abc-defg-hij', 'a6ac7e46-2faa-42dc-9f6f-3efd8cdda019');

INSERT INTO oneOnOneAnswer(answer, answerOneOnOneIDFK, questionIDFK) VALUES('Planeamos definir un plan de acción detallado, distribuir responsabilidades claramente y realizar seguimientos semanales para ajustar el rumbo si es necesario.', 'a242be54-e2c1-4cce-9df7-3cfde8a1658f', '944d6193-98e0-44d6-a7f5-e365bdb15219');
INSERT INTO oneOnOneAnswer(answer, answerOneOnOneIDFK, questionIDFK) VALUES('Si bien hubo momentos de presión, no me siento decepcionado y estoy enfocado en encontrar soluciones.', '2ac40fc1-e360-4c67-ac67-d899a1e147bb', '944d6193-98e0-44d6-a7f5-e365bdb15219');
INSERT INTO oneOnOneAnswer(answer, answerOneOnOneIDFK, questionIDFK) VALUES('Sí, hubo un imprevisto en la coordinación del equipo, pero logramos resolverlo a tiempo con la colaboración de todos.', 'd5a03f0a-2e4c-42a0-8e46-a61204095088', '6f712a95-3948-431f-a67f-ca35fc4b8526');
INSERT INTO oneOnOneAnswer(answer, answerOneOnOneIDFK, questionIDFK) VALUES('La mayoría de las entregas están en línea con el cronograma, aunque se requieren pequeños ajustes en algunas tareas.', '4789b7c2-96bf-405c-b0b6-27d0be0b6187', '944d6193-98e0-44d6-a7f5-e365bdb15219');
INSERT INTO oneOnOneAnswer(answer, answerOneOnOneIDFK, questionIDFK) VALUES('Si bien hubo momentos de presión, no me siento decepcionado y estoy enfocado en encontrar soluciones.', 'ebaa611b-37f0-42f0-a057-a7eac2c68096', 'c664f453-be93-4c87-89ed-cca4078a9173');
INSERT INTO oneOnOneAnswer(answer, answerOneOnOneIDFK, questionIDFK) VALUES('Mi meta es finalizar el proyecto pendiente y comenzar a implementar nuevas estrategias para mejorar la productividad.', 'b80c690d-6e7d-40cc-94d9-a7f0aa1bfed5', '944d6193-98e0-44d6-a7f5-e365bdb15219');
INSERT INTO oneOnOneAnswer(answer, answerOneOnOneIDFK, questionIDFK) VALUES('La mayoría de las entregas están en línea con el cronograma, aunque se requieren pequeños ajustes en algunas tareas.', '90f91c3f-7eae-4a0f-8be9-b7eff2e9d8aa', 'a97808d8-5f2d-4d71-beb0-d501b724d6db');
INSERT INTO oneOnOneAnswer(answer, answerOneOnOneIDFK, questionIDFK) VALUES('En general, me siento tranquilo, aunque reconozco que en algunas situaciones se presenta algo de estrés que manejo con calma.', '332d465e-0afb-4e67-a110-ad74608fd2ec', '6f712a95-3948-431f-a67f-ca35fc4b8526');
INSERT INTO oneOnOneAnswer(answer, answerOneOnOneIDFK, questionIDFK) VALUES('Vamos a fomentar la comunicación continua y a utilizar herramientas de gestión que nos ayuden a monitorear el progreso.', '614261ed-bc8f-4a0c-a5e0-37b50bdc127a', 'a97808d8-5f2d-4d71-beb0-d501b724d6db');
INSERT INTO oneOnOneAnswer(answer, answerOneOnOneIDFK, questionIDFK) VALUES('Me siento orgulloso de haber cumplido mis objetivos en el proyecto X, lo que me permitió crecer profesionalmente.', '0a9ee4d0-5051-43cc-a83e-83df1e540a59', 'c664f453-be93-4c87-89ed-cca4078a9173');
INSERT INTO oneOnOneAnswer(answer, answerOneOnOneIDFK, questionIDFK) VALUES('Me siento orgulloso de haber cumplido mis objetivos en el proyecto X, lo que me permitió crecer profesionalmente.', 'a16fc411-98ea-448f-9865-80cbbf270fab', '6f712a95-3948-431f-a67f-ca35fc4b8526');
INSERT INTO oneOnOneAnswer(answer, answerOneOnOneIDFK, questionIDFK) VALUES('Me encuentro trabajando en la optimización de procesos internos y en la implementación de mejoras para el próximo trimestre.', '8214cb2a-12a4-4761-9613-5b39f99e2a58', '944d6193-98e0-44d6-a7f5-e365bdb15219');
INSERT INTO oneOnOneAnswer(answer, answerOneOnOneIDFK, questionIDFK) VALUES('Me siento orgulloso de haber cumplido mis objetivos en el proyecto X, lo que me permitió crecer profesionalmente.', 'a8527cf4-4e30-44ca-b5ca-14638c3e28e5', 'c664f453-be93-4c87-89ed-cca4078a9173');
INSERT INTO oneOnOneAnswer(answer, answerOneOnOneIDFK, questionIDFK) VALUES('Planeamos definir un plan de acción detallado, distribuir responsabilidades claramente y realizar seguimientos semanales para ajustar el rumbo si es necesario.', 'c1cd0b30-9997-4d72-a64a-6b0faf056225', '944d6193-98e0-44d6-a7f5-e365bdb15219');
INSERT INTO oneOnOneAnswer(answer, answerOneOnOneIDFK, questionIDFK) VALUES('Me siento orgulloso de haber cumplido mis objetivos en el proyecto X, lo que me permitió crecer profesionalmente.', 'd1952818-3126-4525-bf45-812c9cd7999a', '944d6193-98e0-44d6-a7f5-e365bdb15219');
INSERT INTO oneOnOneAnswer(answer, answerOneOnOneIDFK, questionIDFK) VALUES('Me encuentro trabajando en la optimización de procesos internos y en la implementación de mejoras para el próximo trimestre.', '44a65cf9-9c87-48f7-9e09-f255424da31d', '6f712a95-3948-431f-a67f-ca35fc4b8526');
INSERT INTO oneOnOneAnswer(answer, answerOneOnOneIDFK, questionIDFK) VALUES('En general, me siento tranquilo, aunque reconozco que en algunas situaciones se presenta algo de estrés que manejo con calma.', '887d3fbe-772e-4ebb-b56e-31e869a4526b', '944d6193-98e0-44d6-a7f5-e365bdb15219');
INSERT INTO oneOnOneAnswer(answer, answerOneOnOneIDFK, questionIDFK) VALUES('En general tengo lo necesario, aunque en algunas áreas podría beneficiarme de recursos adicionales para acelerar ciertos procesos.', '2c881eb2-82a5-470c-a496-6507d0aa879f', '944d6193-98e0-44d6-a7f5-e365bdb15219');
INSERT INTO oneOnOneAnswer(answer, answerOneOnOneIDFK, questionIDFK) VALUES('La mayoría de las entregas están en línea con el cronograma, aunque se requieren pequeños ajustes en algunas tareas.', '7f146bf8-131f-4992-868a-792845dea68d', '6f712a95-3948-431f-a67f-ca35fc4b8526');
INSERT INTO oneOnOneAnswer(answer, answerOneOnOneIDFK, questionIDFK) VALUES('Me encuentro trabajando en la optimización de procesos internos y en la implementación de mejoras para el próximo trimestre.', '4ee80852-e7ee-4fc5-9552-bd12db0bbb67', '944d6193-98e0-44d6-a7f5-e365bdb15219');
INSERT INTO oneOnOneAnswer(answer, answerOneOnOneIDFK, questionIDFK) VALUES('En general, me siento tranquilo, aunque reconozco que en algunas situaciones se presenta algo de estrés que manejo con calma.', '91b5889f-2aa3-4f8b-9109-61efe5a892d3', '944d6193-98e0-44d6-a7f5-e365bdb15219');
INSERT INTO oneOnOneAnswer(answer, answerOneOnOneIDFK, questionIDFK) VALUES('Me siento orgulloso de haber cumplido mis objetivos en el proyecto X, lo que me permitió crecer profesionalmente.', 'a16fc411-98ea-448f-9865-80cbbf270fab', 'c664f453-be93-4c87-89ed-cca4078a9173');
INSERT INTO oneOnOneAnswer(answer, answerOneOnOneIDFK, questionIDFK) VALUES('Quiero destacar el esfuerzo y la colaboración de todo el equipo, que ha sido fundamental para alcanzar los objetivos planteados.', '4ee80852-e7ee-4fc5-9552-bd12db0bbb67', 'c664f453-be93-4c87-89ed-cca4078a9173');
INSERT INTO oneOnOneAnswer(answer, answerOneOnOneIDFK, questionIDFK) VALUES('Me encuentro trabajando en la optimización de procesos internos y en la implementación de mejoras para el próximo trimestre.', '0e9efc3f-2620-4651-a1a9-bae4eee37f78', '944d6193-98e0-44d6-a7f5-e365bdb15219');
INSERT INTO oneOnOneAnswer(answer, answerOneOnOneIDFK, questionIDFK) VALUES('La mayoría de las entregas están en línea con el cronograma, aunque se requieren pequeños ajustes en algunas tareas.', 'a16fc411-98ea-448f-9865-80cbbf270fab', 'a97808d8-5f2d-4d71-beb0-d501b724d6db');
INSERT INTO oneOnOneAnswer(answer, answerOneOnOneIDFK, questionIDFK) VALUES('Estoy satisfecho por haber superado varios desafíos y mejorar mi organización y gestión del tiempo.', '2777c547-b999-4912-86a5-cd72134f92c0', 'a97808d8-5f2d-4d71-beb0-d501b724d6db');
INSERT INTO oneOnOneAnswer(answer, answerOneOnOneIDFK, questionIDFK) VALUES('En general tengo lo necesario, aunque en algunas áreas podría beneficiarme de recursos adicionales para acelerar ciertos procesos.', 'cd89994b-93a2-47f3-9241-92e4e1fed87a', '6f712a95-3948-431f-a67f-ca35fc4b8526');
INSERT INTO oneOnOneAnswer(answer, answerOneOnOneIDFK, questionIDFK) VALUES('Sí, cuento con las herramientas y el apoyo necesario, lo que me permite avanzar sin mayores inconvenientes.', 'f7b6d352-3eb4-411c-a741-2ebefaa155ec', 'a97808d8-5f2d-4d71-beb0-d501b724d6db');
INSERT INTO oneOnOneAnswer(answer, answerOneOnOneIDFK, questionIDFK) VALUES('En general, me siento tranquilo, aunque reconozco que en algunas situaciones se presenta algo de estrés que manejo con calma.', '4ee80852-e7ee-4fc5-9552-bd12db0bbb67', 'a97808d8-5f2d-4d71-beb0-d501b724d6db');
INSERT INTO oneOnOneAnswer(answer, answerOneOnOneIDFK, questionIDFK) VALUES('Por el momento, estamos cumpliendo los plazos establecidos y el progreso es consistente.', '7f146bf8-131f-4992-868a-792845dea68d', '6f712a95-3948-431f-a67f-ca35fc4b8526');
INSERT INTO oneOnOneAnswer(answer, answerOneOnOneIDFK, questionIDFK) VALUES('Sí, cuento con las herramientas y el apoyo necesario, lo que me permite avanzar sin mayores inconvenientes.', 'f06244a1-2e53-4762-8d4d-01a442f271ab', 'c664f453-be93-4c87-89ed-cca4078a9173');
INSERT INTO oneOnOneAnswer(answer, answerOneOnOneIDFK, questionIDFK) VALUES('Mi meta es finalizar el proyecto pendiente y comenzar a implementar nuevas estrategias para mejorar la productividad.', 'a242be54-e2c1-4cce-9df7-3cfde8a1658f', '6f712a95-3948-431f-a67f-ca35fc4b8526');
INSERT INTO oneOnOneAnswer(answer, answerOneOnOneIDFK, questionIDFK) VALUES('Me encuentro trabajando en la optimización de procesos internos y en la implementación de mejoras para el próximo trimestre.', 'f06244a1-2e53-4762-8d4d-01a442f271ab', '6f712a95-3948-431f-a67f-ca35fc4b8526');
INSERT INTO oneOnOneAnswer(answer, answerOneOnOneIDFK, questionIDFK) VALUES('En general tengo lo necesario, aunque en algunas áreas podría beneficiarme de recursos adicionales para acelerar ciertos procesos.', 'a16fc411-98ea-448f-9865-80cbbf270fab', '6f712a95-3948-431f-a67f-ca35fc4b8526');
INSERT INTO oneOnOneAnswer(answer, answerOneOnOneIDFK, questionIDFK) VALUES('En general tengo lo necesario, aunque en algunas áreas podría beneficiarme de recursos adicionales para acelerar ciertos procesos.', 'd1952818-3126-4525-bf45-812c9cd7999a', 'c664f453-be93-4c87-89ed-cca4078a9173');
INSERT INTO oneOnOneAnswer(answer, answerOneOnOneIDFK, questionIDFK) VALUES('Sí, hubo un imprevisto en la coordinación del equipo, pero logramos resolverlo a tiempo con la colaboración de todos.', 'bdb387e6-5b9b-4f11-b41e-75c8ca64838b', '944d6193-98e0-44d6-a7f5-e365bdb15219');
INSERT INTO oneOnOneAnswer(answer, answerOneOnOneIDFK, questionIDFK) VALUES('En su mayoría la semana fue fluida, aunque surgió una situación que requirió reordenar prioridades, lo cual se solucionó rápidamente.', 'bdb387e6-5b9b-4f11-b41e-75c8ca64838b', 'c664f453-be93-4c87-89ed-cca4078a9173');
INSERT INTO oneOnOneAnswer(answer, answerOneOnOneIDFK, questionIDFK) VALUES('Me encuentro trabajando en la optimización de procesos internos y en la implementación de mejoras para el próximo trimestre.', '2c881eb2-82a5-470c-a496-6507d0aa879f', '944d6193-98e0-44d6-a7f5-e365bdb15219');
INSERT INTO oneOnOneAnswer(answer, answerOneOnOneIDFK, questionIDFK) VALUES('La mayoría de las entregas están en línea con el cronograma, aunque se requieren pequeños ajustes en algunas tareas.', 'e021200e-0d02-45b0-90ae-7b7fbacc5357', '6f712a95-3948-431f-a67f-ca35fc4b8526');
INSERT INTO oneOnOneAnswer(answer, answerOneOnOneIDFK, questionIDFK) VALUES('Sí, hubo un imprevisto en la coordinación del equipo, pero logramos resolverlo a tiempo con la colaboración de todos.', '50c315a8-070e-45ef-b11b-35de1b059bdb', 'a97808d8-5f2d-4d71-beb0-d501b724d6db');
INSERT INTO oneOnOneAnswer(answer, answerOneOnOneIDFK, questionIDFK) VALUES('Por el momento, estamos cumpliendo los plazos establecidos y el progreso es consistente.', '806dd106-3ad4-4b47-afe6-aca404507fa9', 'c664f453-be93-4c87-89ed-cca4078a9173');
INSERT INTO oneOnOneAnswer(answer, answerOneOnOneIDFK, questionIDFK) VALUES('Estoy satisfecho por haber superado varios desafíos y mejorar mi organización y gestión del tiempo.', 'a2c578b8-c4a1-4f26-b382-f41c8b60b59d', '6f712a95-3948-431f-a67f-ca35fc4b8526');
INSERT INTO oneOnOneAnswer(answer, answerOneOnOneIDFK, questionIDFK) VALUES('Me siento orgulloso de haber cumplido mis objetivos en el proyecto X, lo que me permitió crecer profesionalmente.', 'f7b6d352-3eb4-411c-a741-2ebefaa155ec', 'c664f453-be93-4c87-89ed-cca4078a9173');
INSERT INTO oneOnOneAnswer(answer, answerOneOnOneIDFK, questionIDFK) VALUES('En general, me siento tranquilo, aunque reconozco que en algunas situaciones se presenta algo de estrés que manejo con calma.', 'fe89909b-0c12-4792-93a9-5f74bde877a9', '944d6193-98e0-44d6-a7f5-e365bdb15219');
INSERT INTO oneOnOneAnswer(answer, answerOneOnOneIDFK, questionIDFK) VALUES('Estoy satisfecho por haber superado varios desafíos y mejorar mi organización y gestión del tiempo.', '22ee396f-99fd-432d-b17c-ba5ce96c035a', '6f712a95-3948-431f-a67f-ca35fc4b8526');
INSERT INTO oneOnOneAnswer(answer, answerOneOnOneIDFK, questionIDFK) VALUES('Por el momento, estamos cumpliendo los plazos establecidos y el progreso es consistente.', 'd9283f4f-29e2-417d-a5ca-92e8d3575943', 'c664f453-be93-4c87-89ed-cca4078a9173');
INSERT INTO oneOnOneAnswer(answer, answerOneOnOneIDFK, questionIDFK) VALUES('La mayoría de las entregas están en línea con el cronograma, aunque se requieren pequeños ajustes en algunas tareas.', 'bed39d53-2dd5-4121-abbe-ba6815a34ea3', 'a97808d8-5f2d-4d71-beb0-d501b724d6db');
INSERT INTO oneOnOneAnswer(answer, answerOneOnOneIDFK, questionIDFK) VALUES('Estoy satisfecho por haber superado varios desafíos y mejorar mi organización y gestión del tiempo.', '50c315a8-070e-45ef-b11b-35de1b059bdb', 'a97808d8-5f2d-4d71-beb0-d501b724d6db');
INSERT INTO oneOnOneAnswer(answer, answerOneOnOneIDFK, questionIDFK) VALUES('Planeamos definir un plan de acción detallado, distribuir responsabilidades claramente y realizar seguimientos semanales para ajustar el rumbo si es necesario.', 'a2c578b8-c4a1-4f26-b382-f41c8b60b59d', '6f712a95-3948-431f-a67f-ca35fc4b8526');
INSERT INTO oneOnOneAnswer(answer, answerOneOnOneIDFK, questionIDFK) VALUES('Si bien hubo momentos de presión, no me siento decepcionado y estoy enfocado en encontrar soluciones.', '9d67d748-989d-405c-954e-1fb4cf0bfa16', '944d6193-98e0-44d6-a7f5-e365bdb15219');
INSERT INTO oneOnOneAnswer(answer, answerOneOnOneIDFK, questionIDFK) VALUES('Planeamos definir un plan de acción detallado, distribuir responsabilidades claramente y realizar seguimientos semanales para ajustar el rumbo si es necesario.', '90f91c3f-7eae-4a0f-8be9-b7eff2e9d8aa', 'a97808d8-5f2d-4d71-beb0-d501b724d6db');
INSERT INTO oneOnOneAnswer(answer, answerOneOnOneIDFK, questionIDFK) VALUES('Mi meta es finalizar el proyecto pendiente y comenzar a implementar nuevas estrategias para mejorar la productividad.', 'd6569c85-63cc-4dea-9143-3c10065e69b4', 'c664f453-be93-4c87-89ed-cca4078a9173');
INSERT INTO oneOnOneAnswer(answer, answerOneOnOneIDFK, questionIDFK) VALUES('Vamos a fomentar la comunicación continua y a utilizar herramientas de gestión que nos ayuden a monitorear el progreso.', '9b2e0a29-211e-4c16-8816-60995c60dfda', 'c664f453-be93-4c87-89ed-cca4078a9173');
INSERT INTO oneOnOneAnswer(answer, answerOneOnOneIDFK, questionIDFK) VALUES('Me siento orgulloso de haber cumplido mis objetivos en el proyecto X, lo que me permitió crecer profesionalmente.', '90f91c3f-7eae-4a0f-8be9-b7eff2e9d8aa', '944d6193-98e0-44d6-a7f5-e365bdb15219');
INSERT INTO oneOnOneAnswer(answer, answerOneOnOneIDFK, questionIDFK) VALUES('Por el momento, estamos cumpliendo los plazos establecidos y el progreso es consistente.', 'd9283f4f-29e2-417d-a5ca-92e8d3575943', 'c664f453-be93-4c87-89ed-cca4078a9173');
INSERT INTO oneOnOneAnswer(answer, answerOneOnOneIDFK, questionIDFK) VALUES('Por el momento, estamos cumpliendo los plazos establecidos y el progreso es consistente.', '47d5e367-cad2-42db-814d-dca2d60aa035', '944d6193-98e0-44d6-a7f5-e365bdb15219');
INSERT INTO oneOnOneAnswer(answer, answerOneOnOneIDFK, questionIDFK) VALUES('En general, me siento tranquilo, aunque reconozco que en algunas situaciones se presenta algo de estrés que manejo con calma.', 'e021200e-0d02-45b0-90ae-7b7fbacc5357', '6f712a95-3948-431f-a67f-ca35fc4b8526');
INSERT INTO oneOnOneAnswer(answer, answerOneOnOneIDFK, questionIDFK) VALUES('La mayoría de las entregas están en línea con el cronograma, aunque se requieren pequeños ajustes en algunas tareas.', '0a9ee4d0-5051-43cc-a83e-83df1e540a59', '944d6193-98e0-44d6-a7f5-e365bdb15219');
INSERT INTO oneOnOneAnswer(answer, answerOneOnOneIDFK, questionIDFK) VALUES('Estoy satisfecho por haber superado varios desafíos y mejorar mi organización y gestión del tiempo.', '78263349-805a-4053-a777-da519fc12a9b', 'c664f453-be93-4c87-89ed-cca4078a9173');
INSERT INTO oneOnOneAnswer(answer, answerOneOnOneIDFK, questionIDFK) VALUES('Planeamos definir un plan de acción detallado, distribuir responsabilidades claramente y realizar seguimientos semanales para ajustar el rumbo si es necesario.', 'cd89994b-93a2-47f3-9241-92e4e1fed87a', '944d6193-98e0-44d6-a7f5-e365bdb15219');
INSERT INTO oneOnOneAnswer(answer, answerOneOnOneIDFK, questionIDFK) VALUES('Sí, cuento con las herramientas y el apoyo necesario, lo que me permite avanzar sin mayores inconvenientes.', 'ab1a39a7-a893-444e-9312-c60bcf381ed8', 'c664f453-be93-4c87-89ed-cca4078a9173');
INSERT INTO oneOnOneAnswer(answer, answerOneOnOneIDFK, questionIDFK) VALUES('Sí, cuento con las herramientas y el apoyo necesario, lo que me permite avanzar sin mayores inconvenientes.', 'a2c578b8-c4a1-4f26-b382-f41c8b60b59d', 'a97808d8-5f2d-4d71-beb0-d501b724d6db');
INSERT INTO oneOnOneAnswer(answer, answerOneOnOneIDFK, questionIDFK) VALUES('Planeamos definir un plan de acción detallado, distribuir responsabilidades claramente y realizar seguimientos semanales para ajustar el rumbo si es necesario.', 'd9283f4f-29e2-417d-a5ca-92e8d3575943', '944d6193-98e0-44d6-a7f5-e365bdb15219');
INSERT INTO oneOnOneAnswer(answer, answerOneOnOneIDFK, questionIDFK) VALUES('Quiero destacar el esfuerzo y la colaboración de todo el equipo, que ha sido fundamental para alcanzar los objetivos planteados.', 'd1952818-3126-4525-bf45-812c9cd7999a', 'a97808d8-5f2d-4d71-beb0-d501b724d6db');
INSERT INTO oneOnOneAnswer(answer, answerOneOnOneIDFK, questionIDFK) VALUES('Mi meta es finalizar el proyecto pendiente y comenzar a implementar nuevas estrategias para mejorar la productividad.', '4ee80852-e7ee-4fc5-9552-bd12db0bbb67', 'a97808d8-5f2d-4d71-beb0-d501b724d6db');
INSERT INTO oneOnOneAnswer(answer, answerOneOnOneIDFK, questionIDFK) VALUES('La mayoría de las entregas están en línea con el cronograma, aunque se requieren pequeños ajustes en algunas tareas.', '0a232488-0ea9-4681-9a41-13a3c6a2008b', '6f712a95-3948-431f-a67f-ca35fc4b8526');
INSERT INTO oneOnOneAnswer(answer, answerOneOnOneIDFK, questionIDFK) VALUES('Quiero concentrarme en perfeccionar mis habilidades técnicas y cumplir con los plazos establecidos en mis tareas.', '4f06aeba-5cce-4a3e-8964-9b2fcbd13284', 'a97808d8-5f2d-4d71-beb0-d501b724d6db');
INSERT INTO oneOnOneAnswer(answer, answerOneOnOneIDFK, questionIDFK) VALUES('Mi meta es finalizar el proyecto pendiente y comenzar a implementar nuevas estrategias para mejorar la productividad.', '8f7b0f9e-7c62-4082-b86e-3ecd3a26b51f', 'a97808d8-5f2d-4d71-beb0-d501b724d6db');
INSERT INTO oneOnOneAnswer(answer, answerOneOnOneIDFK, questionIDFK) VALUES('En su mayoría la semana fue fluida, aunque surgió una situación que requirió reordenar prioridades, lo cual se solucionó rápidamente.', 'ebaa611b-37f0-42f0-a057-a7eac2c68096', 'a97808d8-5f2d-4d71-beb0-d501b724d6db');
INSERT INTO oneOnOneAnswer(answer, answerOneOnOneIDFK, questionIDFK) VALUES('Quiero concentrarme en perfeccionar mis habilidades técnicas y cumplir con los plazos establecidos en mis tareas.', 'd6569c85-63cc-4dea-9143-3c10065e69b4', 'a97808d8-5f2d-4d71-beb0-d501b724d6db');
INSERT INTO oneOnOneAnswer(answer, answerOneOnOneIDFK, questionIDFK) VALUES('En general, me siento tranquilo, aunque reconozco que en algunas situaciones se presenta algo de estrés que manejo con calma.', '9d67d748-989d-405c-954e-1fb4cf0bfa16', '6f712a95-3948-431f-a67f-ca35fc4b8526');
INSERT INTO oneOnOneAnswer(answer, answerOneOnOneIDFK, questionIDFK) VALUES('Mi meta es finalizar el proyecto pendiente y comenzar a implementar nuevas estrategias para mejorar la productividad.', 'd1550c6d-247b-4db3-ae48-07ccae0a427e', 'a97808d8-5f2d-4d71-beb0-d501b724d6db');
INSERT INTO oneOnOneAnswer(answer, answerOneOnOneIDFK, questionIDFK) VALUES('Sí, cuento con las herramientas y el apoyo necesario, lo que me permite avanzar sin mayores inconvenientes.', 'bed39d53-2dd5-4121-abbe-ba6815a34ea3', '944d6193-98e0-44d6-a7f5-e365bdb15219');
INSERT INTO oneOnOneAnswer(answer, answerOneOnOneIDFK, questionIDFK) VALUES('La mayoría de las entregas están en línea con el cronograma, aunque se requieren pequeños ajustes en algunas tareas.', '91e3c5c9-a8c0-4785-862c-611af407b263', 'c664f453-be93-4c87-89ed-cca4078a9173');
INSERT INTO oneOnOneAnswer(answer, answerOneOnOneIDFK, questionIDFK) VALUES('La mayoría de las entregas están en línea con el cronograma, aunque se requieren pequeños ajustes en algunas tareas.', 'bded2dbb-8f79-4170-b08b-9852881fee8b', 'a97808d8-5f2d-4d71-beb0-d501b724d6db');
INSERT INTO oneOnOneAnswer(answer, answerOneOnOneIDFK, questionIDFK) VALUES('Si bien hubo momentos de presión, no me siento decepcionado y estoy enfocado en encontrar soluciones.', 'ecc62210-4b27-416a-b51b-0531f902d35a', '6f712a95-3948-431f-a67f-ca35fc4b8526');
INSERT INTO oneOnOneAnswer(answer, answerOneOnOneIDFK, questionIDFK) VALUES('En general, me siento tranquilo, aunque reconozco que en algunas situaciones se presenta algo de estrés que manejo con calma.', 'd1952818-3126-4525-bf45-812c9cd7999a', 'c664f453-be93-4c87-89ed-cca4078a9173');
INSERT INTO oneOnOneAnswer(answer, answerOneOnOneIDFK, questionIDFK) VALUES('Vamos a fomentar la comunicación continua y a utilizar herramientas de gestión que nos ayuden a monitorear el progreso.', 'e4b29d20-e6a2-44a2-b6d7-072068402319', '6f712a95-3948-431f-a67f-ca35fc4b8526');
INSERT INTO oneOnOneAnswer(answer, answerOneOnOneIDFK, questionIDFK) VALUES('Sí, hubo un imprevisto en la coordinación del equipo, pero logramos resolverlo a tiempo con la colaboración de todos.', 'a8527cf4-4e30-44ca-b5ca-14638c3e28e5', '944d6193-98e0-44d6-a7f5-e365bdb15219');
INSERT INTO oneOnOneAnswer(answer, answerOneOnOneIDFK, questionIDFK) VALUES('La mayoría de las entregas están en línea con el cronograma, aunque se requieren pequeños ajustes en algunas tareas.', 'a20020db-7419-44ee-a3fe-4847b9d912e8', 'c664f453-be93-4c87-89ed-cca4078a9173');
INSERT INTO oneOnOneAnswer(answer, answerOneOnOneIDFK, questionIDFK) VALUES('Actualmente estoy enfocado en el desarrollo del proyecto Y, colaborando estrechamente con mi equipo para alcanzar los objetivos.', '65d4608b-165c-493c-8ba6-5d928a2423b2', '944d6193-98e0-44d6-a7f5-e365bdb15219');
INSERT INTO oneOnOneAnswer(answer, answerOneOnOneIDFK, questionIDFK) VALUES('En general, me siento tranquilo, aunque reconozco que en algunas situaciones se presenta algo de estrés que manejo con calma.', 'a2c578b8-c4a1-4f26-b382-f41c8b60b59d', 'c664f453-be93-4c87-89ed-cca4078a9173');
INSERT INTO oneOnOneAnswer(answer, answerOneOnOneIDFK, questionIDFK) VALUES('Me siento orgulloso de haber cumplido mis objetivos en el proyecto X, lo que me permitió crecer profesionalmente.', 'ed46807f-5e3a-4d9c-8aea-b7fd7a3ebf4b', '944d6193-98e0-44d6-a7f5-e365bdb15219');
INSERT INTO oneOnOneAnswer(answer, answerOneOnOneIDFK, questionIDFK) VALUES('Estoy satisfecho por haber superado varios desafíos y mejorar mi organización y gestión del tiempo.', '4f06aeba-5cce-4a3e-8964-9b2fcbd13284', 'c664f453-be93-4c87-89ed-cca4078a9173');
INSERT INTO oneOnOneAnswer(answer, answerOneOnOneIDFK, questionIDFK) VALUES('En general, me siento tranquilo, aunque reconozco que en algunas situaciones se presenta algo de estrés que manejo con calma.', 'cf35ff53-66a8-4b4c-9393-18193f414bfa', 'c664f453-be93-4c87-89ed-cca4078a9173');
INSERT INTO oneOnOneAnswer(answer, answerOneOnOneIDFK, questionIDFK) VALUES('Por el momento, estamos cumpliendo los plazos establecidos y el progreso es consistente.', 'd5a03f0a-2e4c-42a0-8e46-a61204095088', 'a97808d8-5f2d-4d71-beb0-d501b724d6db');
INSERT INTO oneOnOneAnswer(answer, answerOneOnOneIDFK, questionIDFK) VALUES('Planeamos definir un plan de acción detallado, distribuir responsabilidades claramente y realizar seguimientos semanales para ajustar el rumbo si es necesario.', 'f4828f01-a8c8-42a5-8a57-a33bb6b00777', '944d6193-98e0-44d6-a7f5-e365bdb15219');
INSERT INTO oneOnOneAnswer(answer, answerOneOnOneIDFK, questionIDFK) VALUES('Vamos a fomentar la comunicación continua y a utilizar herramientas de gestión que nos ayuden a monitorear el progreso.', '78263349-805a-4053-a777-da519fc12a9b', '6f712a95-3948-431f-a67f-ca35fc4b8526');
INSERT INTO oneOnOneAnswer(answer, answerOneOnOneIDFK, questionIDFK) VALUES('Si bien hubo momentos de presión, no me siento decepcionado y estoy enfocado en encontrar soluciones.', '443d2b36-6ce3-48f3-b543-456e4ac09207', 'c664f453-be93-4c87-89ed-cca4078a9173');
INSERT INTO oneOnOneAnswer(answer, answerOneOnOneIDFK, questionIDFK) VALUES('Quiero destacar el esfuerzo y la colaboración de todo el equipo, que ha sido fundamental para alcanzar los objetivos planteados.', 'cd89994b-93a2-47f3-9241-92e4e1fed87a', 'c664f453-be93-4c87-89ed-cca4078a9173');
INSERT INTO oneOnOneAnswer(answer, answerOneOnOneIDFK, questionIDFK) VALUES('Vamos a fomentar la comunicación continua y a utilizar herramientas de gestión que nos ayuden a monitorear el progreso.', '3f61d56c-e208-4308-af31-8a62d1aaf1b4', '6f712a95-3948-431f-a67f-ca35fc4b8526');
INSERT INTO oneOnOneAnswer(answer, answerOneOnOneIDFK, questionIDFK) VALUES('En general tengo lo necesario, aunque en algunas áreas podría beneficiarme de recursos adicionales para acelerar ciertos procesos.', 'dee3b136-308c-451f-be26-fa655b8b29ce', '6f712a95-3948-431f-a67f-ca35fc4b8526');
INSERT INTO oneOnOneAnswer(answer, answerOneOnOneIDFK, questionIDFK) VALUES('En su mayoría la semana fue fluida, aunque surgió una situación que requirió reordenar prioridades, lo cual se solucionó rápidamente.', 'f4828f01-a8c8-42a5-8a57-a33bb6b00777', 'a97808d8-5f2d-4d71-beb0-d501b724d6db');
INSERT INTO oneOnOneAnswer(answer, answerOneOnOneIDFK, questionIDFK) VALUES('Actualmente estoy enfocado en el desarrollo del proyecto Y, colaborando estrechamente con mi equipo para alcanzar los objetivos.', '2c881eb2-82a5-470c-a496-6507d0aa879f', 'a97808d8-5f2d-4d71-beb0-d501b724d6db');
INSERT INTO oneOnOneAnswer(answer, answerOneOnOneIDFK, questionIDFK) VALUES('Planeamos definir un plan de acción detallado, distribuir responsabilidades claramente y realizar seguimientos semanales para ajustar el rumbo si es necesario.', '32c13496-ff95-48f2-8ca3-646862e47939', '6f712a95-3948-431f-a67f-ca35fc4b8526');
INSERT INTO oneOnOneAnswer(answer, answerOneOnOneIDFK, questionIDFK) VALUES('En general, me siento tranquilo, aunque reconozco que en algunas situaciones se presenta algo de estrés que manejo con calma.', '0a232488-0ea9-4681-9a41-13a3c6a2008b', 'a97808d8-5f2d-4d71-beb0-d501b724d6db');
INSERT INTO oneOnOneAnswer(answer, answerOneOnOneIDFK, questionIDFK) VALUES('Quiero destacar el esfuerzo y la colaboración de todo el equipo, que ha sido fundamental para alcanzar los objetivos planteados.', '9b2e0a29-211e-4c16-8816-60995c60dfda', 'c664f453-be93-4c87-89ed-cca4078a9173');
INSERT INTO oneOnOneAnswer(answer, answerOneOnOneIDFK, questionIDFK) VALUES('En general tengo lo necesario, aunque en algunas áreas podría beneficiarme de recursos adicionales para acelerar ciertos procesos.', '3f61d56c-e208-4308-af31-8a62d1aaf1b4', '6f712a95-3948-431f-a67f-ca35fc4b8526');
INSERT INTO oneOnOneAnswer(answer, answerOneOnOneIDFK, questionIDFK) VALUES('Planeamos definir un plan de acción detallado, distribuir responsabilidades claramente y realizar seguimientos semanales para ajustar el rumbo si es necesario.', '3f61d56c-e208-4308-af31-8a62d1aaf1b4', '944d6193-98e0-44d6-a7f5-e365bdb15219');
INSERT INTO oneOnOneAnswer(answer, answerOneOnOneIDFK, questionIDFK) VALUES('Mi meta es finalizar el proyecto pendiente y comenzar a implementar nuevas estrategias para mejorar la productividad.', '8e9abbb6-db4f-4cda-a8cf-b13e00483c36', 'c664f453-be93-4c87-89ed-cca4078a9173');
INSERT INTO oneOnOneAnswer(answer, answerOneOnOneIDFK, questionIDFK) VALUES('En su mayoría la semana fue fluida, aunque surgió una situación que requirió reordenar prioridades, lo cual se solucionó rápidamente.', 'a2c578b8-c4a1-4f26-b382-f41c8b60b59d', 'a97808d8-5f2d-4d71-beb0-d501b724d6db');
INSERT INTO oneOnOneAnswer(answer, answerOneOnOneIDFK, questionIDFK) VALUES('En su mayoría la semana fue fluida, aunque surgió una situación que requirió reordenar prioridades, lo cual se solucionó rápidamente.', '4f06aeba-5cce-4a3e-8964-9b2fcbd13284', 'c664f453-be93-4c87-89ed-cca4078a9173');
INSERT INTO oneOnOneAnswer(answer, answerOneOnOneIDFK, questionIDFK) VALUES('Estoy satisfecho por haber superado varios desafíos y mejorar mi organización y gestión del tiempo.', '0a232488-0ea9-4681-9a41-13a3c6a2008b', 'c664f453-be93-4c87-89ed-cca4078a9173');
INSERT INTO oneOnOneAnswer(answer, answerOneOnOneIDFK, questionIDFK) VALUES('En su mayoría la semana fue fluida, aunque surgió una situación que requirió reordenar prioridades, lo cual se solucionó rápidamente.', '0ef3ee74-ac63-4c17-b0e4-c689f9920c16', 'a97808d8-5f2d-4d71-beb0-d501b724d6db');
INSERT INTO oneOnOneAnswer(answer, answerOneOnOneIDFK, questionIDFK) VALUES('En general, me siento tranquilo, aunque reconozco que en algunas situaciones se presenta algo de estrés que manejo con calma.', '0e9efc3f-2620-4651-a1a9-bae4eee37f78', 'c664f453-be93-4c87-89ed-cca4078a9173');
INSERT INTO oneOnOneAnswer(answer, answerOneOnOneIDFK, questionIDFK) VALUES('Planeamos definir un plan de acción detallado, distribuir responsabilidades claramente y realizar seguimientos semanales para ajustar el rumbo si es necesario.', '9b2e0a29-211e-4c16-8816-60995c60dfda', 'a97808d8-5f2d-4d71-beb0-d501b724d6db');
INSERT INTO oneOnOneAnswer(answer, answerOneOnOneIDFK, questionIDFK) VALUES('En general, me siento tranquilo, aunque reconozco que en algunas situaciones se presenta algo de estrés que manejo con calma.', 'ed46807f-5e3a-4d9c-8aea-b7fd7a3ebf4b', '6f712a95-3948-431f-a67f-ca35fc4b8526');
INSERT INTO oneOnOneAnswer(answer, answerOneOnOneIDFK, questionIDFK) VALUES('Estoy satisfecho por haber superado varios desafíos y mejorar mi organización y gestión del tiempo.', '2ac40fc1-e360-4c67-ac67-d899a1e147bb', '944d6193-98e0-44d6-a7f5-e365bdb15219');
INSERT INTO oneOnOneAnswer(answer, answerOneOnOneIDFK, questionIDFK) VALUES('Me encuentro trabajando en la optimización de procesos internos y en la implementación de mejoras para el próximo trimestre.', '22ee396f-99fd-432d-b17c-ba5ce96c035a', '944d6193-98e0-44d6-a7f5-e365bdb15219');
INSERT INTO oneOnOneAnswer(answer, answerOneOnOneIDFK, questionIDFK) VALUES('Mi meta es finalizar el proyecto pendiente y comenzar a implementar nuevas estrategias para mejorar la productividad.', '50c315a8-070e-45ef-b11b-35de1b059bdb', 'a97808d8-5f2d-4d71-beb0-d501b724d6db');
INSERT INTO oneOnOneAnswer(answer, answerOneOnOneIDFK, questionIDFK) VALUES('Si bien hubo momentos de presión, no me siento decepcionado y estoy enfocado en encontrar soluciones.', '0e9efc3f-2620-4651-a1a9-bae4eee37f78', 'c664f453-be93-4c87-89ed-cca4078a9173');
INSERT INTO oneOnOneAnswer(answer, answerOneOnOneIDFK, questionIDFK) VALUES('Me encuentro trabajando en la optimización de procesos internos y en la implementación de mejoras para el próximo trimestre.', '7ef93066-c6cf-4beb-b108-3b8c6d2b201a', '6f712a95-3948-431f-a67f-ca35fc4b8526');
INSERT INTO oneOnOneAnswer(answer, answerOneOnOneIDFK, questionIDFK) VALUES('Me encuentro trabajando en la optimización de procesos internos y en la implementación de mejoras para el próximo trimestre.', '2c881eb2-82a5-470c-a496-6507d0aa879f', '6f712a95-3948-431f-a67f-ca35fc4b8526');
INSERT INTO oneOnOneAnswer(answer, answerOneOnOneIDFK, questionIDFK) VALUES('En su mayoría la semana fue fluida, aunque surgió una situación que requirió reordenar prioridades, lo cual se solucionó rápidamente.', 'd5a03f0a-2e4c-42a0-8e46-a61204095088', 'c664f453-be93-4c87-89ed-cca4078a9173');
INSERT INTO oneOnOneAnswer(answer, answerOneOnOneIDFK, questionIDFK) VALUES('Estoy satisfecho por haber superado varios desafíos y mejorar mi organización y gestión del tiempo.', 'e4b29d20-e6a2-44a2-b6d7-072068402319', 'a97808d8-5f2d-4d71-beb0-d501b724d6db');
INSERT INTO oneOnOneAnswer(answer, answerOneOnOneIDFK, questionIDFK) VALUES('Quiero destacar el esfuerzo y la colaboración de todo el equipo, que ha sido fundamental para alcanzar los objetivos planteados.', '0a9ee4d0-5051-43cc-a83e-83df1e540a59', '6f712a95-3948-431f-a67f-ca35fc4b8526');
INSERT INTO oneOnOneAnswer(answer, answerOneOnOneIDFK, questionIDFK) VALUES('En general tengo lo necesario, aunque en algunas áreas podría beneficiarme de recursos adicionales para acelerar ciertos procesos.', 'c1cd0b30-9997-4d72-a64a-6b0faf056225', '944d6193-98e0-44d6-a7f5-e365bdb15219');
INSERT INTO oneOnOneAnswer(answer, answerOneOnOneIDFK, questionIDFK) VALUES('Estoy satisfecho por haber superado varios desafíos y mejorar mi organización y gestión del tiempo.', 'dee3b136-308c-451f-be26-fa655b8b29ce', 'a97808d8-5f2d-4d71-beb0-d501b724d6db');
INSERT INTO oneOnOneAnswer(answer, answerOneOnOneIDFK, questionIDFK) VALUES('Vamos a fomentar la comunicación continua y a utilizar herramientas de gestión que nos ayuden a monitorear el progreso.', 'ebaa611b-37f0-42f0-a057-a7eac2c68096', '944d6193-98e0-44d6-a7f5-e365bdb15219');
INSERT INTO oneOnOneAnswer(answer, answerOneOnOneIDFK, questionIDFK) VALUES('Quiero concentrarme en perfeccionar mis habilidades técnicas y cumplir con los plazos establecidos en mis tareas.', '2c881eb2-82a5-470c-a496-6507d0aa879f', '6f712a95-3948-431f-a67f-ca35fc4b8526');
INSERT INTO oneOnOneAnswer(answer, answerOneOnOneIDFK, questionIDFK) VALUES('Me encuentro trabajando en la optimización de procesos internos y en la implementación de mejoras para el próximo trimestre.', 'ebaa611b-37f0-42f0-a057-a7eac2c68096', 'a97808d8-5f2d-4d71-beb0-d501b724d6db');
INSERT INTO oneOnOneAnswer(answer, answerOneOnOneIDFK, questionIDFK) VALUES('En su mayoría la semana fue fluida, aunque surgió una situación que requirió reordenar prioridades, lo cual se solucionó rápidamente.', '8214cb2a-12a4-4761-9613-5b39f99e2a58', 'c664f453-be93-4c87-89ed-cca4078a9173');
INSERT INTO oneOnOneAnswer(answer, answerOneOnOneIDFK, questionIDFK) VALUES('Si bien hubo momentos de presión, no me siento decepcionado y estoy enfocado en encontrar soluciones.', '4789b7c2-96bf-405c-b0b6-27d0be0b6187', 'c664f453-be93-4c87-89ed-cca4078a9173');
INSERT INTO oneOnOneAnswer(answer, answerOneOnOneIDFK, questionIDFK) VALUES('Mi meta es finalizar el proyecto pendiente y comenzar a implementar nuevas estrategias para mejorar la productividad.', '22ee396f-99fd-432d-b17c-ba5ce96c035a', '944d6193-98e0-44d6-a7f5-e365bdb15219');
INSERT INTO oneOnOneAnswer(answer, answerOneOnOneIDFK, questionIDFK) VALUES('En general tengo lo necesario, aunque en algunas áreas podría beneficiarme de recursos adicionales para acelerar ciertos procesos.', 'b80c690d-6e7d-40cc-94d9-a7f0aa1bfed5', 'c664f453-be93-4c87-89ed-cca4078a9173');
INSERT INTO oneOnOneAnswer(answer, answerOneOnOneIDFK, questionIDFK) VALUES('Sí, cuento con las herramientas y el apoyo necesario, lo que me permite avanzar sin mayores inconvenientes.', 'e4b29d20-e6a2-44a2-b6d7-072068402319', '944d6193-98e0-44d6-a7f5-e365bdb15219');
INSERT INTO oneOnOneAnswer(answer, answerOneOnOneIDFK, questionIDFK) VALUES('Me encuentro trabajando en la optimización de procesos internos y en la implementación de mejoras para el próximo trimestre.', '4789b7c2-96bf-405c-b0b6-27d0be0b6187', '6f712a95-3948-431f-a67f-ca35fc4b8526');
INSERT INTO oneOnOneAnswer(answer, answerOneOnOneIDFK, questionIDFK) VALUES('En general, me siento tranquilo, aunque reconozco que en algunas situaciones se presenta algo de estrés que manejo con calma.', '78263349-805a-4053-a777-da519fc12a9b', 'a97808d8-5f2d-4d71-beb0-d501b724d6db');
INSERT INTO oneOnOneAnswer(answer, answerOneOnOneIDFK, questionIDFK) VALUES('Vamos a fomentar la comunicación continua y a utilizar herramientas de gestión que nos ayuden a monitorear el progreso.', '0466195c-409c-4398-b604-0e24ec3dda4c', '944d6193-98e0-44d6-a7f5-e365bdb15219');
INSERT INTO oneOnOneAnswer(answer, answerOneOnOneIDFK, questionIDFK) VALUES('Me siento orgulloso de haber cumplido mis objetivos en el proyecto X, lo que me permitió crecer profesionalmente.', 'a242be54-e2c1-4cce-9df7-3cfde8a1658f', '944d6193-98e0-44d6-a7f5-e365bdb15219');
INSERT INTO oneOnOneAnswer(answer, answerOneOnOneIDFK, questionIDFK) VALUES('Quiero destacar el esfuerzo y la colaboración de todo el equipo, que ha sido fundamental para alcanzar los objetivos planteados.', '4ee80852-e7ee-4fc5-9552-bd12db0bbb67', '6f712a95-3948-431f-a67f-ca35fc4b8526');
INSERT INTO oneOnOneAnswer(answer, answerOneOnOneIDFK, questionIDFK) VALUES('En general, me siento tranquilo, aunque reconozco que en algunas situaciones se presenta algo de estrés que manejo con calma.', '887d3fbe-772e-4ebb-b56e-31e869a4526b', 'c664f453-be93-4c87-89ed-cca4078a9173');
INSERT INTO oneOnOneAnswer(answer, answerOneOnOneIDFK, questionIDFK) VALUES('En general tengo lo necesario, aunque en algunas áreas podría beneficiarme de recursos adicionales para acelerar ciertos procesos.', '806dd106-3ad4-4b47-afe6-aca404507fa9', 'c664f453-be93-4c87-89ed-cca4078a9173');
INSERT INTO oneOnOneAnswer(answer, answerOneOnOneIDFK, questionIDFK) VALUES('En general, me siento tranquilo, aunque reconozco que en algunas situaciones se presenta algo de estrés que manejo con calma.', 'd1952818-3126-4525-bf45-812c9cd7999a', '6f712a95-3948-431f-a67f-ca35fc4b8526');
INSERT INTO oneOnOneAnswer(answer, answerOneOnOneIDFK, questionIDFK) VALUES('Planeamos definir un plan de acción detallado, distribuir responsabilidades claramente y realizar seguimientos semanales para ajustar el rumbo si es necesario.', 'ea9fb2f1-575a-4eb8-b7df-bb68a577438c', 'c664f453-be93-4c87-89ed-cca4078a9173');
INSERT INTO oneOnOneAnswer(answer, answerOneOnOneIDFK, questionIDFK) VALUES('En su mayoría la semana fue fluida, aunque surgió una situación que requirió reordenar prioridades, lo cual se solucionó rápidamente.', 'cf35ff53-66a8-4b4c-9393-18193f414bfa', '6f712a95-3948-431f-a67f-ca35fc4b8526');
INSERT INTO oneOnOneAnswer(answer, answerOneOnOneIDFK, questionIDFK) VALUES('Quiero concentrarme en perfeccionar mis habilidades técnicas y cumplir con los plazos establecidos en mis tareas.', 'dee3b136-308c-451f-be26-fa655b8b29ce', 'a97808d8-5f2d-4d71-beb0-d501b724d6db');
INSERT INTO oneOnOneAnswer(answer, answerOneOnOneIDFK, questionIDFK) VALUES('En su mayoría la semana fue fluida, aunque surgió una situación que requirió reordenar prioridades, lo cual se solucionó rápidamente.', 'ecc62210-4b27-416a-b51b-0531f902d35a', 'c664f453-be93-4c87-89ed-cca4078a9173');
INSERT INTO oneOnOneAnswer(answer, answerOneOnOneIDFK, questionIDFK) VALUES('Quiero concentrarme en perfeccionar mis habilidades técnicas y cumplir con los plazos establecidos en mis tareas.', '9b2e0a29-211e-4c16-8816-60995c60dfda', 'c664f453-be93-4c87-89ed-cca4078a9173');
INSERT INTO oneOnOneAnswer(answer, answerOneOnOneIDFK, questionIDFK) VALUES('Quiero destacar el esfuerzo y la colaboración de todo el equipo, que ha sido fundamental para alcanzar los objetivos planteados.', 'bdb387e6-5b9b-4f11-b41e-75c8ca64838b', 'c664f453-be93-4c87-89ed-cca4078a9173');
INSERT INTO oneOnOneAnswer(answer, answerOneOnOneIDFK, questionIDFK) VALUES('Sí, cuento con las herramientas y el apoyo necesario, lo que me permite avanzar sin mayores inconvenientes.', '332d465e-0afb-4e67-a110-ad74608fd2ec', '944d6193-98e0-44d6-a7f5-e365bdb15219');
INSERT INTO oneOnOneAnswer(answer, answerOneOnOneIDFK, questionIDFK) VALUES('Sí, hubo un imprevisto en la coordinación del equipo, pero logramos resolverlo a tiempo con la colaboración de todos.', '887d3fbe-772e-4ebb-b56e-31e869a4526b', 'c664f453-be93-4c87-89ed-cca4078a9173');
INSERT INTO oneOnOneAnswer(answer, answerOneOnOneIDFK, questionIDFK) VALUES('En general, me siento tranquilo, aunque reconozco que en algunas situaciones se presenta algo de estrés que manejo con calma.', 'f4828f01-a8c8-42a5-8a57-a33bb6b00777', '944d6193-98e0-44d6-a7f5-e365bdb15219');
INSERT INTO oneOnOneAnswer(answer, answerOneOnOneIDFK, questionIDFK) VALUES('Quiero concentrarme en perfeccionar mis habilidades técnicas y cumplir con los plazos establecidos en mis tareas.', 'b15e8560-0b6c-4207-92b6-5d238a259bf6', '6f712a95-3948-431f-a67f-ca35fc4b8526');
INSERT INTO oneOnOneAnswer(answer, answerOneOnOneIDFK, questionIDFK) VALUES('La mayoría de las entregas están en línea con el cronograma, aunque se requieren pequeños ajustes en algunas tareas.', '0a232488-0ea9-4681-9a41-13a3c6a2008b', '944d6193-98e0-44d6-a7f5-e365bdb15219');
INSERT INTO oneOnOneAnswer(answer, answerOneOnOneIDFK, questionIDFK) VALUES('Quiero concentrarme en perfeccionar mis habilidades técnicas y cumplir con los plazos establecidos en mis tareas.', 'f7b6d352-3eb4-411c-a741-2ebefaa155ec', '6f712a95-3948-431f-a67f-ca35fc4b8526');
INSERT INTO oneOnOneAnswer(answer, answerOneOnOneIDFK, questionIDFK) VALUES('Me encuentro trabajando en la optimización de procesos internos y en la implementación de mejoras para el próximo trimestre.', 'd9283f4f-29e2-417d-a5ca-92e8d3575943', '944d6193-98e0-44d6-a7f5-e365bdb15219');
INSERT INTO oneOnOneAnswer(answer, answerOneOnOneIDFK, questionIDFK) VALUES('Quiero concentrarme en perfeccionar mis habilidades técnicas y cumplir con los plazos establecidos en mis tareas.', '50c315a8-070e-45ef-b11b-35de1b059bdb', 'a97808d8-5f2d-4d71-beb0-d501b724d6db');
INSERT INTO oneOnOneAnswer(answer, answerOneOnOneIDFK, questionIDFK) VALUES('En general, me siento tranquilo, aunque reconozco que en algunas situaciones se presenta algo de estrés que manejo con calma.', 'e4b29d20-e6a2-44a2-b6d7-072068402319', 'a97808d8-5f2d-4d71-beb0-d501b724d6db');
INSERT INTO oneOnOneAnswer(answer, answerOneOnOneIDFK, questionIDFK) VALUES('Quiero concentrarme en perfeccionar mis habilidades técnicas y cumplir con los plazos establecidos en mis tareas.', '65d4608b-165c-493c-8ba6-5d928a2423b2', 'a97808d8-5f2d-4d71-beb0-d501b724d6db');

INSERT INTO oneOnOneMeasure(evaluation, measureOneOnOneIDFK, measurableIDFK) VALUES('5', 'd1550c6d-247b-4db3-ae48-07ccae0a427e', 'dc3bffab-dff7-4ceb-95ed-8b34df3c69ad');
INSERT INTO oneOnOneMeasure(evaluation, measureOneOnOneIDFK, measurableIDFK) VALUES('4', '50c315a8-070e-45ef-b11b-35de1b059bdb', 'dc3bffab-dff7-4ceb-95ed-8b34df3c69ad');
INSERT INTO oneOnOneMeasure(evaluation, measureOneOnOneIDFK, measurableIDFK) VALUES('1', '22ee396f-99fd-432d-b17c-ba5ce96c035a', '60afbc6f-7a74-4e99-b8c8-c402097c148c');
INSERT INTO oneOnOneMeasure(evaluation, measureOneOnOneIDFK, measurableIDFK) VALUES('5', 'bdb387e6-5b9b-4f11-b41e-75c8ca64838b', '5189d0c0-581f-40d6-81a4-166bd9f95286');
INSERT INTO oneOnOneMeasure(evaluation, measureOneOnOneIDFK, measurableIDFK) VALUES('5', '2777c547-b999-4912-86a5-cd72134f92c0', 'e1c431ed-10e2-4d5f-8fcb-7841f0a9247a');
INSERT INTO oneOnOneMeasure(evaluation, measureOneOnOneIDFK, measurableIDFK) VALUES('2', '4ee80852-e7ee-4fc5-9552-bd12db0bbb67', 'dc3bffab-dff7-4ceb-95ed-8b34df3c69ad');
INSERT INTO oneOnOneMeasure(evaluation, measureOneOnOneIDFK, measurableIDFK) VALUES('3', 'a8527cf4-4e30-44ca-b5ca-14638c3e28e5', 'dc3bffab-dff7-4ceb-95ed-8b34df3c69ad');
INSERT INTO oneOnOneMeasure(evaluation, measureOneOnOneIDFK, measurableIDFK) VALUES('1', '50c315a8-070e-45ef-b11b-35de1b059bdb', 'dc3bffab-dff7-4ceb-95ed-8b34df3c69ad');
INSERT INTO oneOnOneMeasure(evaluation, measureOneOnOneIDFK, measurableIDFK) VALUES('3', 'f06244a1-2e53-4762-8d4d-01a442f271ab', '5189d0c0-581f-40d6-81a4-166bd9f95286');
INSERT INTO oneOnOneMeasure(evaluation, measureOneOnOneIDFK, measurableIDFK) VALUES('3', '90f91c3f-7eae-4a0f-8be9-b7eff2e9d8aa', '5189d0c0-581f-40d6-81a4-166bd9f95286');
INSERT INTO oneOnOneMeasure(evaluation, measureOneOnOneIDFK, measurableIDFK) VALUES('1', 'f7b6d352-3eb4-411c-a741-2ebefaa155ec', 'e1c431ed-10e2-4d5f-8fcb-7841f0a9247a');
INSERT INTO oneOnOneMeasure(evaluation, measureOneOnOneIDFK, measurableIDFK) VALUES('1', 'fe89909b-0c12-4792-93a9-5f74bde877a9', '66cd3850-5d7e-4f25-80c8-3add117cd265');
INSERT INTO oneOnOneMeasure(evaluation, measureOneOnOneIDFK, measurableIDFK) VALUES('1', '8214cb2a-12a4-4761-9613-5b39f99e2a58', '66cd3850-5d7e-4f25-80c8-3add117cd265');
INSERT INTO oneOnOneMeasure(evaluation, measureOneOnOneIDFK, measurableIDFK) VALUES('1', '443d2b36-6ce3-48f3-b543-456e4ac09207', '5189d0c0-581f-40d6-81a4-166bd9f95286');
INSERT INTO oneOnOneMeasure(evaluation, measureOneOnOneIDFK, measurableIDFK) VALUES('1', '65d4608b-165c-493c-8ba6-5d928a2423b2', 'dc3bffab-dff7-4ceb-95ed-8b34df3c69ad');
INSERT INTO oneOnOneMeasure(evaluation, measureOneOnOneIDFK, measurableIDFK) VALUES('3', '50c315a8-070e-45ef-b11b-35de1b059bdb', '66cd3850-5d7e-4f25-80c8-3add117cd265');
INSERT INTO oneOnOneMeasure(evaluation, measureOneOnOneIDFK, measurableIDFK) VALUES('5', '9d67d748-989d-405c-954e-1fb4cf0bfa16', 'dc3bffab-dff7-4ceb-95ed-8b34df3c69ad');
INSERT INTO oneOnOneMeasure(evaluation, measureOneOnOneIDFK, measurableIDFK) VALUES('5', 'd9283f4f-29e2-417d-a5ca-92e8d3575943', '66cd3850-5d7e-4f25-80c8-3add117cd265');
INSERT INTO oneOnOneMeasure(evaluation, measureOneOnOneIDFK, measurableIDFK) VALUES('4', '0e9efc3f-2620-4651-a1a9-bae4eee37f78', '5189d0c0-581f-40d6-81a4-166bd9f95286');
INSERT INTO oneOnOneMeasure(evaluation, measureOneOnOneIDFK, measurableIDFK) VALUES('4', '5e371788-3947-4efa-b5a4-f4a8415b167f', 'e1c431ed-10e2-4d5f-8fcb-7841f0a9247a');
INSERT INTO oneOnOneMeasure(evaluation, measureOneOnOneIDFK, measurableIDFK) VALUES('4', '332d465e-0afb-4e67-a110-ad74608fd2ec', '60afbc6f-7a74-4e99-b8c8-c402097c148c');
INSERT INTO oneOnOneMeasure(evaluation, measureOneOnOneIDFK, measurableIDFK) VALUES('5', '332d465e-0afb-4e67-a110-ad74608fd2ec', '5189d0c0-581f-40d6-81a4-166bd9f95286');
INSERT INTO oneOnOneMeasure(evaluation, measureOneOnOneIDFK, measurableIDFK) VALUES('5', '4789b7c2-96bf-405c-b0b6-27d0be0b6187', 'e1c431ed-10e2-4d5f-8fcb-7841f0a9247a');
INSERT INTO oneOnOneMeasure(evaluation, measureOneOnOneIDFK, measurableIDFK) VALUES('3', 'bed39d53-2dd5-4121-abbe-ba6815a34ea3', '66cd3850-5d7e-4f25-80c8-3add117cd265');
INSERT INTO oneOnOneMeasure(evaluation, measureOneOnOneIDFK, measurableIDFK) VALUES('1', '3f61d56c-e208-4308-af31-8a62d1aaf1b4', '60afbc6f-7a74-4e99-b8c8-c402097c148c');
INSERT INTO oneOnOneMeasure(evaluation, measureOneOnOneIDFK, measurableIDFK) VALUES('3', '91b5889f-2aa3-4f8b-9109-61efe5a892d3', '5189d0c0-581f-40d6-81a4-166bd9f95286');
INSERT INTO oneOnOneMeasure(evaluation, measureOneOnOneIDFK, measurableIDFK) VALUES('4', 'c1cd0b30-9997-4d72-a64a-6b0faf056225', '5189d0c0-581f-40d6-81a4-166bd9f95286');
INSERT INTO oneOnOneMeasure(evaluation, measureOneOnOneIDFK, measurableIDFK) VALUES('3', '0e9efc3f-2620-4651-a1a9-bae4eee37f78', '60afbc6f-7a74-4e99-b8c8-c402097c148c');
INSERT INTO oneOnOneMeasure(evaluation, measureOneOnOneIDFK, measurableIDFK) VALUES('4', '32c13496-ff95-48f2-8ca3-646862e47939', '66cd3850-5d7e-4f25-80c8-3add117cd265');
INSERT INTO oneOnOneMeasure(evaluation, measureOneOnOneIDFK, measurableIDFK) VALUES('4', 'c1cd0b30-9997-4d72-a64a-6b0faf056225', 'e1c431ed-10e2-4d5f-8fcb-7841f0a9247a');
INSERT INTO oneOnOneMeasure(evaluation, measureOneOnOneIDFK, measurableIDFK) VALUES('3', 'fe89909b-0c12-4792-93a9-5f74bde877a9', '66cd3850-5d7e-4f25-80c8-3add117cd265');
INSERT INTO oneOnOneMeasure(evaluation, measureOneOnOneIDFK, measurableIDFK) VALUES('5', '9b2e0a29-211e-4c16-8816-60995c60dfda', '5189d0c0-581f-40d6-81a4-166bd9f95286');
INSERT INTO oneOnOneMeasure(evaluation, measureOneOnOneIDFK, measurableIDFK) VALUES('5', '22ee396f-99fd-432d-b17c-ba5ce96c035a', '60afbc6f-7a74-4e99-b8c8-c402097c148c');
INSERT INTO oneOnOneMeasure(evaluation, measureOneOnOneIDFK, measurableIDFK) VALUES('3', 'a16fc411-98ea-448f-9865-80cbbf270fab', '5189d0c0-581f-40d6-81a4-166bd9f95286');
INSERT INTO oneOnOneMeasure(evaluation, measureOneOnOneIDFK, measurableIDFK) VALUES('3', 'f65c14a8-a65f-4d9f-b3c1-1c8a6baafcaf', 'e1c431ed-10e2-4d5f-8fcb-7841f0a9247a');
INSERT INTO oneOnOneMeasure(evaluation, measureOneOnOneIDFK, measurableIDFK) VALUES('3', '614261ed-bc8f-4a0c-a5e0-37b50bdc127a', '5189d0c0-581f-40d6-81a4-166bd9f95286');
INSERT INTO oneOnOneMeasure(evaluation, measureOneOnOneIDFK, measurableIDFK) VALUES('5', '22ee396f-99fd-432d-b17c-ba5ce96c035a', 'e1c431ed-10e2-4d5f-8fcb-7841f0a9247a');
INSERT INTO oneOnOneMeasure(evaluation, measureOneOnOneIDFK, measurableIDFK) VALUES('1', '7ef93066-c6cf-4beb-b108-3b8c6d2b201a', '60afbc6f-7a74-4e99-b8c8-c402097c148c');
INSERT INTO oneOnOneMeasure(evaluation, measureOneOnOneIDFK, measurableIDFK) VALUES('5', '44a65cf9-9c87-48f7-9e09-f255424da31d', 'e1c431ed-10e2-4d5f-8fcb-7841f0a9247a');
INSERT INTO oneOnOneMeasure(evaluation, measureOneOnOneIDFK, measurableIDFK) VALUES('2', 'd1952818-3126-4525-bf45-812c9cd7999a', 'e1c431ed-10e2-4d5f-8fcb-7841f0a9247a');
INSERT INTO oneOnOneMeasure(evaluation, measureOneOnOneIDFK, measurableIDFK) VALUES('2', 'b80c690d-6e7d-40cc-94d9-a7f0aa1bfed5', '5189d0c0-581f-40d6-81a4-166bd9f95286');
INSERT INTO oneOnOneMeasure(evaluation, measureOneOnOneIDFK, measurableIDFK) VALUES('3', 'd9283f4f-29e2-417d-a5ca-92e8d3575943', 'dc3bffab-dff7-4ceb-95ed-8b34df3c69ad');
INSERT INTO oneOnOneMeasure(evaluation, measureOneOnOneIDFK, measurableIDFK) VALUES('3', '443d2b36-6ce3-48f3-b543-456e4ac09207', 'dc3bffab-dff7-4ceb-95ed-8b34df3c69ad');
INSERT INTO oneOnOneMeasure(evaluation, measureOneOnOneIDFK, measurableIDFK) VALUES('1', 'a16fc411-98ea-448f-9865-80cbbf270fab', 'e1c431ed-10e2-4d5f-8fcb-7841f0a9247a');
INSERT INTO oneOnOneMeasure(evaluation, measureOneOnOneIDFK, measurableIDFK) VALUES('4', '91e3c5c9-a8c0-4785-862c-611af407b263', '66cd3850-5d7e-4f25-80c8-3add117cd265');
INSERT INTO oneOnOneMeasure(evaluation, measureOneOnOneIDFK, measurableIDFK) VALUES('2', 'cd89994b-93a2-47f3-9241-92e4e1fed87a', 'dc3bffab-dff7-4ceb-95ed-8b34df3c69ad');
INSERT INTO oneOnOneMeasure(evaluation, measureOneOnOneIDFK, measurableIDFK) VALUES('3', '0a9ee4d0-5051-43cc-a83e-83df1e540a59', 'e1c431ed-10e2-4d5f-8fcb-7841f0a9247a');
INSERT INTO oneOnOneMeasure(evaluation, measureOneOnOneIDFK, measurableIDFK) VALUES('3', 'd9283f4f-29e2-417d-a5ca-92e8d3575943', 'e1c431ed-10e2-4d5f-8fcb-7841f0a9247a');
INSERT INTO oneOnOneMeasure(evaluation, measureOneOnOneIDFK, measurableIDFK) VALUES('1', '806dd106-3ad4-4b47-afe6-aca404507fa9', 'dc3bffab-dff7-4ceb-95ed-8b34df3c69ad');
INSERT INTO oneOnOneMeasure(evaluation, measureOneOnOneIDFK, measurableIDFK) VALUES('4', '91b5889f-2aa3-4f8b-9109-61efe5a892d3', '66cd3850-5d7e-4f25-80c8-3add117cd265');
INSERT INTO oneOnOneMeasure(evaluation, measureOneOnOneIDFK, measurableIDFK) VALUES('2', 'd1550c6d-247b-4db3-ae48-07ccae0a427e', '66cd3850-5d7e-4f25-80c8-3add117cd265');
INSERT INTO oneOnOneMeasure(evaluation, measureOneOnOneIDFK, measurableIDFK) VALUES('2', '4789b7c2-96bf-405c-b0b6-27d0be0b6187', 'dc3bffab-dff7-4ceb-95ed-8b34df3c69ad');
INSERT INTO oneOnOneMeasure(evaluation, measureOneOnOneIDFK, measurableIDFK) VALUES('2', '614261ed-bc8f-4a0c-a5e0-37b50bdc127a', '60afbc6f-7a74-4e99-b8c8-c402097c148c');
INSERT INTO oneOnOneMeasure(evaluation, measureOneOnOneIDFK, measurableIDFK) VALUES('1', '4f06aeba-5cce-4a3e-8964-9b2fcbd13284', '60afbc6f-7a74-4e99-b8c8-c402097c148c');
INSERT INTO oneOnOneMeasure(evaluation, measureOneOnOneIDFK, measurableIDFK) VALUES('5', '8e9abbb6-db4f-4cda-a8cf-b13e00483c36', 'dc3bffab-dff7-4ceb-95ed-8b34df3c69ad');
INSERT INTO oneOnOneMeasure(evaluation, measureOneOnOneIDFK, measurableIDFK) VALUES('1', '91b5889f-2aa3-4f8b-9109-61efe5a892d3', 'e1c431ed-10e2-4d5f-8fcb-7841f0a9247a');
INSERT INTO oneOnOneMeasure(evaluation, measureOneOnOneIDFK, measurableIDFK) VALUES('1', 'd9283f4f-29e2-417d-a5ca-92e8d3575943', 'dc3bffab-dff7-4ceb-95ed-8b34df3c69ad');
INSERT INTO oneOnOneMeasure(evaluation, measureOneOnOneIDFK, measurableIDFK) VALUES('3', 'bed39d53-2dd5-4121-abbe-ba6815a34ea3', '5189d0c0-581f-40d6-81a4-166bd9f95286');
INSERT INTO oneOnOneMeasure(evaluation, measureOneOnOneIDFK, measurableIDFK) VALUES('2', '4ee80852-e7ee-4fc5-9552-bd12db0bbb67', '5189d0c0-581f-40d6-81a4-166bd9f95286');
INSERT INTO oneOnOneMeasure(evaluation, measureOneOnOneIDFK, measurableIDFK) VALUES('4', '7ef93066-c6cf-4beb-b108-3b8c6d2b201a', '5189d0c0-581f-40d6-81a4-166bd9f95286');
INSERT INTO oneOnOneMeasure(evaluation, measureOneOnOneIDFK, measurableIDFK) VALUES('3', 'ab1a39a7-a893-444e-9312-c60bcf381ed8', '60afbc6f-7a74-4e99-b8c8-c402097c148c');
INSERT INTO oneOnOneMeasure(evaluation, measureOneOnOneIDFK, measurableIDFK) VALUES('5', 'f7b6d352-3eb4-411c-a741-2ebefaa155ec', '60afbc6f-7a74-4e99-b8c8-c402097c148c');
INSERT INTO oneOnOneMeasure(evaluation, measureOneOnOneIDFK, measurableIDFK) VALUES('3', 'a8527cf4-4e30-44ca-b5ca-14638c3e28e5', '5189d0c0-581f-40d6-81a4-166bd9f95286');
INSERT INTO oneOnOneMeasure(evaluation, measureOneOnOneIDFK, measurableIDFK) VALUES('2', '7ef93066-c6cf-4beb-b108-3b8c6d2b201a', 'dc3bffab-dff7-4ceb-95ed-8b34df3c69ad');
INSERT INTO oneOnOneMeasure(evaluation, measureOneOnOneIDFK, measurableIDFK) VALUES('3', '0a9ee4d0-5051-43cc-a83e-83df1e540a59', '60afbc6f-7a74-4e99-b8c8-c402097c148c');
INSERT INTO oneOnOneMeasure(evaluation, measureOneOnOneIDFK, measurableIDFK) VALUES('5', '2c881eb2-82a5-470c-a496-6507d0aa879f', '66cd3850-5d7e-4f25-80c8-3add117cd265');
INSERT INTO oneOnOneMeasure(evaluation, measureOneOnOneIDFK, measurableIDFK) VALUES('2', 'ecc62210-4b27-416a-b51b-0531f902d35a', '5189d0c0-581f-40d6-81a4-166bd9f95286');
INSERT INTO oneOnOneMeasure(evaluation, measureOneOnOneIDFK, measurableIDFK) VALUES('4', '332d465e-0afb-4e67-a110-ad74608fd2ec', '5189d0c0-581f-40d6-81a4-166bd9f95286');
INSERT INTO oneOnOneMeasure(evaluation, measureOneOnOneIDFK, measurableIDFK) VALUES('5', '50c315a8-070e-45ef-b11b-35de1b059bdb', 'dc3bffab-dff7-4ceb-95ed-8b34df3c69ad');
INSERT INTO oneOnOneMeasure(evaluation, measureOneOnOneIDFK, measurableIDFK) VALUES('5', '0466195c-409c-4398-b604-0e24ec3dda4c', 'e1c431ed-10e2-4d5f-8fcb-7841f0a9247a');
INSERT INTO oneOnOneMeasure(evaluation, measureOneOnOneIDFK, measurableIDFK) VALUES('5', 'e021200e-0d02-45b0-90ae-7b7fbacc5357', '66cd3850-5d7e-4f25-80c8-3add117cd265');
INSERT INTO oneOnOneMeasure(evaluation, measureOneOnOneIDFK, measurableIDFK) VALUES('1', '91e3c5c9-a8c0-4785-862c-611af407b263', '60afbc6f-7a74-4e99-b8c8-c402097c148c');
INSERT INTO oneOnOneMeasure(evaluation, measureOneOnOneIDFK, measurableIDFK) VALUES('1', 'cf35ff53-66a8-4b4c-9393-18193f414bfa', '5189d0c0-581f-40d6-81a4-166bd9f95286');
INSERT INTO oneOnOneMeasure(evaluation, measureOneOnOneIDFK, measurableIDFK) VALUES('1', 'cd89994b-93a2-47f3-9241-92e4e1fed87a', '60afbc6f-7a74-4e99-b8c8-c402097c148c');
INSERT INTO oneOnOneMeasure(evaluation, measureOneOnOneIDFK, measurableIDFK) VALUES('3', 'b15e8560-0b6c-4207-92b6-5d238a259bf6', 'dc3bffab-dff7-4ceb-95ed-8b34df3c69ad');
INSERT INTO oneOnOneMeasure(evaluation, measureOneOnOneIDFK, measurableIDFK) VALUES('2', '8f7b0f9e-7c62-4082-b86e-3ecd3a26b51f', 'e1c431ed-10e2-4d5f-8fcb-7841f0a9247a');
INSERT INTO oneOnOneMeasure(evaluation, measureOneOnOneIDFK, measurableIDFK) VALUES('4', 'ab1a39a7-a893-444e-9312-c60bcf381ed8', 'e1c431ed-10e2-4d5f-8fcb-7841f0a9247a');
INSERT INTO oneOnOneMeasure(evaluation, measureOneOnOneIDFK, measurableIDFK) VALUES('2', '614261ed-bc8f-4a0c-a5e0-37b50bdc127a', 'dc3bffab-dff7-4ceb-95ed-8b34df3c69ad');
INSERT INTO oneOnOneMeasure(evaluation, measureOneOnOneIDFK, measurableIDFK) VALUES('4', 'bded2dbb-8f79-4170-b08b-9852881fee8b', 'dc3bffab-dff7-4ceb-95ed-8b34df3c69ad');
INSERT INTO oneOnOneMeasure(evaluation, measureOneOnOneIDFK, measurableIDFK) VALUES('5', '4789b7c2-96bf-405c-b0b6-27d0be0b6187', '5189d0c0-581f-40d6-81a4-166bd9f95286');
INSERT INTO oneOnOneMeasure(evaluation, measureOneOnOneIDFK, measurableIDFK) VALUES('5', '50c315a8-070e-45ef-b11b-35de1b059bdb', 'e1c431ed-10e2-4d5f-8fcb-7841f0a9247a');
INSERT INTO oneOnOneMeasure(evaluation, measureOneOnOneIDFK, measurableIDFK) VALUES('5', 'cd89994b-93a2-47f3-9241-92e4e1fed87a', 'e1c431ed-10e2-4d5f-8fcb-7841f0a9247a');
INSERT INTO oneOnOneMeasure(evaluation, measureOneOnOneIDFK, measurableIDFK) VALUES('1', '32c13496-ff95-48f2-8ca3-646862e47939', '66cd3850-5d7e-4f25-80c8-3add117cd265');
INSERT INTO oneOnOneMeasure(evaluation, measureOneOnOneIDFK, measurableIDFK) VALUES('1', 'd9283f4f-29e2-417d-a5ca-92e8d3575943', 'dc3bffab-dff7-4ceb-95ed-8b34df3c69ad');
INSERT INTO oneOnOneMeasure(evaluation, measureOneOnOneIDFK, measurableIDFK) VALUES('3', '9d67d748-989d-405c-954e-1fb4cf0bfa16', '5189d0c0-581f-40d6-81a4-166bd9f95286');
INSERT INTO oneOnOneMeasure(evaluation, measureOneOnOneIDFK, measurableIDFK) VALUES('5', '443d2b36-6ce3-48f3-b543-456e4ac09207', '60afbc6f-7a74-4e99-b8c8-c402097c148c');
INSERT INTO oneOnOneMeasure(evaluation, measureOneOnOneIDFK, measurableIDFK) VALUES('5', '91b5889f-2aa3-4f8b-9109-61efe5a892d3', 'dc3bffab-dff7-4ceb-95ed-8b34df3c69ad');
INSERT INTO oneOnOneMeasure(evaluation, measureOneOnOneIDFK, measurableIDFK) VALUES('3', '7f146bf8-131f-4992-868a-792845dea68d', '60afbc6f-7a74-4e99-b8c8-c402097c148c');
INSERT INTO oneOnOneMeasure(evaluation, measureOneOnOneIDFK, measurableIDFK) VALUES('4', '0ef3ee74-ac63-4c17-b0e4-c689f9920c16', '60afbc6f-7a74-4e99-b8c8-c402097c148c');
INSERT INTO oneOnOneMeasure(evaluation, measureOneOnOneIDFK, measurableIDFK) VALUES('4', 'd1550c6d-247b-4db3-ae48-07ccae0a427e', '60afbc6f-7a74-4e99-b8c8-c402097c148c');
INSERT INTO oneOnOneMeasure(evaluation, measureOneOnOneIDFK, measurableIDFK) VALUES('4', '78263349-805a-4053-a777-da519fc12a9b', 'dc3bffab-dff7-4ceb-95ed-8b34df3c69ad');
INSERT INTO oneOnOneMeasure(evaluation, measureOneOnOneIDFK, measurableIDFK) VALUES('1', '8214cb2a-12a4-4761-9613-5b39f99e2a58', 'dc3bffab-dff7-4ceb-95ed-8b34df3c69ad');
INSERT INTO oneOnOneMeasure(evaluation, measureOneOnOneIDFK, measurableIDFK) VALUES('5', 'dee3b136-308c-451f-be26-fa655b8b29ce', '66cd3850-5d7e-4f25-80c8-3add117cd265');
INSERT INTO oneOnOneMeasure(evaluation, measureOneOnOneIDFK, measurableIDFK) VALUES('2', '9d67d748-989d-405c-954e-1fb4cf0bfa16', '66cd3850-5d7e-4f25-80c8-3add117cd265');
INSERT INTO oneOnOneMeasure(evaluation, measureOneOnOneIDFK, measurableIDFK) VALUES('1', '91b5889f-2aa3-4f8b-9109-61efe5a892d3', '66cd3850-5d7e-4f25-80c8-3add117cd265');
INSERT INTO oneOnOneMeasure(evaluation, measureOneOnOneIDFK, measurableIDFK) VALUES('1', 'fe89909b-0c12-4792-93a9-5f74bde877a9', '60afbc6f-7a74-4e99-b8c8-c402097c148c');
INSERT INTO oneOnOneMeasure(evaluation, measureOneOnOneIDFK, measurableIDFK) VALUES('5', '5e371788-3947-4efa-b5a4-f4a8415b167f', '60afbc6f-7a74-4e99-b8c8-c402097c148c');
INSERT INTO oneOnOneMeasure(evaluation, measureOneOnOneIDFK, measurableIDFK) VALUES('4', '7ef93066-c6cf-4beb-b108-3b8c6d2b201a', '66cd3850-5d7e-4f25-80c8-3add117cd265');
INSERT INTO oneOnOneMeasure(evaluation, measureOneOnOneIDFK, measurableIDFK) VALUES('4', 'a20020db-7419-44ee-a3fe-4847b9d912e8', 'e1c431ed-10e2-4d5f-8fcb-7841f0a9247a');
INSERT INTO oneOnOneMeasure(evaluation, measureOneOnOneIDFK, measurableIDFK) VALUES('1', '91b5889f-2aa3-4f8b-9109-61efe5a892d3', '66cd3850-5d7e-4f25-80c8-3add117cd265');
INSERT INTO oneOnOneMeasure(evaluation, measureOneOnOneIDFK, measurableIDFK) VALUES('5', 'd1550c6d-247b-4db3-ae48-07ccae0a427e', '60afbc6f-7a74-4e99-b8c8-c402097c148c');
INSERT INTO oneOnOneMeasure(evaluation, measureOneOnOneIDFK, measurableIDFK) VALUES('2', '7f146bf8-131f-4992-868a-792845dea68d', '66cd3850-5d7e-4f25-80c8-3add117cd265');
INSERT INTO oneOnOneMeasure(evaluation, measureOneOnOneIDFK, measurableIDFK) VALUES('1', '614261ed-bc8f-4a0c-a5e0-37b50bdc127a', 'e1c431ed-10e2-4d5f-8fcb-7841f0a9247a');
INSERT INTO oneOnOneMeasure(evaluation, measureOneOnOneIDFK, measurableIDFK) VALUES('5', 'ea9fb2f1-575a-4eb8-b7df-bb68a577438c', '60afbc6f-7a74-4e99-b8c8-c402097c148c');
INSERT INTO oneOnOneMeasure(evaluation, measureOneOnOneIDFK, measurableIDFK) VALUES('2', 'd6569c85-63cc-4dea-9143-3c10065e69b4', '5189d0c0-581f-40d6-81a4-166bd9f95286');
INSERT INTO oneOnOneMeasure(evaluation, measureOneOnOneIDFK, measurableIDFK) VALUES('2', '50c315a8-070e-45ef-b11b-35de1b059bdb', 'e1c431ed-10e2-4d5f-8fcb-7841f0a9247a');
INSERT INTO oneOnOneMeasure(evaluation, measureOneOnOneIDFK, measurableIDFK) VALUES('3', 'a2c578b8-c4a1-4f26-b382-f41c8b60b59d', 'e1c431ed-10e2-4d5f-8fcb-7841f0a9247a');
INSERT INTO oneOnOneMeasure(evaluation, measureOneOnOneIDFK, measurableIDFK) VALUES('3', 'd9283f4f-29e2-417d-a5ca-92e8d3575943', 'dc3bffab-dff7-4ceb-95ed-8b34df3c69ad');
INSERT INTO oneOnOneMeasure(evaluation, measureOneOnOneIDFK, measurableIDFK) VALUES('3', '5e371788-3947-4efa-b5a4-f4a8415b167f', 'e1c431ed-10e2-4d5f-8fcb-7841f0a9247a');
INSERT INTO oneOnOneMeasure(evaluation, measureOneOnOneIDFK, measurableIDFK) VALUES('4', '887d3fbe-772e-4ebb-b56e-31e869a4526b', 'dc3bffab-dff7-4ceb-95ed-8b34df3c69ad');
INSERT INTO oneOnOneMeasure(evaluation, measureOneOnOneIDFK, measurableIDFK) VALUES('4', '5e371788-3947-4efa-b5a4-f4a8415b167f', '5189d0c0-581f-40d6-81a4-166bd9f95286');
INSERT INTO oneOnOneMeasure(evaluation, measureOneOnOneIDFK, measurableIDFK) VALUES('4', 'a8527cf4-4e30-44ca-b5ca-14638c3e28e5', '60afbc6f-7a74-4e99-b8c8-c402097c148c');
INSERT INTO oneOnOneMeasure(evaluation, measureOneOnOneIDFK, measurableIDFK) VALUES('4', 'a8527cf4-4e30-44ca-b5ca-14638c3e28e5', 'e1c431ed-10e2-4d5f-8fcb-7841f0a9247a');
INSERT INTO oneOnOneMeasure(evaluation, measureOneOnOneIDFK, measurableIDFK) VALUES('1', '0ef3ee74-ac63-4c17-b0e4-c689f9920c16', '60afbc6f-7a74-4e99-b8c8-c402097c148c');
INSERT INTO oneOnOneMeasure(evaluation, measureOneOnOneIDFK, measurableIDFK) VALUES('3', '65d4608b-165c-493c-8ba6-5d928a2423b2', '66cd3850-5d7e-4f25-80c8-3add117cd265');
INSERT INTO oneOnOneMeasure(evaluation, measureOneOnOneIDFK, measurableIDFK) VALUES('2', 'ed46807f-5e3a-4d9c-8aea-b7fd7a3ebf4b', '66cd3850-5d7e-4f25-80c8-3add117cd265');
INSERT INTO oneOnOneMeasure(evaluation, measureOneOnOneIDFK, measurableIDFK) VALUES('5', 'ab1a39a7-a893-444e-9312-c60bcf381ed8', '66cd3850-5d7e-4f25-80c8-3add117cd265');
INSERT INTO oneOnOneMeasure(evaluation, measureOneOnOneIDFK, measurableIDFK) VALUES('4', 'ea9fb2f1-575a-4eb8-b7df-bb68a577438c', 'dc3bffab-dff7-4ceb-95ed-8b34df3c69ad');
INSERT INTO oneOnOneMeasure(evaluation, measureOneOnOneIDFK, measurableIDFK) VALUES('3', 'dee3b136-308c-451f-be26-fa655b8b29ce', '60afbc6f-7a74-4e99-b8c8-c402097c148c');
INSERT INTO oneOnOneMeasure(evaluation, measureOneOnOneIDFK, measurableIDFK) VALUES('1', '4789b7c2-96bf-405c-b0b6-27d0be0b6187', 'e1c431ed-10e2-4d5f-8fcb-7841f0a9247a');
INSERT INTO oneOnOneMeasure(evaluation, measureOneOnOneIDFK, measurableIDFK) VALUES('5', 'bed39d53-2dd5-4121-abbe-ba6815a34ea3', '60afbc6f-7a74-4e99-b8c8-c402097c148c');
INSERT INTO oneOnOneMeasure(evaluation, measureOneOnOneIDFK, measurableIDFK) VALUES('3', '91e3c5c9-a8c0-4785-862c-611af407b263', '5189d0c0-581f-40d6-81a4-166bd9f95286');
INSERT INTO oneOnOneMeasure(evaluation, measureOneOnOneIDFK, measurableIDFK) VALUES('2', '9d67d748-989d-405c-954e-1fb4cf0bfa16', '66cd3850-5d7e-4f25-80c8-3add117cd265');
INSERT INTO oneOnOneMeasure(evaluation, measureOneOnOneIDFK, measurableIDFK) VALUES('2', '0a232488-0ea9-4681-9a41-13a3c6a2008b', '5189d0c0-581f-40d6-81a4-166bd9f95286');
INSERT INTO oneOnOneMeasure(evaluation, measureOneOnOneIDFK, measurableIDFK) VALUES('3', '4789b7c2-96bf-405c-b0b6-27d0be0b6187', '66cd3850-5d7e-4f25-80c8-3add117cd265');
INSERT INTO oneOnOneMeasure(evaluation, measureOneOnOneIDFK, measurableIDFK) VALUES('2', '8214cb2a-12a4-4761-9613-5b39f99e2a58', '66cd3850-5d7e-4f25-80c8-3add117cd265');
INSERT INTO oneOnOneMeasure(evaluation, measureOneOnOneIDFK, measurableIDFK) VALUES('4', 'd1550c6d-247b-4db3-ae48-07ccae0a427e', '5189d0c0-581f-40d6-81a4-166bd9f95286');
INSERT INTO oneOnOneMeasure(evaluation, measureOneOnOneIDFK, measurableIDFK) VALUES('5', 'd1952818-3126-4525-bf45-812c9cd7999a', '5189d0c0-581f-40d6-81a4-166bd9f95286');
INSERT INTO oneOnOneMeasure(evaluation, measureOneOnOneIDFK, measurableIDFK) VALUES('3', '91b5889f-2aa3-4f8b-9109-61efe5a892d3', '66cd3850-5d7e-4f25-80c8-3add117cd265');
INSERT INTO oneOnOneMeasure(evaluation, measureOneOnOneIDFK, measurableIDFK) VALUES('2', '44e5b6dc-aebf-453d-874d-1f5455c18241', '66cd3850-5d7e-4f25-80c8-3add117cd265');
INSERT INTO oneOnOneMeasure(evaluation, measureOneOnOneIDFK, measurableIDFK) VALUES('1', '44e5b6dc-aebf-453d-874d-1f5455c18241', '66cd3850-5d7e-4f25-80c8-3add117cd265');
INSERT INTO oneOnOneMeasure(evaluation, measureOneOnOneIDFK, measurableIDFK) VALUES('4', 'bdb387e6-5b9b-4f11-b41e-75c8ca64838b', 'e1c431ed-10e2-4d5f-8fcb-7841f0a9247a');
INSERT INTO oneOnOneMeasure(evaluation, measureOneOnOneIDFK, measurableIDFK) VALUES('2', 'ea9fb2f1-575a-4eb8-b7df-bb68a577438c', '66cd3850-5d7e-4f25-80c8-3add117cd265');
INSERT INTO oneOnOneMeasure(evaluation, measureOneOnOneIDFK, measurableIDFK) VALUES('3', '9b2e0a29-211e-4c16-8816-60995c60dfda', 'dc3bffab-dff7-4ceb-95ed-8b34df3c69ad');
INSERT INTO oneOnOneMeasure(evaluation, measureOneOnOneIDFK, measurableIDFK) VALUES('5', '614261ed-bc8f-4a0c-a5e0-37b50bdc127a', 'e1c431ed-10e2-4d5f-8fcb-7841f0a9247a');
INSERT INTO oneOnOneMeasure(evaluation, measureOneOnOneIDFK, measurableIDFK) VALUES('2', 'f4828f01-a8c8-42a5-8a57-a33bb6b00777', '60afbc6f-7a74-4e99-b8c8-c402097c148c');
INSERT INTO oneOnOneMeasure(evaluation, measureOneOnOneIDFK, measurableIDFK) VALUES('2', '78263349-805a-4053-a777-da519fc12a9b', '5189d0c0-581f-40d6-81a4-166bd9f95286');
INSERT INTO oneOnOneMeasure(evaluation, measureOneOnOneIDFK, measurableIDFK) VALUES('1', 'f06244a1-2e53-4762-8d4d-01a442f271ab', '5189d0c0-581f-40d6-81a4-166bd9f95286');
INSERT INTO oneOnOneMeasure(evaluation, measureOneOnOneIDFK, measurableIDFK) VALUES('2', 'd7432c9b-8454-44c7-b4f8-d9e9baffc090', '5189d0c0-581f-40d6-81a4-166bd9f95286');
INSERT INTO oneOnOneMeasure(evaluation, measureOneOnOneIDFK, measurableIDFK) VALUES('3', 'cd89994b-93a2-47f3-9241-92e4e1fed87a', '5189d0c0-581f-40d6-81a4-166bd9f95286');
INSERT INTO oneOnOneMeasure(evaluation, measureOneOnOneIDFK, measurableIDFK) VALUES('4', 'fe89909b-0c12-4792-93a9-5f74bde877a9', '60afbc6f-7a74-4e99-b8c8-c402097c148c');
INSERT INTO oneOnOneMeasure(evaluation, measureOneOnOneIDFK, measurableIDFK) VALUES('4', 'd7432c9b-8454-44c7-b4f8-d9e9baffc090', '66cd3850-5d7e-4f25-80c8-3add117cd265');
INSERT INTO oneOnOneMeasure(evaluation, measureOneOnOneIDFK, measurableIDFK) VALUES('1', '7ef93066-c6cf-4beb-b108-3b8c6d2b201a', '60afbc6f-7a74-4e99-b8c8-c402097c148c');
INSERT INTO oneOnOneMeasure(evaluation, measureOneOnOneIDFK, measurableIDFK) VALUES('5', 'e4b29d20-e6a2-44a2-b6d7-072068402319', '5189d0c0-581f-40d6-81a4-166bd9f95286');
INSERT INTO oneOnOneMeasure(evaluation, measureOneOnOneIDFK, measurableIDFK) VALUES('3', '0ef3ee74-ac63-4c17-b0e4-c689f9920c16', 'dc3bffab-dff7-4ceb-95ed-8b34df3c69ad');
INSERT INTO oneOnOneMeasure(evaluation, measureOneOnOneIDFK, measurableIDFK) VALUES('2', 'e021200e-0d02-45b0-90ae-7b7fbacc5357', '66cd3850-5d7e-4f25-80c8-3add117cd265');
INSERT INTO oneOnOneMeasure(evaluation, measureOneOnOneIDFK, measurableIDFK) VALUES('5', 'ea9fb2f1-575a-4eb8-b7df-bb68a577438c', '66cd3850-5d7e-4f25-80c8-3add117cd265');
INSERT INTO oneOnOneMeasure(evaluation, measureOneOnOneIDFK, measurableIDFK) VALUES('2', 'd9283f4f-29e2-417d-a5ca-92e8d3575943', 'e1c431ed-10e2-4d5f-8fcb-7841f0a9247a');
INSERT INTO oneOnOneMeasure(evaluation, measureOneOnOneIDFK, measurableIDFK) VALUES('5', 'f06244a1-2e53-4762-8d4d-01a442f271ab', '5189d0c0-581f-40d6-81a4-166bd9f95286');
INSERT INTO oneOnOneMeasure(evaluation, measureOneOnOneIDFK, measurableIDFK) VALUES('2', 'bded2dbb-8f79-4170-b08b-9852881fee8b', 'e1c431ed-10e2-4d5f-8fcb-7841f0a9247a');

INSERT INTO vacation(vacationID, startDate, endDate, reason, leaderStatus, hrStatus, vacationUserIDFK) VALUES('e31b98ba-3b7e-4dfb-8b8f-f3c6a2575163', '33/07/12', '33/07/13', 'Explorar diferentes culturas', 1, 0, 'd929de66-2241-4453-a19e-8265da4b4fc6');
INSERT INTO vacation(vacationID, startDate, endDate, reason, leaderStatus, hrStatus, vacationUserIDFK) VALUES('2ec35760-6f9f-4e1d-834e-bc830920a287', '26/11/03', '26/11/04', 'Cumplir un sueño personal', 0, 0, 'e0b9c32e-9018-4ca9-bf90-1f2112324840');
INSERT INTO vacation(vacationID, startDate, endDate, reason, leaderStatus, hrStatus, vacationUserIDFK) VALUES('9c70e49c-0f05-430d-8e08-569e1068b49a', '25/08/22', '25/08/23', 'Reducir el estrés', 1, 0, '0f568bbe-1ae2-4848-aee9-9db1126b3a6e');
INSERT INTO vacation(vacationID, startDate, endDate, reason, leaderStatus, hrStatus, vacationUserIDFK) VALUES('fe3c2449-dda6-42ec-b4ce-6c0458344219', '25/06/17', '25/06/18', 'Desconectarse de la rutina', 0, 2, '6fc28af1-60d1-4e86-bab8-8fb7d2b8c378');
INSERT INTO vacation(vacationID, startDate, endDate, reason, leaderStatus, hrStatus, vacationUserIDFK) VALUES('232c6c93-9514-4aba-825f-a1e040e4130b', '31/12/21', '31/12/22', 'Reducir el estrés', 2, 0, 'fcb2418d-162f-436d-b65b-d1fe04676626');
INSERT INTO vacation(vacationID, startDate, endDate, reason, leaderStatus, hrStatus, vacationUserIDFK) VALUES('0670a3e6-6eec-4ef1-8435-e310681d0444', '26/11/03', '26/11/04', 'Pasar tiempo con la familia', 1, 1, '608d975a-bccc-4c3e-9039-2681046311ba');
INSERT INTO vacation(vacationID, startDate, endDate, reason, leaderStatus, hrStatus, vacationUserIDFK) VALUES('7e3dda74-ce51-4643-82fd-19e6b95ccb37', '31/06/03', '31/06/04', 'Visitar amigos o familiares', 1, 1, '47db8eb3-7b8f-4ec3-b8ee-cef079a06db1');
INSERT INTO vacation(vacationID, startDate, endDate, reason, leaderStatus, hrStatus, vacationUserIDFK) VALUES('109b2f62-2f09-4d24-ae3b-06482fcb0db6', '29/06/29', '29/06/30', 'Fortalecer la relación de pareja', 0, 0, '2f22ae68-f98c-49f1-b14a-d2e833706154');
INSERT INTO vacation(vacationID, startDate, endDate, reason, leaderStatus, hrStatus, vacationUserIDFK) VALUES('d5ce0bcb-3994-4d01-bb39-f6b6b175add9', '27/03/15', '27/03/16', 'Realizar actividades al aire libre', 2, 2, '77dc1701-f6f0-4e9a-9c2f-8db8354bdeeb');
INSERT INTO vacation(vacationID, startDate, endDate, reason, leaderStatus, hrStatus, vacationUserIDFK) VALUES('4c00b8e2-38c4-4cd3-ad10-a73a0d277d19', '31/03/27', '31/03/28', 'Recargar energía y motivación', 2, 1, '49de4d88-9735-4d6d-993a-1b61d1f27dc0');
INSERT INTO vacation(vacationID, startDate, endDate, reason, leaderStatus, hrStatus, vacationUserIDFK) VALUES('0dd92451-8c64-40d8-a00f-4f925bdc31c5', '30/09/09', '30/09/10', 'Recargar energía y motivación', 2, 2, 'd1351756-adb8-42b3-9714-ed79b3da9ea1');
INSERT INTO vacation(vacationID, startDate, endDate, reason, leaderStatus, hrStatus, vacationUserIDFK) VALUES('7cae20fe-fab0-4f5e-8f7c-3e8b1d913095', '29/10/09', '29/10/10', 'Aprender un nuevo idioma', 2, 0, 'a7ad5f3b-3ff5-45f5-98c1-625c0fccf27c');
INSERT INTO vacation(vacationID, startDate, endDate, reason, leaderStatus, hrStatus, vacationUserIDFK) VALUES('8b997b9f-fa32-4cf3-b414-29b686ddb439', '28/05/24', '28/05/25', 'Practicar deportes extremos', 1, 2, '1ed0fb68-5b02-485f-9997-fb45461da311');
INSERT INTO vacation(vacationID, startDate, endDate, reason, leaderStatus, hrStatus, vacationUserIDFK) VALUES('fd49a6df-d82a-4c32-a78b-9543972ecc18', '33/05/06', '33/05/07', 'Celebrar un aniversario', 2, 2, '8f808ecc-61b0-41a6-8cf8-8a354cf360ac');
INSERT INTO vacation(vacationID, startDate, endDate, reason, leaderStatus, hrStatus, vacationUserIDFK) VALUES('9f185680-7bc8-447c-8004-e2198370dbc4', '26/09/29', '26/09/30', 'Conocer nuevos lugares', 1, 1, 'f70ed81b-43ad-4992-a883-ae01bb2a2468');
INSERT INTO vacation(vacationID, startDate, endDate, reason, leaderStatus, hrStatus, vacationUserIDFK) VALUES('ac0645eb-f137-4d48-966a-0eee8ff07673', '30/10/21', '30/10/22', 'Explorar diferentes culturas', 2, 1, 'd7717007-9f9d-4e58-bce8-768f89ecbd3e');
INSERT INTO vacation(vacationID, startDate, endDate, reason, leaderStatus, hrStatus, vacationUserIDFK) VALUES('59952158-b760-4e40-afab-408402e5cadb', '25/10/27', '25/10/28', 'Desconectarse de la rutina', 1, 2, '903a792e-4470-444b-b146-4fa7df8a6bc1');
INSERT INTO vacation(vacationID, startDate, endDate, reason, leaderStatus, hrStatus, vacationUserIDFK) VALUES('88fa3055-e7be-46bc-a1a9-b4bcac9ffa14', '25/03/08', '25/03/09', 'Realizar actividades al aire libre', 1, 2, '8d3d45cd-0327-4d82-8c4f-29e1c318f3e9');
INSERT INTO vacation(vacationID, startDate, endDate, reason, leaderStatus, hrStatus, vacationUserIDFK) VALUES('8a99ccec-c59a-4c63-8476-373b57061d40', '25/08/22', '25/08/23', 'Aprovechar promociones de viaje', 0, 2, 'a0061326-9c2b-4a0b-a35d-395c1d23c462');
INSERT INTO vacation(vacationID, startDate, endDate, reason, leaderStatus, hrStatus, vacationUserIDFK) VALUES('9eac6f04-0dcd-41ed-b645-43d875f013cf', '33/06/09', '33/06/10', 'Conocer nuevos lugares', 2, 1, 'd1351756-adb8-42b3-9714-ed79b3da9ea1');
INSERT INTO vacation(vacationID, startDate, endDate, reason, leaderStatus, hrStatus, vacationUserIDFK) VALUES('39d39d91-461a-4761-90be-5da6064302f9', '33/12/29', '33/12/30', 'Aprovechar promociones de viaje', 1, 1, 'e145dd5c-9838-4c85-9ee5-22b4a91bff9f');
INSERT INTO vacation(vacationID, startDate, endDate, reason, leaderStatus, hrStatus, vacationUserIDFK) VALUES('b4530815-8884-4e1f-beb1-bcdb94864ec3', '26/03/12', '26/03/13', 'Practicar deportes extremos', 0, 1, 'a7550e75-eb76-41f3-a77c-6332c2cf7a09');
INSERT INTO vacation(vacationID, startDate, endDate, reason, leaderStatus, hrStatus, vacationUserIDFK) VALUES('aee9a3fb-855d-4bf6-a489-7f2e1ecdc6c2', '26/05/18', '26/05/19', 'Recargar energía y motivación', 1, 2, 'fcb2418d-162f-436d-b65b-d1fe04676626');
INSERT INTO vacation(vacationID, startDate, endDate, reason, leaderStatus, hrStatus, vacationUserIDFK) VALUES('3063a6f3-7a58-42ae-9a03-0f0835d73160', '29/04/24', '29/04/25', 'Descansar del trabajo', 2, 0, '8a8317bf-0640-4d17-845c-0ab5564e4567');
INSERT INTO vacation(vacationID, startDate, endDate, reason, leaderStatus, hrStatus, vacationUserIDFK) VALUES('f06ed77b-9d95-4a3a-8287-d70a117b9992', '30/03/24', '30/03/25', 'Aprovechar promociones de viaje', 2, 1, 'fd6218dc-df91-45ee-a34d-d562c5e05f66');
INSERT INTO vacation(vacationID, startDate, endDate, reason, leaderStatus, hrStatus, vacationUserIDFK) VALUES('22260e1e-b61f-4862-abdd-3d916b5311a5', '30/10/12', '30/10/13', 'Aprovechar promociones de viaje', 1, 1, 'f0455b2f-4606-4151-899b-5ae1f753d2cb');
INSERT INTO vacation(vacationID, startDate, endDate, reason, leaderStatus, hrStatus, vacationUserIDFK) VALUES('a6f1708e-4a02-41dd-9836-ca137f1742b9', '25/07/19', '25/07/20', 'Mejorar la salud mental', 1, 2, '2dd86c7d-9462-428c-a54b-33ffd0ffbd49');
INSERT INTO vacation(vacationID, startDate, endDate, reason, leaderStatus, hrStatus, vacationUserIDFK) VALUES('547f7fde-9b44-4fcb-8fc2-60b12611c288', '25/03/06', '25/03/07', 'Desconectarse de la rutina', 1, 2, '68e0baf8-3a3c-4581-9843-f715ae3ccd5c');
INSERT INTO vacation(vacationID, startDate, endDate, reason, leaderStatus, hrStatus, vacationUserIDFK) VALUES('623a1a64-3ee3-4303-812e-ac297acf9fb6', '30/07/03', '30/07/04', 'Disfrutar de la naturaleza', 0, 1, '45d242e0-5e15-42fa-8ae0-603d871de80b');
INSERT INTO vacation(vacationID, startDate, endDate, reason, leaderStatus, hrStatus, vacationUserIDFK) VALUES('db950652-29b7-4a26-acc5-8f2b55024893', '28/12/12', '28/12/13', 'Desconectarse de la rutina', 2, 1, '00088490-3855-4444-9b02-5da6a7638748');
INSERT INTO vacation(vacationID, startDate, endDate, reason, leaderStatus, hrStatus, vacationUserIDFK) VALUES('1ad622be-d34f-4e26-af1a-81ae5b9717d9', '28/10/06', '28/10/07', 'Aprender un nuevo idioma', 2, 2, '47db8eb3-7b8f-4ec3-b8ee-cef079a06db1');
INSERT INTO vacation(vacationID, startDate, endDate, reason, leaderStatus, hrStatus, vacationUserIDFK) VALUES('4c7b1f0e-b613-45b0-8f29-75280045723e', '28/06/27', '28/06/28', 'Recargar energía y motivación', 0, 1, 'd929de66-2241-4453-a19e-8265da4b4fc6');
INSERT INTO vacation(vacationID, startDate, endDate, reason, leaderStatus, hrStatus, vacationUserIDFK) VALUES('c627653a-cfb4-49d7-bd64-ec9433031cdf', '33/01/27', '33/01/28', 'Mejorar la salud mental', 0, 1, '2f22ae68-f98c-49f1-b14a-d2e833706154');
INSERT INTO vacation(vacationID, startDate, endDate, reason, leaderStatus, hrStatus, vacationUserIDFK) VALUES('a71693be-0102-4e02-8ff6-68b8e78d58e0', '29/08/03', '29/08/04', 'Visitar amigos o familiares', 1, 1, '9e7993cb-b658-414b-952b-43afe1b28110');
INSERT INTO vacation(vacationID, startDate, endDate, reason, leaderStatus, hrStatus, vacationUserIDFK) VALUES('370c527b-2d47-4ff3-9212-ac69bef44af8', '33/07/12', '33/07/13', 'Descansar del trabajo', 0, 2, '6ed09fd0-01c8-4953-83b2-d803a2551819');
INSERT INTO vacation(vacationID, startDate, endDate, reason, leaderStatus, hrStatus, vacationUserIDFK) VALUES('734ceb4b-3c10-4358-8ab3-d5b592bdda94', '32/06/06', '32/06/07', 'Desconectarse de la rutina', 2, 0, '25545ba5-13fe-45ea-88da-070828517fad');
INSERT INTO vacation(vacationID, startDate, endDate, reason, leaderStatus, hrStatus, vacationUserIDFK) VALUES('3b2062ec-dcc3-42cf-bb85-5cae05f2c472', '30/11/15', '30/11/16', 'Conocer nuevos lugares', 2, 2, '3337e956-46e7-4b63-ac7e-fe82489165d2');
INSERT INTO vacation(vacationID, startDate, endDate, reason, leaderStatus, hrStatus, vacationUserIDFK) VALUES('bd81aad1-992e-4949-93cb-95ba69cf0d4c', '27/03/15', '27/03/16', 'Cumplir un sueño personal', 1, 2, 'c4f268f8-2cfb-45e3-b463-acb84a307be0');
INSERT INTO vacation(vacationID, startDate, endDate, reason, leaderStatus, hrStatus, vacationUserIDFK) VALUES('1bdca136-95ab-40fe-9329-dae6acbf9cc5', '25/05/14', '25/05/15', 'Realizar actividades al aire libre', 2, 1, '79ee4eef-0c19-4963-b705-40741a68c833');
INSERT INTO vacation(vacationID, startDate, endDate, reason, leaderStatus, hrStatus, vacationUserIDFK) VALUES('1f214325-a758-42b9-88e9-d926b73e7cb5', '29/10/09', '29/10/10', 'Pasar tiempo con la familia', 0, 2, 'f70ed81b-43ad-4992-a883-ae01bb2a2468');
INSERT INTO vacation(vacationID, startDate, endDate, reason, leaderStatus, hrStatus, vacationUserIDFK) VALUES('04db08eb-ebd7-4a87-9ac3-e1fbf715014c', '28/04/21', '28/04/22', 'Mejorar la salud mental', 1, 2, '8676b8d3-a641-47e2-aeff-8e15fe93b67f');
INSERT INTO vacation(vacationID, startDate, endDate, reason, leaderStatus, hrStatus, vacationUserIDFK) VALUES('e6d496fc-8cb9-4514-a66f-5b2cab1b4341', '29/11/12', '29/11/13', 'Celebrar un aniversario', 2, 1, 'e145dd5c-9838-4c85-9ee5-22b4a91bff9f');
INSERT INTO vacation(vacationID, startDate, endDate, reason, leaderStatus, hrStatus, vacationUserIDFK) VALUES('b7b93434-6765-449e-9cd1-5bfe22cbe5fc', '29/04/24', '29/04/25', 'Fortalecer la relación de pareja', 1, 2, '911f2340-f533-4fff-af8e-8dba0def49b5');
INSERT INTO vacation(vacationID, startDate, endDate, reason, leaderStatus, hrStatus, vacationUserIDFK) VALUES('b0f3cdf0-f56c-4985-ab45-d3485dfe6f59', '32/07/09', '32/07/10', 'Fortalecer la relación de pareja', 0, 1, '2a9a0e70-f818-4845-aaa9-4e610b1cd094');
INSERT INTO vacation(vacationID, startDate, endDate, reason, leaderStatus, hrStatus, vacationUserIDFK) VALUES('7bf5d524-3e6a-4d0f-ae43-c09e759db8a8', '28/05/24', '28/05/25', 'Probar nuevas comidas', 1, 1, 'a0061326-9c2b-4a0b-a35d-395c1d23c462');
INSERT INTO vacation(vacationID, startDate, endDate, reason, leaderStatus, hrStatus, vacationUserIDFK) VALUES('78b7b956-954d-4c2a-931c-6ac46d2c052b', '26/05/18', '26/05/19', 'Practicar deportes extremos', 1, 2, 'd0158d0e-f5a8-42b4-8316-28dff5bf5db5');
INSERT INTO vacation(vacationID, startDate, endDate, reason, leaderStatus, hrStatus, vacationUserIDFK) VALUES('467b196e-28c1-4fe3-83f0-961e3aad0d21', '27/05/21', '27/05/22', 'Celebrar un aniversario', 0, 0, '715a4c53-886a-43b9-bd3d-ee2004bdb423');
INSERT INTO vacation(vacationID, startDate, endDate, reason, leaderStatus, hrStatus, vacationUserIDFK) VALUES('153b9e3d-64e3-4579-b7a7-c4a6275e84af', '32/06/06', '32/06/07', 'Mejorar la salud mental', 2, 2, 'b69bf781-96f2-4e8e-92c7-abd425cd80eb');
INSERT INTO vacation(vacationID, startDate, endDate, reason, leaderStatus, hrStatus, vacationUserIDFK) VALUES('8a12b725-6070-4061-b000-9d64870c005d', '25/12/04', '25/12/05', 'Practicar deportes extremos', 1, 0, 'fcb2418d-162f-436d-b65b-d1fe04676626');
INSERT INTO vacation(vacationID, startDate, endDate, reason, leaderStatus, hrStatus, vacationUserIDFK) VALUES('c42d5e2b-0041-4cdd-b88b-7c03896aeda1', '30/08/06', '30/08/07', 'Festejar un cumpleaños', 0, 0, '1cdd135c-7b86-47ad-80fb-b97fa03dc157');
INSERT INTO vacation(vacationID, startDate, endDate, reason, leaderStatus, hrStatus, vacationUserIDFK) VALUES('5cf1ee53-fb09-4ad5-a638-5eb041e8c6c1', '33/06/09', '33/06/10', 'Descansar del trabajo', 1, 0, '49de4d88-9735-4d6d-993a-1b61d1f27dc0');
INSERT INTO vacation(vacationID, startDate, endDate, reason, leaderStatus, hrStatus, vacationUserIDFK) VALUES('88afe480-122b-4ac4-89e4-9de5cca793a5', '30/08/06', '30/08/07', 'Cumplir un sueño personal', 0, 2, '89929744-af00-4c37-8cf2-9445512a5065');
INSERT INTO vacation(vacationID, startDate, endDate, reason, leaderStatus, hrStatus, vacationUserIDFK) VALUES('5099f35e-c31e-4ff3-84fd-f4dec4d3c1fb', '25/05/14', '25/05/15', 'Festejar un cumpleaños', 0, 2, 'ab3b2236-4619-42b0-a45d-1d76bb752bfe');
INSERT INTO vacation(vacationID, startDate, endDate, reason, leaderStatus, hrStatus, vacationUserIDFK) VALUES('224c6369-3ae3-40c0-b62c-1461414bc300', '26/05/09', '26/05/10', 'Explorar diferentes culturas', 0, 0, '68e0baf8-3a3c-4581-9843-f715ae3ccd5c');
INSERT INTO vacation(vacationID, startDate, endDate, reason, leaderStatus, hrStatus, vacationUserIDFK) VALUES('abfe5c1a-2284-47c4-ad10-aca4a08d0786', '26/05/09', '26/05/10', 'Desconectarse de la rutina', 2, 1, 'cb26b2ae-18f2-4e5c-a23e-6c72a67974e4');
INSERT INTO vacation(vacationID, startDate, endDate, reason, leaderStatus, hrStatus, vacationUserIDFK) VALUES('28f54a0a-4508-432e-9de1-72aa31e7df18', '31/09/12', '31/09/13', 'Visitar amigos o familiares', 2, 1, '7b0ecb1e-23bf-4868-a394-ee1282115348');
INSERT INTO vacation(vacationID, startDate, endDate, reason, leaderStatus, hrStatus, vacationUserIDFK) VALUES('bd8aa355-e2e3-474b-8785-8391a84e07d5', '26/08/26', '26/08/27', 'Desconectarse de la rutina', 2, 0, '05452f4e-44a5-446b-aec2-a03e971ef164');
INSERT INTO vacation(vacationID, startDate, endDate, reason, leaderStatus, hrStatus, vacationUserIDFK) VALUES('9f04ff61-57e7-4ee2-b3a9-b6c108c18b2a', '32/12/24', '32/12/25', 'Desconectarse de la rutina', 2, 1, 'acda1edd-7a74-44f9-b3e0-cb405d927e30');
INSERT INTO vacation(vacationID, startDate, endDate, reason, leaderStatus, hrStatus, vacationUserIDFK) VALUES('9642519c-9ccc-4f2b-913d-6b14b8a261fc', '31/04/29', '31/04/30', 'Recargar energía y motivación', 2, 2, 'a86503fd-cabf-49ff-98e6-d464e2e59cfb');
INSERT INTO vacation(vacationID, startDate, endDate, reason, leaderStatus, hrStatus, vacationUserIDFK) VALUES('c423b3b6-aa2d-4dfd-a44d-9ba5af0d4bdc', '25/03/08', '25/03/09', 'Festejar un cumpleaños', 1, 2, 'd7717007-9f9d-4e58-bce8-768f89ecbd3e');

INSERT INTO absence(absenceID, reason, startDate, endDate, justified, absenceUserIDFK) values('6bf5d2b2-ad44-4b95-84da-82b196f5fd8b', 'Luto por fallecimiento de un familiar', '31/12/21', '31/12/22', 0, '3262efc1-e5e2-4cb5-a7db-453f91191357'); 
INSERT INTO absence(absenceID, reason, startDate, endDate, justified, absenceUserIDFK) values('558129cc-a0e5-459d-8e67-d4e5464fec48', 'Viaje de emergencia', '31/04/29', '31/04/30', 0, '25e88365-4632-4f99-ae9a-8fecf2484fee'); 
INSERT INTO absence(absenceID, reason, startDate, endDate, justified, absenceUserIDFK) values('193b57ed-21ab-4753-892d-592fd49acb80', 'Donación de sangre', '29/06/29', '29/06/30', 0, '67734a6c-f6bf-432d-80e5-8a321baa41f3'); 
INSERT INTO absence(absenceID, reason, startDate, endDate, justified, absenceUserIDFK) values('ae5ad5b2-06c9-472e-bae6-1a036fc2a3de', 'Maternidad/Paternidad', '27/05/21', '27/05/22', 1, '05452f4e-44a5-446b-aec2-a03e971ef164'); 
INSERT INTO absence(absenceID, reason, startDate, endDate, justified, absenceUserIDFK) values('49ddfa83-704f-4d4a-bb3d-3aafb2ab0e51', 'Consulta médica', '31/07/06', '31/07/07', 1, '3262efc1-e5e2-4cb5-a7db-453f91191357'); 
INSERT INTO absence(absenceID, reason, startDate, endDate, justified, absenceUserIDFK) values('43eca59f-ed71-4e97-9f56-8b5eee529a6f', 'Cuidado de un hijo o familiar enfermo', '26/08/26', '26/08/27', 1, '1bf98a2b-8765-4f27-acc1-336bfafd4a31'); 
INSERT INTO absence(absenceID, reason, startDate, endDate, justified, absenceUserIDFK) values('a7bbd2c6-1af2-4ca0-8fc1-fb05a89ec5b0', 'Maternidad/Paternidad', '32/11/21', '32/11/22', 1, '3337e956-46e7-4b63-ac7e-fe82489165d2'); 
INSERT INTO absence(absenceID, reason, startDate, endDate, justified, absenceUserIDFK) values('d90c1817-a6dc-4fda-94be-49a2a4480302', 'Capacitación o curso obligatorio', '26/05/09', '26/05/10', 1, '8af96d18-a0fc-4c72-9715-136047989038'); 
INSERT INTO absence(absenceID, reason, startDate, endDate, justified, absenceUserIDFK) values('35ffe17b-270a-4c6e-88c8-bf939f8ae9de', 'Accidente', '31/04/29', '31/04/30', 1, '2dd86c7d-9462-428c-a54b-33ffd0ffbd49'); 
INSERT INTO absence(absenceID, reason, startDate, endDate, justified, absenceUserIDFK) values('c8b20ae2-4168-4015-a410-5b5eae12ebed', 'Vacaciones programadas', '26/05/18', '26/05/19', 0, 'e145dd5c-9838-4c85-9ee5-22b4a91bff9f'); 
INSERT INTO absence(absenceID, reason, startDate, endDate, justified, absenceUserIDFK) values('a2ef59ac-8a67-42a7-aa54-b9f3324372c1', 'Viaje de emergencia', '31/11/18', '31/11/19', 1, '77dc1701-f6f0-4e9a-9c2f-8db8354bdeeb'); 
INSERT INTO absence(absenceID, reason, startDate, endDate, justified, absenceUserIDFK) values('fb52d932-5297-44c1-a283-2c38cc797685', 'Licencia por matrimonio', '28/05/24', '28/05/25', 1, '90a6ddd5-4240-447e-9b7c-6607c8ba2f83'); 
INSERT INTO absence(absenceID, reason, startDate, endDate, justified, absenceUserIDFK) values('c4433c9c-64d4-407d-852a-852143bd3a52', 'Problemas de movilidad o avería del vehículo', '28/12/12', '28/12/13', 1, '7b0ecb1e-23bf-4868-a394-ee1282115348'); 
INSERT INTO absence(absenceID, reason, startDate, endDate, justified, absenceUserIDFK) values('4938c816-63f2-4985-808c-ac4cf03d1ac1', 'Enfermedad', '25/06/17', '25/06/18', 1, '715a4c53-886a-43b9-bd3d-ee2004bdb423'); 
INSERT INTO absence(absenceID, reason, startDate, endDate, justified, absenceUserIDFK) values('704d6d3c-53b0-4e08-bc7d-81f3a61a147f', 'Luto por fallecimiento de un familiar', '31/03/27', '31/03/28', 1, 'ab3b2236-4619-42b0-a45d-1d76bb752bfe'); 
INSERT INTO absence(absenceID, reason, startDate, endDate, justified, absenceUserIDFK) values('fe315667-3214-40ed-9435-ea61fdbbca59', 'Emergencia en el hogar (fugas, incendios, etc.)', '33/12/29', '33/12/30', 0, '1ed0fb68-5b02-485f-9997-fb45461da311'); 
INSERT INTO absence(absenceID, reason, startDate, endDate, justified, absenceUserIDFK) values('2ccc690a-f30f-4d10-bd80-5b93b096aff7', 'Accidente', '33/10/21', '33/10/22', 0, '1ed0fb68-5b02-485f-9997-fb45461da311'); 
INSERT INTO absence(absenceID, reason, startDate, endDate, justified, absenceUserIDFK) values('866dca60-07c3-4b47-a38b-e807e0f757e6', 'Enfermedad', '25/10/27', '25/10/28', 0, '3337e956-46e7-4b63-ac7e-fe82489165d2'); 
INSERT INTO absence(absenceID, reason, startDate, endDate, justified, absenceUserIDFK) values('655c4925-8df9-4134-808e-afe9ac78c8db', 'Accidente', '25/05/14', '25/05/15', 1, '36c6fb70-0c18-4f66-9afe-72446aee2a1d'); 
INSERT INTO absence(absenceID, reason, startDate, endDate, justified, absenceUserIDFK) values('bd5012c8-cd2b-4969-b719-694920e518d4', 'Citación judicial', '26/09/29', '26/09/30', 0, '4b13939f-fe38-4d70-a3cd-6d664a7e33bb'); 
INSERT INTO absence(absenceID, reason, startDate, endDate, justified, absenceUserIDFK) values('a95db217-15ca-4d8b-84f8-7e0528b72022', 'Cuidado de un hijo o familiar enfermo', '32/06/06', '32/06/07', 1, 'a24ef523-0ca5-4cc1-ac1b-280a322ba5e2'); 
INSERT INTO absence(absenceID, reason, startDate, endDate, justified, absenceUserIDFK) values('60fa1b01-9eba-4a74-9bad-d3ce92338a3b', 'Vacaciones programadas', '27/07/12', '27/07/13', 0, '8d3d45cd-0327-4d82-8c4f-29e1c318f3e9'); 
INSERT INTO absence(absenceID, reason, startDate, endDate, justified, absenceUserIDFK) values('2bd2f55e-acfa-4c0f-aba0-02d4679dfea2', 'Maternidad/Paternidad', '28/05/24', '28/05/25', 1, 'b3d3c8e4-b0e7-4f00-92f8-4a9c6c41331e'); 
INSERT INTO absence(absenceID, reason, startDate, endDate, justified, absenceUserIDFK) values('d26c6873-983b-46cc-bd58-1dd7248787f9', 'Problemas familiares', '30/11/15', '30/11/16', 0, 'fcb2418d-162f-436d-b65b-d1fe04676626'); 
INSERT INTO absence(absenceID, reason, startDate, endDate, justified, absenceUserIDFK) values('450c7dbf-87b0-4a6e-a662-accdf5f0cced', 'Capacitación o curso obligatorio', '27/01/09', '27/01/10', 1, 'b69bf781-96f2-4e8e-92c7-abd425cd80eb'); 
INSERT INTO absence(absenceID, reason, startDate, endDate, justified, absenceUserIDFK) values('150fbd14-cf91-44cf-b99c-de5a8e70e896', 'Licencia por matrimonio', '25/03/06', '25/03/07', 1, '82d4a4fb-6abd-4e91-ad27-34042d5b3b4f'); 
INSERT INTO absence(absenceID, reason, startDate, endDate, justified, absenceUserIDFK) values('1adcb57a-9e19-4cc4-97ef-59d3f7f71d1b', 'Trámites administrativos o legales', '31/04/29', '31/04/30', 0, '7b0ecb1e-23bf-4868-a394-ee1282115348'); 
INSERT INTO absence(absenceID, reason, startDate, endDate, justified, absenceUserIDFK) values('e670c2a1-051e-4423-84db-09bd8b8b433e', 'Citación judicial', '32/08/12', '32/08/13', 1, '49de4d88-9735-4d6d-993a-1b61d1f27dc0'); 
INSERT INTO absence(absenceID, reason, startDate, endDate, justified, absenceUserIDFK) values('3e27490a-9868-4c78-bea2-7955420e49a0', 'Problemas de movilidad o avería del vehículo', '32/10/18', '32/10/19', 0, 'acda1edd-7a74-44f9-b3e0-cb405d927e30'); 
INSERT INTO absence(absenceID, reason, startDate, endDate, justified, absenceUserIDFK) values('328f543f-3d17-4361-a52f-7502e466492b', 'Capacitación o curso obligatorio', '28/01/12', '28/01/13', 1, '8a8317bf-0640-4d17-845c-0ab5564e4567'); 
INSERT INTO absence(absenceID, reason, startDate, endDate, justified, absenceUserIDFK) values('10c88386-e693-47bb-afcb-e04767123727', 'Convocatoria a servicio militar o cívico', '29/03/21', '29/03/22', 1, '21ac0e2e-3e1f-4d91-911e-cc4ccd1ca155'); 
INSERT INTO absence(absenceID, reason, startDate, endDate, justified, absenceUserIDFK) values('294654e5-0832-45b2-9d16-90cec173a797', 'Problemas de movilidad o avería del vehículo', '30/05/29', '30/05/30', 1, '82d4a4fb-6abd-4e91-ad27-34042d5b3b4f'); 
INSERT INTO absence(absenceID, reason, startDate, endDate, justified, absenceUserIDFK) values('10ceb2eb-7572-439c-80f1-908a5505b25a', 'Licencia por matrimonio', '32/03/29', '32/03/30', 1, 'fd6218dc-df91-45ee-a34d-d562c5e05f66'); 
INSERT INTO absence(absenceID, reason, startDate, endDate, justified, absenceUserIDFK) values('5a4d0df1-735a-4c2c-a53c-ea716cdb780b', 'Problemas familiares', '27/06/24', '27/06/25', 1, 'a7ad5f3b-3ff5-45f5-98c1-625c0fccf27c'); 
INSERT INTO absence(absenceID, reason, startDate, endDate, justified, absenceUserIDFK) values('34602a83-e748-4ad7-89db-51e2867454f0', 'Emergencia en el hogar (fugas, incendios, etc.)', '25/04/11', '25/04/12', 1, 'a7ad5f3b-3ff5-45f5-98c1-625c0fccf27c'); 
INSERT INTO absence(absenceID, reason, startDate, endDate, justified, absenceUserIDFK) values('612d4ef1-f36d-4232-86cd-632f1f3c10f8', 'Vacaciones programadas', '26/12/06', '26/12/07', 0, '95e5b5f8-4961-4f9c-96ad-c9a9b3ac2250'); 
INSERT INTO absence(absenceID, reason, startDate, endDate, justified, absenceUserIDFK) values('e5712d79-b756-4382-98ff-3645c302833f', 'Accidente', '26/05/18', '26/05/19', 1, '7c7d93e6-79b7-4d3e-8c32-2262142a5880'); 
INSERT INTO absence(absenceID, reason, startDate, endDate, justified, absenceUserIDFK) values('9f986bdd-c029-4b59-bf53-ad0b8679b180', 'Cuidado de un hijo o familiar enfermo', '31/03/27', '31/03/28', 0, '8676b8d3-a641-47e2-aeff-8e15fe93b67f'); 
INSERT INTO absence(absenceID, reason, startDate, endDate, justified, absenceUserIDFK) values('804b3be1-1944-4965-8857-be6d66f13563', 'Problemas de salud mental', '31/07/06', '31/07/07', 1, 'ca4dae1e-5541-4973-8294-96e5d149d5a4'); 
INSERT INTO absence(absenceID, reason, startDate, endDate, justified, absenceUserIDFK) values('6ada3481-6133-4e14-8d65-61ae4f16b069', 'Capacitación o curso obligatorio', '25/03/06', '25/03/07', 1, '911f2340-f533-4fff-af8e-8dba0def49b5'); 
INSERT INTO absence(absenceID, reason, startDate, endDate, justified, absenceUserIDFK) values('4c9971bd-6640-4086-85d8-217c1a3b31b9', 'Trámites administrativos o legales', '27/01/09', '27/01/10', 1, '715a4c53-886a-43b9-bd3d-ee2004bdb423'); 
INSERT INTO absence(absenceID, reason, startDate, endDate, justified, absenceUserIDFK) values('1f2fa340-c47c-4ae1-8214-26d61a081fac', 'Accidente', '28/05/24', '28/05/25', 0, '89929744-af00-4c37-8cf2-9445512a5065'); 
INSERT INTO absence(absenceID, reason, startDate, endDate, justified, absenceUserIDFK) values('4b8e2801-5790-49c4-8c65-fe224bff7545', 'Problemas de salud mental', '28/07/15', '28/07/16', 1, '8a8317bf-0640-4d17-845c-0ab5564e4567'); 
INSERT INTO absence(absenceID, reason, startDate, endDate, justified, absenceUserIDFK) values('1a4da52b-46f5-43e6-94fc-586fe449a98a', 'Luto por fallecimiento de un familiar', '27/07/12', '27/07/13', 1, '715a4c53-886a-43b9-bd3d-ee2004bdb423'); 
INSERT INTO absence(absenceID, reason, startDate, endDate, justified, absenceUserIDFK) values('46acfaf8-4e41-4b78-b181-87c418cb1c69', 'Problemas de movilidad o avería del vehículo', '30/09/09', '30/09/10', 1, 'f70ed81b-43ad-4992-a883-ae01bb2a2468'); 
INSERT INTO absence(absenceID, reason, startDate, endDate, justified, absenceUserIDFK) values('184c49e8-d32c-43b5-94df-144e26c53de3', 'Condiciones climáticas extremas', '27/07/27', '27/07/28', 1, '8f808ecc-61b0-41a6-8cf8-8a354cf360ac'); 
INSERT INTO absence(absenceID, reason, startDate, endDate, justified, absenceUserIDFK) values('ba9a21e6-e6d3-4759-9bb4-7fbf63623975', 'Problemas familiares', '26/03/12', '26/03/13', 0, '8b900431-3983-471e-8d36-e1ff92afc9b9'); 
INSERT INTO absence(absenceID, reason, startDate, endDate, justified, absenceUserIDFK) values('bd00260b-cd5c-4828-88a4-e173cac87885', 'Cuidado de un hijo o familiar enfermo', '29/09/18', '29/09/19', 1, '89929744-af00-4c37-8cf2-9445512a5065'); 
INSERT INTO absence(absenceID, reason, startDate, endDate, justified, absenceUserIDFK) values('2c9bfd0d-90c7-4a54-8352-f7efb67aa077', 'Capacitación o curso obligatorio', '29/04/24', '29/04/25', 1, '9e02fcfe-7c00-4791-bef1-3f6fbb42d0f7'); 
INSERT INTO absence(absenceID, reason, startDate, endDate, justified, absenceUserIDFK) values('1ce5ae5b-95a4-4541-a2cf-89bf679ab96d', 'Accidente', '26/01/07', '26/01/08', 0, 'd1351756-adb8-42b3-9714-ed79b3da9ea1'); 
INSERT INTO absence(absenceID, reason, startDate, endDate, justified, absenceUserIDFK) values('69f18fdc-eec5-4ad6-8498-39e587fb84d5', 'Capacitación o curso obligatorio', '33/08/15', '33/08/16', 1, 'd96f15cc-5f4e-4284-b43c-a69a3c3c4c4f'); 
INSERT INTO absence(absenceID, reason, startDate, endDate, justified, absenceUserIDFK) values('afbab631-ff7f-44c7-a1f2-06973cc44eaa', 'Enfermedad', '26/04/15', '26/04/16', 1, '0f568bbe-1ae2-4848-aee9-9db1126b3a6e'); 
INSERT INTO absence(absenceID, reason, startDate, endDate, justified, absenceUserIDFK) values('b29596f4-0deb-4400-a2c7-e105f9ec20af', 'Problemas de salud mental', '29/06/29', '29/06/30', 1, '8af96d18-a0fc-4c72-9715-136047989038'); 
INSERT INTO absence(absenceID, reason, startDate, endDate, justified, absenceUserIDFK) values('aa738255-6a26-46d8-bb75-2b10050f988e', 'Emergencia en el hogar (fugas, incendios, etc.)', '29/10/09', '29/10/10', 1, 'f0455b2f-4606-4151-899b-5ae1f753d2cb'); 
INSERT INTO absence(absenceID, reason, startDate, endDate, justified, absenceUserIDFK) values('b59c675d-ceed-469a-a244-ec45858f88cf', 'Huelga de transporte', '30/04/27', '30/04/28', 0, '89929744-af00-4c37-8cf2-9445512a5065'); 
INSERT INTO absence(absenceID, reason, startDate, endDate, justified, absenceUserIDFK) values('f178ec3a-c4c6-4af4-80eb-1f1c9fa831aa', 'Viaje de emergencia', '31/11/24', '31/11/25', 1, 'b69bf781-96f2-4e8e-92c7-abd425cd80eb'); 
INSERT INTO absence(absenceID, reason, startDate, endDate, justified, absenceUserIDFK) values('60ca1e68-d201-4ad9-837a-44c96e21f20e', 'Consulta médica', '32/12/27', '32/12/28', 1, '36c6fb70-0c18-4f66-9afe-72446aee2a1d'); 
INSERT INTO absence(absenceID, reason, startDate, endDate, justified, absenceUserIDFK) values('ff890111-eab0-45b4-8c93-7fdd023b27c2', 'Condiciones climáticas extremas', '26/05/18', '26/05/19', 0, 'bd372027-583d-4753-b314-a34252871855'); 
INSERT INTO absence(absenceID, reason, startDate, endDate, justified, absenceUserIDFK) values('341af7f2-6d43-4467-ad2d-2622ca5e5806', 'Maternidad/Paternidad', '30/10/12', '30/10/13', 1, '7c7d93e6-79b7-4d3e-8c32-2262142a5880'); 
INSERT INTO absence(absenceID, reason, startDate, endDate, justified, absenceUserIDFK) values('d8bce61e-f771-4799-a042-1730e137c426', 'Condiciones climáticas extremas', '28/10/06', '28/10/07', 0, 'e0b9c32e-9018-4ca9-bf90-1f2112324840'); 
INSERT INTO absence(absenceID, reason, startDate, endDate, justified, absenceUserIDFK) values('7c85b390-1cdc-4b3f-a5d8-2bd0d0c6284e', 'Licencia por matrimonio', '29/11/12', '29/11/13', 0, '694f01a4-d65e-41de-98c3-518116fa7480'); 
INSERT INTO absence(absenceID, reason, startDate, endDate, justified, absenceUserIDFK) values('e1b609e8-ab67-4aac-9ebb-c9a9c4fa6c19', 'Problemas familiares', '28/01/12', '28/01/13', 0, '05452f4e-44a5-446b-aec2-a03e971ef164'); 
INSERT INTO absence(absenceID, reason, startDate, endDate, justified, absenceUserIDFK) values('f7a57464-4de3-4038-8c09-062cc917c228', 'Convocatoria a servicio militar o cívico', '28/09/03', '28/09/04', 1, '89929744-af00-4c37-8cf2-9445512a5065'); 
INSERT INTO absence(absenceID, reason, startDate, endDate, justified, absenceUserIDFK) values('12bd8cc1-4743-471d-80e5-8a3cb78c7fb0', 'Citación judicial', '33/12/27', '33/12/28', 1, '6ed09fd0-01c8-4953-83b2-d803a2551819'); 
INSERT INTO absence(absenceID, reason, startDate, endDate, justified, absenceUserIDFK) values('022dba41-edeb-4581-8f3a-d58f46923245', 'Donación de sangre', '32/09/15', '32/09/16', 1, 'a0061326-9c2b-4a0b-a35d-395c1d23c462'); 
INSERT INTO absence(absenceID, reason, startDate, endDate, justified, absenceUserIDFK) values('63bd8e6e-3c74-487f-a841-c0e629c819f3', 'Citación judicial', '29/06/29', '29/06/30', 1, '8b900431-3983-471e-8d36-e1ff92afc9b9'); 
INSERT INTO absence(absenceID, reason, startDate, endDate, justified, absenceUserIDFK) values('2ab331ef-7280-42c6-b0e5-c85e1b42101d', 'Enfermedad', '26/07/23', '26/07/24', 1, 'a84814bd-79b4-4545-9ef4-a4a92c0290d0'); 
INSERT INTO absence(absenceID, reason, startDate, endDate, justified, absenceUserIDFK) values('b21538ab-d048-489f-bba2-fecd420ec215', 'Problemas de salud mental', '31/12/21', '31/12/22', 1, '7b0ecb1e-23bf-4868-a394-ee1282115348'); 
INSERT INTO absence(absenceID, reason, startDate, endDate, justified, absenceUserIDFK) values('7c6e6a14-7490-485c-b604-7da70dec3f84', 'Accidente', '25/03/06', '25/03/07', 1, '36c6fb70-0c18-4f66-9afe-72446aee2a1d'); 
INSERT INTO absence(absenceID, reason, startDate, endDate, justified, absenceUserIDFK) values('6aa5ac57-6212-4b0b-ae15-018cd8b339e9', 'Enfermedad', '30/04/27', '30/04/28', 0, '6fc28af1-60d1-4e86-bab8-8fb7d2b8c378'); 

INSERT INTO absenceMedia(absenceMediaID, mediaLink, absenceIDFK) values('316d3f29-807a-4897-a6f8-89969d033ab2', 'https://www.empresafuturo.com/servicios/desarrollo-tecnologico', 'b29596f4-0deb-4400-a2c7-e105f9ec20af'); 
INSERT INTO absenceMedia(absenceMediaID, mediaLink, absenceIDFK) values('66e18114-5d30-4d2a-98df-b3e630f5291c', 'https://www.expertositio.com/blog/diseño-web', '866dca60-07c3-4b47-a38b-e807e0f757e6'); 
INSERT INTO absenceMedia(absenceMediaID, mediaLink, absenceIDFK) values('278f991a-a832-42e4-b758-73dd5a5e1996', 'https://www.mundodigital.com/tutoriales/marketing-digital', 'a7bbd2c6-1af2-4ca0-8fc1-fb05a89ec5b0'); 
INSERT INTO absenceMedia(absenceMediaID, mediaLink, absenceIDFK) values('abeb8b53-3740-4b45-b2d3-cd48c41d0122', 'https://www.ejemplo.com/productos/calculadora-interes', '43eca59f-ed71-4e97-9f56-8b5eee529a6f'); 
INSERT INTO absenceMedia(absenceMediaID, mediaLink, absenceIDFK) values('57484efd-8a38-4059-94a2-4f05ee303f2c', 'https://www.ejemplo.com/productos/calculadora-interes', '2ccc690a-f30f-4d10-bd80-5b93b096aff7'); 
INSERT INTO absenceMedia(absenceMediaID, mediaLink, absenceIDFK) values('798cac5b-f621-4035-ad13-e4183f8892a7', 'https://www.sistemasmodernos.com/tecnologia/innovacion', '12bd8cc1-4743-471d-80e5-8a3cb78c7fb0'); 
INSERT INTO absenceMedia(absenceMediaID, mediaLink, absenceIDFK) values('fa48b5d7-e4a4-467b-ab50-bcb2e8429579', 'https://www.smartsolutions.com/servicios/paginas-web', '2c9bfd0d-90c7-4a54-8352-f7efb67aa077'); 
INSERT INTO absenceMedia(absenceMediaID, mediaLink, absenceIDFK) values('85a46a61-710f-411e-b75a-9550f212ce48', 'https://www.expertositio.com/blog/diseño-web', '7c6e6a14-7490-485c-b604-7da70dec3f84'); 
INSERT INTO absenceMedia(absenceMediaID, mediaLink, absenceIDFK) values('4dca68f7-84c1-49f0-8ff9-606e7466cbb7', 'https://www.tuempresa.com/contacto/soporte', 'b21538ab-d048-489f-bba2-fecd420ec215'); 
INSERT INTO absenceMedia(absenceMediaID, mediaLink, absenceIDFK) values('f4130589-54ee-46c3-b1e4-2b11816d9d53', 'https://www.ejemplo.com/productos/calculadora-interes', '341af7f2-6d43-4467-ad2d-2622ca5e5806'); 
INSERT INTO absenceMedia(absenceMediaID, mediaLink, absenceIDFK) values('64b55631-96fb-4523-a079-95e49c0f60c2', 'https://www.creacionsistemas.com/planificación/pymes', 'a7bbd2c6-1af2-4ca0-8fc1-fb05a89ec5b0'); 
INSERT INTO absenceMedia(absenceMediaID, mediaLink, absenceIDFK) values('9fde3722-bdbc-49d4-a6a5-f240010b6228', 'https://www.tiendavirtual.com/blog/estrategias-marketing', 'ae5ad5b2-06c9-472e-bae6-1a036fc2a3de'); 
INSERT INTO absenceMedia(absenceMediaID, mediaLink, absenceIDFK) values('be254b35-bccf-489b-b1ec-aef825ed9bfd', 'https://www.digitalinnovators.com/estrategias/marketing', '558129cc-a0e5-459d-8e67-d4e5464fec48'); 
INSERT INTO absenceMedia(absenceMediaID, mediaLink, absenceIDFK) values('7b344b23-61a3-4fe4-b0e3-f8ddb1650c8a', 'https://www.tutorialesweb.com/aprendizaje/codificacion', '9f986bdd-c029-4b59-bf53-ad0b8679b180'); 
INSERT INTO absenceMedia(absenceMediaID, mediaLink, absenceIDFK) values('a14a1441-81d8-4ef1-9e14-a78da417f181', 'https://www.serviciosxyz.com/soluciones/internet-empresas', '4c9971bd-6640-4086-85d8-217c1a3b31b9'); 
INSERT INTO absenceMedia(absenceMediaID, mediaLink, absenceIDFK) values('c89a3ff9-beb9-4ff6-a31c-65ec4f058463', 'https://www.creacionsistemas.com/planificación/pymes', '4c9971bd-6640-4086-85d8-217c1a3b31b9'); 
INSERT INTO absenceMedia(absenceMediaID, mediaLink, absenceIDFK) values('c2828661-0c8f-4a60-a660-86c1048db685', 'https://www.expertositio.com/blog/diseño-web', '1a4da52b-46f5-43e6-94fc-586fe449a98a'); 
INSERT INTO absenceMedia(absenceMediaID, mediaLink, absenceIDFK) values('6d3599d8-f361-4a75-a331-83d90b8f335c', 'https://www.smartsolutions.com/servicios/paginas-web', 'e1b609e8-ab67-4aac-9ebb-c9a9c4fa6c19'); 
INSERT INTO absenceMedia(absenceMediaID, mediaLink, absenceIDFK) values('82440e6a-4d88-4f76-b3fb-a8b15b27322a', 'https://www.nuevastecnologias.com/innovacion/digitalizacion', '46acfaf8-4e41-4b78-b181-87c418cb1c69'); 
INSERT INTO absenceMedia(absenceMediaID, mediaLink, absenceIDFK) values('33a49893-5703-4bb5-b7d0-d10709f91f08', 'https://www.nuevastecnologias.com/innovacion/digitalizacion', '2bd2f55e-acfa-4c0f-aba0-02d4679dfea2'); 
INSERT INTO absenceMedia(absenceMediaID, mediaLink, absenceIDFK) values('3aacb8ad-feac-431d-8624-0c38770782ff', 'https://www.smartsolutions.com/servicios/paginas-web', 'aa738255-6a26-46d8-bb75-2b10050f988e'); 
INSERT INTO absenceMedia(absenceMediaID, mediaLink, absenceIDFK) values('b3c1aa01-2b56-43a0-be1d-2b58c6dee72f', 'https://www.empresainnovadora.com/noticias/lanzamientos', 'b21538ab-d048-489f-bba2-fecd420ec215'); 
INSERT INTO absenceMedia(absenceMediaID, mediaLink, absenceIDFK) values('dc530135-1e79-413a-bf00-363fb2b2488c', 'https://www.serviciosxyz.com/soluciones/internet-empresas', 'd90c1817-a6dc-4fda-94be-49a2a4480302'); 
INSERT INTO absenceMedia(absenceMediaID, mediaLink, absenceIDFK) values('8395772c-e1a4-4652-9faf-7cc322ddd78a', 'https://www.serviciosxyz.com/soluciones/internet-empresas', '49ddfa83-704f-4d4a-bb3d-3aafb2ab0e51'); 
INSERT INTO absenceMedia(absenceMediaID, mediaLink, absenceIDFK) values('122eaab8-0ce4-464a-8514-d9f0b1f1bf1b', 'https://www.tiendavirtual.com/blog/estrategias-marketing', 'ae5ad5b2-06c9-472e-bae6-1a036fc2a3de'); 
INSERT INTO absenceMedia(absenceMediaID, mediaLink, absenceIDFK) values('3295832c-c645-417f-b518-e9bb9cee1ba1', 'https://www.mundodigital.com/tutoriales/marketing-digital', '9f986bdd-c029-4b59-bf53-ad0b8679b180'); 
INSERT INTO absenceMedia(absenceMediaID, mediaLink, absenceIDFK) values('21759aef-abce-47a9-aaa2-6b62c76361f4', 'https://www.nuevastecnologias.com/innovacion/digitalizacion', 'a95db217-15ca-4d8b-84f8-7e0528b72022'); 
INSERT INTO absenceMedia(absenceMediaID, mediaLink, absenceIDFK) values('6c35a72b-9da9-4aa5-9299-dafb495b871d', 'https://www.tuempresa.com/contacto/soporte', 'd8bce61e-f771-4799-a042-1730e137c426'); 
INSERT INTO absenceMedia(absenceMediaID, mediaLink, absenceIDFK) values('d0fe1455-51ca-4156-b436-a81f364db699', 'https://www.soluciones360.com/soporte/atencion-cliente', '804b3be1-1944-4965-8857-be6d66f13563'); 
INSERT INTO absenceMedia(absenceMediaID, mediaLink, absenceIDFK) values('005b930f-c610-4a99-8222-349e26da9d4f', 'https://www.empresainnovadora.com/noticias/lanzamientos', '12bd8cc1-4743-471d-80e5-8a3cb78c7fb0'); 
INSERT INTO absenceMedia(absenceMediaID, mediaLink, absenceIDFK) values('f3b1947e-004a-46e6-a7a1-80ea6c46c2d9', 'https://www.nuevosproyectos.com/planificacion/estrategica', 'd90c1817-a6dc-4fda-94be-49a2a4480302'); 
INSERT INTO absenceMedia(absenceMediaID, mediaLink, absenceIDFK) values('331daa91-ee24-406b-8d62-3a7be61fd316', 'https://www.empresainnovadora.com/noticias/lanzamientos', 'fe315667-3214-40ed-9435-ea61fdbbca59'); 
INSERT INTO absenceMedia(absenceMediaID, mediaLink, absenceIDFK) values('fdd34097-8eb0-419f-9b1d-ebc3afa9a06a', 'https://www.sistemasmodernos.com/tecnologia/innovacion', '4b8e2801-5790-49c4-8c65-fe224bff7545'); 
INSERT INTO absenceMedia(absenceMediaID, mediaLink, absenceIDFK) values('b7dc3ac9-3e01-44ad-babf-fc547da56a07', 'https://www.interactivewebs.com/proyectos/desarrollo-software', '193b57ed-21ab-4753-892d-592fd49acb80'); 
INSERT INTO absenceMedia(absenceMediaID, mediaLink, absenceIDFK) values('9ace15cd-e86e-49c7-bbe4-6c4d0e6399f4', 'https://www.micompany.com/servicios/consultoria-web', 'd8bce61e-f771-4799-a042-1730e137c426'); 
INSERT INTO absenceMedia(absenceMediaID, mediaLink, absenceIDFK) values('978e68be-a2d3-4906-87df-78001754805b', 'https://www.interactivewebs.com/proyectos/desarrollo-software', '184c49e8-d32c-43b5-94df-144e26c53de3'); 
INSERT INTO absenceMedia(absenceMediaID, mediaLink, absenceIDFK) values('b0df1a58-07b5-4f14-91c0-9bbab3ea06bf', 'https://www.empresafuturo.com/servicios/desarrollo-tecnologico', '2ab331ef-7280-42c6-b0e5-c85e1b42101d'); 
INSERT INTO absenceMedia(absenceMediaID, mediaLink, absenceIDFK) values('d21120fc-ba6a-425d-ac3c-c3c5f23558dc', 'https://www.creacionsistemas.com/planificación/pymes', '804b3be1-1944-4965-8857-be6d66f13563'); 
INSERT INTO absenceMedia(absenceMediaID, mediaLink, absenceIDFK) values('1dd58ee8-2c25-42cd-abb3-b01e627af2bc', 'https://www.ecommerceplus.com/guias/venta-online', 'd8bce61e-f771-4799-a042-1730e137c426'); 
INSERT INTO absenceMedia(absenceMediaID, mediaLink, absenceIDFK) values('d0041dcf-fc2d-4996-ae75-d31d3f4c87e4', 'https://www.digitalinnovators.com/estrategias/marketing', '2ccc690a-f30f-4d10-bd80-5b93b096aff7'); 
INSERT INTO absenceMedia(absenceMediaID, mediaLink, absenceIDFK) values('ab84eb62-9ca5-4fde-86d6-af0052f6cdb7', 'https://www.sistemasmodernos.com/tecnologia/innovacion', '46acfaf8-4e41-4b78-b181-87c418cb1c69'); 
INSERT INTO absenceMedia(absenceMediaID, mediaLink, absenceIDFK) values('62f265a9-eb16-4730-a577-dd05458f4229', 'https://www.soluciones360.com/soporte/atencion-cliente', '655c4925-8df9-4134-808e-afe9ac78c8db'); 
INSERT INTO absenceMedia(absenceMediaID, mediaLink, absenceIDFK) values('aa586ede-c7e1-474b-bb86-7fb870d8b45d', 'https://www.expertositio.com/blog/diseño-web', '2ccc690a-f30f-4d10-bd80-5b93b096aff7'); 
INSERT INTO absenceMedia(absenceMediaID, mediaLink, absenceIDFK) values('f5cfeb7e-4d81-4aff-8fd2-3c18b5e5b481', 'https://www.digitalinnovators.com/estrategias/marketing', '804b3be1-1944-4965-8857-be6d66f13563'); 
INSERT INTO absenceMedia(absenceMediaID, mediaLink, absenceIDFK) values('8339735a-3b4f-428b-ba99-86916c1eea76', 'https://www.tiendavirtual.com/blog/estrategias-marketing', 'aa738255-6a26-46d8-bb75-2b10050f988e'); 
INSERT INTO absenceMedia(absenceMediaID, mediaLink, absenceIDFK) values('3651cd2d-4da0-412f-9530-9ecb7080ebbd', 'https://www.ecommerceplus.com/guias/venta-online', '022dba41-edeb-4581-8f3a-d58f46923245'); 
INSERT INTO absenceMedia(absenceMediaID, mediaLink, absenceIDFK) values('548b52c6-90b3-4941-a34d-32b12965ff3e', 'https://www.tiendavirtual.com/blog/estrategias-marketing', '704d6d3c-53b0-4e08-bc7d-81f3a61a147f'); 
INSERT INTO absenceMedia(absenceMediaID, mediaLink, absenceIDFK) values('601146e0-4e8f-48bb-9d2f-14c46b61c41a', 'https://www.tuempresa.com/contacto/soporte', '866dca60-07c3-4b47-a38b-e807e0f757e6'); 
INSERT INTO absenceMedia(absenceMediaID, mediaLink, absenceIDFK) values('0d08ce62-84d7-40cc-a0e8-8fecc66cc100', 'https://www.micompany.com/servicios/consultoria-web', '10c88386-e693-47bb-afcb-e04767123727'); 
INSERT INTO absenceMedia(absenceMediaID, mediaLink, absenceIDFK) values('505ca34c-2dd2-40f9-ab3d-469f039ce77c', 'https://www.smartsolutions.com/servicios/paginas-web', '2c9bfd0d-90c7-4a54-8352-f7efb67aa077'); 

INSERT INTO fault(faultID, doneDate, summary, faultUserIDFK) VALUES('48fd19e0-53d8-4f61-9ef1-802b08497949', '2025-05-14', 'No informar oportunamente sobre dificultades o retrasos que puedan afectar el cumplimiento de las metas', 'd929de66-2241-4453-a19e-8265da4b4fc6');
INSERT INTO fault(faultID, doneDate, summary, faultUserIDFK) VALUES('bacc3ab1-7de7-4800-a775-a47ef8ed8552', '2025-03-12', 'Cometer fallos en el trabajo de forma repetitiva, a pesar de haber sido señalados previamente', '6ed09fd0-01c8-4953-83b2-d803a2551819');
INSERT INTO fault(faultID, doneDate, summary, faultUserIDFK) VALUES('fde49353-5781-4f28-b803-a75bfb1e0ee1', '2025-05-16', 'Cometer fallos en el trabajo de forma repetitiva, a pesar de haber sido señalados previamente', 'e0b9c32e-9018-4ca9-bf90-1f2112324840');
INSERT INTO fault(faultID, doneDate, summary, faultUserIDFK) VALUES('58a97810-133f-43c3-a6c8-0ac6d4998868', '2025-03-30', 'Cometer fallos en el trabajo de forma repetitiva, a pesar de haber sido señalados previamente', 'acda1edd-7a74-44f9-b3e0-cb405d927e30');
INSERT INTO fault(faultID, doneDate, summary, faultUserIDFK) VALUES('73438986-31e2-4948-a5e6-7ab4e91f347e', '2025-03-12', 'No informar oportunamente sobre dificultades o retrasos que puedan afectar el cumplimiento de las metas', '45d242e0-5e15-42fa-8ae0-603d871de80b');
INSERT INTO fault(faultID, doneDate, summary, faultUserIDFK) VALUES('9d461eaa-2c38-4d6e-9830-c5ddda17ceaf', '2025-03-30', 'No informar oportunamente sobre dificultades o retrasos que puedan afectar el cumplimiento de las metas', 'bd372027-583d-4753-b314-a34252871855');
INSERT INTO fault(faultID, doneDate, summary, faultUserIDFK) VALUES('0fd8033c-91c6-438a-be76-3c6141e63b6c', '2025-03-12', 'Cometer fallos en el trabajo de forma repetitiva, a pesar de haber sido señalados previamente', '25545ba5-13fe-45ea-88da-070828517fad');
INSERT INTO fault(faultID, doneDate, summary, faultUserIDFK) VALUES('bc5c1da9-bdfd-401f-a42d-2bcf07cea20d', '2025-05-14', 'El empleado no se presenta al trabajo sin avisar o sin una razón válida, afectando la continuidad de las labores del equipo.', 'f98a2e1d-7e02-46f0-bfaa-6ced84471937');
INSERT INTO fault(faultID, doneDate, summary, faultUserIDFK) VALUES('9cbb60fa-2c1c-4e0a-8a38-73983477a370', '2025-05-16', 'Cometer fallos en el trabajo de forma repetitiva, a pesar de haber sido señalados previamente', '2a9a0e70-f818-4845-aaa9-4e610b1cd094');
INSERT INTO fault(faultID, doneDate, summary, faultUserIDFK) VALUES('18e6cd49-2516-4557-a286-2ffe8beb7eca', '2025-05-14', 'No seguir las políticas o procedimientos establecidos por la empresa', '208ec34b-3645-4ccd-8650-65e0db0891e7');
INSERT INTO fault(faultID, doneDate, summary, faultUserIDFK) VALUES('e755a502-daae-4e5b-a6ef-f7c68216c3dd', '2025-03-17', 'No informar oportunamente sobre dificultades o retrasos que puedan afectar el cumplimiento de las metas', '25545ba5-13fe-45ea-88da-070828517fad');
INSERT INTO fault(faultID, doneDate, summary, faultUserIDFK) VALUES('3d8b3672-9f4d-4db3-b160-c0f35324ee8d', '2025-03-17', 'No seguir las políticas o procedimientos establecidos por la empresa', 'd929de66-2241-4453-a19e-8265da4b4fc6');
INSERT INTO fault(faultID, doneDate, summary, faultUserIDFK) VALUES('386a3984-4005-4d30-9126-191b7feeb846', '2025-03-17', 'No seguir las políticas o procedimientos establecidos por la empresa', '2dd86c7d-9462-428c-a54b-33ffd0ffbd49');
INSERT INTO fault(faultID, doneDate, summary, faultUserIDFK) VALUES('448602cd-5309-497b-a4cb-be455442add5', '2025-03-12', 'Cometer fallos en el trabajo de forma repetitiva, a pesar de haber sido señalados previamente', '9ce88b92-3f69-437d-bc4b-96f19cfd4ab5');
INSERT INTO fault(faultID, doneDate, summary, faultUserIDFK) VALUES('d5939f36-ce21-42f5-b752-5f88ea827dbb', '2025-03-12', 'No seguir las políticas o procedimientos establecidos por la empresa', 'a7550e75-eb76-41f3-a77c-6332c2cf7a09');
INSERT INTO fault(faultID, doneDate, summary, faultUserIDFK) VALUES('4e716394-fb7d-4e14-87a1-b1df60ea64e0', '2025-03-17', 'Cometer fallos en el trabajo de forma repetitiva, a pesar de haber sido señalados previamente', '3337e956-46e7-4b63-ac7e-fe82489165d2');
INSERT INTO fault(faultID, doneDate, summary, faultUserIDFK) VALUES('21a5df10-8ed8-4186-8cf7-3cd8b827c164', '2025-03-12', 'Incumplir con los plazos establecidos para la entrega de proyectos o tareas', 'd929de66-2241-4453-a19e-8265da4b4fc6');
INSERT INTO fault(faultID, doneDate, summary, faultUserIDFK) VALUES('0ae79242-a82b-4811-9371-7b13c5ec515d', '2025-05-16', 'El empleado no se presenta al trabajo sin avisar o sin una razón válida, afectando la continuidad de las labores del equipo.', '778b3133-bd0b-4da9-b2d9-c65b2cd12774');
INSERT INTO fault(faultID, doneDate, summary, faultUserIDFK) VALUES('99b93709-28ba-42b1-b259-2218283c7886', '2025-05-16', 'Cometer fallos en el trabajo de forma repetitiva, a pesar de haber sido señalados previamente', '90b479d9-f6ea-48cb-9388-0f0281d35e9d');
INSERT INTO fault(faultID, doneDate, summary, faultUserIDFK) VALUES('ac80c0e7-e6aa-45bc-9465-33e9b646a3d0', '2025-03-12', 'Cometer fallos en el trabajo de forma repetitiva, a pesar de haber sido señalados previamente', 'd7717007-9f9d-4e58-bce8-768f89ecbd3e');
INSERT INTO fault(faultID, doneDate, summary, faultUserIDFK) VALUES('8ea574b2-8aca-491a-bdb3-4ef1cd529ea0', '2025-05-16', 'Llegar tarde de manera reiterada, lo cual puede generar problemas en la coordinación y en el flujo de trabajo.', '1cdd135c-7b86-47ad-80fb-b97fa03dc157');
INSERT INTO fault(faultID, doneDate, summary, faultUserIDFK) VALUES('9666829f-5606-416c-9254-af613342048e', '2025-03-12', 'No informar oportunamente sobre dificultades o retrasos que puedan afectar el cumplimiento de las metas', '5a3270ab-2000-4d65-9fab-6a0419fbd3a2');
INSERT INTO fault(faultID, doneDate, summary, faultUserIDFK) VALUES('8a39a395-c05b-4626-9428-5df3719e82f8', '2025-03-30', 'Llegar tarde de manera reiterada, lo cual puede generar problemas en la coordinación y en el flujo de trabajo.', '78d77ebe-747d-4c5b-8c29-34bc7ff05d5c');
INSERT INTO fault(faultID, doneDate, summary, faultUserIDFK) VALUES('b0c35bd1-8d0d-4e07-a139-258bdcc24bb8', '2025-03-17', 'Incumplir con los plazos establecidos para la entrega de proyectos o tareas', '36c6fb70-0c18-4f66-9afe-72446aee2a1d');
INSERT INTO fault(faultID, doneDate, summary, faultUserIDFK) VALUES('c6781311-819a-483d-9e12-b31ef3901a9e', '2025-03-12', 'El empleado no se presenta al trabajo sin avisar o sin una razón válida, afectando la continuidad de las labores del equipo.', '22a48fbf-3a9c-4f27-afc8-1348373498b0');
INSERT INTO fault(faultID, doneDate, summary, faultUserIDFK) VALUES('1426bc3f-60f3-4c27-a13c-e8545ccc56e5', '2025-05-14', 'No informar oportunamente sobre dificultades o retrasos que puedan afectar el cumplimiento de las metas', '8d3d45cd-0327-4d82-8c4f-29e1c318f3e9');
INSERT INTO fault(faultID, doneDate, summary, faultUserIDFK) VALUES('19f004cc-252e-4a20-be6e-67ba78ea6727', '2025-05-14', 'Llegar tarde de manera reiterada, lo cual puede generar problemas en la coordinación y en el flujo de trabajo.', 'fd6218dc-df91-45ee-a34d-d562c5e05f66');
INSERT INTO fault(faultID, doneDate, summary, faultUserIDFK) VALUES('00c341ef-0669-4297-a64d-40d9e4739f95', '2025-03-12', 'Incumplir con los plazos establecidos para la entrega de proyectos o tareas', '208ec34b-3645-4ccd-8650-65e0db0891e7');
INSERT INTO fault(faultID, doneDate, summary, faultUserIDFK) VALUES('08fd4a01-9a3e-4fcf-ad2a-bc4eb4d37179', '2025-03-30', 'Cometer fallos en el trabajo de forma repetitiva, a pesar de haber sido señalados previamente', '2f22ae68-f98c-49f1-b14a-d2e833706154');
INSERT INTO fault(faultID, doneDate, summary, faultUserIDFK) VALUES('f1f3abc2-1379-4ac1-8ae8-2925183ed009', '2025-05-14', 'El empleado no se presenta al trabajo sin avisar o sin una razón válida, afectando la continuidad de las labores del equipo.', '00088490-3855-4444-9b02-5da6a7638748');
INSERT INTO fault(faultID, doneDate, summary, faultUserIDFK) VALUES('b668352f-8ad8-43d8-b141-795f2d123d85', '2025-03-12', 'Cometer fallos en el trabajo de forma repetitiva, a pesar de haber sido señalados previamente', '5c16f7f0-e13c-457f-8d4c-2df975d6d25c');
INSERT INTO fault(faultID, doneDate, summary, faultUserIDFK) VALUES('e73ce8ba-59c6-46a7-a73d-d471593def78', '2025-03-30', 'No informar oportunamente sobre dificultades o retrasos que puedan afectar el cumplimiento de las metas', '49de4d88-9735-4d6d-993a-1b61d1f27dc0');
INSERT INTO fault(faultID, doneDate, summary, faultUserIDFK) VALUES('e007c083-47ca-4596-b109-57df74ec6b70', '2025-03-17', 'El empleado no se presenta al trabajo sin avisar o sin una razón válida, afectando la continuidad de las labores del equipo.', 'f98a2e1d-7e02-46f0-bfaa-6ced84471937');
INSERT INTO fault(faultID, doneDate, summary, faultUserIDFK) VALUES('0de897bc-fc7d-44b7-b1f7-5cd4407d4231', '2025-05-14', 'No seguir las políticas o procedimientos establecidos por la empresa', '05452f4e-44a5-446b-aec2-a03e971ef164');
INSERT INTO fault(faultID, doneDate, summary, faultUserIDFK) VALUES('e3bcefb6-c97b-4be1-add9-65e14f0f299f', '2025-05-16', 'Cometer fallos en el trabajo de forma repetitiva, a pesar de haber sido señalados previamente', '79ee4eef-0c19-4963-b705-40741a68c833');
INSERT INTO fault(faultID, doneDate, summary, faultUserIDFK) VALUES('5f85fa1f-a458-4f46-ac71-3b9283d42138', '2025-05-14', 'Incumplir con los plazos establecidos para la entrega de proyectos o tareas', 'd96f15cc-5f4e-4284-b43c-a69a3c3c4c4f');
INSERT INTO fault(faultID, doneDate, summary, faultUserIDFK) VALUES('b5c4007a-1638-4aba-8755-e7d399a716da', '2025-03-30', 'No seguir las políticas o procedimientos establecidos por la empresa', '89929744-af00-4c37-8cf2-9445512a5065');
INSERT INTO fault(faultID, doneDate, summary, faultUserIDFK) VALUES('c354377e-4e3e-48f4-9327-8c07f737df3a', '2025-05-14', 'Llegar tarde de manera reiterada, lo cual puede generar problemas en la coordinación y en el flujo de trabajo.', 'fcb2418d-162f-436d-b65b-d1fe04676626');
INSERT INTO fault(faultID, doneDate, summary, faultUserIDFK) VALUES('aabac56b-4241-45db-8604-0888f00294f2', '2025-03-17', 'No informar oportunamente sobre dificultades o retrasos que puedan afectar el cumplimiento de las metas', '5a3270ab-2000-4d65-9fab-6a0419fbd3a2');
INSERT INTO fault(faultID, doneDate, summary, faultUserIDFK) VALUES('2173ffce-658d-4313-b090-57b097da5c2d', '2025-05-14', 'El empleado no se presenta al trabajo sin avisar o sin una razón válida, afectando la continuidad de las labores del equipo.', '8f808ecc-61b0-41a6-8cf8-8a354cf360ac');
INSERT INTO fault(faultID, doneDate, summary, faultUserIDFK) VALUES('eb6327c5-d61c-4b2f-be42-ade2517ac2e8', '2025-03-30', 'Llegar tarde de manera reiterada, lo cual puede generar problemas en la coordinación y en el flujo de trabajo.', '21ac0e2e-3e1f-4d91-911e-cc4ccd1ca155');
INSERT INTO fault(faultID, doneDate, summary, faultUserIDFK) VALUES('51819a11-8db8-470e-b9dc-53bb3643dd9d', '2025-03-17', 'Llegar tarde de manera reiterada, lo cual puede generar problemas en la coordinación y en el flujo de trabajo.', 'fd6218dc-df91-45ee-a34d-d562c5e05f66');
INSERT INTO fault(faultID, doneDate, summary, faultUserIDFK) VALUES('67be464b-4a62-433e-9f1b-52c21621f780', '2025-05-14', 'Cometer fallos en el trabajo de forma repetitiva, a pesar de haber sido señalados previamente', '1cdd135c-7b86-47ad-80fb-b97fa03dc157');
INSERT INTO fault(faultID, doneDate, summary, faultUserIDFK) VALUES('1cf50d4f-7757-4f49-a6e5-c3065d1995e9', '2025-03-30', 'Cometer fallos en el trabajo de forma repetitiva, a pesar de haber sido señalados previamente', 'd7717007-9f9d-4e58-bce8-768f89ecbd3e');
INSERT INTO fault(faultID, doneDate, summary, faultUserIDFK) VALUES('5e9b931d-5189-40d9-882d-8a7e1525607d', '2025-03-12', 'No informar oportunamente sobre dificultades o retrasos que puedan afectar el cumplimiento de las metas', '00088490-3855-4444-9b02-5da6a7638748');
INSERT INTO fault(faultID, doneDate, summary, faultUserIDFK) VALUES('a56a5053-f2ec-4376-8c04-7af169e31107', '2025-03-17', 'Incumplir con los plazos establecidos para la entrega de proyectos o tareas', 'acda1edd-7a74-44f9-b3e0-cb405d927e30');
INSERT INTO fault(faultID, doneDate, summary, faultUserIDFK) VALUES('aed6612a-bcd1-457a-8760-012f9b536446', '2025-05-16', 'Incumplir con los plazos establecidos para la entrega de proyectos o tareas', '4b13939f-fe38-4d70-a3cd-6d664a7e33bb');
INSERT INTO fault(faultID, doneDate, summary, faultUserIDFK) VALUES('5f92cba2-9c15-4ac1-a18d-d27786c741b2', '2025-03-17', 'Incumplir con los plazos establecidos para la entrega de proyectos o tareas', '0d6f87c2-f932-4191-a9b9-c14bbde961d2');
INSERT INTO fault(faultID, doneDate, summary, faultUserIDFK) VALUES('88c15e84-eb6c-4f41-bbee-646e9dad26d4', '2025-03-17', 'El empleado no se presenta al trabajo sin avisar o sin una razón válida, afectando la continuidad de las labores del equipo.', 'f98a2e1d-7e02-46f0-bfaa-6ced84471937');
INSERT INTO fault(faultID, doneDate, summary, faultUserIDFK) VALUES('f3ffba25-c4f1-4cc8-82b4-4d4bf8bbf9d3', '2025-03-30', 'No seguir las políticas o procedimientos establecidos por la empresa', '7b0ecb1e-23bf-4868-a394-ee1282115348');

INSERT INTO faultMedia(faultMediaID, mediaLink, faultIDFK) values('8995b892-97ea-4356-85fc-b1c1e3e724c2', 'https://www.empresainnovadora.com/noticias/lanzamientos', '67be464b-4a62-433e-9f1b-52c21621f780'); 
INSERT INTO faultMedia(faultMediaID, mediaLink, faultIDFK) values('9ed677f1-0d0b-4d99-a0dd-959a0371cd2c', 'https://www.empresafuturo.com/servicios/desarrollo-tecnologico', '0de897bc-fc7d-44b7-b1f7-5cd4407d4231'); 
INSERT INTO faultMedia(faultMediaID, mediaLink, faultIDFK) values('64271ae7-215f-4585-82ac-80756768124e', 'https://www.tutorialesweb.com/aprendizaje/codificacion', '73438986-31e2-4948-a5e6-7ab4e91f347e'); 
INSERT INTO faultMedia(faultMediaID, mediaLink, faultIDFK) values('51b90fa8-bcd7-4aee-bc7e-63c9bd3605f2', 'https://www.digitalinnovators.com/estrategias/marketing', '51819a11-8db8-470e-b9dc-53bb3643dd9d'); 
INSERT INTO faultMedia(faultMediaID, mediaLink, faultIDFK) values('bce7813d-f387-48d0-8c11-4fd5088b1581', 'https://www.expertositio.com/blog/diseño-web', 'fde49353-5781-4f28-b803-a75bfb1e0ee1'); 
INSERT INTO faultMedia(faultMediaID, mediaLink, faultIDFK) values('d07c94b4-9a44-4ceb-b9aa-de59f339c0b2', 'https://www.sistemasmodernos.com/tecnologia/innovacion', '73438986-31e2-4948-a5e6-7ab4e91f347e'); 
INSERT INTO faultMedia(faultMediaID, mediaLink, faultIDFK) values('c217b1c9-bb8b-4072-8c2a-edb19979a93a', 'https://www.expertositio.com/blog/diseño-web', 'b5c4007a-1638-4aba-8755-e7d399a716da'); 
INSERT INTO faultMedia(faultMediaID, mediaLink, faultIDFK) values('b6a94b7c-bd6b-4095-8cd0-ce8c9232de1d', 'https://www.serviciosxyz.com/soluciones/internet-empresas', 'f3ffba25-c4f1-4cc8-82b4-4d4bf8bbf9d3'); 
INSERT INTO faultMedia(faultMediaID, mediaLink, faultIDFK) values('efda6364-bea1-4371-853f-dd0af5757b28', 'https://www.smartsolutions.com/servicios/paginas-web', '5e9b931d-5189-40d9-882d-8a7e1525607d'); 
INSERT INTO faultMedia(faultMediaID, mediaLink, faultIDFK) values('4098e6d8-cf8f-49bf-a01f-b609c03752d0', 'https://www.tuempresa.com/contacto/soporte', '18e6cd49-2516-4557-a286-2ffe8beb7eca'); 
INSERT INTO faultMedia(faultMediaID, mediaLink, faultIDFK) values('4c720573-8800-4a57-9411-ef7ba8c97014', 'https://www.ecommerceplus.com/guias/venta-online', 'f3ffba25-c4f1-4cc8-82b4-4d4bf8bbf9d3'); 
INSERT INTO faultMedia(faultMediaID, mediaLink, faultIDFK) values('355a570c-1718-4a50-abcc-076b609220cf', 'https://www.digitalinnovators.com/estrategias/marketing', '48fd19e0-53d8-4f61-9ef1-802b08497949'); 
INSERT INTO faultMedia(faultMediaID, mediaLink, faultIDFK) values('dace1522-44a4-431a-b1d0-d62a73ed1919', 'https://www.ecommerceplus.com/guias/venta-online', '8ea574b2-8aca-491a-bdb3-4ef1cd529ea0'); 
INSERT INTO faultMedia(faultMediaID, mediaLink, faultIDFK) values('32d11e20-b2eb-429a-85e3-a4c317a3fd17', 'https://www.expertositio.com/blog/diseño-web', '00c341ef-0669-4297-a64d-40d9e4739f95'); 
INSERT INTO faultMedia(faultMediaID, mediaLink, faultIDFK) values('a231bdb0-ebfa-45f2-b786-4d2b30c619ba', 'https://www.soluciones360.com/soporte/atencion-cliente', '73438986-31e2-4948-a5e6-7ab4e91f347e'); 
INSERT INTO faultMedia(faultMediaID, mediaLink, faultIDFK) values('d12b0ea8-7500-43ed-b44e-2111a8dac47c', 'https://www.empresainnovadora.com/noticias/lanzamientos', '58a97810-133f-43c3-a6c8-0ac6d4998868'); 
INSERT INTO faultMedia(faultMediaID, mediaLink, faultIDFK) values('9db6e474-3c62-4496-91fd-b24d7042ee03', 'https://www.smartsolutions.com/servicios/paginas-web', '5f85fa1f-a458-4f46-ac71-3b9283d42138'); 
INSERT INTO faultMedia(faultMediaID, mediaLink, faultIDFK) values('90333404-235e-4577-bb83-47d9185a9b01', 'https://www.soluciones360.com/soporte/atencion-cliente', '448602cd-5309-497b-a4cb-be455442add5'); 
INSERT INTO faultMedia(faultMediaID, mediaLink, faultIDFK) values('40b61b51-6ad8-4677-af42-8e180b10b553', 'https://www.nuevastecnologias.com/innovacion/digitalizacion', 'b5c4007a-1638-4aba-8755-e7d399a716da'); 
INSERT INTO faultMedia(faultMediaID, mediaLink, faultIDFK) values('1a5cf600-2b72-4205-a744-ebf3de9f4d42', 'https://www.micompany.com/servicios/consultoria-web', '51819a11-8db8-470e-b9dc-53bb3643dd9d'); 
INSERT INTO faultMedia(faultMediaID, mediaLink, faultIDFK) values('34ea5743-6215-40cb-bd06-01c4cd7417aa', 'https://www.serviciosxyz.com/soluciones/internet-empresas', 'f1f3abc2-1379-4ac1-8ae8-2925183ed009'); 
INSERT INTO faultMedia(faultMediaID, mediaLink, faultIDFK) values('67c4de7e-2c68-460a-bb5f-961e9a7aac81', 'https://www.tiendavirtual.com/blog/estrategias-marketing', 'e007c083-47ca-4596-b109-57df74ec6b70'); 
INSERT INTO faultMedia(faultMediaID, mediaLink, faultIDFK) values('71b65e72-1784-4ff0-ac40-c6d5859b07af', 'https://www.serviciosxyz.com/soluciones/internet-empresas', '00c341ef-0669-4297-a64d-40d9e4739f95'); 
INSERT INTO faultMedia(faultMediaID, mediaLink, faultIDFK) values('91a7de33-940a-4864-9718-63538e7a5d42', 'https://www.sistemasmodernos.com/tecnologia/innovacion', 'b5c4007a-1638-4aba-8755-e7d399a716da'); 
INSERT INTO faultMedia(faultMediaID, mediaLink, faultIDFK) values('8a497986-06f5-408f-b6f7-9a6474222d6b', 'https://www.digitalinnovators.com/estrategias/marketing', '8ea574b2-8aca-491a-bdb3-4ef1cd529ea0'); 
INSERT INTO faultMedia(faultMediaID, mediaLink, faultIDFK) values('1ce56ed3-7539-4fcc-9e3d-e2ac78c7f5f9', 'https://www.soluciones360.com/soporte/atencion-cliente', 'aabac56b-4241-45db-8604-0888f00294f2'); 
INSERT INTO faultMedia(faultMediaID, mediaLink, faultIDFK) values('7df56936-84e9-4c69-8b03-34ab31262060', 'https://www.empresafuturo.com/servicios/desarrollo-tecnologico', '73438986-31e2-4948-a5e6-7ab4e91f347e'); 
INSERT INTO faultMedia(faultMediaID, mediaLink, faultIDFK) values('71b5829d-d8ac-46b0-bcc4-46d1392bebba', 'https://www.smartsolutions.com/servicios/paginas-web', '9d461eaa-2c38-4d6e-9830-c5ddda17ceaf'); 
INSERT INTO faultMedia(faultMediaID, mediaLink, faultIDFK) values('85432274-8455-4ce0-8115-2cf05fa7ef02', 'https://www.soluciones360.com/soporte/atencion-cliente', '4e716394-fb7d-4e14-87a1-b1df60ea64e0'); 
INSERT INTO faultMedia(faultMediaID, mediaLink, faultIDFK) values('246c87ae-2de7-473f-b627-b70f7ec47dd5', 'https://www.nuevosproyectos.com/planificacion/estrategica', 'aed6612a-bcd1-457a-8760-012f9b536446'); 
INSERT INTO faultMedia(faultMediaID, mediaLink, faultIDFK) values('353d21b3-c3e9-47ba-9808-f8f818081b0c', 'https://www.mundodigital.com/tutoriales/marketing-digital', 'aed6612a-bcd1-457a-8760-012f9b536446'); 
INSERT INTO faultMedia(faultMediaID, mediaLink, faultIDFK) values('21bb969c-06d9-4f9b-9489-30e6ed20b14b', 'https://www.serviciosxyz.com/soluciones/internet-empresas', '48fd19e0-53d8-4f61-9ef1-802b08497949'); 
INSERT INTO faultMedia(faultMediaID, mediaLink, faultIDFK) values('e1ce8abd-339d-4c1b-96eb-03015e6e72c9', 'https://www.ecommerceplus.com/guias/venta-online', '0de897bc-fc7d-44b7-b1f7-5cd4407d4231'); 
INSERT INTO faultMedia(faultMediaID, mediaLink, faultIDFK) values('b0537ffe-0fbb-4051-9fe2-85dec7c8d0ee', 'https://www.tiendavirtual.com/blog/estrategias-marketing', 'eb6327c5-d61c-4b2f-be42-ade2517ac2e8'); 
INSERT INTO faultMedia(faultMediaID, mediaLink, faultIDFK) values('cd329586-1074-4c79-b4cf-d02a369ac245', 'https://www.empresainnovadora.com/noticias/lanzamientos', 'e73ce8ba-59c6-46a7-a73d-d471593def78'); 
INSERT INTO faultMedia(faultMediaID, mediaLink, faultIDFK) values('ac7193ab-05b1-4ad2-b520-f2c358276f80', 'https://www.smartsolutions.com/servicios/paginas-web', 'aed6612a-bcd1-457a-8760-012f9b536446'); 
INSERT INTO faultMedia(faultMediaID, mediaLink, faultIDFK) values('6dcfb1ef-2f47-4867-bcc5-bf6690ad6901', 'https://www.nuevosproyectos.com/planificacion/estrategica', '19f004cc-252e-4a20-be6e-67ba78ea6727'); 
INSERT INTO faultMedia(faultMediaID, mediaLink, faultIDFK) values('cd32c865-97eb-4e35-ab09-6f1737335b54', 'https://www.sistemasmodernos.com/tecnologia/innovacion', 'bacc3ab1-7de7-4800-a775-a47ef8ed8552'); 
INSERT INTO faultMedia(faultMediaID, mediaLink, faultIDFK) values('43424671-abbb-40cd-a54b-7cf8f0a9aaf9', 'https://www.mundodigital.com/tutoriales/marketing-digital', 'ac80c0e7-e6aa-45bc-9465-33e9b646a3d0'); 
INSERT INTO faultMedia(faultMediaID, mediaLink, faultIDFK) values('bfe29ee2-cd88-465a-8ab8-ef78310d73b1', 'https://www.tiendavirtual.com/blog/estrategias-marketing', '3d8b3672-9f4d-4db3-b160-c0f35324ee8d'); 
INSERT INTO faultMedia(faultMediaID, mediaLink, faultIDFK) values('97060c0d-a1bd-4090-916c-6aaad4e11e6a', 'https://www.ecommerceplus.com/guias/venta-online', '48fd19e0-53d8-4f61-9ef1-802b08497949'); 
INSERT INTO faultMedia(faultMediaID, mediaLink, faultIDFK) values('9b41b9f5-7602-4af7-9548-d1171cdd4f82', 'https://www.mundodigital.com/tutoriales/marketing-digital', 'aabac56b-4241-45db-8604-0888f00294f2'); 
INSERT INTO faultMedia(faultMediaID, mediaLink, faultIDFK) values('4c2a95f4-26be-4aac-afc4-ea01fb90bb67', 'https://www.mundodigital.com/tutoriales/marketing-digital', '51819a11-8db8-470e-b9dc-53bb3643dd9d'); 
INSERT INTO faultMedia(faultMediaID, mediaLink, faultIDFK) values('e81a3825-96dd-44bd-9039-ccba22759a9f', 'https://www.ejemplo.com/productos/calculadora-interes', 'a56a5053-f2ec-4376-8c04-7af169e31107'); 
INSERT INTO faultMedia(faultMediaID, mediaLink, faultIDFK) values('8355c284-619e-420b-b455-28b8c9c5a5af', 'https://www.expertositio.com/blog/diseño-web', '58a97810-133f-43c3-a6c8-0ac6d4998868'); 
INSERT INTO faultMedia(faultMediaID, mediaLink, faultIDFK) values('b503caa4-6d77-4256-ac4b-2aed80f8951e', 'https://www.tuempresa.com/contacto/soporte', '1426bc3f-60f3-4c27-a13c-e8545ccc56e5'); 
INSERT INTO faultMedia(faultMediaID, mediaLink, faultIDFK) values('bcf8a660-005e-489e-84c3-75cb607a75fa', 'https://www.empresainnovadora.com/noticias/lanzamientos', '1426bc3f-60f3-4c27-a13c-e8545ccc56e5'); 
INSERT INTO faultMedia(faultMediaID, mediaLink, faultIDFK) values('ccc0cb4c-7fb5-4c41-8d2a-39faf020f8f8', 'https://www.smartsolutions.com/servicios/paginas-web', '1426bc3f-60f3-4c27-a13c-e8545ccc56e5'); 
INSERT INTO faultMedia(faultMediaID, mediaLink, faultIDFK) values('b3184f9f-70b3-4e4e-9131-319d4256a50b', 'https://www.creacionsistemas.com/planificación/pymes', '51819a11-8db8-470e-b9dc-53bb3643dd9d'); 
INSERT INTO faultMedia(faultMediaID, mediaLink, faultIDFK) values('427703ec-ab5d-4ad9-b7ff-a9fd12317383', 'https://www.tuempresa.com/contacto/soporte', '19f004cc-252e-4a20-be6e-67ba78ea6727'); 

